
============ PROCESS INFORMATION =============
Upper bound for b 0.020000
low bound for b 0.010000
Upper bound for a 3.000000
low bound for a 1.500000
||=====================Job description====================================||
You will get an output cif file for a list of dictionary restraints
based on the input cif file
Your input cif file : cys-epx_link_TMP/LIG_for_link_TMP/LIG_for_link_mol_0.cif
Your monomer name : LIG
The output dictionary file(cif) : cys-epx_link_TMP/LIG_for_link_TMP/LIG_for_link_mol_0_cod.rst
||========================================================================||
workMode 11
Atom N1 is initially set to sp 3
its bondingIdx 3
Atom C2 is initially set to sp 3
its bondingIdx 3
Atom C3 is initially set to sp 2
its bondingIdx 2
Atom O4 is initially set to sp 2
its bondingIdx 2
Atom C5 is initially set to sp 3
its bondingIdx 3
Atom S6 is initially set to sp 3
its bondingIdx 3
Atom O7 is initially set to sp 2
its bondingIdx 2
Atom C14 is initially set to sp 3
its bondingIdx 3
Atom C15 is initially set to sp 3
its bondingIdx 3
Atom C16 is initially set to sp 3
its bondingIdx 3
Atom O17 is initially set to sp 3
its bondingIdx 3
Atom H8 is initially set to sp 0
its bondingIdx 0
Atom H9 is initially set to sp 0
its bondingIdx 0
Atom H10 is initially set to sp 0
its bondingIdx 0
Atom H11 is initially set to sp 0
its bondingIdx 0
Atom H12 is initially set to sp 0
its bondingIdx 0
Atom H13 is initially set to sp 0
its bondingIdx 0
Atom H18 is initially set to sp 0
its bondingIdx 0
Atom H19 is initially set to sp 0
its bondingIdx 0
Atom H20 is initially set to sp 0
its bondingIdx 0
Atom H21 is initially set to sp 0
its bondingIdx 0
Atom H22 is initially set to sp 0
its bondingIdx 0

Atom 0 : 
Its ID : N1
Its Chemical Type : N
Its CCP4 chemical type N
Its bonding index : 3
Its residue Name: LIG
Its formal charge 1
Its connected atoms are : 
C2
H8
H9
H10
The coords for the atom are : 
-3.2234
0.6877
0.0696

Atom 1 : 
Its ID : C2
Its Chemical Type : C
Its CCP4 chemical type C
Its bonding index : 3
Its residue Name: LIG
Its formal charge 0
Its connected atoms are : 
N1
C3
C5
H11
The coords for the atom are : 
-2.099
0.0917
-0.6609

Atom 2 : 
Its ID : C3
Its Chemical Type : C
Its CCP4 chemical type C
Its bonding index : 2
Its residue Name: LIG
Its formal charge 0
Its connected atoms are : 
C2
O4
O7
The coords for the atom are : 
-2.4687
-1.2874
-1.1424

Atom 3 : 
Its ID : O4
Its Chemical Type : O
Its CCP4 chemical type O
Its bonding index : 2
Its residue Name: LIG
Its formal charge 0
Its connected atoms are : 
C3
The coords for the atom are : 
-2.451
-1.5535
-2.3731

Atom 4 : 
Its ID : C5
Its Chemical Type : C
Its CCP4 chemical type C
Its bonding index : 3
Its residue Name: LIG
Its formal charge 0
Its connected atoms are : 
C2
S6
H12
H13
The coords for the atom are : 
-0.8445
0.0423
0.228

Atom 5 : 
Its ID : S6
Its Chemical Type : S
Its CCP4 chemical type S
Its bonding index : 3
Its residue Name: LIG
Its formal charge 0
Its connected atoms are : 
C5
C16
The coords for the atom are : 
0.615
-0.4934
-0.7316

Atom 6 : 
Its ID : O7
Its Chemical Type : O
Its CCP4 chemical type O
Its bonding index : 2
Its residue Name: LIG
Its formal charge -1
Its connected atoms are : 
C3
The coords for the atom are : 
-2.8297
-2.2747
-0.2332

Atom 7 : 
Its ID : C14
Its Chemical Type : C
Its CCP4 chemical type C
Its bonding index : 3
Its residue Name: LIG
Its formal charge 0
Its connected atoms are : 
C15
H18
H19
H20
The coords for the atom are : 
3.6023
0.3554
-0.9838

Atom 8 : 
Its ID : C15
Its Chemical Type : C
Its CCP4 chemical type C
Its bonding index : 3
Its residue Name: LIG
Its formal charge 0
Its connected atoms are : 
C14
C16
O17
H21
The coords for the atom are : 
3.1587
0.0311
0.4425

Atom 9 : 
Its ID : C16
Its Chemical Type : C
Its CCP4 chemical type C
Its bonding index : 3
Its residue Name: LIG
Its formal charge 0
Its connected atoms are : 
C15
O17
S6
H22
The coords for the atom are : 
1.754
-0.3862
0.6938

Atom 10 : 
Its ID : O17
Its Chemical Type : O
Its CCP4 chemical type O
Its bonding index : 3
Its residue Name: LIG
Its formal charge 0
Its connected atoms are : 
C16
C15
The coords for the atom are : 
2.1848
0.94
0.9042

Atom 11 : 
Its ID : H8
Its Chemical Type : H
Its CCP4 chemical type H
Its bonding index : 0
Its residue Name: LIG
Its formal charge 0
Its connected atoms are : 
N1
The coords for the atom are : 
-2.9887
1.6703
0.3411

Atom 12 : 
Its ID : H9
Its Chemical Type : H
Its CCP4 chemical type H
Its bonding index : 0
Its residue Name: LIG
Its formal charge 0
Its connected atoms are : 
N1
The coords for the atom are : 
-4.0714
0.7122
-0.5428

Atom 13 : 
Its ID : H10
Its Chemical Type : H
Its CCP4 chemical type H
Its bonding index : 0
Its residue Name: LIG
Its formal charge 0
Its connected atoms are : 
N1
The coords for the atom are : 
-3.4378
0.1362
0.9328

Atom 14 : 
Its ID : H11
Its Chemical Type : H
Its CCP4 chemical type H
Its bonding index : 0
Its residue Name: LIG
Its formal charge 0
Its connected atoms are : 
C2
The coords for the atom are : 
-1.8743
0.7345
-1.5429

Atom 15 : 
Its ID : H12
Its Chemical Type : H
Its CCP4 chemical type H
Its bonding index : 0
Its residue Name: LIG
Its formal charge 0
Its connected atoms are : 
C5
The coords for the atom are : 
-1.0063
-0.6516
1.0815

Atom 16 : 
Its ID : H13
Its Chemical Type : H
Its CCP4 chemical type H
Its bonding index : 0
Its residue Name: LIG
Its formal charge 0
Its connected atoms are : 
C5
The coords for the atom are : 
-0.6435
1.0568
0.6348

Atom 17 : 
Its ID : H18
Its Chemical Type : H
Its CCP4 chemical type H
Its bonding index : 0
Its residue Name: LIG
Its formal charge 0
Its connected atoms are : 
C14
The coords for the atom are : 
2.8977
1.0468
-1.4943

Atom 18 : 
Its ID : H19
Its Chemical Type : H
Its CCP4 chemical type H
Its bonding index : 0
Its residue Name: LIG
Its formal charge 0
Its connected atoms are : 
C14
The coords for the atom are : 
4.5993
0.8415
-0.9511

Atom 19 : 
Its ID : H20
Its Chemical Type : H
Its CCP4 chemical type H
Its bonding index : 0
Its residue Name: LIG
Its formal charge 0
Its connected atoms are : 
C14
The coords for the atom are : 
3.6852
-0.5846
-1.5681

Atom 20 : 
Its ID : H21
Its Chemical Type : H
Its CCP4 chemical type H
Its bonding index : 0
Its residue Name: LIG
Its formal charge 0
Its connected atoms are : 
C15
The coords for the atom are : 
3.9101
-0.2095
1.2235

Atom 21 : 
Its ID : H22
Its Chemical Type : H
Its CCP4 chemical type H
Its bonding index : 0
Its residue Name: LIG
Its formal charge 0
Its connected atoms are : 
C16
The coords for the atom are : 
1.5314
-0.9058
1.6492
For Bond : 0
It is in Residue: LIG
Its component atom1 N1
Its component atom2 C2
its order : SINGLE
For Bond : 1
It is in Residue: LIG
Its component atom1 C2
Its component atom2 C3
its order : SINGLE
For Bond : 2
It is in Residue: LIG
Its component atom1 C2
Its component atom2 C5
its order : SINGLE
For Bond : 3
It is in Residue: LIG
Its component atom1 C3
Its component atom2 O4
its order : DOUBLE
For Bond : 4
It is in Residue: LIG
Its component atom1 C3
Its component atom2 O7
its order : SINGLE
For Bond : 5
It is in Residue: LIG
Its component atom1 C5
Its component atom2 S6
its order : SINGLE
For Bond : 6
It is in Residue: LIG
Its component atom1 C14
Its component atom2 C15
its order : SINGLE
For Bond : 7
It is in Residue: LIG
Its component atom1 C15
Its component atom2 C16
its order : SINGLE
For Bond : 8
It is in Residue: LIG
Its component atom1 C16
Its component atom2 O17
its order : SINGLE
For Bond : 9
It is in Residue: LIG
Its component atom1 C15
Its component atom2 O17
its order : SINGLE
For Bond : 10
It is in Residue: LIG
Its component atom1 S6
Its component atom2 C16
its order : SINGLE
For Bond : 11
It is in Residue: LIG
Its component atom1 N1
Its component atom2 H8
its order : SINGLE
For Bond : 12
It is in Residue: LIG
Its component atom1 N1
Its component atom2 H9
its order : SINGLE
For Bond : 13
It is in Residue: LIG
Its component atom1 N1
Its component atom2 H10
its order : SINGLE
For Bond : 14
It is in Residue: LIG
Its component atom1 C2
Its component atom2 H11
its order : SINGLE
For Bond : 15
It is in Residue: LIG
Its component atom1 C5
Its component atom2 H12
its order : SINGLE
For Bond : 16
It is in Residue: LIG
Its component atom1 C5
Its component atom2 H13
its order : SINGLE
For Bond : 17
It is in Residue: LIG
Its component atom1 C14
Its component atom2 H18
its order : SINGLE
For Bond : 18
It is in Residue: LIG
Its component atom1 C14
Its component atom2 H19
its order : SINGLE
For Bond : 19
It is in Residue: LIG
Its component atom1 C14
Its component atom2 H20
its order : SINGLE
For Bond : 20
It is in Residue: LIG
Its component atom1 C15
Its component atom2 H21
its order : SINGLE
For Bond : 21
It is in Residue: LIG
Its component atom1 C16
Its component atom2 H22
its order : SINGLE
Atom N1 is initially set to sp 3
its bondingIdx 3
Atom C2 is initially set to sp 3
its bondingIdx 3
Atom C3 is initially set to sp 2
its bondingIdx 2
Atom O4 is initially set to sp 2
its bondingIdx 2
Atom C5 is initially set to sp 3
its bondingIdx 3
Atom S6 is initially set to sp 3
its bondingIdx 3
Atom O7 is initially set to sp 2
its bondingIdx 2
Atom C14 is initially set to sp 3
its bondingIdx 3
Atom C15 is initially set to sp 3
its bondingIdx 3
Atom C16 is initially set to sp 3
its bondingIdx 3
Atom O17 is initially set to sp 3
its bondingIdx 3
Atom H8 is initially set to sp 0
its bondingIdx 0
Atom H9 is initially set to sp 0
its bondingIdx 0
Atom H10 is initially set to sp 0
its bondingIdx 0
Atom H11 is initially set to sp 0
its bondingIdx 0
Atom H12 is initially set to sp 0
its bondingIdx 0
Atom H13 is initially set to sp 0
its bondingIdx 0
Atom H18 is initially set to sp 0
its bondingIdx 0
Atom H19 is initially set to sp 0
its bondingIdx 0
Atom H20 is initially set to sp 0
its bondingIdx 0
Atom H21 is initially set to sp 0
its bondingIdx 0
Atom H22 is initially set to sp 0
its bondingIdx 0
There are 1 rings 
These are: 
Ring C15C16O17.
Ring size:  3
Atom C15
Atom C16
Atom O17
All torsions have been setup 
Torsion angle 0
Its atoms are : 
atom C14
atom C15
atom C16
atom O17
Torsion angle 1
Its atoms are : 
atom C14
atom C15
atom C16
atom S6
Torsion angle 2
Its atoms are : 
atom C14
atom C15
atom C16
atom H22
Torsion angle 3
Its atoms are : 
atom O17
atom C15
atom C16
atom S6
Torsion angle 4
Its atoms are : 
atom O17
atom C15
atom C16
atom H22
Torsion angle 5
Its atoms are : 
atom H21
atom C15
atom C16
atom O17
Torsion angle 6
Its atoms are : 
atom H21
atom C15
atom C16
atom S6
Torsion angle 7
Its atoms are : 
atom H21
atom C15
atom C16
atom H22
Torsion angle 8
Its atoms are : 
atom S6
atom C16
atom O17
atom C15
Torsion angle 9
Its atoms are : 
atom H22
atom C16
atom O17
atom C15
Torsion angle 10
Its atoms are : 
atom C3
atom C2
atom N1
atom H8
Torsion angle 11
Its atoms are : 
atom C3
atom C2
atom N1
atom H9
Torsion angle 12
Its atoms are : 
atom C3
atom C2
atom N1
atom H10
Torsion angle 13
Its atoms are : 
atom C5
atom C2
atom N1
atom H8
Torsion angle 14
Its atoms are : 
atom C5
atom C2
atom N1
atom H9
Torsion angle 15
Its atoms are : 
atom C5
atom C2
atom N1
atom H10
Torsion angle 16
Its atoms are : 
atom H11
atom C2
atom N1
atom H8
Torsion angle 17
Its atoms are : 
atom H11
atom C2
atom N1
atom H9
Torsion angle 18
Its atoms are : 
atom H11
atom C2
atom N1
atom H10
Torsion angle 19
Its atoms are : 
atom O4
atom C3
atom C2
atom N1
Torsion angle 20
Its atoms are : 
atom O4
atom C3
atom C2
atom C5
Torsion angle 21
Its atoms are : 
atom O4
atom C3
atom C2
atom H11
Torsion angle 22
Its atoms are : 
atom O7
atom C3
atom C2
atom N1
Torsion angle 23
Its atoms are : 
atom O7
atom C3
atom C2
atom C5
Torsion angle 24
Its atoms are : 
atom O7
atom C3
atom C2
atom H11
Torsion angle 25
Its atoms are : 
atom N1
atom C2
atom C5
atom S6
Torsion angle 26
Its atoms are : 
atom N1
atom C2
atom C5
atom H12
Torsion angle 27
Its atoms are : 
atom N1
atom C2
atom C5
atom H13
Torsion angle 28
Its atoms are : 
atom C3
atom C2
atom C5
atom S6
Torsion angle 29
Its atoms are : 
atom C3
atom C2
atom C5
atom H12
Torsion angle 30
Its atoms are : 
atom C3
atom C2
atom C5
atom H13
Torsion angle 31
Its atoms are : 
atom H11
atom C2
atom C5
atom S6
Torsion angle 32
Its atoms are : 
atom H11
atom C2
atom C5
atom H12
Torsion angle 33
Its atoms are : 
atom H11
atom C2
atom C5
atom H13
Torsion angle 34
Its atoms are : 
atom C2
atom C5
atom S6
atom C16
Torsion angle 35
Its atoms are : 
atom H12
atom C5
atom S6
atom C16
Torsion angle 36
Its atoms are : 
atom H13
atom C5
atom S6
atom C16
Torsion angle 37
Its atoms are : 
atom H18
atom C14
atom C15
atom C16
Torsion angle 38
Its atoms are : 
atom H18
atom C14
atom C15
atom O17
Torsion angle 39
Its atoms are : 
atom H18
atom C14
atom C15
atom H21
Torsion angle 40
Its atoms are : 
atom H19
atom C14
atom C15
atom C16
Torsion angle 41
Its atoms are : 
atom H19
atom C14
atom C15
atom O17
Torsion angle 42
Its atoms are : 
atom H19
atom C14
atom C15
atom H21
Torsion angle 43
Its atoms are : 
atom H20
atom C14
atom C15
atom C16
Torsion angle 44
Its atoms are : 
atom H20
atom C14
atom C15
atom O17
Torsion angle 45
Its atoms are : 
atom H20
atom C14
atom C15
atom H21
Torsion angle 46
Its atoms are : 
atom C14
atom C15
atom O17
atom C16
Torsion angle 47
Its atoms are : 
atom C16
atom C15
atom O17
atom C16
Torsion angle 48
Its atoms are : 
atom H21
atom C15
atom O17
atom C16
Torsion angle 49
Its atoms are : 
atom C15
atom C16
atom S6
atom C5
Torsion angle 50
Its atoms are : 
atom O17
atom C16
atom S6
atom C5
Torsion angle 51
Its atoms are : 
atom H22
atom C16
atom S6
atom C5
lUsingRefCoords=97

1. Check aromaticity for individual ring 
Ring C15C16O17
is Planar 0
Ring with sp3 atom 0
Is it a planar ring 0
Finally, Is the ring aromatic ? 0
Finally, Is the ring aromaticP ? 0
1. Ring C15C16O17
Arom 0
Ring C15C16O17
A: Is planar 0
2. Ring C15C16O17
Arom 0
3. Ring C15C16O17
Arom 0
There are 1 planes. They are 
Confirm : Ring C15C16O17
aromatic 0
Atom C15 add a ring sign 3
Atom C16 add a ring sign 3
Atom O17 add a ring sign 3
Set sp again 
Atom N1 is initially set to sp 3
its bondingIdx 3
Atom C2 is initially set to sp 3
its bondingIdx 3
Atom C3 is initially set to sp 2
its bondingIdx 2
Atom O4 is initially set to sp 2
its bondingIdx 2
Atom C5 is initially set to sp 3
its bondingIdx 3
Atom S6 is initially set to sp 3
its bondingIdx 3
Atom O7 is initially set to sp 2
its bondingIdx 2
Atom C14 is initially set to sp 3
its bondingIdx 3
Atom C15 is initially set to sp 3
its bondingIdx 3
Atom C16 is initially set to sp 3
its bondingIdx 3
Atom O17 is initially set to sp 3
its bondingIdx 3
Atom H8 is initially set to sp 0
its bondingIdx 0
Atom H9 is initially set to sp 0
its bondingIdx 0
Atom H10 is initially set to sp 0
its bondingIdx 0
Atom H11 is initially set to sp 0
its bondingIdx 0
Atom H12 is initially set to sp 0
its bondingIdx 0
Atom H13 is initially set to sp 0
its bondingIdx 0
Atom H18 is initially set to sp 0
its bondingIdx 0
Atom H19 is initially set to sp 0
its bondingIdx 0
Atom H20 is initially set to sp 0
its bondingIdx 0
Atom H21 is initially set to sp 0
its bondingIdx 0
Atom H22 is initially set to sp 0
its bondingIdx 0
atom N1 has sp 3
atom C2 has sp 3
atom C3 has sp 2
atom O4 has sp 2
atom C5 has sp 3
atom S6 has sp 3
atom O7 has sp 2
atom C14 has sp 3
atom C15 has sp 3
atom C16 has sp 3
atom O17 has sp 3
atom H8 has sp 0
atom H9 has sp 0
atom H10 has sp 0
atom H11 has sp 0
atom H12 has sp 0
atom H13 has sp 0
atom H18 has sp 0
atom H19 has sp 0
atom H20 has sp 0
atom H21 has sp 0
atom H22 has sp 0
Atom 0 : 
Its ID N1
Its element type N
Its bondidx 3
Its COD root atom type N
Its acedrg atom type N(CCCH)(H)3
Its acedrg atom main type N(CCCH)(H)3
Its base ring type 
Its ccp4 atom type NT3
Its second NB sp props C-3_3_2_0:H-3:H-3:H-3
Its number of extra-electrons is 0
Its second NB extra-electron sign is C-0_0_0_0:H-0:H-0:H-0
Its hashing is 892
Atom 1 : 
Its ID C2
Its element type C
Its bondidx 3
Its COD root atom type C
Its acedrg atom type C(CHHS)(NH3)(COO)(H)
Its acedrg atom main type C(CHHS)(NH3)(COO)(H)
Its base ring type 
Its ccp4 atom type CH1
Its second NB sp props C-3_2_2:C-3_3_0_0:H-3:N-3_0_0_0
Its number of extra-electrons is 0
Its second NB extra-electron sign is C-0_0_0_0:C-0_0_0:H-0:N-0_0_0_0
Its hashing is 490
Atom 2 : 
Its ID C3
Its element type C
Its bondidx 2
Its COD root atom type C
Its acedrg atom type C(CCHN)(O)2
Its acedrg atom main type C(CCHN)(O)2
Its base ring type 
Its ccp4 atom type C
Its second NB sp props C-3_3_2_0:O-2:O-2
Its number of extra-electrons is 0
Its second NB extra-electron sign is C-0_0_0_0:O-0:O-0
Its hashing is 930
Atom 3 : 
Its ID O4
Its element type O
Its bondidx 2
Its COD root atom type O
Its acedrg atom type O(CCO)
Its acedrg atom main type O(CCO)
Its base ring type 
Its ccp4 atom type O
Its second NB sp props C-3_2_2
Its number of extra-electrons is 0
Its second NB extra-electron sign is C-0_0_0
Its hashing is 863
Atom 4 : 
Its ID C5
Its element type C
Its bondidx 3
Its COD root atom type C
Its acedrg atom type C(SC[3])(CCHN)(H)2
Its acedrg atom main type C(SC[3])(CCHN)(H)2
Its base ring type 
Its ccp4 atom type CH2
Its second NB sp props C-3_3_2_0:H-3:H-3:S-3_3
Its number of extra-electrons is 0
Its second NB extra-electron sign is C-0_0_0_0:H-0:H-0:S-0_0
Its hashing is 490
Atom 5 : 
Its ID S6
Its element type S
Its bondidx 3
Its COD root atom type S
Its acedrg atom type S(C[3]C[3]O[3]H)(CCHH)
Its acedrg atom main type S(C[3]C[3]O[3]H)(CCHH)
Its base ring type 
Its ccp4 atom type S2
Its second NB sp props C-3_3_0_0:C[3]-3_3_3_0
Its number of extra-electrons is 0
Its second NB extra-electron sign is C-0_0_0_0:C[3]-0_0_0_0
Its hashing is 909
Atom 6 : 
Its ID O7
Its element type O
Its bondidx 2
Its COD root atom type O
Its acedrg atom type O(CCO)
Its acedrg atom main type O(CCO)
Its base ring type 
Its ccp4 atom type OC
Its second NB sp props C-3_2_2
Its number of extra-electrons is 0
Its second NB extra-electron sign is C-0_0_0
Its hashing is 863
Atom 7 : 
Its ID C14
Its element type C
Its bondidx 3
Its COD root atom type C
Its acedrg atom type C(C[3]C[3]O[3]H)(H)3
Its acedrg atom main type C(C[3]C[3]O[3]H)(H)3
Its base ring type 
Its ccp4 atom type CH3
Its second NB sp props C[3]-3_3_3_0:H-3:H-3:H-3
Its number of extra-electrons is 0
Its second NB extra-electron sign is C[3]-0_0_0_0:H-0:H-0:H-0
Its hashing is 490
Atom 8 : 
Its ID C15
Its element type C
Its bondidx 3
Its COD root atom type C[3]
Its acedrg atom type C[3](C[3]O[3]HS)(O[3]C[3])(CH3)(H)
Its acedrg atom main type C[3](C[3]O[3]HS)(O[3]C[3])(CH3)(H)
Its base ring type 
Its ccp4 atom type CH1
Its second NB sp props C-3_0_0_0:C[3]-3_3_3_0:H-3:O[3]-3_3
Its number of extra-electrons is 0
Its second NB extra-electron sign is C-0_0_0_0:C[3]-0_0_0_0:H-0:O[3]-0_0
Its hashing is 486
Atom 9 : 
Its ID C16
Its element type C
Its bondidx 3
Its COD root atom type C[3]
Its acedrg atom type C[3](C[3]O[3]CH)(O[3]C[3])(SC)(H)
Its acedrg atom main type C[3](C[3]O[3]CH)(O[3]C[3])(SC)(H)
Its base ring type 
Its ccp4 atom type CH1
Its second NB sp props C[3]-3_3_3_0:H-3:O[3]-3_3:S-3_3
Its number of extra-electrons is 0
Its second NB extra-electron sign is C[3]-0_0_0_0:H-0:O[3]-0_0:S-0_0
Its hashing is 486
Atom 10 : 
Its ID O17
Its element type O
Its bondidx 3
Its COD root atom type O[3]
Its acedrg atom type O[3](C[3]C[3]CH)(C[3]C[3]HS)
Its acedrg atom main type O[3](C[3]C[3]CH)(C[3]C[3]HS)
Its base ring type 
Its ccp4 atom type O2
Its second NB sp props C[3]-3_3_3_0:C[3]-3_3_3_0
Its number of extra-electrons is 0
Its second NB extra-electron sign is C[3]-0_0_0_0:C[3]-0_0_0_0
Its hashing is 962
Atom 11 : 
Its ID H8
Its element type H
Its bondidx 0
Its COD root atom type H
Its acedrg atom type H(NCHH)
Its acedrg atom main type H(NCHH)
Its base ring type 
Its ccp4 atom type H
Its second NB sp props N-3_0_0_0
Its number of extra-electrons is 0
Its second NB extra-electron sign is N-0_0_0_0
Its hashing is 951
Atom 12 : 
Its ID H9
Its element type H
Its bondidx 0
Its COD root atom type H
Its acedrg atom type H(NCHH)
Its acedrg atom main type H(NCHH)
Its base ring type 
Its ccp4 atom type H
Its second NB sp props N-3_0_0_0
Its number of extra-electrons is 0
Its second NB extra-electron sign is N-0_0_0_0
Its hashing is 951
Atom 13 : 
Its ID H10
Its element type H
Its bondidx 0
Its COD root atom type H
Its acedrg atom type H(NCHH)
Its acedrg atom main type H(NCHH)
Its base ring type 
Its ccp4 atom type H
Its second NB sp props N-3_0_0_0
Its number of extra-electrons is 0
Its second NB extra-electron sign is N-0_0_0_0
Its hashing is 951
Atom 14 : 
Its ID H11
Its element type H
Its bondidx 0
Its COD root atom type H
Its acedrg atom type H(CCCN)
Its acedrg atom main type H(CCCN)
Its base ring type 
Its ccp4 atom type H
Its second NB sp props C-3_3_2_0
Its number of extra-electrons is 0
Its second NB extra-electron sign is C-0_0_0_0
Its hashing is 951
Atom 15 : 
Its ID H12
Its element type H
Its bondidx 0
Its COD root atom type H
Its acedrg atom type H(CCHS)
Its acedrg atom main type H(CCHS)
Its base ring type 
Its ccp4 atom type H
Its second NB sp props C-3_3_0_0
Its number of extra-electrons is 0
Its second NB extra-electron sign is C-0_0_0_0
Its hashing is 951
Atom 16 : 
Its ID H13
Its element type H
Its bondidx 0
Its COD root atom type H
Its acedrg atom type H(CCHS)
Its acedrg atom main type H(CCHS)
Its base ring type 
Its ccp4 atom type H
Its second NB sp props C-3_3_0_0
Its number of extra-electrons is 0
Its second NB extra-electron sign is C-0_0_0_0
Its hashing is 951
Atom 17 : 
Its ID H18
Its element type H
Its bondidx 0
Its COD root atom type H
Its acedrg atom type H(CC[3]HH)
Its acedrg atom main type H(CC[3]HH)
Its base ring type 
Its ccp4 atom type H
Its second NB sp props C-3_0_0_0
Its number of extra-electrons is 0
Its second NB extra-electron sign is C-0_0_0_0
Its hashing is 951
Atom 18 : 
Its ID H19
Its element type H
Its bondidx 0
Its COD root atom type H
Its acedrg atom type H(CC[3]HH)
Its acedrg atom main type H(CC[3]HH)
Its base ring type 
Its ccp4 atom type H
Its second NB sp props C-3_0_0_0
Its number of extra-electrons is 0
Its second NB extra-electron sign is C-0_0_0_0
Its hashing is 951
Atom 19 : 
Its ID H20
Its element type H
Its bondidx 0
Its COD root atom type H
Its acedrg atom type H(CC[3]HH)
Its acedrg atom main type H(CC[3]HH)
Its base ring type 
Its ccp4 atom type H
Its second NB sp props C-3_0_0_0
Its number of extra-electrons is 0
Its second NB extra-electron sign is C-0_0_0_0
Its hashing is 951
Atom 20 : 
Its ID H21
Its element type H
Its bondidx 0
Its COD root atom type H
Its acedrg atom type H(C[3]C[3]O[3]C)
Its acedrg atom main type H(C[3]C[3]O[3]C)
Its base ring type 
Its ccp4 atom type H
Its second NB sp props C[3]-3_3_3_0
Its number of extra-electrons is 0
Its second NB extra-electron sign is C[3]-0_0_0_0
Its hashing is 951
Atom 21 : 
Its ID H22
Its element type H
Its bondidx 0
Its COD root atom type H
Its acedrg atom type H(C[3]C[3]O[3]S)
Its acedrg atom main type H(C[3]C[3]O[3]S)
Its base ring type 
Its ccp4 atom type H
Its second NB sp props C[3]-3_3_3_0
Its number of extra-electrons is 0
Its second NB extra-electron sign is C[3]-0_0_0_0
Its hashing is 951
Torsion angles are : 
Formed by C14_C15_C16_O17, value is: 60
Formed by C14_C15_C16_S6, value is: 180
Formed by C14_C15_C16_H22, value is: -60
Formed by O17_C15_C16_S6, value is: 60
Formed by O17_C15_C16_H22, value is: 180
Formed by H21_C15_C16_O17, value is: 180
Formed by H21_C15_C16_S6, value is: -60
Formed by H21_C15_C16_H22, value is: 60
Formed by S6_C16_O17_C15, value is: 180
Formed by H22_C16_O17_C15, value is: 60
Formed by C3_C2_N1_H8, value is: 180
Formed by C3_C2_N1_H9, value is: -60
Formed by C3_C2_N1_H10, value is: 60
Formed by C5_C2_N1_H8, value is: 60
Formed by C5_C2_N1_H9, value is: 180
Formed by C5_C2_N1_H10, value is: -60
Formed by H11_C2_N1_H8, value is: -60
Formed by H11_C2_N1_H9, value is: 60
Formed by H11_C2_N1_H10, value is: 180
Formed by O4_C3_C2_N1, value is: 0
Formed by O4_C3_C2_C5, value is: 120
Formed by O4_C3_C2_H11, value is: -120
Formed by O7_C3_C2_N1, value is: 180
Formed by O7_C3_C2_C5, value is: -60
Formed by O7_C3_C2_H11, value is: 60
Formed by N1_C2_C5_S6, value is: 180
Formed by N1_C2_C5_H12, value is: -60
Formed by N1_C2_C5_H13, value is: 60
Formed by C3_C2_C5_S6, value is: 60
Formed by C3_C2_C5_H12, value is: 180
Formed by C3_C2_C5_H13, value is: -60
Formed by H11_C2_C5_S6, value is: -60
Formed by H11_C2_C5_H12, value is: 60
Formed by H11_C2_C5_H13, value is: 180
Formed by C2_C5_S6_C16, value is: 180
Formed by H12_C5_S6_C16, value is: 60
Formed by H13_C5_S6_C16, value is: -60
Formed by H18_C14_C15_C16, value is: 180
Formed by H18_C14_C15_O17, value is: -60
Formed by H18_C14_C15_H21, value is: 60
Formed by H19_C14_C15_C16, value is: 60
Formed by H19_C14_C15_O17, value is: 180
Formed by H19_C14_C15_H21, value is: -60
Formed by H20_C14_C15_C16, value is: -60
Formed by H20_C14_C15_O17, value is: 60
Formed by H20_C14_C15_H21, value is: 180
Formed by C14_C15_O17_C16, value is: 180
Formed by C16_C15_O17_C16, value is: 60
Formed by H21_C15_O17_C16, value is: -60
Formed by C15_C16_S6_C5, value is: 180
Formed by O17_C16_S6_C5, value is: 60
Formed by H22_C16_S6_C5, value is: -60
Number of atom-type is 484888
Clustering COD org bonds started at Sun Jun 14 11:42:09 2026
Bond file /Applications/ccp4-9/share/acedrg/tables/allOrgBondTables/156.table
Bond file /Applications/ccp4-9/share/acedrg/tables/allOrgBondTables/162.table
Bond file /Applications/ccp4-9/share/acedrg/tables/allOrgBondTables/55.table
Bond file /Applications/ccp4-9/share/acedrg/tables/allOrgBondTables/56.table
Bond file /Applications/ccp4-9/share/acedrg/tables/allOrgBondTables/58.table
Bond file /Applications/ccp4-9/share/acedrg/tables/allOrgBondTables/59.table
Bond file /Applications/ccp4-9/share/acedrg/tables/allOrgBondTables/60.table
Bond file /Applications/ccp4-9/share/acedrg/tables/allOrgBondTables/61.table
Bond file /Applications/ccp4-9/share/acedrg/tables/allOrgBondTables/71.table
Bond file /Applications/ccp4-9/share/acedrg/tables/allOrgBondTables/73.table
Bond file /Applications/ccp4-9/share/acedrg/tables/allOrgBondTables/74.table
Bond file /Applications/ccp4-9/share/acedrg/tables/allOrgBondTables/76.table
Finish clustering COD org bonds 
finished at Sun Jun 14 11:42:10 2026
it takes 1 seconds to finish group COD bonds 
Group COD bonds involving metal elements 
Search for  all target bonds started at Sun Jun 14 11:42:10 2026
Bond between N1 and C2

+++++++++++++++++++++++++++++++++++++++++++++++++++
 search a organic-only bond 
aNumTh = 3
for target bond of atoms C2 and N1
The bond is not within the same ring.
Bond order is SINGLE
ha1 490 ha2 892
the hybr-combination is SP3_SP3
In or not in the same ring N
 a1NB2 4:4:3:1: a2NB2 4:1:1:1:
 a1NB1NB2 C-3_2_2:C-3_3_0_0:H-3:N-3_0_0_0 a2NB1NB2 C-3_3_2_0:H-3:H-3:H-3
 a1M C(CHHS)(NH3)(COO)(H) a2M N(CCCH)(H)3
 a1C C(CHHS)(NH3)(COO)(H) a2C N(CCCH)(H)3
atom 1 CH1  atom 2 NT3
Found all hashing codes 
Found hybr-combination SP3_SP3
Find in-ring prop N
find 4:4:3:1:
find 4:1:1:1:
 find C-3_2_2:C-3_3_0_0:H-3:N-3_0_0_0
 find C-3_3_2_0:H-3:H-3:H-3
start level is 2
tNumTh is 3
0
the level is now 3
The end search level is 3
The sig value is 0.00705
Finally bond sig is 0.00705
The final target bond value is 1.49
Its sig value is 0.00705

+++++++++++++++++++++++++++++++++++++++++++++++++++
Bond between C2 and C3

+++++++++++++++++++++++++++++++++++++++++++++++++++
 search a organic-only bond 
aNumTh = 3
for target bond of atoms C2 and C3
The bond is not within the same ring.
Bond order is SINGLE
ha1 490 ha2 930
the hybr-combination is SP2_SP3
In or not in the same ring N
 a1NB2 4:4:3:1: a2NB2 4:1:1:
 a1NB1NB2 C-3_2_2:C-3_3_0_0:H-3:N-3_0_0_0 a2NB1NB2 C-3_3_2_0:O-2:O-2
 a1M C(CHHS)(NH3)(COO)(H) a2M C(CCHN)(O)2
 a1C C(CHHS)(NH3)(COO)(H) a2C C(CCHN)(O)2
atom 1 CH1  atom 2 C
Found all hashing codes 
Found hybr-combination SP2_SP3
Find in-ring prop N
find 4:4:3:1:
find 4:1:1:
 find C-3_2_2:C-3_3_0_0:H-3:N-3_0_0_0
 find C-3_3_2_0:O-2:O-2
start level is 2
tNumTh is 3
0
the level is now 3
The end search level is 3
The sig value is 0.0113
Finally bond sig is 0.0113
The final target bond value is 1.54
Its sig value is 0.0113

+++++++++++++++++++++++++++++++++++++++++++++++++++
Bond between C2 and C5

+++++++++++++++++++++++++++++++++++++++++++++++++++
 search a organic-only bond 
aNumTh = 3
for target bond of atoms C2 and C5
The bond is not within the same ring.
Bond order is SINGLE
ha1 490 ha2 490
the hybr-combination is SP3_SP3
In or not in the same ring N
 a1NB2 4:4:3:1: a2NB2 2:4:1:1:
 a1NB1NB2 C-3_2_2:C-3_3_0_0:H-3:N-3_0_0_0 a2NB1NB2 C-3_3_2_0:H-3:H-3:S-3_3
 a1M C(CHHS)(NH3)(COO)(H) a2M C(SC[3])(CCHN)(H)2
 a1C C(CHHS)(NH3)(COO)(H) a2C C(SC[3])(CCHN)(H)2
atom 1 CH1  atom 2 CH2
Found all hashing codes 
Found hybr-combination SP3_SP3
Find in-ring prop N
find 4:4:3:1:
find 2:4:1:1:
start level is 5
tNumTh is 3
0
the level is now 6
the level is now 7
The end search level is 7
The sig value is 0.0126
Finally bond sig is 0.0126
The final target bond value is 1.52
Its sig value is 0.0126

+++++++++++++++++++++++++++++++++++++++++++++++++++
Bond between C3 and O4

+++++++++++++++++++++++++++++++++++++++++++++++++++
 search a organic-only bond 
aNumTh = 3
for target bond of atoms O4 and C3
The bond is not within the same ring.
Bond order is DOUBLE
ha1 863 ha2 930
the hybr-combination is SP2_SP2
In or not in the same ring N
 a1NB2 3: a2NB2 4:1:1:
 a1NB1NB2 C-3_2_2 a2NB1NB2 C-3_3_2_0:O-2:O-2
 a1M O(CCO) a2M C(CCHN)(O)2
 a1C O(CCO) a2C C(CCHN)(O)2
atom 1 C  atom 2 O
Found all hashing codes 
Found hybr-combination SP2_SP2
Find in-ring prop N
find 3:
find 4:1:1:
 find C-3_2_2
 find C-3_3_2_0:O-2:O-2
 find O(CCO)
start level is 1
tNumTh is 3
0
the level is now 2
the level is now 3
the level is now 4
the level is now 5
The end search level is 5
The sig value is 0.0183
Finally bond sig is 0.0183
The final target bond value is 1.25
Its sig value is 0.0183

+++++++++++++++++++++++++++++++++++++++++++++++++++
Bond between C3 and O7

+++++++++++++++++++++++++++++++++++++++++++++++++++
 search a organic-only bond 
aNumTh = 3
for target bond of atoms O7 and C3
The bond is not within the same ring.
Bond order is SINGLE
ha1 863 ha2 930
the hybr-combination is SP2_SP2
In or not in the same ring N
 a1NB2 3: a2NB2 4:1:1:
 a1NB1NB2 C-3_2_2 a2NB1NB2 C-3_3_2_0:O-2:O-2
 a1M O(CCO) a2M C(CCHN)(O)2
 a1C O(CCO) a2C C(CCHN)(O)2
atom 1 C  atom 2 OC
Found all hashing codes 
Found hybr-combination SP2_SP2
Find in-ring prop N
find 3:
find 4:1:1:
 find C-3_2_2
 find C-3_3_2_0:O-2:O-2
 find O(CCO)
start level is 1
tNumTh is 3
0
the level is now 2
the level is now 3
the level is now 4
the level is now 5
The end search level is 5
The sig value is 0.0183
Finally bond sig is 0.0183
The final target bond value is 1.25
Its sig value is 0.0183

+++++++++++++++++++++++++++++++++++++++++++++++++++
Bond between C5 and S6

+++++++++++++++++++++++++++++++++++++++++++++++++++
 search a organic-only bond 
aNumTh = 3
for target bond of atoms C5 and S6
The bond is not within the same ring.
Bond order is SINGLE
ha1 490 ha2 909
the hybr-combination is SP3_SP3
In or not in the same ring N
 a1NB2 2:4:1:1: a2NB2 4:4:
 a1NB1NB2 C-3_3_2_0:H-3:H-3:S-3_3 a2NB1NB2 C-3_3_0_0:C[3]-3_3_3_0
 a1M C(SC[3])(CCHN)(H)2 a2M S(C[3]C[3]O[3]H)(CCHH)
 a1C C(SC[3])(CCHN)(H)2 a2C S(C[3]C[3]O[3]H)(CCHH)
atom 1 CH2  atom 2 S2
Found all hashing codes 
Found hybr-combination SP3_SP3
Find in-ring prop N
find 2:4:1:1:
find 4:4:
start level is 5
tNumTh is 3
0
the level is now 6
the level is now 7
The end search level is 7
The sig value is 0.0195
Finally bond sig is 0.0195
The final target bond value is 1.82
Its sig value is 0.0195

+++++++++++++++++++++++++++++++++++++++++++++++++++
Bond between C14 and C15

+++++++++++++++++++++++++++++++++++++++++++++++++++
 search a organic-only bond 
aNumTh = 3
for target bond of atoms C15 and C14
The bond is not within the same ring.
Bond order is SINGLE
ha1 486 ha2 490
the hybr-combination is SP3_SP3
In or not in the same ring N
 a1NB2 4:2:4:1: a2NB2 4:1:1:1:
 a1NB1NB2 C-3_0_0_0:C[3]-3_3_3_0:H-3:O[3]-3_3 a2NB1NB2 C[3]-3_3_3_0:H-3:H-3:H-3
 a1M C[3](C[3]O[3]HS)(O[3]C[3])(CH3)(H) a2M C(C[3]C[3]O[3]H)(H)3
 a1C C[3](C[3]O[3]HS)(O[3]C[3])(CH3)(H) a2C C(C[3]C[3]O[3]H)(H)3
atom 1 CH3  atom 2 CH1
Found all hashing codes 
Found hybr-combination SP3_SP3
Find in-ring prop N
find 4:2:4:1:
find 4:1:1:1:
 find C-3_0_0_0:C[3]-3_3_3_0:H-3:O[3]-3_3
 find C[3]-3_3_3_0:H-3:H-3:H-3
start level is 2
tNumTh is 3
0
the level is now 3
the level is now 4
the level is now 5
The end search level is 5
The sig value is 0.0196
Finally bond sig is 0.0196
The final target bond value is 1.49
Its sig value is 0.0196

+++++++++++++++++++++++++++++++++++++++++++++++++++
Bond between C15 and C16

+++++++++++++++++++++++++++++++++++++++++++++++++++
 search a organic-only bond 
aNumTh = 3
for target bond of atoms C15 and C16
The bond is within the same ring.
ha1 486 ha2 486
the hybr-combination is SP3_SP3
In or not in the same ring Y
 a1NB2 4:2:4:1: a2NB2 4:2:2:1:
 a1NB1NB2 C-3_0_0_0:C[3]-3_3_3_0:H-3:O[3]-3_3 a2NB1NB2 C[3]-3_3_3_0:H-3:O[3]-3_3:S-3_3
 a1M C[3](C[3]O[3]HS)(O[3]C[3])(CH3)(H) a2M C[3](C[3]O[3]CH)(O[3]C[3])(SC)(H)
 a1C C[3](C[3]O[3]HS)(O[3]C[3])(CH3)(H) a2C C[3](C[3]O[3]CH)(O[3]C[3])(SC)(H)
atom 1 CH1  atom 2 CH1
Found all hashing codes 
Found hybr-combination SP3_SP3
Find in-ring prop Y
find 4:2:4:1:
start level is 7
tNumTh is 3
0
the level is now 8
The end search level is 8
The sig value is 0.0194
Finally bond sig is 0.0194
The final target bond value is 1.46
Its sig value is 0.0194

+++++++++++++++++++++++++++++++++++++++++++++++++++
Bond between C16 and O17

+++++++++++++++++++++++++++++++++++++++++++++++++++
 search a organic-only bond 
aNumTh = 3
for target bond of atoms C16 and O17
The bond is within the same ring.
ha1 486 ha2 962
the hybr-combination is SP3_SP3
In or not in the same ring Y
 a1NB2 4:2:2:1: a2NB2 4:4:
 a1NB1NB2 C[3]-3_3_3_0:H-3:O[3]-3_3:S-3_3 a2NB1NB2 C[3]-3_3_3_0:C[3]-3_3_3_0
 a1M C[3](C[3]O[3]CH)(O[3]C[3])(SC)(H) a2M O[3](C[3]C[3]CH)(C[3]C[3]HS)
 a1C C[3](C[3]O[3]CH)(O[3]C[3])(SC)(H) a2C O[3](C[3]C[3]CH)(C[3]C[3]HS)
atom 1 CH1  atom 2 O2
Found all hashing codes 
Found hybr-combination SP3_SP3
Find in-ring prop Y
find 4:2:2:1:
find 4:4:
start level is 5
tNumTh is 3
0
the level is now 6
the level is now 7
the level is now 8
The end search level is 8
The sig value is 0.0146
Finally bond sig is 0.0146
The final target bond value is 1.45
Its sig value is 0.0146

+++++++++++++++++++++++++++++++++++++++++++++++++++
Bond between C15 and O17

+++++++++++++++++++++++++++++++++++++++++++++++++++
 search a organic-only bond 
aNumTh = 3
for target bond of atoms C15 and O17
The bond is within the same ring.
ha1 486 ha2 962
the hybr-combination is SP3_SP3
In or not in the same ring Y
 a1NB2 4:2:4:1: a2NB2 4:4:
 a1NB1NB2 C-3_0_0_0:C[3]-3_3_3_0:H-3:O[3]-3_3 a2NB1NB2 C[3]-3_3_3_0:C[3]-3_3_3_0
 a1M C[3](C[3]O[3]HS)(O[3]C[3])(CH3)(H) a2M O[3](C[3]C[3]CH)(C[3]C[3]HS)
 a1C C[3](C[3]O[3]HS)(O[3]C[3])(CH3)(H) a2C O[3](C[3]C[3]CH)(C[3]C[3]HS)
atom 1 CH1  atom 2 O2
Found all hashing codes 
Found hybr-combination SP3_SP3
Find in-ring prop Y
find 4:2:4:1:
find 4:4:
 find C-3_0_0_0:C[3]-3_3_3_0:H-3:O[3]-3_3
 find C[3]-3_3_3_0:C[3]-3_3_3_0
start level is 2
tNumTh is 3
0
the level is now 3
the level is now 4
the level is now 5
The end search level is 5
The sig value is 0.00911
Finally bond sig is 0.00911
The final target bond value is 1.45
Its sig value is 0.00911

+++++++++++++++++++++++++++++++++++++++++++++++++++
Bond between S6 and C16

+++++++++++++++++++++++++++++++++++++++++++++++++++
 search a organic-only bond 
aNumTh = 3
for target bond of atoms C16 and S6
The bond is not within the same ring.
Bond order is SINGLE
ha1 486 ha2 909
the hybr-combination is SP3_SP3
In or not in the same ring N
 a1NB2 4:2:2:1: a2NB2 4:4:
 a1NB1NB2 C[3]-3_3_3_0:H-3:O[3]-3_3:S-3_3 a2NB1NB2 C-3_3_0_0:C[3]-3_3_3_0
 a1M C[3](C[3]O[3]CH)(O[3]C[3])(SC)(H) a2M S(C[3]C[3]O[3]H)(CCHH)
 a1C C[3](C[3]O[3]CH)(O[3]C[3])(SC)(H) a2C S(C[3]C[3]O[3]H)(CCHH)
atom 1 CH1  atom 2 S2
Found all hashing codes 
Found hybr-combination SP3_SP3
Find in-ring prop N
start level is 8
tNumTh is 3
0
the level is now 9
486
909
SP3_SP3
N
1
the level is now 10
The end search level is 10
The sig value is 0.0241
Finally bond sig is 0.0241
The final target bond value is 1.8
Its sig value is 0.0241

+++++++++++++++++++++++++++++++++++++++++++++++++++
Bond between N1 and H8

+++++++++++++++++++++++++++++++++++++++++++++++++++
 search a organic-only bond 
aNumTh = 3
for target bond of atoms N1 and H8
The bond is not within the same ring.
Bond order is SINGLE
ha1 892 ha2 951
the hybr-combination is SP-NON_SP3
In or not in the same ring N
 a1NB2 4:1:1:1: a2NB2 4:
 a1NB1NB2 C-3_3_2_0:H-3:H-3:H-3 a2NB1NB2 N-3_0_0_0
 a1M N(CCCH)(H)3 a2M H(NCHH)
 a1C N(CCCH)(H)3 a2C H(NCHH)
atom 1 H  atom 2 NT3
Found all hashing codes 
Found hybr-combination SP-NON_SP3
Find in-ring prop N
find 4:1:1:1:
find 4:
 find C-3_3_2_0:H-3:H-3:H-3
 find N-3_0_0_0
start level is 2
tNumTh is 3
0
the level is now 3
The end search level is 3
The sig value is 0.0102
Finally bond sig is 0.0102
The final target bond value is 0.902
Its sig value is 0.0102

+++++++++++++++++++++++++++++++++++++++++++++++++++
Bond between N1 and H9

+++++++++++++++++++++++++++++++++++++++++++++++++++
 search a organic-only bond 
aNumTh = 3
for target bond of atoms N1 and H9
The bond is not within the same ring.
Bond order is SINGLE
ha1 892 ha2 951
the hybr-combination is SP-NON_SP3
In or not in the same ring N
 a1NB2 4:1:1:1: a2NB2 4:
 a1NB1NB2 C-3_3_2_0:H-3:H-3:H-3 a2NB1NB2 N-3_0_0_0
 a1M N(CCCH)(H)3 a2M H(NCHH)
 a1C N(CCCH)(H)3 a2C H(NCHH)
atom 1 H  atom 2 NT3
Found all hashing codes 
Found hybr-combination SP-NON_SP3
Find in-ring prop N
find 4:1:1:1:
find 4:
 find C-3_3_2_0:H-3:H-3:H-3
 find N-3_0_0_0
start level is 2
tNumTh is 3
0
the level is now 3
The end search level is 3
The sig value is 0.0102
Finally bond sig is 0.0102
The final target bond value is 0.902
Its sig value is 0.0102

+++++++++++++++++++++++++++++++++++++++++++++++++++
Bond between N1 and H10

+++++++++++++++++++++++++++++++++++++++++++++++++++
 search a organic-only bond 
aNumTh = 3
for target bond of atoms N1 and H10
The bond is not within the same ring.
Bond order is SINGLE
ha1 892 ha2 951
the hybr-combination is SP-NON_SP3
In or not in the same ring N
 a1NB2 4:1:1:1: a2NB2 4:
 a1NB1NB2 C-3_3_2_0:H-3:H-3:H-3 a2NB1NB2 N-3_0_0_0
 a1M N(CCCH)(H)3 a2M H(NCHH)
 a1C N(CCCH)(H)3 a2C H(NCHH)
atom 1 H  atom 2 NT3
Found all hashing codes 
Found hybr-combination SP-NON_SP3
Find in-ring prop N
find 4:1:1:1:
find 4:
 find C-3_3_2_0:H-3:H-3:H-3
 find N-3_0_0_0
start level is 2
tNumTh is 3
0
the level is now 3
The end search level is 3
The sig value is 0.0102
Finally bond sig is 0.0102
The final target bond value is 0.902
Its sig value is 0.0102

+++++++++++++++++++++++++++++++++++++++++++++++++++
Bond between C2 and H11

+++++++++++++++++++++++++++++++++++++++++++++++++++
 search a organic-only bond 
aNumTh = 3
for target bond of atoms C2 and H11
The bond is not within the same ring.
Bond order is SINGLE
ha1 490 ha2 951
the hybr-combination is SP-NON_SP3
In or not in the same ring N
 a1NB2 4:4:3:1: a2NB2 4:
 a1NB1NB2 C-3_2_2:C-3_3_0_0:H-3:N-3_0_0_0 a2NB1NB2 C-3_3_2_0
 a1M C(CHHS)(NH3)(COO)(H) a2M H(CCCN)
 a1C C(CHHS)(NH3)(COO)(H) a2C H(CCCN)
atom 1 CH1  atom 2 H
Found all hashing codes 
Found hybr-combination SP-NON_SP3
Find in-ring prop N
find 4:4:3:1:
find 4:
 find C-3_2_2:C-3_3_0_0:H-3:N-3_0_0_0
 find C-3_3_2_0
start level is 2
tNumTh is 3
0
the level is now 3
The end search level is 3
The sig value is 0.0248
Finally bond sig is 0.0248
The final target bond value is 0.991
Its sig value is 0.0248

+++++++++++++++++++++++++++++++++++++++++++++++++++
Bond between C5 and H12

+++++++++++++++++++++++++++++++++++++++++++++++++++
 search a organic-only bond 
aNumTh = 3
for target bond of atoms C5 and H12
The bond is not within the same ring.
Bond order is SINGLE
ha1 490 ha2 951
the hybr-combination is SP-NON_SP3
In or not in the same ring N
 a1NB2 2:4:1:1: a2NB2 4:
 a1NB1NB2 C-3_3_2_0:H-3:H-3:S-3_3 a2NB1NB2 C-3_3_0_0
 a1M C(SC[3])(CCHN)(H)2 a2M H(CCHS)
 a1C C(SC[3])(CCHN)(H)2 a2C H(CCHS)
atom 1 CH2  atom 2 H
Found all hashing codes 
Found hybr-combination SP-NON_SP3
Find in-ring prop N
find 2:4:1:1:
find 4:
start level is 5
tNumTh is 3
0
the level is now 6
The end search level is 6
The sig value is 0.0125
Finally bond sig is 0.0125
The final target bond value is 0.982
Its sig value is 0.0125

+++++++++++++++++++++++++++++++++++++++++++++++++++
Bond between C5 and H13

+++++++++++++++++++++++++++++++++++++++++++++++++++
 search a organic-only bond 
aNumTh = 3
for target bond of atoms C5 and H13
The bond is not within the same ring.
Bond order is SINGLE
ha1 490 ha2 951
the hybr-combination is SP-NON_SP3
In or not in the same ring N
 a1NB2 2:4:1:1: a2NB2 4:
 a1NB1NB2 C-3_3_2_0:H-3:H-3:S-3_3 a2NB1NB2 C-3_3_0_0
 a1M C(SC[3])(CCHN)(H)2 a2M H(CCHS)
 a1C C(SC[3])(CCHN)(H)2 a2C H(CCHS)
atom 1 CH2  atom 2 H
Found all hashing codes 
Found hybr-combination SP-NON_SP3
Find in-ring prop N
find 2:4:1:1:
find 4:
start level is 5
tNumTh is 3
0
the level is now 6
The end search level is 6
The sig value is 0.0125
Finally bond sig is 0.0125
The final target bond value is 0.982
Its sig value is 0.0125

+++++++++++++++++++++++++++++++++++++++++++++++++++
Bond between C14 and H18

+++++++++++++++++++++++++++++++++++++++++++++++++++
 search a organic-only bond 
aNumTh = 3
for target bond of atoms C14 and H18
The bond is not within the same ring.
Bond order is SINGLE
ha1 490 ha2 951
the hybr-combination is SP-NON_SP3
In or not in the same ring N
 a1NB2 4:1:1:1: a2NB2 4:
 a1NB1NB2 C[3]-3_3_3_0:H-3:H-3:H-3 a2NB1NB2 C-3_0_0_0
 a1M C(C[3]C[3]O[3]H)(H)3 a2M H(CC[3]HH)
 a1C C(C[3]C[3]O[3]H)(H)3 a2C H(CC[3]HH)
atom 1 CH3  atom 2 H
Found all hashing codes 
Found hybr-combination SP-NON_SP3
Find in-ring prop N
find 4:1:1:1:
find 4:
 find C[3]-3_3_3_0:H-3:H-3:H-3
 find C-3_0_0_0
 find C(C[3]C[3]O[3]H)(H)3
 find H(CC[3]HH)
 find C(C[3]C[3]O[3]H)(H)3
 find H(CC[3]HH)
Found exact matches of atom cod-classes 
Number of value associate it 51
the table sigma 0.0298
Finally bond sig is 0.0298
The final target bond value is 0.978
Its sig value is 0.0298

+++++++++++++++++++++++++++++++++++++++++++++++++++
Bond between C14 and H19

+++++++++++++++++++++++++++++++++++++++++++++++++++
 search a organic-only bond 
aNumTh = 3
for target bond of atoms C14 and H19
The bond is not within the same ring.
Bond order is SINGLE
ha1 490 ha2 951
the hybr-combination is SP-NON_SP3
In or not in the same ring N
 a1NB2 4:1:1:1: a2NB2 4:
 a1NB1NB2 C[3]-3_3_3_0:H-3:H-3:H-3 a2NB1NB2 C-3_0_0_0
 a1M C(C[3]C[3]O[3]H)(H)3 a2M H(CC[3]HH)
 a1C C(C[3]C[3]O[3]H)(H)3 a2C H(CC[3]HH)
atom 1 CH3  atom 2 H
Found all hashing codes 
Found hybr-combination SP-NON_SP3
Find in-ring prop N
find 4:1:1:1:
find 4:
 find C[3]-3_3_3_0:H-3:H-3:H-3
 find C-3_0_0_0
 find C(C[3]C[3]O[3]H)(H)3
 find H(CC[3]HH)
 find C(C[3]C[3]O[3]H)(H)3
 find H(CC[3]HH)
Found exact matches of atom cod-classes 
Number of value associate it 51
the table sigma 0.0298
Finally bond sig is 0.0298
The final target bond value is 0.978
Its sig value is 0.0298

+++++++++++++++++++++++++++++++++++++++++++++++++++
Bond between C14 and H20

+++++++++++++++++++++++++++++++++++++++++++++++++++
 search a organic-only bond 
aNumTh = 3
for target bond of atoms C14 and H20
The bond is not within the same ring.
Bond order is SINGLE
ha1 490 ha2 951
the hybr-combination is SP-NON_SP3
In or not in the same ring N
 a1NB2 4:1:1:1: a2NB2 4:
 a1NB1NB2 C[3]-3_3_3_0:H-3:H-3:H-3 a2NB1NB2 C-3_0_0_0
 a1M C(C[3]C[3]O[3]H)(H)3 a2M H(CC[3]HH)
 a1C C(C[3]C[3]O[3]H)(H)3 a2C H(CC[3]HH)
atom 1 CH3  atom 2 H
Found all hashing codes 
Found hybr-combination SP-NON_SP3
Find in-ring prop N
find 4:1:1:1:
find 4:
 find C[3]-3_3_3_0:H-3:H-3:H-3
 find C-3_0_0_0
 find C(C[3]C[3]O[3]H)(H)3
 find H(CC[3]HH)
 find C(C[3]C[3]O[3]H)(H)3
 find H(CC[3]HH)
Found exact matches of atom cod-classes 
Number of value associate it 51
the table sigma 0.0298
Finally bond sig is 0.0298
The final target bond value is 0.978
Its sig value is 0.0298

+++++++++++++++++++++++++++++++++++++++++++++++++++
Bond between C15 and H21

+++++++++++++++++++++++++++++++++++++++++++++++++++
 search a organic-only bond 
aNumTh = 3
for target bond of atoms C15 and H21
The bond is not within the same ring.
Bond order is SINGLE
ha1 486 ha2 951
the hybr-combination is SP-NON_SP3
In or not in the same ring N
 a1NB2 4:2:4:1: a2NB2 4:
 a1NB1NB2 C-3_0_0_0:C[3]-3_3_3_0:H-3:O[3]-3_3 a2NB1NB2 C[3]-3_3_3_0
 a1M C[3](C[3]O[3]HS)(O[3]C[3])(CH3)(H) a2M H(C[3]C[3]O[3]C)
 a1C C[3](C[3]O[3]HS)(O[3]C[3])(CH3)(H) a2C H(C[3]C[3]O[3]C)
atom 1 CH1  atom 2 H
Found all hashing codes 
Found hybr-combination SP-NON_SP3
Find in-ring prop N
find 4:2:4:1:
find 4:
 find C-3_0_0_0:C[3]-3_3_3_0:H-3:O[3]-3_3
 find C[3]-3_3_3_0
start level is 2
tNumTh is 3
0
the level is now 3
the level is now 4
the level is now 5
The end search level is 5
The sig value is 0.023
Finally bond sig is 0.023
The final target bond value is 0.992
Its sig value is 0.023

+++++++++++++++++++++++++++++++++++++++++++++++++++
Bond between C16 and H22

+++++++++++++++++++++++++++++++++++++++++++++++++++
 search a organic-only bond 
aNumTh = 3
for target bond of atoms C16 and H22
The bond is not within the same ring.
Bond order is SINGLE
ha1 486 ha2 951
the hybr-combination is SP-NON_SP3
In or not in the same ring N
 a1NB2 4:2:2:1: a2NB2 4:
 a1NB1NB2 C[3]-3_3_3_0:H-3:O[3]-3_3:S-3_3 a2NB1NB2 C[3]-3_3_3_0
 a1M C[3](C[3]O[3]CH)(O[3]C[3])(SC)(H) a2M H(C[3]C[3]O[3]S)
 a1C C[3](C[3]O[3]CH)(O[3]C[3])(SC)(H) a2C H(C[3]C[3]O[3]S)
atom 1 CH1  atom 2 H
Found all hashing codes 
Found hybr-combination SP-NON_SP3
Find in-ring prop N
find 4:2:2:1:
find 4:
start level is 5
tNumTh is 3
0
the level is now 6
the level is now 7
the level is now 8
The end search level is 8
The sig value is 0.023
Finally bond sig is 0.023
The final target bond value is 0.981
Its sig value is 0.023

+++++++++++++++++++++++++++++++++++++++++++++++++++
Number of Bonds to be found 22
Number of Bonds found 22
Search for all target bonds finished at Sun Jun 14 11:42:10 2026
it takes 0 seconds to do that 
Finish setDefaultCoordGeos() 
Clustering all COD angles started at Sun Jun 14 11:42:10 2026
Clustering COD org angles finished at Sun Jun 14 11:42:11 2026
it takes 1 seconds to finish group COD angles 
Finish groupCodOrgAngles() 
Finish groupCodMetAngles() 
Finish groupCodAnglesWithNonCenteredMetal() 
1. Search for target angles started at Sun Jun 14 11:42:11 2026

%=========================================%
Angle between N1(center) and C2 and H8

Center Atom : N1
Its Hashing code  892
Its root atom symbol N
Its codNB2Symb 4:1:1:1:
Its codNBSymb C-4:H-1:H-1:H-1:
Its atom type main sec N(CCCH)(H)3
Its atom type full N(CCCH)(H)3

Atom2 : C2
Its Hashing code 490
Its root atom symbol C
Its codNB2Symb 4:4:3:1:
Its codNBSymb C-4:N-4:C-3:H-1:
Its atom type main section C(CHHS)(NH3)(COO)(H)
Its atom type full C(CHHS)(NH3)(COO)(H)

Atom3: H8
Its Hashing code  951
Its root atom symbol H
Its codNB2Symb 4:
Its codNBSymb N-4:
Its atom type main section H(NCHH)
Its atom type full H(NCHH)

These 3 atoms are in a ring of size 0
The hybridization on three atoms is 0:SP3_SP-NON_SP3
Find ha1 892
Find ha2 490
Find ha3 951
Found 0:SP3_SP-NON_SP3
Found N
Found C
Found H
Found 4:1:1:1:
Found 4:4:3:1:
Found 4:
Found C-4:H-1:H-1:H-1:
Found C-4:N-4:C-3:H-1:
Found N-4:
Found N(CCCH)(H)3
Found C(CHHS)(NH3)(COO)(H)
Found H(NCHH)
aNum 3
tLev 1
Angle value 110
Angle siga 2.12
Number of observations  130
Approximation level 0
Level finished 
Finally the angle value is 110
It sig value is 2.12
Number of COD angles involved 130
Target angle value : 110

%=========================================%
Angle between N1(center) and C2 and H9

Center Atom : N1
Its Hashing code  892
Its root atom symbol N
Its codNB2Symb 4:1:1:1:
Its codNBSymb C-4:H-1:H-1:H-1:
Its atom type main sec N(CCCH)(H)3
Its atom type full N(CCCH)(H)3

Atom2 : C2
Its Hashing code 490
Its root atom symbol C
Its codNB2Symb 4:4:3:1:
Its codNBSymb C-4:N-4:C-3:H-1:
Its atom type main section C(CHHS)(NH3)(COO)(H)
Its atom type full C(CHHS)(NH3)(COO)(H)

Atom3: H9
Its Hashing code  951
Its root atom symbol H
Its codNB2Symb 4:
Its codNBSymb N-4:
Its atom type main section H(NCHH)
Its atom type full H(NCHH)

These 3 atoms are in a ring of size 0
The hybridization on three atoms is 0:SP3_SP-NON_SP3
Find ha1 892
Find ha2 490
Find ha3 951
Found 0:SP3_SP-NON_SP3
Found N
Found C
Found H
Found 4:1:1:1:
Found 4:4:3:1:
Found 4:
Found C-4:H-1:H-1:H-1:
Found C-4:N-4:C-3:H-1:
Found N-4:
Found N(CCCH)(H)3
Found C(CHHS)(NH3)(COO)(H)
Found H(NCHH)
aNum 3
tLev 1
Angle value 110
Angle siga 2.12
Number of observations  130
Approximation level 0
Level finished 
Finally the angle value is 110
It sig value is 2.12
Number of COD angles involved 130
Target angle value : 110

%=========================================%
Angle between N1(center) and C2 and H10

Center Atom : N1
Its Hashing code  892
Its root atom symbol N
Its codNB2Symb 4:1:1:1:
Its codNBSymb C-4:H-1:H-1:H-1:
Its atom type main sec N(CCCH)(H)3
Its atom type full N(CCCH)(H)3

Atom2 : C2
Its Hashing code 490
Its root atom symbol C
Its codNB2Symb 4:4:3:1:
Its codNBSymb C-4:N-4:C-3:H-1:
Its atom type main section C(CHHS)(NH3)(COO)(H)
Its atom type full C(CHHS)(NH3)(COO)(H)

Atom3: H10
Its Hashing code  951
Its root atom symbol H
Its codNB2Symb 4:
Its codNBSymb N-4:
Its atom type main section H(NCHH)
Its atom type full H(NCHH)

These 3 atoms are in a ring of size 0
The hybridization on three atoms is 0:SP3_SP-NON_SP3
Find ha1 892
Find ha2 490
Find ha3 951
Found 0:SP3_SP-NON_SP3
Found N
Found C
Found H
Found 4:1:1:1:
Found 4:4:3:1:
Found 4:
Found C-4:H-1:H-1:H-1:
Found C-4:N-4:C-3:H-1:
Found N-4:
Found N(CCCH)(H)3
Found C(CHHS)(NH3)(COO)(H)
Found H(NCHH)
aNum 3
tLev 1
Angle value 110
Angle siga 2.12
Number of observations  130
Approximation level 0
Level finished 
Finally the angle value is 110
It sig value is 2.12
Number of COD angles involved 130
Target angle value : 110

%=========================================%
Angle between N1(center) and H9 and H8

Center Atom : N1
Its Hashing code  892
Its root atom symbol N
Its codNB2Symb 4:1:1:1:
Its codNBSymb C-4:H-1:H-1:H-1:
Its atom type main sec N(CCCH)(H)3
Its atom type full N(CCCH)(H)3

Atom2 : H9
Its Hashing code 951
Its root atom symbol H
Its codNB2Symb 4:
Its codNBSymb N-4:
Its atom type main section H(NCHH)
Its atom type full H(NCHH)

Atom3: H8
Its Hashing code  951
Its root atom symbol H
Its codNB2Symb 4:
Its codNBSymb N-4:
Its atom type main section H(NCHH)
Its atom type full H(NCHH)

These 3 atoms are in a ring of size 0
The hybridization on three atoms is 0:SP3_SP-NON_SP-NON
Find ha1 892
Find ha2 951
Find ha3 951
Found 0:SP3_SP-NON_SP-NON
Found N
Found H
Found H
Found 4:1:1:1:
Found 4:
Found 4:
Found C-4:H-1:H-1:H-1:
Found N-4:
Found N-4:
Found N(CCCH)(H)3
Found H(NCHH)
Found H(NCHH)
aNum 3
tLev 1
Angle value 109
Angle siga 6.18
Number of observations  2546
Approximation level 0
Level finished 
Finally the angle value is 109
It sig value is 6.18
Number of COD angles involved 2546
Target angle value : 109

%=========================================%
Angle between N1(center) and H10 and H8

Center Atom : N1
Its Hashing code  892
Its root atom symbol N
Its codNB2Symb 4:1:1:1:
Its codNBSymb C-4:H-1:H-1:H-1:
Its atom type main sec N(CCCH)(H)3
Its atom type full N(CCCH)(H)3

Atom2 : H10
Its Hashing code 951
Its root atom symbol H
Its codNB2Symb 4:
Its codNBSymb N-4:
Its atom type main section H(NCHH)
Its atom type full H(NCHH)

Atom3: H8
Its Hashing code  951
Its root atom symbol H
Its codNB2Symb 4:
Its codNBSymb N-4:
Its atom type main section H(NCHH)
Its atom type full H(NCHH)

These 3 atoms are in a ring of size 0
The hybridization on three atoms is 0:SP3_SP-NON_SP-NON
Find ha1 892
Find ha2 951
Find ha3 951
Found 0:SP3_SP-NON_SP-NON
Found N
Found H
Found H
Found 4:1:1:1:
Found 4:
Found 4:
Found C-4:H-1:H-1:H-1:
Found N-4:
Found N-4:
Found N(CCCH)(H)3
Found H(NCHH)
Found H(NCHH)
aNum 3
tLev 1
Angle value 109
Angle siga 6.18
Number of observations  2546
Approximation level 0
Level finished 
Finally the angle value is 109
It sig value is 6.18
Number of COD angles involved 2546
Target angle value : 109

%=========================================%
Angle between N1(center) and H10 and H9

Center Atom : N1
Its Hashing code  892
Its root atom symbol N
Its codNB2Symb 4:1:1:1:
Its codNBSymb C-4:H-1:H-1:H-1:
Its atom type main sec N(CCCH)(H)3
Its atom type full N(CCCH)(H)3

Atom2 : H10
Its Hashing code 951
Its root atom symbol H
Its codNB2Symb 4:
Its codNBSymb N-4:
Its atom type main section H(NCHH)
Its atom type full H(NCHH)

Atom3: H9
Its Hashing code  951
Its root atom symbol H
Its codNB2Symb 4:
Its codNBSymb N-4:
Its atom type main section H(NCHH)
Its atom type full H(NCHH)

These 3 atoms are in a ring of size 0
The hybridization on three atoms is 0:SP3_SP-NON_SP-NON
Find ha1 892
Find ha2 951
Find ha3 951
Found 0:SP3_SP-NON_SP-NON
Found N
Found H
Found H
Found 4:1:1:1:
Found 4:
Found 4:
Found C-4:H-1:H-1:H-1:
Found N-4:
Found N-4:
Found N(CCCH)(H)3
Found H(NCHH)
Found H(NCHH)
aNum 3
tLev 1
Angle value 109
Angle siga 6.18
Number of observations  2546
Approximation level 0
Level finished 
Finally the angle value is 109
It sig value is 6.18
Number of COD angles involved 2546
Target angle value : 109

%=========================================%
Angle between C2(center) and N1 and C3

Center Atom : C2
Its Hashing code  490
Its root atom symbol C
Its codNB2Symb 4:4:3:1:
Its codNBSymb C-4:N-4:C-3:H-1:
Its atom type main sec C(CHHS)(NH3)(COO)(H)
Its atom type full C(CHHS)(NH3)(COO)(H)

Atom2 : N1
Its Hashing code 892
Its root atom symbol N
Its codNB2Symb 4:1:1:1:
Its codNBSymb C-4:H-1:H-1:H-1:
Its atom type main section N(CCCH)(H)3
Its atom type full N(CCCH)(H)3

Atom3: C3
Its Hashing code  930
Its root atom symbol C
Its codNB2Symb 4:1:1:
Its codNBSymb C-4:O-1:O-1:
Its atom type main section C(CCHN)(O)2
Its atom type full C(CCHN)(O)2

These 3 atoms are in a ring of size 0
The hybridization on three atoms is 0:SP3_SP2_SP3
Find ha1 490
Find ha2 892
Find ha3 930
Found 0:SP3_SP2_SP3
Found C
Found N
Found C
Found 4:4:3:1:
Found 4:1:1:1:
Found 4:1:1:
Found C-4:N-4:C-3:H-1:
Found C-4:H-1:H-1:H-1:
Found C-4:O-1:O-1:
Found C(CHHS)(NH3)(COO)(H)
Found N(CCCH)(H)3
Found C(CCHN)(O)2
aNum 3
tLev 1
Angle value 110
Angle siga 0.666
Number of observations  16
Approximation level 0
Level finished 
Finally the angle value is 110
It sig value is 0.666
Number of COD angles involved 16
Target angle value : 110

%=========================================%
Angle between C2(center) and C5 and N1

Center Atom : C2
Its Hashing code  490
Its root atom symbol C
Its codNB2Symb 4:4:3:1:
Its codNBSymb C-4:N-4:C-3:H-1:
Its atom type main sec C(CHHS)(NH3)(COO)(H)
Its atom type full C(CHHS)(NH3)(COO)(H)

Atom2 : C5
Its Hashing code 490
Its root atom symbol C
Its codNB2Symb 2:4:1:1:
Its codNBSymb S-2:C-4:H-1:H-1:
Its atom type main section C(SC[3])(CCHN)(H)2
Its atom type full C(SC[3])(CCHN)(H)2

Atom3: N1
Its Hashing code  892
Its root atom symbol N
Its codNB2Symb 4:1:1:1:
Its codNBSymb C-4:H-1:H-1:H-1:
Its atom type main section N(CCCH)(H)3
Its atom type full N(CCCH)(H)3

These 3 atoms are in a ring of size 0
The hybridization on three atoms is 0:SP3_SP3_SP3
Find ha1 490
Find ha2 490
Find ha3 892
Found 0:SP3_SP3_SP3
Found C
Found C
Found N
Found 4:4:3:1:
Found 2:4:1:1:
Found 4:1:1:1:
Found C-4:N-4:C-3:H-1:
Found S-2:C-4:H-1:H-1:
Found C-4:H-1:H-1:H-1:
Found C(CHHS)(NH3)(COO)(H)
aNum 3
tLev 2
Angle value 111
Angle siga 0
Number of observations  1
Approximation level 1
tLev 3
Angle value 111
Angle siga 0
Number of observations  1
Approximation level 2
tLev 4
Angle value 113
Angle siga 11
Number of observations  17143
Approximation level 3
Level finished 
Finally the angle value is 113
It sig value is 11
Number of COD angles involved 17143
Target angle value : 113

%=========================================%
Angle between C2(center) and N1 and H11

Center Atom : C2
Its Hashing code  490
Its root atom symbol C
Its codNB2Symb 4:4:3:1:
Its codNBSymb C-4:N-4:C-3:H-1:
Its atom type main sec C(CHHS)(NH3)(COO)(H)
Its atom type full C(CHHS)(NH3)(COO)(H)

Atom2 : N1
Its Hashing code 892
Its root atom symbol N
Its codNB2Symb 4:1:1:1:
Its codNBSymb C-4:H-1:H-1:H-1:
Its atom type main section N(CCCH)(H)3
Its atom type full N(CCCH)(H)3

Atom3: H11
Its Hashing code  951
Its root atom symbol H
Its codNB2Symb 4:
Its codNBSymb C-4:
Its atom type main section H(CCCN)
Its atom type full H(CCCN)

These 3 atoms are in a ring of size 0
The hybridization on three atoms is 0:SP3_SP-NON_SP3
Find ha1 490
Find ha2 892
Find ha3 951
Found 0:SP3_SP-NON_SP3
Found C
Found N
Found H
Found 4:4:3:1:
Found 4:1:1:1:
Found 4:
Found C-4:N-4:C-3:H-1:
Found C-4:H-1:H-1:H-1:
Found C-4:
Found C(CHHS)(NH3)(COO)(H)
Found N(CCCH)(H)3
Found H(CCCN)
aNum 3
tLev 1
Angle value 108
Angle siga 0.986
Number of observations  51
Approximation level 0
Level finished 
Finally the angle value is 108
It sig value is 0.986
Number of COD angles involved 51
Target angle value : 108

%=========================================%
Angle between C2(center) and C5 and C3

Center Atom : C2
Its Hashing code  490
Its root atom symbol C
Its codNB2Symb 4:4:3:1:
Its codNBSymb C-4:N-4:C-3:H-1:
Its atom type main sec C(CHHS)(NH3)(COO)(H)
Its atom type full C(CHHS)(NH3)(COO)(H)

Atom2 : C5
Its Hashing code 490
Its root atom symbol C
Its codNB2Symb 2:4:1:1:
Its codNBSymb S-2:C-4:H-1:H-1:
Its atom type main section C(SC[3])(CCHN)(H)2
Its atom type full C(SC[3])(CCHN)(H)2

Atom3: C3
Its Hashing code  930
Its root atom symbol C
Its codNB2Symb 4:1:1:
Its codNBSymb C-4:O-1:O-1:
Its atom type main section C(CCHN)(O)2
Its atom type full C(CCHN)(O)2

These 3 atoms are in a ring of size 0
The hybridization on three atoms is 0:SP3_SP2_SP3
Find ha1 490
Find ha2 490
Find ha3 930
Found 0:SP3_SP2_SP3
Found C
Found C
Found C
Found 4:4:3:1:
Found 2:4:1:1:
Found 4:1:1:
Found C-4:N-4:C-3:H-1:
Found S-2:C-4:H-1:H-1:
Found C-4:O-1:O-1:
Found C(CHHS)(NH3)(COO)(H)
aNum 3
tLev 2
Angle value 109
Angle siga 0
Number of observations  1
Approximation level 1
tLev 3
Angle value 109
Angle siga 0
Number of observations  1
Approximation level 2
tLev 4
Angle value 111
Angle siga 9.35
Number of observations  25646
Approximation level 3
Level finished 
Finally the angle value is 111
It sig value is 9.35
Number of COD angles involved 25646
Target angle value : 111

%=========================================%
Angle between C2(center) and C3 and H11

Center Atom : C2
Its Hashing code  490
Its root atom symbol C
Its codNB2Symb 4:4:3:1:
Its codNBSymb C-4:N-4:C-3:H-1:
Its atom type main sec C(CHHS)(NH3)(COO)(H)
Its atom type full C(CHHS)(NH3)(COO)(H)

Atom2 : C3
Its Hashing code 930
Its root atom symbol C
Its codNB2Symb 4:1:1:
Its codNBSymb C-4:O-1:O-1:
Its atom type main section C(CCHN)(O)2
Its atom type full C(CCHN)(O)2

Atom3: H11
Its Hashing code  951
Its root atom symbol H
Its codNB2Symb 4:
Its codNBSymb C-4:
Its atom type main section H(CCCN)
Its atom type full H(CCCN)

These 3 atoms are in a ring of size 0
The hybridization on three atoms is 0:SP3_SP-NON_SP2
Find ha1 490
Find ha2 930
Find ha3 951
Found 0:SP3_SP-NON_SP2
Found C
Found C
Found H
Found 4:4:3:1:
Found 4:1:1:
Found 4:
Found C-4:N-4:C-3:H-1:
Found C-4:O-1:O-1:
Found C-4:
Found C(CHHS)(NH3)(COO)(H)
Found C(CCHN)(O)2
Found H(CCCN)
aNum 3
tLev 1
Angle value 108
Angle siga 0.967
Number of observations  16
Approximation level 0
Level finished 
Finally the angle value is 108
It sig value is 0.967
Number of COD angles involved 16
Target angle value : 108

%=========================================%
Angle between C2(center) and C5 and H11

Center Atom : C2
Its Hashing code  490
Its root atom symbol C
Its codNB2Symb 4:4:3:1:
Its codNBSymb C-4:N-4:C-3:H-1:
Its atom type main sec C(CHHS)(NH3)(COO)(H)
Its atom type full C(CHHS)(NH3)(COO)(H)

Atom2 : C5
Its Hashing code 490
Its root atom symbol C
Its codNB2Symb 2:4:1:1:
Its codNBSymb S-2:C-4:H-1:H-1:
Its atom type main section C(SC[3])(CCHN)(H)2
Its atom type full C(SC[3])(CCHN)(H)2

Atom3: H11
Its Hashing code  951
Its root atom symbol H
Its codNB2Symb 4:
Its codNBSymb C-4:
Its atom type main section H(CCCN)
Its atom type full H(CCCN)

These 3 atoms are in a ring of size 0
The hybridization on three atoms is 0:SP3_SP-NON_SP3
Find ha1 490
Find ha2 490
Find ha3 951
Found 0:SP3_SP-NON_SP3
Found C
Found C
Found H
Found 4:4:3:1:
Found 2:4:1:1:
Found 4:
Found C-4:N-4:C-3:H-1:
Found S-2:C-4:H-1:H-1:
Found C-4:
Found C(CHHS)(NH3)(COO)(H)
aNum 3
tLev 2
Angle value 109
Angle siga 0
Number of observations  1
Approximation level 1
tLev 3
Angle value 108
Angle siga 1.72
Number of observations  17
Approximation level 2
Level finished 
Finally the angle value is 108
It sig value is 1.72
Number of COD angles involved 17
Target angle value : 108

%=========================================%
Angle between C3(center) and C2 and O4

Center Atom : C3
Its Hashing code  930
Its root atom symbol C
Its codNB2Symb 4:1:1:
Its codNBSymb C-4:O-1:O-1:
Its atom type main sec C(CCHN)(O)2
Its atom type full C(CCHN)(O)2

Atom2 : C2
Its Hashing code 490
Its root atom symbol C
Its codNB2Symb 4:4:3:1:
Its codNBSymb C-4:N-4:C-3:H-1:
Its atom type main section C(CHHS)(NH3)(COO)(H)
Its atom type full C(CHHS)(NH3)(COO)(H)

Atom3: O4
Its Hashing code  863
Its root atom symbol O
Its codNB2Symb 3:
Its codNBSymb C-3:
Its atom type main section O(CCO)
Its atom type full O(CCO)

These 3 atoms are in a ring of size 0
The hybridization on three atoms is 0:SP2_SP2_SP3
Find ha1 930
Find ha2 490
Find ha3 863
Found 0:SP2_SP2_SP3
Found C
Found C
Found O
Found 4:1:1:
Found 4:4:3:1:
Found 3:
Found C-4:O-1:O-1:
Found C-4:N-4:C-3:H-1:
Found C-3:
Found C(CCHN)(O)2
Found C(CHHS)(NH3)(COO)(H)
Found O(CCO)
aNum 3
tLev 1
Angle value 117
Angle siga 1.23
Number of observations  32
Approximation level 0
Level finished 
Finally the angle value is 117
It sig value is 1.23
Number of COD angles involved 32
Target angle value : 117

%=========================================%
Angle between C3(center) and C2 and O7

Center Atom : C3
Its Hashing code  930
Its root atom symbol C
Its codNB2Symb 4:1:1:
Its codNBSymb C-4:O-1:O-1:
Its atom type main sec C(CCHN)(O)2
Its atom type full C(CCHN)(O)2

Atom2 : C2
Its Hashing code 490
Its root atom symbol C
Its codNB2Symb 4:4:3:1:
Its codNBSymb C-4:N-4:C-3:H-1:
Its atom type main section C(CHHS)(NH3)(COO)(H)
Its atom type full C(CHHS)(NH3)(COO)(H)

Atom3: O7
Its Hashing code  863
Its root atom symbol O
Its codNB2Symb 3:
Its codNBSymb C-3:
Its atom type main section O(CCO)
Its atom type full O(CCO)

These 3 atoms are in a ring of size 0
The hybridization on three atoms is 0:SP2_SP2_SP3
Find ha1 930
Find ha2 490
Find ha3 863
Found 0:SP2_SP2_SP3
Found C
Found C
Found O
Found 4:1:1:
Found 4:4:3:1:
Found 3:
Found C-4:O-1:O-1:
Found C-4:N-4:C-3:H-1:
Found C-3:
Found C(CCHN)(O)2
Found C(CHHS)(NH3)(COO)(H)
Found O(CCO)
aNum 3
tLev 1
Angle value 117
Angle siga 1.23
Number of observations  32
Approximation level 0
Level finished 
Finally the angle value is 117
It sig value is 1.23
Number of COD angles involved 32
Target angle value : 117

%=========================================%
Angle between C3(center) and O7 and O4

Center Atom : C3
Its Hashing code  930
Its root atom symbol C
Its codNB2Symb 4:1:1:
Its codNBSymb C-4:O-1:O-1:
Its atom type main sec C(CCHN)(O)2
Its atom type full C(CCHN)(O)2

Atom2 : O7
Its Hashing code 863
Its root atom symbol O
Its codNB2Symb 3:
Its codNBSymb C-3:
Its atom type main section O(CCO)
Its atom type full O(CCO)

Atom3: O4
Its Hashing code  863
Its root atom symbol O
Its codNB2Symb 3:
Its codNBSymb C-3:
Its atom type main section O(CCO)
Its atom type full O(CCO)

These 3 atoms are in a ring of size 0
The hybridization on three atoms is 0:SP2_SP2_SP2
Find ha1 930
Find ha2 863
Find ha3 863
Found 0:SP2_SP2_SP2
Found C
Found O
Found O
Found 4:1:1:
Found 3:
Found 3:
Found C-4:O-1:O-1:
Found C-3:
Found C-3:
Found C(CCHN)(O)2
Found O(CCO)
Found O(CCO)
aNum 3
tLev 1
Angle value 126
Angle siga 1.11
Number of observations  732
Approximation level 0
Level finished 
Finally the angle value is 126
It sig value is 1.11
Number of COD angles involved 732
Target angle value : 126

%=========================================%
Angle between C5(center) and C2 and S6

Center Atom : C5
Its Hashing code  490
Its root atom symbol C
Its codNB2Symb 2:4:1:1:
Its codNBSymb S-2:C-4:H-1:H-1:
Its atom type main sec C(SC[3])(CCHN)(H)2
Its atom type full C(SC[3])(CCHN)(H)2

Atom2 : C2
Its Hashing code 490
Its root atom symbol C
Its codNB2Symb 4:4:3:1:
Its codNBSymb C-4:N-4:C-3:H-1:
Its atom type main section C(CHHS)(NH3)(COO)(H)
Its atom type full C(CHHS)(NH3)(COO)(H)

Atom3: S6
Its Hashing code  909
Its root atom symbol S
Its codNB2Symb 4:4:
Its codNBSymb C[3]-4:C-4:
Its atom type main section S(C[3]C[3]O[3]H)(CCHH)
Its atom type full S(C[3]C[3]O[3]H)(CCHH)

These 3 atoms are in a ring of size 0
The hybridization on three atoms is 0:SP3_SP3_SP3
Find ha1 490
Find ha2 490
Find ha3 909
Found 0:SP3_SP3_SP3
Found C
Found C
Found S
Found 2:4:1:1:
aNum 3
tLev 4
Angle value 113
Angle siga 10.6
Number of observations  1288
Approximation level 3
Level finished 
Finally the angle value is 113
It sig value is 10.6
Number of COD angles involved 1288
Target angle value : 113

%=========================================%
Angle between C5(center) and C2 and H12

Center Atom : C5
Its Hashing code  490
Its root atom symbol C
Its codNB2Symb 2:4:1:1:
Its codNBSymb S-2:C-4:H-1:H-1:
Its atom type main sec C(SC[3])(CCHN)(H)2
Its atom type full C(SC[3])(CCHN)(H)2

Atom2 : C2
Its Hashing code 490
Its root atom symbol C
Its codNB2Symb 4:4:3:1:
Its codNBSymb C-4:N-4:C-3:H-1:
Its atom type main section C(CHHS)(NH3)(COO)(H)
Its atom type full C(CHHS)(NH3)(COO)(H)

Atom3: H12
Its Hashing code  951
Its root atom symbol H
Its codNB2Symb 4:
Its codNBSymb C-4:
Its atom type main section H(CCHS)
Its atom type full H(CCHS)

These 3 atoms are in a ring of size 0
The hybridization on three atoms is 0:SP3_SP-NON_SP3
Find ha1 490
Find ha2 490
Find ha3 951
Found 0:SP3_SP-NON_SP3
Found C
Found C
Found H
Found 2:4:1:1:
Found 4:4:3:1:
Found 4:
Found S-2:C-4:H-1:H-1:
Found C-4:N-4:C-3:H-1:
Found C-4:
aNum 3
tLev 2
Angle value 109
Angle siga 0
Number of observations  2
Approximation level 1
tLev 3
Angle value 109
Angle siga 0.521
Number of observations  30
Approximation level 2
Level finished 
Finally the angle value is 109
It sig value is 0.521
Number of COD angles involved 30
Target angle value : 109

%=========================================%
Angle between C5(center) and C2 and H13

Center Atom : C5
Its Hashing code  490
Its root atom symbol C
Its codNB2Symb 2:4:1:1:
Its codNBSymb S-2:C-4:H-1:H-1:
Its atom type main sec C(SC[3])(CCHN)(H)2
Its atom type full C(SC[3])(CCHN)(H)2

Atom2 : C2
Its Hashing code 490
Its root atom symbol C
Its codNB2Symb 4:4:3:1:
Its codNBSymb C-4:N-4:C-3:H-1:
Its atom type main section C(CHHS)(NH3)(COO)(H)
Its atom type full C(CHHS)(NH3)(COO)(H)

Atom3: H13
Its Hashing code  951
Its root atom symbol H
Its codNB2Symb 4:
Its codNBSymb C-4:
Its atom type main section H(CCHS)
Its atom type full H(CCHS)

These 3 atoms are in a ring of size 0
The hybridization on three atoms is 0:SP3_SP-NON_SP3
Find ha1 490
Find ha2 490
Find ha3 951
Found 0:SP3_SP-NON_SP3
Found C
Found C
Found H
Found 2:4:1:1:
Found 4:4:3:1:
Found 4:
Found S-2:C-4:H-1:H-1:
Found C-4:N-4:C-3:H-1:
Found C-4:
aNum 3
tLev 2
Angle value 109
Angle siga 0
Number of observations  2
Approximation level 1
tLev 3
Angle value 109
Angle siga 0.521
Number of observations  30
Approximation level 2
Level finished 
Finally the angle value is 109
It sig value is 0.521
Number of COD angles involved 30
Target angle value : 109

%=========================================%
Angle between C5(center) and S6 and H12

Center Atom : C5
Its Hashing code  490
Its root atom symbol C
Its codNB2Symb 2:4:1:1:
Its codNBSymb S-2:C-4:H-1:H-1:
Its atom type main sec C(SC[3])(CCHN)(H)2
Its atom type full C(SC[3])(CCHN)(H)2

Atom2 : S6
Its Hashing code 909
Its root atom symbol S
Its codNB2Symb 4:4:
Its codNBSymb C[3]-4:C-4:
Its atom type main section S(C[3]C[3]O[3]H)(CCHH)
Its atom type full S(C[3]C[3]O[3]H)(CCHH)

Atom3: H12
Its Hashing code  951
Its root atom symbol H
Its codNB2Symb 4:
Its codNBSymb C-4:
Its atom type main section H(CCHS)
Its atom type full H(CCHS)

These 3 atoms are in a ring of size 0
The hybridization on three atoms is 0:SP3_SP-NON_SP3
Find ha1 490
Find ha2 909
Find ha3 951
Found 0:SP3_SP-NON_SP3
Found C
Found S
Found H
Found 2:4:1:1:
Found 4:4:
Found 4:
Found S-2:C-4:H-1:H-1:
aNum 3
tLev 3
Angle value 109
Angle siga 0.885
Number of observations  111
Approximation level 2
Level finished 
Finally the angle value is 109
It sig value is 0.885
Number of COD angles involved 111
Target angle value : 109

%=========================================%
Angle between C5(center) and S6 and H13

Center Atom : C5
Its Hashing code  490
Its root atom symbol C
Its codNB2Symb 2:4:1:1:
Its codNBSymb S-2:C-4:H-1:H-1:
Its atom type main sec C(SC[3])(CCHN)(H)2
Its atom type full C(SC[3])(CCHN)(H)2

Atom2 : S6
Its Hashing code 909
Its root atom symbol S
Its codNB2Symb 4:4:
Its codNBSymb C[3]-4:C-4:
Its atom type main section S(C[3]C[3]O[3]H)(CCHH)
Its atom type full S(C[3]C[3]O[3]H)(CCHH)

Atom3: H13
Its Hashing code  951
Its root atom symbol H
Its codNB2Symb 4:
Its codNBSymb C-4:
Its atom type main section H(CCHS)
Its atom type full H(CCHS)

These 3 atoms are in a ring of size 0
The hybridization on three atoms is 0:SP3_SP-NON_SP3
Find ha1 490
Find ha2 909
Find ha3 951
Found 0:SP3_SP-NON_SP3
Found C
Found S
Found H
Found 2:4:1:1:
Found 4:4:
Found 4:
Found S-2:C-4:H-1:H-1:
aNum 3
tLev 3
Angle value 109
Angle siga 0.885
Number of observations  111
Approximation level 2
Level finished 
Finally the angle value is 109
It sig value is 0.885
Number of COD angles involved 111
Target angle value : 109

%=========================================%
Angle between C5(center) and H13 and H12

Center Atom : C5
Its Hashing code  490
Its root atom symbol C
Its codNB2Symb 2:4:1:1:
Its codNBSymb S-2:C-4:H-1:H-1:
Its atom type main sec C(SC[3])(CCHN)(H)2
Its atom type full C(SC[3])(CCHN)(H)2

Atom2 : H13
Its Hashing code 951
Its root atom symbol H
Its codNB2Symb 4:
Its codNBSymb C-4:
Its atom type main section H(CCHS)
Its atom type full H(CCHS)

Atom3: H12
Its Hashing code  951
Its root atom symbol H
Its codNB2Symb 4:
Its codNBSymb C-4:
Its atom type main section H(CCHS)
Its atom type full H(CCHS)

These 3 atoms are in a ring of size 0
The hybridization on three atoms is 0:SP3_SP-NON_SP-NON
Find ha1 490
Find ha2 951
Find ha3 951
Found 0:SP3_SP-NON_SP-NON
Found C
Found H
Found H
Found 2:4:1:1:
Found 4:
Found 4:
Found S-2:C-4:H-1:H-1:
Found C-4:
Found C-4:
aNum 3
tLev 2
Angle value 108
Angle siga 1.91
Number of observations  503
Approximation level 1
Level finished 
Finally the angle value is 108
It sig value is 1.91
Number of COD angles involved 503
Target angle value : 108

%=========================================%
Angle between S6(center) and C16 and C5

Center Atom : S6
Its Hashing code  909
Its root atom symbol S
Its codNB2Symb 4:4:
Its codNBSymb C[3]-4:C-4:
Its atom type main sec S(C[3]C[3]O[3]H)(CCHH)
Its atom type full S(C[3]C[3]O[3]H)(CCHH)

Atom2 : C16
Its Hashing code 486
Its root atom symbol C[3]
Its codNB2Symb 4:2:2:1:
Its codNBSymb C[3]-4:O[3]-2:S-2:H-1:
Its atom type main section C[3](C[3]O[3]CH)(O[3]C[3])(SC)(H)
Its atom type full C[3](C[3]O[3]CH)(O[3]C[3])(SC)(H)

Atom3: C5
Its Hashing code  490
Its root atom symbol C
Its codNB2Symb 2:4:1:1:
Its codNBSymb S-2:C-4:H-1:H-1:
Its atom type main section C(SC[3])(CCHN)(H)2
Its atom type full C(SC[3])(CCHN)(H)2

These 3 atoms are in a ring of size 0
The hybridization on three atoms is 0:SP3_SP3_SP3
Find ha1 909
Find ha2 486
Find ha3 490
Found 0:SP3_SP3_SP3
Found S
aNum 3
tLev 5
Angle value 104
Angle siga 0
Number of observations  1
Approximation level 4
Level finished 
Now check defaulted 
Center atom bond index is  3
The value is 109
Finally the angle value is 109
It sig value is 3
Number of COD angles involved 0
Target angle value : 109

%=========================================%
Angle between C14(center) and C15 and H18

Center Atom : C14
Its Hashing code  490
Its root atom symbol C
Its codNB2Symb 4:1:1:1:
Its codNBSymb C[3]-4:H-1:H-1:H-1:
Its atom type main sec C(C[3]C[3]O[3]H)(H)3
Its atom type full C(C[3]C[3]O[3]H)(H)3

Atom2 : C15
Its Hashing code 486
Its root atom symbol C[3]
Its codNB2Symb 4:2:4:1:
Its codNBSymb C[3]-4:O[3]-2:C-4:H-1:
Its atom type main section C[3](C[3]O[3]HS)(O[3]C[3])(CH3)(H)
Its atom type full C[3](C[3]O[3]HS)(O[3]C[3])(CH3)(H)

Atom3: H18
Its Hashing code  951
Its root atom symbol H
Its codNB2Symb 4:
Its codNBSymb C-4:
Its atom type main section H(CC[3]HH)
Its atom type full H(CC[3]HH)

These 3 atoms are in a ring of size 0
The hybridization on three atoms is 0:SP3_SP-NON_SP3
Find ha1 490
Find ha2 486
Find ha3 951
Found 0:SP3_SP-NON_SP3
Found C
Found C[3]
Found H
Found 4:1:1:1:
Found 4:2:4:1:
Found 4:
Found C[3]-4:H-1:H-1:H-1:
Found C[3]-4:O[3]-2:C-4:H-1:
Found C-4:
Found C(C[3]C[3]O[3]H)(H)3
aNum 3
tLev 2
Angle value 110
Angle siga 0.272
Number of observations  47
Approximation level 1
Level finished 
Finally the angle value is 110
It sig value is 0.272
Number of COD angles involved 47
Target angle value : 110

%=========================================%
Angle between C14(center) and C15 and H19

Center Atom : C14
Its Hashing code  490
Its root atom symbol C
Its codNB2Symb 4:1:1:1:
Its codNBSymb C[3]-4:H-1:H-1:H-1:
Its atom type main sec C(C[3]C[3]O[3]H)(H)3
Its atom type full C(C[3]C[3]O[3]H)(H)3

Atom2 : C15
Its Hashing code 486
Its root atom symbol C[3]
Its codNB2Symb 4:2:4:1:
Its codNBSymb C[3]-4:O[3]-2:C-4:H-1:
Its atom type main section C[3](C[3]O[3]HS)(O[3]C[3])(CH3)(H)
Its atom type full C[3](C[3]O[3]HS)(O[3]C[3])(CH3)(H)

Atom3: H19
Its Hashing code  951
Its root atom symbol H
Its codNB2Symb 4:
Its codNBSymb C-4:
Its atom type main section H(CC[3]HH)
Its atom type full H(CC[3]HH)

These 3 atoms are in a ring of size 0
The hybridization on three atoms is 0:SP3_SP-NON_SP3
Find ha1 490
Find ha2 486
Find ha3 951
Found 0:SP3_SP-NON_SP3
Found C
Found C[3]
Found H
Found 4:1:1:1:
Found 4:2:4:1:
Found 4:
Found C[3]-4:H-1:H-1:H-1:
Found C[3]-4:O[3]-2:C-4:H-1:
Found C-4:
Found C(C[3]C[3]O[3]H)(H)3
aNum 3
tLev 2
Angle value 110
Angle siga 0.272
Number of observations  47
Approximation level 1
Level finished 
Finally the angle value is 110
It sig value is 0.272
Number of COD angles involved 47
Target angle value : 110

%=========================================%
Angle between C14(center) and C15 and H20

Center Atom : C14
Its Hashing code  490
Its root atom symbol C
Its codNB2Symb 4:1:1:1:
Its codNBSymb C[3]-4:H-1:H-1:H-1:
Its atom type main sec C(C[3]C[3]O[3]H)(H)3
Its atom type full C(C[3]C[3]O[3]H)(H)3

Atom2 : C15
Its Hashing code 486
Its root atom symbol C[3]
Its codNB2Symb 4:2:4:1:
Its codNBSymb C[3]-4:O[3]-2:C-4:H-1:
Its atom type main section C[3](C[3]O[3]HS)(O[3]C[3])(CH3)(H)
Its atom type full C[3](C[3]O[3]HS)(O[3]C[3])(CH3)(H)

Atom3: H20
Its Hashing code  951
Its root atom symbol H
Its codNB2Symb 4:
Its codNBSymb C-4:
Its atom type main section H(CC[3]HH)
Its atom type full H(CC[3]HH)

These 3 atoms are in a ring of size 0
The hybridization on three atoms is 0:SP3_SP-NON_SP3
Find ha1 490
Find ha2 486
Find ha3 951
Found 0:SP3_SP-NON_SP3
Found C
Found C[3]
Found H
Found 4:1:1:1:
Found 4:2:4:1:
Found 4:
Found C[3]-4:H-1:H-1:H-1:
Found C[3]-4:O[3]-2:C-4:H-1:
Found C-4:
Found C(C[3]C[3]O[3]H)(H)3
aNum 3
tLev 2
Angle value 110
Angle siga 0.272
Number of observations  47
Approximation level 1
Level finished 
Finally the angle value is 110
It sig value is 0.272
Number of COD angles involved 47
Target angle value : 110

%=========================================%
Angle between C14(center) and H19 and H18

Center Atom : C14
Its Hashing code  490
Its root atom symbol C
Its codNB2Symb 4:1:1:1:
Its codNBSymb C[3]-4:H-1:H-1:H-1:
Its atom type main sec C(C[3]C[3]O[3]H)(H)3
Its atom type full C(C[3]C[3]O[3]H)(H)3

Atom2 : H19
Its Hashing code 951
Its root atom symbol H
Its codNB2Symb 4:
Its codNBSymb C-4:
Its atom type main section H(CC[3]HH)
Its atom type full H(CC[3]HH)

Atom3: H18
Its Hashing code  951
Its root atom symbol H
Its codNB2Symb 4:
Its codNBSymb C-4:
Its atom type main section H(CC[3]HH)
Its atom type full H(CC[3]HH)

These 3 atoms are in a ring of size 0
The hybridization on three atoms is 0:SP3_SP-NON_SP-NON
Find ha1 490
Find ha2 951
Find ha3 951
Found 0:SP3_SP-NON_SP-NON
Found C
Found H
Found H
Found 4:1:1:1:
Found 4:
Found 4:
Found C[3]-4:H-1:H-1:H-1:
Found C-4:
Found C-4:
Found C(C[3]C[3]O[3]H)(H)3
Found H(CC[3]HH)
Found H(CC[3]HH)
aNum 3
tLev 1
Angle value 109
Angle siga 0.263
Number of observations  43
Approximation level 0
Level finished 
Finally the angle value is 109
It sig value is 0.263
Number of COD angles involved 43
Target angle value : 109

%=========================================%
Angle between C14(center) and H20 and H18

Center Atom : C14
Its Hashing code  490
Its root atom symbol C
Its codNB2Symb 4:1:1:1:
Its codNBSymb C[3]-4:H-1:H-1:H-1:
Its atom type main sec C(C[3]C[3]O[3]H)(H)3
Its atom type full C(C[3]C[3]O[3]H)(H)3

Atom2 : H20
Its Hashing code 951
Its root atom symbol H
Its codNB2Symb 4:
Its codNBSymb C-4:
Its atom type main section H(CC[3]HH)
Its atom type full H(CC[3]HH)

Atom3: H18
Its Hashing code  951
Its root atom symbol H
Its codNB2Symb 4:
Its codNBSymb C-4:
Its atom type main section H(CC[3]HH)
Its atom type full H(CC[3]HH)

These 3 atoms are in a ring of size 0
The hybridization on three atoms is 0:SP3_SP-NON_SP-NON
Find ha1 490
Find ha2 951
Find ha3 951
Found 0:SP3_SP-NON_SP-NON
Found C
Found H
Found H
Found 4:1:1:1:
Found 4:
Found 4:
Found C[3]-4:H-1:H-1:H-1:
Found C-4:
Found C-4:
Found C(C[3]C[3]O[3]H)(H)3
Found H(CC[3]HH)
Found H(CC[3]HH)
aNum 3
tLev 1
Angle value 109
Angle siga 0.263
Number of observations  43
Approximation level 0
Level finished 
Finally the angle value is 109
It sig value is 0.263
Number of COD angles involved 43
Target angle value : 109

%=========================================%
Angle between C14(center) and H20 and H19

Center Atom : C14
Its Hashing code  490
Its root atom symbol C
Its codNB2Symb 4:1:1:1:
Its codNBSymb C[3]-4:H-1:H-1:H-1:
Its atom type main sec C(C[3]C[3]O[3]H)(H)3
Its atom type full C(C[3]C[3]O[3]H)(H)3

Atom2 : H20
Its Hashing code 951
Its root atom symbol H
Its codNB2Symb 4:
Its codNBSymb C-4:
Its atom type main section H(CC[3]HH)
Its atom type full H(CC[3]HH)

Atom3: H19
Its Hashing code  951
Its root atom symbol H
Its codNB2Symb 4:
Its codNBSymb C-4:
Its atom type main section H(CC[3]HH)
Its atom type full H(CC[3]HH)

These 3 atoms are in a ring of size 0
The hybridization on three atoms is 0:SP3_SP-NON_SP-NON
Find ha1 490
Find ha2 951
Find ha3 951
Found 0:SP3_SP-NON_SP-NON
Found C
Found H
Found H
Found 4:1:1:1:
Found 4:
Found 4:
Found C[3]-4:H-1:H-1:H-1:
Found C-4:
Found C-4:
Found C(C[3]C[3]O[3]H)(H)3
Found H(CC[3]HH)
Found H(CC[3]HH)
aNum 3
tLev 1
Angle value 109
Angle siga 0.263
Number of observations  43
Approximation level 0
Level finished 
Finally the angle value is 109
It sig value is 0.263
Number of COD angles involved 43
Target angle value : 109

%=========================================%
Angle between C15(center) and C16 and C14

Center Atom : C15
Its Hashing code  486
Its root atom symbol C[3]
Its codNB2Symb 4:2:4:1:
Its codNBSymb C[3]-4:O[3]-2:C-4:H-1:
Its atom type main sec C[3](C[3]O[3]HS)(O[3]C[3])(CH3)(H)
Its atom type full C[3](C[3]O[3]HS)(O[3]C[3])(CH3)(H)

Atom2 : C16
Its Hashing code 486
Its root atom symbol C[3]
Its codNB2Symb 4:2:2:1:
Its codNBSymb C[3]-4:O[3]-2:S-2:H-1:
Its atom type main section C[3](C[3]O[3]CH)(O[3]C[3])(SC)(H)
Its atom type full C[3](C[3]O[3]CH)(O[3]C[3])(SC)(H)

Atom3: C14
Its Hashing code  490
Its root atom symbol C
Its codNB2Symb 4:1:1:1:
Its codNBSymb C[3]-4:H-1:H-1:H-1:
Its atom type main section C(C[3]C[3]O[3]H)(H)3
Its atom type full C(C[3]C[3]O[3]H)(H)3

These 3 atoms are in a ring of size 0
The hybridization on three atoms is 0:SP3_SP3_SP3
Find ha1 486
Find ha2 486
Find ha3 490
Found 0:SP3_SP3_SP3
Found C[3]
Found C[3]
Found C
Found 4:2:4:1:
aNum 3
tLev 4
Angle value 120
Angle siga 9.77
Number of observations  2257
Approximation level 3
Level finished 
Finally the angle value is 120
It sig value is 9.77
Number of COD angles involved 2257
Target angle value : 120

%=========================================%
Angle between C15(center) and C14 and O17

Center Atom : C15
Its Hashing code  486
Its root atom symbol C[3]
Its codNB2Symb 4:2:4:1:
Its codNBSymb C[3]-4:O[3]-2:C-4:H-1:
Its atom type main sec C[3](C[3]O[3]HS)(O[3]C[3])(CH3)(H)
Its atom type full C[3](C[3]O[3]HS)(O[3]C[3])(CH3)(H)

Atom2 : C14
Its Hashing code 490
Its root atom symbol C
Its codNB2Symb 4:1:1:1:
Its codNBSymb C[3]-4:H-1:H-1:H-1:
Its atom type main section C(C[3]C[3]O[3]H)(H)3
Its atom type full C(C[3]C[3]O[3]H)(H)3

Atom3: O17
Its Hashing code  962
Its root atom symbol O[3]
Its codNB2Symb 4:4:
Its codNBSymb C[3]-4:C[3]-4:
Its atom type main section O[3](C[3]C[3]CH)(C[3]C[3]HS)
Its atom type full O[3](C[3]C[3]CH)(C[3]C[3]HS)

These 3 atoms are in a ring of size 0
The hybridization on three atoms is 0:SP3_SP3_SP3
Find ha1 486
Find ha2 490
Find ha3 962
Found 0:SP3_SP3_SP3
Found C[3]
Found C
Found O[3]
Found 4:2:4:1:
Found 4:1:1:1:
Found 4:4:
Found C[3]-4:O[3]-2:C-4:H-1:
Found C[3]-4:H-1:H-1:H-1:
Found C[3]-4:C[3]-4:
aNum 3
tLev 2
Angle value 117
Angle siga 13.1
Number of observations  17
Approximation level 1
Level finished 
Finally the angle value is 117
It sig value is 13.1
Number of COD angles involved 17
Target angle value : 117

%=========================================%
Angle between C15(center) and C14 and H21

Center Atom : C15
Its Hashing code  486
Its root atom symbol C[3]
Its codNB2Symb 4:2:4:1:
Its codNBSymb C[3]-4:O[3]-2:C-4:H-1:
Its atom type main sec C[3](C[3]O[3]HS)(O[3]C[3])(CH3)(H)
Its atom type full C[3](C[3]O[3]HS)(O[3]C[3])(CH3)(H)

Atom2 : C14
Its Hashing code 490
Its root atom symbol C
Its codNB2Symb 4:1:1:1:
Its codNBSymb C[3]-4:H-1:H-1:H-1:
Its atom type main section C(C[3]C[3]O[3]H)(H)3
Its atom type full C(C[3]C[3]O[3]H)(H)3

Atom3: H21
Its Hashing code  951
Its root atom symbol H
Its codNB2Symb 4:
Its codNBSymb C[3]-4:
Its atom type main section H(C[3]C[3]O[3]C)
Its atom type full H(C[3]C[3]O[3]C)

These 3 atoms are in a ring of size 0
The hybridization on three atoms is 0:SP3_SP-NON_SP3
Find ha1 486
Find ha2 490
Find ha3 951
Found 0:SP3_SP-NON_SP3
Found C[3]
Found C
Found H
Found 4:2:4:1:
Found 4:1:1:1:
Found 4:
Found C[3]-4:O[3]-2:C-4:H-1:
Found C[3]-4:H-1:H-1:H-1:
Found C[3]-4:
aNum 3
tLev 2
Angle value 115
Angle siga 8.07
Number of observations  17
Approximation level 1
Level finished 
Finally the angle value is 115
It sig value is 8.07
Number of COD angles involved 17
Target angle value : 115

%=========================================%
Angle between C15(center) and C16 and O17

Center Atom : C15
Its Hashing code  486
Its root atom symbol C[3]
Its codNB2Symb 4:2:4:1:
Its codNBSymb C[3]-4:O[3]-2:C-4:H-1:
Its atom type main sec C[3](C[3]O[3]HS)(O[3]C[3])(CH3)(H)
Its atom type full C[3](C[3]O[3]HS)(O[3]C[3])(CH3)(H)

Atom2 : C16
Its Hashing code 486
Its root atom symbol C[3]
Its codNB2Symb 4:2:2:1:
Its codNBSymb C[3]-4:O[3]-2:S-2:H-1:
Its atom type main section C[3](C[3]O[3]CH)(O[3]C[3])(SC)(H)
Its atom type full C[3](C[3]O[3]CH)(O[3]C[3])(SC)(H)

Atom3: O17
Its Hashing code  962
Its root atom symbol O[3]
Its codNB2Symb 4:4:
Its codNBSymb C[3]-4:C[3]-4:
Its atom type main section O[3](C[3]C[3]CH)(C[3]C[3]HS)
Its atom type full O[3](C[3]C[3]CH)(C[3]C[3]HS)

These 3 atoms are in a ring of size 3
The hybridization on three atoms is 3:SP3_SP3_SP3
Find ha1 486
Find ha2 486
Find ha3 962
Found 3:SP3_SP3_SP3
Found C[3]
Found C[3]
Found O[3]
Found 4:2:4:1:
aNum 3
tLev 4
Angle value 59.4
Angle siga 0.512
Number of observations  723
Approximation level 3
Level finished 
Finally the angle value is 59.4
It sig value is 0.512
Number of COD angles involved 723
Target angle value : 59.4

%=========================================%
Angle between C15(center) and C16 and H21

Center Atom : C15
Its Hashing code  486
Its root atom symbol C[3]
Its codNB2Symb 4:2:4:1:
Its codNBSymb C[3]-4:O[3]-2:C-4:H-1:
Its atom type main sec C[3](C[3]O[3]HS)(O[3]C[3])(CH3)(H)
Its atom type full C[3](C[3]O[3]HS)(O[3]C[3])(CH3)(H)

Atom2 : C16
Its Hashing code 486
Its root atom symbol C[3]
Its codNB2Symb 4:2:2:1:
Its codNBSymb C[3]-4:O[3]-2:S-2:H-1:
Its atom type main section C[3](C[3]O[3]CH)(O[3]C[3])(SC)(H)
Its atom type full C[3](C[3]O[3]CH)(O[3]C[3])(SC)(H)

Atom3: H21
Its Hashing code  951
Its root atom symbol H
Its codNB2Symb 4:
Its codNBSymb C[3]-4:
Its atom type main section H(C[3]C[3]O[3]C)
Its atom type full H(C[3]C[3]O[3]C)

These 3 atoms are in a ring of size 0
The hybridization on three atoms is 0:SP3_SP-NON_SP3
Find ha1 486
Find ha2 486
Find ha3 951
Found 0:SP3_SP-NON_SP3
Found C[3]
Found C[3]
Found H
Found 4:2:4:1:
aNum 3
tLev 4
Angle value 117
Angle siga 4.05
Number of observations  9574
Approximation level 3
Level finished 
Finally the angle value is 117
It sig value is 4.05
Number of COD angles involved 9574
Target angle value : 117

%=========================================%
Angle between C15(center) and H21 and O17

Center Atom : C15
Its Hashing code  486
Its root atom symbol C[3]
Its codNB2Symb 4:2:4:1:
Its codNBSymb C[3]-4:O[3]-2:C-4:H-1:
Its atom type main sec C[3](C[3]O[3]HS)(O[3]C[3])(CH3)(H)
Its atom type full C[3](C[3]O[3]HS)(O[3]C[3])(CH3)(H)

Atom2 : H21
Its Hashing code 951
Its root atom symbol H
Its codNB2Symb 4:
Its codNBSymb C[3]-4:
Its atom type main section H(C[3]C[3]O[3]C)
Its atom type full H(C[3]C[3]O[3]C)

Atom3: O17
Its Hashing code  962
Its root atom symbol O[3]
Its codNB2Symb 4:4:
Its codNBSymb C[3]-4:C[3]-4:
Its atom type main section O[3](C[3]C[3]CH)(C[3]C[3]HS)
Its atom type full O[3](C[3]C[3]CH)(C[3]C[3]HS)

These 3 atoms are in a ring of size 0
The hybridization on three atoms is 0:SP3_SP-NON_SP3
Find ha1 486
Find ha2 951
Find ha3 962
Found 0:SP3_SP-NON_SP3
Found C[3]
Found H
Found O[3]
Found 4:2:4:1:
Found 4:
Found 4:4:
Found C[3]-4:O[3]-2:C-4:H-1:
Found C[3]-4:
Found C[3]-4:C[3]-4:
aNum 3
tLev 2
Angle value 115
Angle siga 1.67
Number of observations  212
Approximation level 1
Level finished 
Finally the angle value is 115
It sig value is 1.67
Number of COD angles involved 212
Target angle value : 115

%=========================================%
Angle between C16(center) and C15 and O17

Center Atom : C16
Its Hashing code  486
Its root atom symbol C[3]
Its codNB2Symb 4:2:2:1:
Its codNBSymb C[3]-4:O[3]-2:S-2:H-1:
Its atom type main sec C[3](C[3]O[3]CH)(O[3]C[3])(SC)(H)
Its atom type full C[3](C[3]O[3]CH)(O[3]C[3])(SC)(H)

Atom2 : C15
Its Hashing code 486
Its root atom symbol C[3]
Its codNB2Symb 4:2:4:1:
Its codNBSymb C[3]-4:O[3]-2:C-4:H-1:
Its atom type main section C[3](C[3]O[3]HS)(O[3]C[3])(CH3)(H)
Its atom type full C[3](C[3]O[3]HS)(O[3]C[3])(CH3)(H)

Atom3: O17
Its Hashing code  962
Its root atom symbol O[3]
Its codNB2Symb 4:4:
Its codNBSymb C[3]-4:C[3]-4:
Its atom type main section O[3](C[3]C[3]CH)(C[3]C[3]HS)
Its atom type full O[3](C[3]C[3]CH)(C[3]C[3]HS)

These 3 atoms are in a ring of size 3
The hybridization on three atoms is 3:SP3_SP3_SP3
Find ha1 486
Find ha2 486
Find ha3 962
Found 3:SP3_SP3_SP3
Found C[3]
Found C[3]
Found O[3]
aNum 3
tLev 4
Angle value 59.4
Angle siga 0.512
Number of observations  723
Approximation level 3
Level finished 
Finally the angle value is 59.4
It sig value is 0.512
Number of COD angles involved 723
Target angle value : 59.4

%=========================================%
Angle between C16(center) and C15 and S6

Center Atom : C16
Its Hashing code  486
Its root atom symbol C[3]
Its codNB2Symb 4:2:2:1:
Its codNBSymb C[3]-4:O[3]-2:S-2:H-1:
Its atom type main sec C[3](C[3]O[3]CH)(O[3]C[3])(SC)(H)
Its atom type full C[3](C[3]O[3]CH)(O[3]C[3])(SC)(H)

Atom2 : C15
Its Hashing code 486
Its root atom symbol C[3]
Its codNB2Symb 4:2:4:1:
Its codNBSymb C[3]-4:O[3]-2:C-4:H-1:
Its atom type main section C[3](C[3]O[3]HS)(O[3]C[3])(CH3)(H)
Its atom type full C[3](C[3]O[3]HS)(O[3]C[3])(CH3)(H)

Atom3: S6
Its Hashing code  909
Its root atom symbol S
Its codNB2Symb 4:4:
Its codNBSymb C[3]-4:C-4:
Its atom type main section S(C[3]C[3]O[3]H)(CCHH)
Its atom type full S(C[3]C[3]O[3]H)(CCHH)

These 3 atoms are in a ring of size 0
The hybridization on three atoms is 0:SP3_SP3_SP3
Find ha1 486
Find ha2 486
Find ha3 909
Found 0:SP3_SP3_SP3
Found C[3]
Found C[3]
Found S
aNum 3
tLev 4
Angle value 120
Angle siga 7.11
Number of observations  2
Approximation level 3
tLev 5
Angle value 120
Angle siga 7.11
Number of observations  2
Approximation level 4
Level finished 
Now check defaulted 
Center atom bond index is  3
The value is 109
Finally the angle value is 109
It sig value is 3
Number of COD angles involved 0
Target angle value : 109

%=========================================%
Angle between C16(center) and C15 and H22

Center Atom : C16
Its Hashing code  486
Its root atom symbol C[3]
Its codNB2Symb 4:2:2:1:
Its codNBSymb C[3]-4:O[3]-2:S-2:H-1:
Its atom type main sec C[3](C[3]O[3]CH)(O[3]C[3])(SC)(H)
Its atom type full C[3](C[3]O[3]CH)(O[3]C[3])(SC)(H)

Atom2 : C15
Its Hashing code 486
Its root atom symbol C[3]
Its codNB2Symb 4:2:4:1:
Its codNBSymb C[3]-4:O[3]-2:C-4:H-1:
Its atom type main section C[3](C[3]O[3]HS)(O[3]C[3])(CH3)(H)
Its atom type full C[3](C[3]O[3]HS)(O[3]C[3])(CH3)(H)

Atom3: H22
Its Hashing code  951
Its root atom symbol H
Its codNB2Symb 4:
Its codNBSymb C[3]-4:
Its atom type main section H(C[3]C[3]O[3]S)
Its atom type full H(C[3]C[3]O[3]S)

These 3 atoms are in a ring of size 0
The hybridization on three atoms is 0:SP3_SP-NON_SP3
Find ha1 486
Find ha2 486
Find ha3 951
Found 0:SP3_SP-NON_SP3
Found C[3]
Found C[3]
Found H
aNum 3
tLev 4
Angle value 117
Angle siga 4.05
Number of observations  9574
Approximation level 3
Level finished 
Finally the angle value is 117
It sig value is 4.05
Number of COD angles involved 9574
Target angle value : 117

%=========================================%
Angle between C16(center) and S6 and O17

Center Atom : C16
Its Hashing code  486
Its root atom symbol C[3]
Its codNB2Symb 4:2:2:1:
Its codNBSymb C[3]-4:O[3]-2:S-2:H-1:
Its atom type main sec C[3](C[3]O[3]CH)(O[3]C[3])(SC)(H)
Its atom type full C[3](C[3]O[3]CH)(O[3]C[3])(SC)(H)

Atom2 : S6
Its Hashing code 909
Its root atom symbol S
Its codNB2Symb 4:4:
Its codNBSymb C[3]-4:C-4:
Its atom type main section S(C[3]C[3]O[3]H)(CCHH)
Its atom type full S(C[3]C[3]O[3]H)(CCHH)

Atom3: O17
Its Hashing code  962
Its root atom symbol O[3]
Its codNB2Symb 4:4:
Its codNBSymb C[3]-4:C[3]-4:
Its atom type main section O[3](C[3]C[3]CH)(C[3]C[3]HS)
Its atom type full O[3](C[3]C[3]CH)(C[3]C[3]HS)

These 3 atoms are in a ring of size 0
The hybridization on three atoms is 0:SP3_SP3_SP3
Find ha1 486
Find ha2 909
Find ha3 962
Found 0:SP3_SP3_SP3
Found C[3]
Found S
Found O[3]
aNum 3
tLev 4
Angle value 115
Angle siga 6.69
Number of observations  2
Approximation level 3
tLev 5
Angle value 115
Angle siga 6.69
Number of observations  2
Approximation level 4
Level finished 
Now check defaulted 
Center atom bond index is  3
The value is 109
Finally the angle value is 109
It sig value is 3
Number of COD angles involved 0
Target angle value : 109

%=========================================%
Angle between C16(center) and H22 and O17

Center Atom : C16
Its Hashing code  486
Its root atom symbol C[3]
Its codNB2Symb 4:2:2:1:
Its codNBSymb C[3]-4:O[3]-2:S-2:H-1:
Its atom type main sec C[3](C[3]O[3]CH)(O[3]C[3])(SC)(H)
Its atom type full C[3](C[3]O[3]CH)(O[3]C[3])(SC)(H)

Atom2 : H22
Its Hashing code 951
Its root atom symbol H
Its codNB2Symb 4:
Its codNBSymb C[3]-4:
Its atom type main section H(C[3]C[3]O[3]S)
Its atom type full H(C[3]C[3]O[3]S)

Atom3: O17
Its Hashing code  962
Its root atom symbol O[3]
Its codNB2Symb 4:4:
Its codNBSymb C[3]-4:C[3]-4:
Its atom type main section O[3](C[3]C[3]CH)(C[3]C[3]HS)
Its atom type full O[3](C[3]C[3]CH)(C[3]C[3]HS)

These 3 atoms are in a ring of size 0
The hybridization on three atoms is 0:SP3_SP-NON_SP3
Find ha1 486
Find ha2 951
Find ha3 962
Found 0:SP3_SP-NON_SP3
Found C[3]
Found H
Found O[3]
aNum 3
tLev 4
Angle value 116
Angle siga 4.53
Number of observations  705
Approximation level 3
Level finished 
Finally the angle value is 116
It sig value is 4.53
Number of COD angles involved 705
Target angle value : 116

%=========================================%
Angle between C16(center) and S6 and H22

Center Atom : C16
Its Hashing code  486
Its root atom symbol C[3]
Its codNB2Symb 4:2:2:1:
Its codNBSymb C[3]-4:O[3]-2:S-2:H-1:
Its atom type main sec C[3](C[3]O[3]CH)(O[3]C[3])(SC)(H)
Its atom type full C[3](C[3]O[3]CH)(O[3]C[3])(SC)(H)

Atom2 : S6
Its Hashing code 909
Its root atom symbol S
Its codNB2Symb 4:4:
Its codNBSymb C[3]-4:C-4:
Its atom type main section S(C[3]C[3]O[3]H)(CCHH)
Its atom type full S(C[3]C[3]O[3]H)(CCHH)

Atom3: H22
Its Hashing code  951
Its root atom symbol H
Its codNB2Symb 4:
Its codNBSymb C[3]-4:
Its atom type main section H(C[3]C[3]O[3]S)
Its atom type full H(C[3]C[3]O[3]S)

These 3 atoms are in a ring of size 0
The hybridization on three atoms is 0:SP3_SP-NON_SP3
Find ha1 486
Find ha2 909
Find ha3 951
aNum 3
tLev 5
Angle value 116
Angle siga 0.741
Number of observations  3
Approximation level 4
Level finished 
Finally the angle value is 116
It sig value is 0.741
Number of COD angles involved 3
Target angle value : 116

%=========================================%
Angle between O17(center) and C15 and C16

Center Atom : O17
Its Hashing code  962
Its root atom symbol O[3]
Its codNB2Symb 4:4:
Its codNBSymb C[3]-4:C[3]-4:
Its atom type main sec O[3](C[3]C[3]CH)(C[3]C[3]HS)
Its atom type full O[3](C[3]C[3]CH)(C[3]C[3]HS)

Atom2 : C15
Its Hashing code 486
Its root atom symbol C[3]
Its codNB2Symb 4:2:4:1:
Its codNBSymb C[3]-4:O[3]-2:C-4:H-1:
Its atom type main section C[3](C[3]O[3]HS)(O[3]C[3])(CH3)(H)
Its atom type full C[3](C[3]O[3]HS)(O[3]C[3])(CH3)(H)

Atom3: C16
Its Hashing code  486
Its root atom symbol C[3]
Its codNB2Symb 4:2:2:1:
Its codNBSymb C[3]-4:O[3]-2:S-2:H-1:
Its atom type main section C[3](C[3]O[3]CH)(O[3]C[3])(SC)(H)
Its atom type full C[3](C[3]O[3]CH)(O[3]C[3])(SC)(H)

These 3 atoms are in a ring of size 3
The hybridization on three atoms is 3:SP3_SP3_SP3
Find ha1 962
Find ha2 486
Find ha3 486
Found 3:SP3_SP3_SP3
Found O[3]
Found C[3]
Found C[3]
Found 4:4:
Found 4:2:4:1:
aNum 3
tLev 4
Angle value 61.2
Angle siga 0.61
Number of observations  362
Approximation level 3
Level finished 
Finally the angle value is 61.2
It sig value is 0.61
Number of COD angles involved 362
Target angle value : 61.2
Search target angles finished at Sun Jun 14 11:42:11 2026
it takes 0 to search for all target angles 
Finish searching angles 
Check Tors pass 
Torsion angle 0
Its atoms are : 
atom seriN 7
atom C14
atom seriN 8
atom C15
atom seriN 9
atom C16
atom seriN 10
atom O17
Torsion angle 1
Its atoms are : 
atom seriN 7
atom C14
atom seriN 8
atom C15
atom seriN 9
atom C16
atom seriN 5
atom S6
Torsion angle 2
Its atoms are : 
atom seriN 7
atom C14
atom seriN 8
atom C15
atom seriN 9
atom C16
atom seriN 21
atom H22
Torsion angle 3
Its atoms are : 
atom seriN 10
atom O17
atom seriN 8
atom C15
atom seriN 9
atom C16
atom seriN 5
atom S6
Torsion angle 4
Its atoms are : 
atom seriN 10
atom O17
atom seriN 8
atom C15
atom seriN 9
atom C16
atom seriN 21
atom H22
Torsion angle 5
Its atoms are : 
atom seriN 20
atom H21
atom seriN 8
atom C15
atom seriN 9
atom C16
atom seriN 10
atom O17
Torsion angle 6
Its atoms are : 
atom seriN 20
atom H21
atom seriN 8
atom C15
atom seriN 9
atom C16
atom seriN 5
atom S6
Torsion angle 7
Its atoms are : 
atom seriN 20
atom H21
atom seriN 8
atom C15
atom seriN 9
atom C16
atom seriN 21
atom H22
Torsion angle 8
Its atoms are : 
atom seriN 5
atom S6
atom seriN 9
atom C16
atom seriN 10
atom O17
atom seriN 8
atom C15
Torsion angle 9
Its atoms are : 
atom seriN 21
atom H22
atom seriN 9
atom C16
atom seriN 10
atom O17
atom seriN 8
atom C15
Torsion angle 10
Its atoms are : 
atom seriN 2
atom C3
atom seriN 1
atom C2
atom seriN 0
atom N1
atom seriN 11
atom H8
Torsion angle 11
Its atoms are : 
atom seriN 2
atom C3
atom seriN 1
atom C2
atom seriN 0
atom N1
atom seriN 12
atom H9
Torsion angle 12
Its atoms are : 
atom seriN 2
atom C3
atom seriN 1
atom C2
atom seriN 0
atom N1
atom seriN 13
atom H10
Torsion angle 13
Its atoms are : 
atom seriN 4
atom C5
atom seriN 1
atom C2
atom seriN 0
atom N1
atom seriN 11
atom H8
Torsion angle 14
Its atoms are : 
atom seriN 4
atom C5
atom seriN 1
atom C2
atom seriN 0
atom N1
atom seriN 12
atom H9
Torsion angle 15
Its atoms are : 
atom seriN 4
atom C5
atom seriN 1
atom C2
atom seriN 0
atom N1
atom seriN 13
atom H10
Torsion angle 16
Its atoms are : 
atom seriN 14
atom H11
atom seriN 1
atom C2
atom seriN 0
atom N1
atom seriN 11
atom H8
Torsion angle 17
Its atoms are : 
atom seriN 14
atom H11
atom seriN 1
atom C2
atom seriN 0
atom N1
atom seriN 12
atom H9
Torsion angle 18
Its atoms are : 
atom seriN 14
atom H11
atom seriN 1
atom C2
atom seriN 0
atom N1
atom seriN 13
atom H10
Torsion angle 19
Its atoms are : 
atom seriN 3
atom O4
atom seriN 2
atom C3
atom seriN 1
atom C2
atom seriN 0
atom N1
Torsion angle 20
Its atoms are : 
atom seriN 3
atom O4
atom seriN 2
atom C3
atom seriN 1
atom C2
atom seriN 4
atom C5
Torsion angle 21
Its atoms are : 
atom seriN 3
atom O4
atom seriN 2
atom C3
atom seriN 1
atom C2
atom seriN 14
atom H11
Torsion angle 22
Its atoms are : 
atom seriN 6
atom O7
atom seriN 2
atom C3
atom seriN 1
atom C2
atom seriN 0
atom N1
Torsion angle 23
Its atoms are : 
atom seriN 6
atom O7
atom seriN 2
atom C3
atom seriN 1
atom C2
atom seriN 4
atom C5
Torsion angle 24
Its atoms are : 
atom seriN 6
atom O7
atom seriN 2
atom C3
atom seriN 1
atom C2
atom seriN 14
atom H11
Torsion angle 25
Its atoms are : 
atom seriN 0
atom N1
atom seriN 1
atom C2
atom seriN 4
atom C5
atom seriN 5
atom S6
Torsion angle 26
Its atoms are : 
atom seriN 0
atom N1
atom seriN 1
atom C2
atom seriN 4
atom C5
atom seriN 15
atom H12
Torsion angle 27
Its atoms are : 
atom seriN 0
atom N1
atom seriN 1
atom C2
atom seriN 4
atom C5
atom seriN 16
atom H13
Torsion angle 28
Its atoms are : 
atom seriN 2
atom C3
atom seriN 1
atom C2
atom seriN 4
atom C5
atom seriN 5
atom S6
Torsion angle 29
Its atoms are : 
atom seriN 2
atom C3
atom seriN 1
atom C2
atom seriN 4
atom C5
atom seriN 15
atom H12
Torsion angle 30
Its atoms are : 
atom seriN 2
atom C3
atom seriN 1
atom C2
atom seriN 4
atom C5
atom seriN 16
atom H13
Torsion angle 31
Its atoms are : 
atom seriN 14
atom H11
atom seriN 1
atom C2
atom seriN 4
atom C5
atom seriN 5
atom S6
Torsion angle 32
Its atoms are : 
atom seriN 14
atom H11
atom seriN 1
atom C2
atom seriN 4
atom C5
atom seriN 15
atom H12
Torsion angle 33
Its atoms are : 
atom seriN 14
atom H11
atom seriN 1
atom C2
atom seriN 4
atom C5
atom seriN 16
atom H13
Torsion angle 34
Its atoms are : 
atom seriN 1
atom C2
atom seriN 4
atom C5
atom seriN 5
atom S6
atom seriN 9
atom C16
Torsion angle 35
Its atoms are : 
atom seriN 15
atom H12
atom seriN 4
atom C5
atom seriN 5
atom S6
atom seriN 9
atom C16
Torsion angle 36
Its atoms are : 
atom seriN 16
atom H13
atom seriN 4
atom C5
atom seriN 5
atom S6
atom seriN 9
atom C16
Torsion angle 37
Its atoms are : 
atom seriN 17
atom H18
atom seriN 7
atom C14
atom seriN 8
atom C15
atom seriN 9
atom C16
Torsion angle 38
Its atoms are : 
atom seriN 17
atom H18
atom seriN 7
atom C14
atom seriN 8
atom C15
atom seriN 10
atom O17
Torsion angle 39
Its atoms are : 
atom seriN 17
atom H18
atom seriN 7
atom C14
atom seriN 8
atom C15
atom seriN 20
atom H21
Torsion angle 40
Its atoms are : 
atom seriN 18
atom H19
atom seriN 7
atom C14
atom seriN 8
atom C15
atom seriN 9
atom C16
Torsion angle 41
Its atoms are : 
atom seriN 18
atom H19
atom seriN 7
atom C14
atom seriN 8
atom C15
atom seriN 10
atom O17
Torsion angle 42
Its atoms are : 
atom seriN 18
atom H19
atom seriN 7
atom C14
atom seriN 8
atom C15
atom seriN 20
atom H21
Torsion angle 43
Its atoms are : 
atom seriN 19
atom H20
atom seriN 7
atom C14
atom seriN 8
atom C15
atom seriN 9
atom C16
Torsion angle 44
Its atoms are : 
atom seriN 19
atom H20
atom seriN 7
atom C14
atom seriN 8
atom C15
atom seriN 10
atom O17
Torsion angle 45
Its atoms are : 
atom seriN 19
atom H20
atom seriN 7
atom C14
atom seriN 8
atom C15
atom seriN 20
atom H21
Torsion angle 46
Its atoms are : 
atom seriN 7
atom C14
atom seriN 8
atom C15
atom seriN 10
atom O17
atom seriN 9
atom C16
Torsion angle 47
Its atoms are : 
atom seriN 9
atom C16
atom seriN 8
atom C15
atom seriN 10
atom O17
atom seriN 9
atom C16
Torsion angle 48
Its atoms are : 
atom seriN 20
atom H21
atom seriN 8
atom C15
atom seriN 10
atom O17
atom seriN 9
atom C16
Torsion angle 49
Its atoms are : 
atom seriN 8
atom C15
atom seriN 9
atom C16
atom seriN 5
atom S6
atom seriN 4
atom C5
Torsion angle 50
Its atoms are : 
atom seriN 10
atom O17
atom seriN 9
atom C16
atom seriN 5
atom S6
atom seriN 4
atom C5
Torsion angle 51
Its atoms are : 
atom seriN 21
atom H22
atom seriN 9
atom C16
atom seriN 5
atom S6
atom seriN 4
atom C5
Get bond of atom C15 and C16
Get bond of atom C15 and C16
Get bond of atom C15 and C16
Get bond of atom C15 and C16
Get bond of atom C15 and C16
Get bond of atom C15 and C16
Get bond of atom C15 and C16
Get bond of atom C15 and C16
Get bond of atom C16 and O17
Get bond of atom C16 and O17
Get bond of atom N1 and C2
Get bond of atom N1 and C2
Get bond of atom N1 and C2
Get bond of atom N1 and C2
Get bond of atom N1 and C2
Get bond of atom N1 and C2
Get bond of atom N1 and C2
Get bond of atom N1 and C2
Get bond of atom N1 and C2
Get bond of atom C2 and C3
Get bond of atom C2 and C3
Get bond of atom C2 and C3
Get bond of atom C2 and C3
Get bond of atom C2 and C3
Get bond of atom C2 and C3
Get bond of atom C2 and C5
Get bond of atom C2 and C5
Get bond of atom C2 and C5
Get bond of atom C2 and C5
Get bond of atom C2 and C5
Get bond of atom C2 and C5
Get bond of atom C2 and C5
Get bond of atom C2 and C5
Get bond of atom C2 and C5
Get bond of atom C5 and S6
Get bond of atom C5 and S6
Get bond of atom C5 and S6
Get bond of atom C14 and C15
Get bond of atom C14 and C15
Get bond of atom C14 and C15
Get bond of atom C14 and C15
Get bond of atom C14 and C15
Get bond of atom C14 and C15
Get bond of atom C14 and C15
Get bond of atom C14 and C15
Get bond of atom C14 and C15
Get bond of atom C15 and O17
Get bond of atom C15 and O17
Get bond of atom C15 and O17
Get bond of atom S6 and C16
Get bond of atom S6 and C16
Get bond of atom S6 and C16
selectOneTorFromOneBond 0_1
tors idx 10
xxxxTorsion seriNumb 10
atom1 2
 atom2 1
atom 3 0
atom 4 11
added 5 
3. Number of torsions is 1
size of miniTorsions 1
Tor 1
 iTor->atoms[0] 2
 iTor->atoms[1] 1 iTor->atoms[2] 0
 iTor->atoms[3] 11
tmpTors 
atom 1 C3 atom 2 C2 atom 3 N1 atom 4 H8
4. Number of torsions is 1
5. Number of torsions is 52
selectOneTorFromOneBond 1_2
input atom1 0
input atom1 1
input atom1 2
input atom1 3
xxxxTorsion seriNumb 19
atom1 3
 atom2 2
atom 3 1
atom 4 0
xxxminiTorsions add N1, C2, C3, and O4
added 1 
3. Number of torsions is 2
size of miniTorsions 2
Tor 1
 iTor->atoms[0] 2
 iTor->atoms[1] 1 iTor->atoms[2] 0
 iTor->atoms[3] 11
tmpTors 
atom 1 C3 atom 2 C2 atom 3 N1 atom 4 H8
Tor 2
 iTor->atoms[0] 3
 iTor->atoms[1] 2 iTor->atoms[2] 1
 iTor->atoms[3] 0
tmpTors 
atom 1 O4 atom 2 C3 atom 3 C2 atom 4 N1
4. Number of torsions is 2
5. Number of torsions is 51
selectOneTorFromOneBond 1_4
input atom1 0
input atom1 1
input atom1 4
input atom1 5
xxxxTorsion seriNumb 25
atom1 0
 atom2 1
atom 3 4
atom 4 5
xxxminiTorsions add N1, C2, C5, and S6
added 1 
3. Number of torsions is 3
size of miniTorsions 3
Tor 1
 iTor->atoms[0] 2
 iTor->atoms[1] 1 iTor->atoms[2] 0
 iTor->atoms[3] 11
tmpTors 
atom 1 C3 atom 2 C2 atom 3 N1 atom 4 H8
Tor 2
 iTor->atoms[0] 3
 iTor->atoms[1] 2 iTor->atoms[2] 1
 iTor->atoms[3] 0
tmpTors 
atom 1 O4 atom 2 C3 atom 3 C2 atom 4 N1
Tor 3
 iTor->atoms[0] 0
 iTor->atoms[1] 1 iTor->atoms[2] 4
 iTor->atoms[3] 5
tmpTors 
atom 1 N1 atom 2 C2 atom 3 C5 atom 4 S6
4. Number of torsions is 3
5. Number of torsions is 51
selectOneTorFromOneBond 4_5
tors idx 34
xxxxTorsion seriNumb 34
atom1 1
 atom2 4
atom 3 5
atom 4 9
Add the torsion of atoms: C2, C5, S6, and C16
added 2 
3. Number of torsions is 4
size of miniTorsions 4
Tor 1
 iTor->atoms[0] 2
 iTor->atoms[1] 1 iTor->atoms[2] 0
 iTor->atoms[3] 11
tmpTors 
atom 1 C3 atom 2 C2 atom 3 N1 atom 4 H8
Tor 2
 iTor->atoms[0] 3
 iTor->atoms[1] 2 iTor->atoms[2] 1
 iTor->atoms[3] 0
tmpTors 
atom 1 O4 atom 2 C3 atom 3 C2 atom 4 N1
Tor 3
 iTor->atoms[0] 0
 iTor->atoms[1] 1 iTor->atoms[2] 4
 iTor->atoms[3] 5
tmpTors 
atom 1 N1 atom 2 C2 atom 3 C5 atom 4 S6
Tor 4
 iTor->atoms[0] 1
 iTor->atoms[1] 4 iTor->atoms[2] 5
 iTor->atoms[3] 9
tmpTors 
atom 1 C2 atom 2 C5 atom 3 S6 atom 4 C16
4. Number of torsions is 4
5. Number of torsions is 51
selectOneTorFromOneBond 5_9
tors idx 48
xxxxTorsion seriNumb 49
atom1 8
 atom2 9
atom 3 5
atom 4 4
Add the torsion of atoms: C5, S6, C16, and C15
added 2 
3. Number of torsions is 5
size of miniTorsions 5
Tor 1
 iTor->atoms[0] 2
 iTor->atoms[1] 1 iTor->atoms[2] 0
 iTor->atoms[3] 11
tmpTors 
atom 1 C3 atom 2 C2 atom 3 N1 atom 4 H8
Tor 2
 iTor->atoms[0] 3
 iTor->atoms[1] 2 iTor->atoms[2] 1
 iTor->atoms[3] 0
tmpTors 
atom 1 O4 atom 2 C3 atom 3 C2 atom 4 N1
Tor 3
 iTor->atoms[0] 0
 iTor->atoms[1] 1 iTor->atoms[2] 4
 iTor->atoms[3] 5
tmpTors 
atom 1 N1 atom 2 C2 atom 3 C5 atom 4 S6
Tor 4
 iTor->atoms[0] 1
 iTor->atoms[1] 4 iTor->atoms[2] 5
 iTor->atoms[3] 9
tmpTors 
atom 1 C2 atom 2 C5 atom 3 S6 atom 4 C16
Tor 5
 iTor->atoms[0] 10
 iTor->atoms[1] 9 iTor->atoms[2] 5
 iTor->atoms[3] 4
tmpTors 
atom 1 O17 atom 2 C16 atom 3 S6 atom 4 C5
4. Number of torsions is 5
5. Number of torsions is 51
selectOneTorFromOneBond 7_8
tors idx 37
xxxxTorsion seriNumb 37
atom1 17
 atom2 7
atom 3 8
atom 4 9
added 8 
3. Number of torsions is 6
size of miniTorsions 6
Tor 1
 iTor->atoms[0] 2
 iTor->atoms[1] 1 iTor->atoms[2] 0
 iTor->atoms[3] 11
tmpTors 
atom 1 C3 atom 2 C2 atom 3 N1 atom 4 H8
Tor 2
 iTor->atoms[0] 3
 iTor->atoms[1] 2 iTor->atoms[2] 1
 iTor->atoms[3] 0
tmpTors 
atom 1 O4 atom 2 C3 atom 3 C2 atom 4 N1
Tor 3
 iTor->atoms[0] 0
 iTor->atoms[1] 1 iTor->atoms[2] 4
 iTor->atoms[3] 5
tmpTors 
atom 1 N1 atom 2 C2 atom 3 C5 atom 4 S6
Tor 4
 iTor->atoms[0] 1
 iTor->atoms[1] 4 iTor->atoms[2] 5
 iTor->atoms[3] 9
tmpTors 
atom 1 C2 atom 2 C5 atom 3 S6 atom 4 C16
Tor 5
 iTor->atoms[0] 10
 iTor->atoms[1] 9 iTor->atoms[2] 5
 iTor->atoms[3] 4
tmpTors 
atom 1 O17 atom 2 C16 atom 3 S6 atom 4 C5
Tor 6
 iTor->atoms[0] 17
 iTor->atoms[1] 7 iTor->atoms[2] 8
 iTor->atoms[3] 9
tmpTors 
atom 1 H18 atom 2 C14 atom 3 C15 atom 4 C16
4. Number of torsions is 6
5. Number of torsions is 51
selectOneTorFromOneBond 8_10
tors idx 46
xxxxTorsion seriNumb 46
atom1 7
 atom2 8
atom 3 10
atom 4 9
Add the torsion of atoms: C14, C15, O17, and C16
added 2 
3. Number of torsions is 7
size of miniTorsions 7
Tor 1
 iTor->atoms[0] 2
 iTor->atoms[1] 1 iTor->atoms[2] 0
 iTor->atoms[3] 11
tmpTors 
atom 1 C3 atom 2 C2 atom 3 N1 atom 4 H8
Tor 2
 iTor->atoms[0] 3
 iTor->atoms[1] 2 iTor->atoms[2] 1
 iTor->atoms[3] 0
tmpTors 
atom 1 O4 atom 2 C3 atom 3 C2 atom 4 N1
Tor 3
 iTor->atoms[0] 0
 iTor->atoms[1] 1 iTor->atoms[2] 4
 iTor->atoms[3] 5
tmpTors 
atom 1 N1 atom 2 C2 atom 3 C5 atom 4 S6
Tor 4
 iTor->atoms[0] 1
 iTor->atoms[1] 4 iTor->atoms[2] 5
 iTor->atoms[3] 9
tmpTors 
atom 1 C2 atom 2 C5 atom 3 S6 atom 4 C16
Tor 5
 iTor->atoms[0] 10
 iTor->atoms[1] 9 iTor->atoms[2] 5
 iTor->atoms[3] 4
tmpTors 
atom 1 O17 atom 2 C16 atom 3 S6 atom 4 C5
Tor 6
 iTor->atoms[0] 17
 iTor->atoms[1] 7 iTor->atoms[2] 8
 iTor->atoms[3] 9
tmpTors 
atom 1 H18 atom 2 C14 atom 3 C15 atom 4 C16
Tor 7
 iTor->atoms[0] 7
 iTor->atoms[1] 8 iTor->atoms[2] 10
 iTor->atoms[3] 9
tmpTors 
atom 1 C14 atom 2 C15 atom 3 O17 atom 4 C16
4. Number of torsions is 7
5. Number of torsions is 51
selectOneTorFromOneBond 8_9
input atom1 7
input atom1 8
input atom1 9
input atom1 5
xxxxTorsion seriNumb 1
atom1 7
 atom2 8
atom 3 9
atom 4 5
xxxminiTorsions add C14, C15, C16, and S6
added 1 
3. Number of torsions is 8
size of miniTorsions 8
Tor 1
 iTor->atoms[0] 2
 iTor->atoms[1] 1 iTor->atoms[2] 0
 iTor->atoms[3] 11
tmpTors 
atom 1 C3 atom 2 C2 atom 3 N1 atom 4 H8
Tor 2
 iTor->atoms[0] 3
 iTor->atoms[1] 2 iTor->atoms[2] 1
 iTor->atoms[3] 0
tmpTors 
atom 1 O4 atom 2 C3 atom 3 C2 atom 4 N1
Tor 3
 iTor->atoms[0] 0
 iTor->atoms[1] 1 iTor->atoms[2] 4
 iTor->atoms[3] 5
tmpTors 
atom 1 N1 atom 2 C2 atom 3 C5 atom 4 S6
Tor 4
 iTor->atoms[0] 1
 iTor->atoms[1] 4 iTor->atoms[2] 5
 iTor->atoms[3] 9
tmpTors 
atom 1 C2 atom 2 C5 atom 3 S6 atom 4 C16
Tor 5
 iTor->atoms[0] 10
 iTor->atoms[1] 9 iTor->atoms[2] 5
 iTor->atoms[3] 4
tmpTors 
atom 1 O17 atom 2 C16 atom 3 S6 atom 4 C5
Tor 6
 iTor->atoms[0] 17
 iTor->atoms[1] 7 iTor->atoms[2] 8
 iTor->atoms[3] 9
tmpTors 
atom 1 H18 atom 2 C14 atom 3 C15 atom 4 C16
Tor 7
 iTor->atoms[0] 7
 iTor->atoms[1] 8 iTor->atoms[2] 10
 iTor->atoms[3] 9
tmpTors 
atom 1 C14 atom 2 C15 atom 3 O17 atom 4 C16
Tor 8
 iTor->atoms[0] 7
 iTor->atoms[1] 8 iTor->atoms[2] 9
 iTor->atoms[3] 5
tmpTors 
atom 1 C14 atom 2 C15 atom 3 C16 atom 4 S6
4. Number of torsions is 8
5. Number of torsions is 51
selectOneTorFromOneBond 9_10
tors idx 8
xxxxTorsion seriNumb 8
atom1 5
 atom2 9
atom 3 10
atom 4 8
Add the torsion of atoms: S6, C16, O17, and C15
added 2 
3. Number of torsions is 9
size of miniTorsions 9
Tor 1
 iTor->atoms[0] 2
 iTor->atoms[1] 1 iTor->atoms[2] 0
 iTor->atoms[3] 11
tmpTors 
atom 1 C3 atom 2 C2 atom 3 N1 atom 4 H8
Tor 2
 iTor->atoms[0] 3
 iTor->atoms[1] 2 iTor->atoms[2] 1
 iTor->atoms[3] 0
tmpTors 
atom 1 O4 atom 2 C3 atom 3 C2 atom 4 N1
Tor 3
 iTor->atoms[0] 0
 iTor->atoms[1] 1 iTor->atoms[2] 4
 iTor->atoms[3] 5
tmpTors 
atom 1 N1 atom 2 C2 atom 3 C5 atom 4 S6
Tor 4
 iTor->atoms[0] 1
 iTor->atoms[1] 4 iTor->atoms[2] 5
 iTor->atoms[3] 9
tmpTors 
atom 1 C2 atom 2 C5 atom 3 S6 atom 4 C16
Tor 5
 iTor->atoms[0] 10
 iTor->atoms[1] 9 iTor->atoms[2] 5
 iTor->atoms[3] 4
tmpTors 
atom 1 O17 atom 2 C16 atom 3 S6 atom 4 C5
Tor 6
 iTor->atoms[0] 17
 iTor->atoms[1] 7 iTor->atoms[2] 8
 iTor->atoms[3] 9
tmpTors 
atom 1 H18 atom 2 C14 atom 3 C15 atom 4 C16
Tor 7
 iTor->atoms[0] 7
 iTor->atoms[1] 8 iTor->atoms[2] 10
 iTor->atoms[3] 9
tmpTors 
atom 1 C14 atom 2 C15 atom 3 O17 atom 4 C16
Tor 8
 iTor->atoms[0] 7
 iTor->atoms[1] 8 iTor->atoms[2] 9
 iTor->atoms[3] 5
tmpTors 
atom 1 C14 atom 2 C15 atom 3 C16 atom 4 S6
Tor 9
 iTor->atoms[0] 5
 iTor->atoms[1] 9 iTor->atoms[2] 10
 iTor->atoms[3] 8
tmpTors 
atom 1 S6 atom 2 C16 atom 3 O17 atom 4 C15
4. Number of torsions is 9
5. Number of torsions is 51
Total number of torsions is 51
Number of torsions in the mini-set 9
The torsion selected for the bond of atom C2 and N1
 is 180
The other two atoms are atom C3 and H8
The torsion selected for the bond of atom C3 and C2
 is 0
The other two atoms are atom O4 and N1
The torsion selected for the bond of atom C2 and C5
 is 180
The other two atoms are atom N1 and S6
The torsion selected for the bond of atom C5 and S6
 is 180
The other two atoms are atom C2 and C16
The torsion selected for the bond of atom C16 and S6
 is 60
The other two atoms are atom O17 and C5
The torsion selected for the bond of atom C14 and C15
 is 180
The other two atoms are atom H18 and C16
The torsion selected for the bond of atom C15 and O17
 is 180
The other two atoms are atom C14 and C16
The torsion selected for the bond of atom C15 and C16
 is 180
The other two atoms are atom C14 and S6
The torsion selected for the bond of atom C16 and O17
 is 180
The other two atoms are atom S6 and C15
Confirm : Ring C15C16O17
aromatic 0
Atom C15 add a ring sign 3
Atom C16 add a ring sign 3
Atom O17 add a ring sign 3
CheckHere
atom N1 has type N(CCCH)(H)3
atom C2 has type C(CHHS)(NH3)(COO)(H)
atom C3 has type C(CCHN)(O)2
atom O4 has type O(CCO)
atom C5 has type C(SC[3])(CCHN)(H)2
atom S6 has type S(C[3]C[3]O[3]H)(CCHH)
atom O7 has type O(CCO)
atom C14 has type C(C[3]C[3]O[3]H)(H)3
atom C15 has type C[3](C[3]O[3]HS)(O[3]C[3])(CH3)(H)
atom C16 has type C[3](C[3]O[3]CH)(O[3]C[3])(SC)(H)
atom O17 has type O[3](C[3]C[3]CH)(C[3]C[3]HS)
atom H8 has type H(NCHH)
atom H9 has type H(NCHH)
atom H10 has type H(NCHH)
atom H11 has type H(CCCN)
atom H12 has type H(CCHS)
atom H13 has type H(CCHS)
atom H18 has type H(CC[3]HH)
atom H19 has type H(CC[3]HH)
atom H20 has type H(CC[3]HH)
atom H21 has type H(C[3]C[3]O[3]C)
atom H22 has type H(C[3]C[3]O[3]S)
Originally the system has 52
Number of torsions from cod section 51
Here, Ring with sp3 atom 0
2. Is the ring aromatic ? 0
Ring C15C16O17
A: Is planar 0
There are 1 planes. They are 
atom N1 leaving_flag N
atom C2 leaving_flag N
atom C3 leaving_flag N
atom O4 leaving_flag N
atom C5 leaving_flag N
atom S6 leaving_flag N
atom O7 leaving_flag N
atom C14 leaving_flag N
atom C15 leaving_flag N
atom C16 leaving_flag N
atom O17 leaving_flag N
atom H8 leaving_flag N
atom H9 leaving_flag N
atom H10 leaving_flag N
atom H11 leaving_flag N
atom H12 leaving_flag N
atom H13 leaving_flag N
atom H18 leaving_flag N
atom H19 leaving_flag N
atom H20 leaving_flag N
atom H21 leaving_flag N
atom H22 leaving_flag N
=========END OF PROCESS INFORMATION ==========
