
============ PROCESS INFORMATION =============
# Servalcat ver. 0.4.128 (Python 3.9.18)
# Library vers. gemmi 0.7.4, scipy 1.7.3, numpy 1.19.5, pandas 1.3.5
# Started on 2026-06-14 11:42:29.836397
# Host: Mac.lan User: hilgersmt
# Command-line:
# servalcat --logfile cys-epx_link_TMP/LIG_for_link_TMP/servalcat.log refine_geom --update_dictionary cys-epx_link_TMP/LIG_for_link_TMP/mol_1_conf_10_init.cif -o cys-epx_link_TMP/LIG_for_link_TMP/mol_1_conf_10 --randomize 0.01
Config loaded
--
refine:
  atom_selection:
    xyz:
      include:
      - '*'
      exclude: []
      exclude_restraint: []
    adp:
      include: []
      exclude: []
      exclude_restraint: []
    occ:
      include: []
      exclude: []
      exclude_restraint: []
    dfrac:
      include: []
      exclude: []
      exclude_restraint: []
  occ_groups: []
  occ_group_constraints: []
  occ_group_const_mu: 10.0
  occ_group_const_mu_update_factor: 1.1
  occ_group_const_mu_update_tol_rel: 0.25
  occ_group_const_mu_update_tol_abs: 0.01
  initialisation:
    adp: {}
    occ: {}
    dfrac: {}
  write_trajectory: false
--
Reading monomers from /Applications/ccp4-9/lib/data/monomers/
Monomer not in the library: LIG.
Reading monomer: cys-epx_link_TMP/LIG_for_link_TMP/mol_1_conf_10_init.cif
Monomer library loaded: 1 monomers, 109 links, 133 modifications
       loaded monomers: LIG

Checking if unknown atoms exist..
Creating restraints..

Chain info:
 chain 
  ligands: LIG (1 residues)

Number of refinement parameters:
       n_params  n_atoms  n_atoms_geom_only  n_atoms_data_only
xyz          11       11                  0                  0
adp           0        0                  0                  0
occ           0        0                  0                  0
dfrac         0        0                  0                  0

Randomizing structure with rmsd of 0.01
Torsion angle rules:
 include:
  {'group': 'peptide', 'tors_name': 'chi*'}
  {'link': '*', 'tors_name': 'omega'}
  {'residue': '*', 'tors_name': 'sp2_sp2*'}
  {'link': '*', 'tors_name': 'sp2_sp2*'}
 exclude:
  none
External restraints from Refmac instructions
 Number of distances          : 0
 Number of angles             : 0
 Number of torsions           : 0
 Number of chirals            : 0
 Number of planes             : 0
 Number of intervals          : 0
 Number of stackings          : 0
 Number of harmonics          : 0
 Number of special positions  : 0

Running 10 cycles with wchir=4 wvdw=2 without hydrogen
Geometry weights
vdws = 12
atoms = 11
pairs = 35
 *** Bond distances outliers (Z >= 5) ***

    atom1     atom2  value  ideal  sigma     z
/LIG 1/C3 /LIG 1/O7  1.384  1.251  0.018 7.245

                       N restraints  r.m.s.d.  r.m.s.Z  Mn(sigma)
Bond distances, non H            11     0.049    3.109      0.016
Bond angles, non H               15     5.206    2.188      2.300
Chiral centres                    3     0.144    1.566      0.120
Planar groups                     4     0.003    0.130      0.020
VDW nonbonded                     2     0.126    0.630      0.200
VDW torsion                       4     0.215    1.075      0.200


====== CYCLE  1 ======

 weight = 1.0000e+00
 geom_x = 158.78147929180193
 geom_a = 0
 geom_q = 0
 geom_c = 0.0
f0= 1.5878e+02
using cgsolve in c++, ic=False
diag(geom) min= 423.567361 max= 24518.760968
diag(all) min= 423.567361 max= 24518.760968
Trying gamma equal 0.000000
Not converging with gamma equal 0.000000
Trying gamma equal 0.052500
Gamma decreased to 0.042000
min(dx) = -0.12441690788947397
max(dx) = 0.06215973816418768
mean(dx)= -0.00452832194453805
vdws = 12
atoms = 11
pairs = 35
 geom_x = 18.274543424342127
 geom_a = 0
 geom_q = 0
 geom_c = 0.0
f1, 0= 1.8275e+01
                       N restraints  r.m.s.d.  r.m.s.Z  Mn(sigma)
Bond distances, non H            11     0.011    0.594      0.016
Bond angles, non H               15     2.969    0.998      2.300
Chiral centres                    3     0.014    0.145      0.120
Planar groups                     4     0.001    0.046      0.020
VDW nonbonded                     2     0.083    0.416      0.200
VDW torsion                       3     0.226    1.130      0.200



====== CYCLE  2 ======

 weight = 1.0000e+00
 geom_x = 18.274543424342127
 geom_a = 0
 geom_q = 0
 geom_c = 0.0
f0= 1.8275e+01
using cgsolve in c++, ic=False
diag(geom) min= 574.021167 max= 26027.849090
diag(all) min= 574.021167 max= 26027.849090
Trying gamma equal 0.042000
Convergence reached after 25 iterations with no gamma cycles
min(dx) = -0.05056372008029441
max(dx) = 0.04144346194816192
mean(dx)= -0.0007428742832980911
vdws = 12
atoms = 11
pairs = 35
 geom_x = 15.179666127383946
 geom_a = 0
 geom_q = 0
 geom_c = 0.0
f1, 0= 1.5180e+01
                       N restraints  r.m.s.d.  r.m.s.Z  Mn(sigma)
Bond distances, non H            11     0.011    0.577      0.016
Bond angles, non H               15     2.310    0.777      2.300
Chiral centres                    3     0.008    0.063      0.120
Planar groups                     4     0.000    0.013      0.020
VDW nonbonded                     2     0.085    0.427      0.200
VDW torsion                       4     0.200    1.000      0.200



====== CYCLE  3 ======

 weight = 1.0000e+00
 geom_x = 15.179666127383946
 geom_a = 0
 geom_q = 0
 geom_c = 0.0
f0= 1.5180e+01
using cgsolve in c++, ic=False
diag(geom) min= 562.701572 max= 26238.371916
diag(all) min= 562.701572 max= 26238.371916
Trying gamma equal 0.042000
Convergence reached after 26 iterations with no gamma cycles
min(dx) = -0.01831879331804322
max(dx) = 0.016687987013515
mean(dx)= 0.00010400159674008447
vdws = 12
atoms = 11
pairs = 35
 geom_x = 14.174206588344893
 geom_a = 0
 geom_q = 0
 geom_c = 0.0
f1, 0= 1.4174e+01
                       N restraints  r.m.s.d.  r.m.s.Z  Mn(sigma)
Bond distances, non H            11     0.010    0.563      0.016
Bond angles, non H               15     2.131    0.717      2.300
Chiral centres                    3     0.008    0.070      0.120
Planar groups                     4     0.000    0.013      0.020
VDW nonbonded                     2     0.073    0.367      0.200
VDW torsion                       4     0.199    0.995      0.200



====== CYCLE  4 ======

 weight = 1.0000e+00
 geom_x = 14.174206588344893
 geom_a = 0
 geom_q = 0
 geom_c = 0.0
f0= 1.4174e+01
using cgsolve in c++, ic=False
diag(geom) min= 576.545062 max= 26251.733697
diag(all) min= 576.545062 max= 26251.733697
Trying gamma equal 0.042000
Convergence reached after 26 iterations with no gamma cycles
min(dx) = -0.014377392301613523
max(dx) = 0.012086006238258102
mean(dx)= 0.00047531751757325585
vdws = 12
atoms = 11
pairs = 35
 geom_x = 13.681270333626642
 geom_a = 0
 geom_q = 0
 geom_c = 0.0
f1, 0= 1.3681e+01
                       N restraints  r.m.s.d.  r.m.s.Z  Mn(sigma)
Bond distances, non H            11     0.010    0.564      0.016
Bond angles, non H               15     2.073    0.697      2.300
Chiral centres                    3     0.008    0.071      0.120
Planar groups                     4     0.000    0.011      0.020
VDW nonbonded                     2     0.061    0.306      0.200
VDW torsion                       4     0.197    0.987      0.200



====== CYCLE  5 ======

 weight = 1.0000e+00
 geom_x = 13.681270333626642
 geom_a = 0
 geom_q = 0
 geom_c = 0.0
f0= 1.3681e+01
using cgsolve in c++, ic=False
diag(geom) min= 591.967671 max= 26247.684795
diag(all) min= 591.967671 max= 26247.684795
Trying gamma equal 0.042000
Convergence reached after 26 iterations with no gamma cycles
min(dx) = -0.011329361056253866
max(dx) = 0.011041912448767014
mean(dx)= 0.00059742761955907
vdws = 12
atoms = 11
pairs = 35
 geom_x = 13.400940424659352
 geom_a = 0
 geom_q = 0
 geom_c = 0.0
f1, 0= 1.3401e+01
                       N restraints  r.m.s.d.  r.m.s.Z  Mn(sigma)
Bond distances, non H            11     0.011    0.566      0.016
Bond angles, non H               15     2.054    0.691      2.300
Chiral centres                    3     0.008    0.072      0.120
Planar groups                     4     0.000    0.009      0.020
VDW nonbonded                     2     0.050    0.251      0.200
VDW torsion                       4     0.196    0.980      0.200



====== CYCLE  6 ======

 weight = 1.0000e+00
 geom_x = 13.400940424659352
 geom_a = 0
 geom_q = 0
 geom_c = 0.0
f0= 1.3401e+01
using cgsolve in c++, ic=False
diag(geom) min= 606.690021 max= 26232.181642
diag(all) min= 606.690021 max= 26232.181642
Trying gamma equal 0.042000
Not converging with gamma equal 0.042000
Trying gamma equal 0.094500
Not converging with gamma equal 0.094500
Trying gamma equal 0.149625
Gamma decreased to 0.138600
min(dx) = -0.0028547178367388654
max(dx) = 0.003037940159413133
mean(dx)= 0.00017609463107191427
vdws = 12
atoms = 11
pairs = 35
 geom_x = 13.339646830816397
 geom_a = 0
 geom_q = 0
 geom_c = 0.0
f1, 0= 1.3340e+01
                       N restraints  r.m.s.d.  r.m.s.Z  Mn(sigma)
Bond distances, non H            11     0.011    0.565      0.016
Bond angles, non H               15     2.050    0.690      2.300
Chiral centres                    3     0.008    0.074      0.120
Planar groups                     4     0.000    0.009      0.020
VDW nonbonded                     2     0.047    0.236      0.200
VDW torsion                       4     0.196    0.979      0.200



====== CYCLE  7 ======

 weight = 1.0000e+00
 geom_x = 13.339646830816397
 geom_a = 0
 geom_q = 0
 geom_c = 0.0
f0= 1.3340e+01
using cgsolve in c++, ic=False
diag(geom) min= 610.715857 max= 26224.566075
diag(all) min= 610.715857 max= 26224.566075
Trying gamma equal 0.138600
Convergence reached after 18 iterations with no gamma cycles
min(dx) = -0.002930349312576956
max(dx) = 0.003189022235705396
mean(dx)= 0.00018798176501243062
vdws = 12
atoms = 11
pairs = 35
 geom_x = 13.28310977952776
 geom_a = 0
 geom_q = 0
 geom_c = 0.0
f1, 0= 1.3283e+01
                       N restraints  r.m.s.d.  r.m.s.Z  Mn(sigma)
Bond distances, non H            11     0.011    0.566      0.016
Bond angles, non H               15     2.047    0.689      2.300
Chiral centres                    3     0.008    0.074      0.120
Planar groups                     4     0.000    0.008      0.020
VDW nonbonded                     2     0.044    0.221      0.200
VDW torsion                       4     0.195    0.977      0.200



====== CYCLE  8 ======

 weight = 1.0000e+00
 geom_x = 13.28310977952776
 geom_a = 0
 geom_q = 0
 geom_c = 0.0
f0= 1.3283e+01
using cgsolve in c++, ic=False
diag(geom) min= 614.978595 max= 26218.665075
diag(all) min= 614.978595 max= 26218.665075
Trying gamma equal 0.138600
Convergence reached after 18 iterations with no gamma cycles
min(dx) = -0.0027371489475009904
max(dx) = 0.003114906557211149
mean(dx)= 0.00018548954742561704
vdws = 12
atoms = 11
pairs = 35
 geom_x = 13.23444299260972
 geom_a = 0
 geom_q = 0
 geom_c = 0.0
f1, 0= 1.3234e+01
                       N restraints  r.m.s.d.  r.m.s.Z  Mn(sigma)
Bond distances, non H            11     0.011    0.567      0.016
Bond angles, non H               15     2.046    0.688      2.300
Chiral centres                    3     0.008    0.073      0.120
Planar groups                     4     0.000    0.008      0.020
VDW nonbonded                     2     0.041    0.206      0.200
VDW torsion                       4     0.195    0.976      0.200



====== CYCLE  9 ======

 weight = 1.0000e+00
 geom_x = 13.23444299260972
 geom_a = 0
 geom_q = 0
 geom_c = 0.0
f0= 1.3234e+01
using cgsolve in c++, ic=False
diag(geom) min= 619.105624 max= 26212.392458
diag(all) min= 619.105624 max= 26212.392458
Trying gamma equal 0.138600
Convergence reached after 17 iterations with no gamma cycles
min(dx) = -0.0025546903296763644
max(dx) = 0.0030445929634512437
mean(dx)= 0.00018066239556310657
vdws = 12
atoms = 11
pairs = 35
 geom_x = 13.19229466987551
 geom_a = 0
 geom_q = 0
 geom_c = 0.0
f1, 0= 1.3192e+01
                       N restraints  r.m.s.d.  r.m.s.Z  Mn(sigma)
Bond distances, non H            11     0.011    0.568      0.016
Bond angles, non H               15     2.045    0.688      2.300
Chiral centres                    3     0.008    0.073      0.120
Planar groups                     4     0.000    0.008      0.020
VDW nonbonded                     2     0.039    0.193      0.200
VDW torsion                       4     0.195    0.974      0.200



====== CYCLE 10 ======

 weight = 1.0000e+00
 geom_x = 13.19229466987551
 geom_a = 0
 geom_q = 0
 geom_c = 0.0
f0= 1.3192e+01
using cgsolve in c++, ic=False
diag(geom) min= 623.073890 max= 26205.838389
diag(all) min= 623.073890 max= 26205.838389
Trying gamma equal 0.138600
Convergence reached after 17 iterations with no gamma cycles
min(dx) = -0.0023848590698273713
max(dx) = 0.0029769054229590993
mean(dx)= 0.0001741464121883291
vdws = 12
atoms = 11
pairs = 35
 geom_x = 13.155598466125925
 geom_a = 0
 geom_q = 0
 geom_c = 0.0
f1, 0= 1.3156e+01
                       N restraints  r.m.s.d.  r.m.s.Z  Mn(sigma)
Bond distances, non H            11     0.011    0.568      0.016
Bond angles, non H               15     2.045    0.688      2.300
Chiral centres                    3     0.007    0.073      0.120
Planar groups                     4     0.000    0.007      0.020
VDW nonbonded                     2     0.036    0.180      0.200
VDW torsion                       4     0.195    0.973      0.200


$TABLE: stats vs cycle :
$GRAPHS
: Geometry :A:1,2,4:
: Geometry Z :A:1,5,3:
$$
 Ncyc  rmsBOND  zBOND  rmsANGL  zANGL
$$
$$
    0   0.0486 3.1093   5.2060 2.1877
    1   0.0111 0.5942   2.9692 0.9978
    2   0.0107 0.5773   2.3101 0.7769
    3   0.0104 0.5632   2.1306 0.7169
    4   0.0105 0.5637   2.0729 0.6974
    5   0.0105 0.5659   2.0535 0.6908
    6   0.0105 0.5653   2.0497 0.6896
    7   0.0105 0.5662   2.0474 0.6888
    8   0.0106 0.5670   2.0461 0.6883
    9   0.0106 0.5677   2.0454 0.6881
   10   0.0106 0.5683   2.0450 0.6879
$$

Running 30 cycles with wchir=1 wvdw=2 without hydrogen
Geometry weights
vdws = 12
atoms = 11
pairs = 35
                       N restraints  r.m.s.d.  r.m.s.Z  Mn(sigma)
Bond distances, non H            11     0.011    0.568      0.016
Bond angles, non H               15     2.045    0.688      2.300
Chiral centres                    3     0.007    0.073      0.120
Planar groups                     4     0.000    0.007      0.020
VDW nonbonded                     2     0.036    0.180      0.200
VDW torsion                       4     0.195    0.973      0.200


====== CYCLE  1 ======

 weight = 1.0000e+00
 geom_x = 13.035403972110288
 geom_a = 0
 geom_q = 0
 geom_c = 0.0
f0= 1.3035e+01
using cgsolve in c++, ic=False
diag(geom) min= 364.417778 max= 13149.253865
diag(all) min= 364.417778 max= 13149.253865
Trying gamma equal 0.138600
Convergence reached after 19 iterations with no gamma cycles
min(dx) = -0.010219413115154296
max(dx) = 0.01026754413521882
mean(dx)= 0.00044713133575152427
vdws = 12
atoms = 11
pairs = 35
 geom_x = 12.223201817662709
 geom_a = 0
 geom_q = 0
 geom_c = 0.0
f1, 0= 1.2223e+01
                       N restraints  r.m.s.d.  r.m.s.Z  Mn(sigma)
Bond distances, non H            11     0.007    0.382      0.016
Bond angles, non H               15     2.227    0.746      2.300
Chiral centres                    3     0.048    0.495      0.120
Planar groups                     4     0.000    0.003      0.020
VDW nonbonded                     1     0.039    0.197      0.200
VDW torsion                       4     0.184    0.922      0.200



====== CYCLE  2 ======

 weight = 1.0000e+00
 geom_x = 12.223201817662709
 geom_a = 0
 geom_q = 0
 geom_c = 0.0
f0= 1.2223e+01
using cgsolve in c++, ic=False
diag(geom) min= 276.558023 max= 13182.936296
diag(all) min= 276.558023 max= 13182.936296
Trying gamma equal 0.138600
Convergence reached after 20 iterations with no gamma cycles
min(dx) = -0.0034150552029342377
max(dx) = 0.003868294902790509
mean(dx)= 0.00020362177299896052
vdws = 12
atoms = 11
pairs = 35
 geom_x = 12.168525215840223
 geom_a = 0
 geom_q = 0
 geom_c = 0.0
f1, 0= 1.2169e+01
                       N restraints  r.m.s.d.  r.m.s.Z  Mn(sigma)
Bond distances, non H            11     0.007    0.378      0.016
Bond angles, non H               15     2.270    0.760      2.300
Chiral centres                    3     0.053    0.537      0.120
Planar groups                     4     0.000    0.003      0.020
VDW nonbonded                     1     0.034    0.169      0.200
VDW torsion                       4     0.181    0.906      0.200



====== CYCLE  3 ======

 weight = 1.0000e+00
 geom_x = 12.168525215840223
 geom_a = 0
 geom_q = 0
 geom_c = 0.0
f0= 1.2169e+01
using cgsolve in c++, ic=False
diag(geom) min= 276.189549 max= 13182.089560
diag(all) min= 276.189549 max= 13182.089560
Trying gamma equal 0.138600
Convergence reached after 20 iterations with no gamma cycles
min(dx) = -0.0033442431903719463
max(dx) = 0.0030851264617603232
mean(dx)= 0.00020541380300885553
vdws = 12
atoms = 11
pairs = 35
 geom_x = 12.137478263886424
 geom_a = 0
 geom_q = 0
 geom_c = 0.0
f1, 0= 1.2137e+01
                       N restraints  r.m.s.d.  r.m.s.Z  Mn(sigma)
Bond distances, non H            11     0.007    0.379      0.016
Bond angles, non H               15     2.278    0.763      2.300
Chiral centres                    3     0.055    0.543      0.120
Planar groups                     4     0.000    0.003      0.020
VDW nonbonded                     1     0.029    0.146      0.200
VDW torsion                       4     0.180    0.901      0.200



====== CYCLE  4 ======

 weight = 1.0000e+00
 geom_x = 12.137478263886424
 geom_a = 0
 geom_q = 0
 geom_c = 0.0
f0= 1.2137e+01
using cgsolve in c++, ic=False
diag(geom) min= 274.401333 max= 13179.168582
diag(all) min= 274.401333 max= 13179.168582
Trying gamma equal 0.138600
Convergence reached after 18 iterations with no gamma cycles
min(dx) = -0.0030320104285115924
max(dx) = 0.0027101915114892353
mean(dx)= 0.00018228794858852012
vdws = 12
atoms = 11
pairs = 35
 geom_x = 12.113823485407291
 geom_a = 0
 geom_q = 0
 geom_c = 0.0
f1, 0= 1.2114e+01
                       N restraints  r.m.s.d.  r.m.s.Z  Mn(sigma)
Bond distances, non H            11     0.007    0.380      0.016
Bond angles, non H               15     2.279    0.763      2.300
Chiral centres                    3     0.055    0.545      0.120
Planar groups                     4     0.000    0.003      0.020
VDW nonbonded                     1     0.025    0.127      0.200
VDW torsion                       4     0.180    0.900      0.200



====== CYCLE  5 ======

 weight = 1.0000e+00
 geom_x = 12.113823485407291
 geom_a = 0
 geom_q = 0
 geom_c = 0.0
f0= 1.2114e+01
using cgsolve in c++, ic=False
diag(geom) min= 272.798465 max= 13175.913937
diag(all) min= 272.798465 max= 13175.913937
Trying gamma equal 0.138600
Convergence reached after 18 iterations with no gamma cycles
min(dx) = -0.002735925546287389
max(dx) = 0.0027129187227320477
mean(dx)= 0.00016015985411294383
vdws = 12
atoms = 11
pairs = 35
 geom_x = 12.094774232003726
 geom_a = 0
 geom_q = 0
 geom_c = 0.0
f1, 0= 1.2095e+01
                       N restraints  r.m.s.d.  r.m.s.Z  Mn(sigma)
Bond distances, non H            11     0.007    0.381      0.016
Bond angles, non H               15     2.279    0.763      2.300
Chiral centres                    3     0.055    0.545      0.120
Planar groups                     4     0.000    0.003      0.020
VDW nonbonded                     1     0.022    0.109      0.200
VDW torsion                       4     0.180    0.899      0.200



====== CYCLE  6 ======

 weight = 1.0000e+00
 geom_x = 12.094774232003726
 geom_a = 0
 geom_q = 0
 geom_c = 0.0
f0= 1.2095e+01
using cgsolve in c++, ic=False
diag(geom) min= 271.447427 max= 13172.591585
diag(all) min= 271.447427 max= 13172.591585
Trying gamma equal 0.138600
Convergence reached after 18 iterations with no gamma cycles
min(dx) = -0.002484276183131328
max(dx) = 0.002599577771369039
mean(dx)= 0.00014011766617105155
vdws = 12
atoms = 11
pairs = 35
 geom_x = 12.07919012327347
 geom_a = 0
 geom_q = 0
 geom_c = 0.0
f1, 0= 1.2079e+01
                       N restraints  r.m.s.d.  r.m.s.Z  Mn(sigma)
Bond distances, non H            11     0.007    0.381      0.016
Bond angles, non H               15     2.278    0.763      2.300
Chiral centres                    3     0.055    0.544      0.120
Planar groups                     4     0.000    0.004      0.020
VDW nonbonded                     2     0.013    0.066      0.200
VDW torsion                       4     0.180    0.898      0.200



====== CYCLE  7 ======

 weight = 1.0000e+00
 geom_x = 12.07919012327347
 geom_a = 0
 geom_q = 0
 geom_c = 0.0
f0= 1.2079e+01
using cgsolve in c++, ic=False
diag(geom) min= 366.030679 max= 13169.297970
diag(all) min= 366.030679 max= 13169.297970
Trying gamma equal 0.138600
Convergence reached after 18 iterations with no gamma cycles
min(dx) = -0.0022022042656393483
max(dx) = 0.002303257193039719
mean(dx)= 7.73468658288581e-05
vdws = 12
atoms = 11
pairs = 35
 geom_x = 12.066612384453535
 geom_a = 0
 geom_q = 0
 geom_c = 0.0
f1, 0= 1.2067e+01
                       N restraints  r.m.s.d.  r.m.s.Z  Mn(sigma)
Bond distances, non H            11     0.007    0.382      0.016
Bond angles, non H               15     2.281    0.764      2.300
Chiral centres                    3     0.055    0.545      0.120
Planar groups                     4     0.000    0.004      0.020
VDW nonbonded                     2     0.011    0.057      0.200
VDW torsion                       4     0.179    0.897      0.200



====== CYCLE  8 ======

 weight = 1.0000e+00
 geom_x = 12.066612384453535
 geom_a = 0
 geom_q = 0
 geom_c = 0.0
f0= 1.2067e+01
using cgsolve in c++, ic=False
diag(geom) min= 365.558184 max= 13165.356448
diag(all) min= 365.558184 max= 13165.356448
Trying gamma equal 0.138600
Convergence reached after 17 iterations with no gamma cycles
min(dx) = -0.0019629963787055334
max(dx) = 0.002177000407738395
mean(dx)= 6.0586235477977773e-05
vdws = 12
atoms = 11
pairs = 35
 geom_x = 12.056162062440206
 geom_a = 0
 geom_q = 0
 geom_c = 0.0
f1, 0= 1.2056e+01
                       N restraints  r.m.s.d.  r.m.s.Z  Mn(sigma)
Bond distances, non H            11     0.007    0.382      0.016
Bond angles, non H               15     2.282    0.764      2.300
Chiral centres                    3     0.055    0.545      0.120
Planar groups                     4     0.000    0.004      0.020
VDW nonbonded                     2     0.010    0.049      0.200
VDW torsion                       4     0.179    0.896      0.200



====== CYCLE  9 ======

 weight = 1.0000e+00
 geom_x = 12.056162062440206
 geom_a = 0
 geom_q = 0
 geom_c = 0.0
f0= 1.2056e+01
using cgsolve in c++, ic=False
diag(geom) min= 365.071529 max= 13161.739710
diag(all) min= 365.071529 max= 13161.739710
Trying gamma equal 0.138600
Convergence reached after 17 iterations with no gamma cycles
min(dx) = -0.0017787564038945992
max(dx) = 0.002106056191866614
mean(dx)= 4.31357191584006e-05
vdws = 12
atoms = 11
pairs = 35
 geom_x = 12.047311150744484
 geom_a = 0
 geom_q = 0
 geom_c = 0.0
f1, 0= 1.2047e+01
                       N restraints  r.m.s.d.  r.m.s.Z  Mn(sigma)
Bond distances, non H            11     0.007    0.383      0.016
Bond angles, non H               15     2.282    0.764      2.300
Chiral centres                    3     0.055    0.545      0.120
Planar groups                     4     0.000    0.003      0.020
VDW nonbonded                     2     0.008    0.042      0.200
VDW torsion                       4     0.179    0.895      0.200



====== CYCLE 10 ======

 weight = 1.0000e+00
 geom_x = 12.047311150744484
 geom_a = 0
 geom_q = 0
 geom_c = 0.0
f0= 1.2047e+01
using cgsolve in c++, ic=False
diag(geom) min= 364.663208 max= 13158.358170
diag(all) min= 364.663208 max= 13158.358170
Trying gamma equal 0.138600
Convergence reached after 16 iterations with no gamma cycles
min(dx) = -0.001629358559467377
max(dx) = 0.0020431244493742387
mean(dx)= 2.8367722010862093e-05
vdws = 12
atoms = 11
pairs = 35
 geom_x = 12.03968263130162
 geom_a = 0
 geom_q = 0
 geom_c = 0.0
f1, 0= 1.2040e+01
                       N restraints  r.m.s.d.  r.m.s.Z  Mn(sigma)
Bond distances, non H            11     0.007    0.383      0.016
Bond angles, non H               15     2.283    0.764      2.300
Chiral centres                    3     0.055    0.544      0.120
Planar groups                     4     0.000    0.003      0.020
VDW nonbonded                     2     0.007    0.036      0.200
VDW torsion                       4     0.179    0.894      0.200



====== CYCLE 11 ======

 weight = 1.0000e+00
 geom_x = 12.03968263130162
 geom_a = 0
 geom_q = 0
 geom_c = 0.0
f0= 1.2040e+01
using cgsolve in c++, ic=False
diag(geom) min= 364.328262 max= 13155.153998
diag(all) min= 364.328262 max= 13155.153998
Trying gamma equal 0.138600
Convergence reached after 16 iterations with no gamma cycles
min(dx) = -0.0015054307724231572
max(dx) = 0.0019856883071014734
mean(dx)= 1.6039253107250555e-05
vdws = 12
atoms = 11
pairs = 35
 geom_x = 12.032995559766016
 geom_a = 0
 geom_q = 0
 geom_c = 0.0
f1, 0= 1.2033e+01
                       N restraints  r.m.s.d.  r.m.s.Z  Mn(sigma)
Bond distances, non H            11     0.007    0.384      0.016
Bond angles, non H               15     2.283    0.765      2.300
Chiral centres                    3     0.054    0.544      0.120
Planar groups                     4     0.000    0.003      0.020
VDW nonbonded                     2     0.006    0.031      0.200
VDW torsion                       4     0.179    0.894      0.200



====== CYCLE 12 ======

 weight = 1.0000e+00
 geom_x = 12.032995559766016
 geom_a = 0
 geom_q = 0
 geom_c = 0.0
f0= 1.2033e+01
using cgsolve in c++, ic=False
diag(geom) min= 364.055175 max= 13152.093383
diag(all) min= 364.055175 max= 13152.093383
Trying gamma equal 0.138600
Convergence reached after 16 iterations with no gamma cycles
min(dx) = -0.0014011839953533584
max(dx) = 0.0019324215690034127
mean(dx)= 5.7079754526850325e-06
vdws = 12
atoms = 11
pairs = 35
 geom_x = 12.027039114986572
 geom_a = 0
 geom_q = 0
 geom_c = 0.0
f1, 0= 1.2027e+01
                       N restraints  r.m.s.d.  r.m.s.Z  Mn(sigma)
Bond distances, non H            11     0.007    0.384      0.016
Bond angles, non H               15     2.283    0.765      2.300
Chiral centres                    3     0.054    0.544      0.120
Planar groups                     4     0.000    0.003      0.020
VDW nonbonded                     2     0.005    0.027      0.200
VDW torsion                       4     0.179    0.893      0.200



====== CYCLE 13 ======

 weight = 1.0000e+00
 geom_x = 12.027039114986572
 geom_a = 0
 geom_q = 0
 geom_c = 0.0
f0= 1.2027e+01
using cgsolve in c++, ic=False
diag(geom) min= 363.833882 max= 13149.152754
diag(all) min= 363.833882 max= 13149.152754
Trying gamma equal 0.138600
Convergence reached after 16 iterations with no gamma cycles
min(dx) = -0.0013126240963467943
max(dx) = 0.0018825660071235886
mean(dx)= -2.9777173104345023e-06
vdws = 12
atoms = 11
pairs = 35
 geom_x = 12.021654467361135
 geom_a = 0
 geom_q = 0
 geom_c = 0.0
f1, 0= 1.2022e+01
                       N restraints  r.m.s.d.  r.m.s.Z  Mn(sigma)
Bond distances, non H            11     0.007    0.384      0.016
Bond angles, non H               15     2.283    0.765      2.300
Chiral centres                    3     0.054    0.544      0.120
Planar groups                     4     0.000    0.003      0.020
VDW nonbonded                     2     0.005    0.024      0.200
VDW torsion                       4     0.179    0.893      0.200



====== CYCLE 14 ======

 weight = 1.0000e+00
 geom_x = 12.021654467361135
 geom_a = 0
 geom_q = 0
 geom_c = 0.0
f0= 1.2022e+01
using cgsolve in c++, ic=False
diag(geom) min= 363.656082 max= 13146.313653
diag(all) min= 363.656082 max= 13146.313653
Trying gamma equal 0.138600
Convergence reached after 16 iterations with no gamma cycles
min(dx) = -0.0012368312688525944
max(dx) = 0.0018356213900791848
mean(dx)= -1.0296955398336295e-05
vdws = 12
atoms = 11
pairs = 35
 geom_x = 12.016721604562557
 geom_a = 0
 geom_q = 0
 geom_c = 0.0
f1, 0= 1.2017e+01
                       N restraints  r.m.s.d.  r.m.s.Z  Mn(sigma)
Bond distances, non H            11     0.007    0.384      0.016
Bond angles, non H               15     2.282    0.765      2.300
Chiral centres                    3     0.054    0.544      0.120
Planar groups                     4     0.000    0.003      0.020
VDW nonbonded                     2     0.004    0.022      0.200
VDW torsion                       4     0.179    0.893      0.200



====== CYCLE 15 ======

 weight = 1.0000e+00
 geom_x = 12.016721604562557
 geom_a = 0
 geom_q = 0
 geom_c = 0.0
f0= 1.2017e+01
using cgsolve in c++, ic=False
diag(geom) min= 363.514936 max= 13143.560912
diag(all) min= 363.514936 max= 13143.560912
Trying gamma equal 0.138600
Convergence reached after 16 iterations with no gamma cycles
min(dx) = -0.0011715885774536985
max(dx) = 0.0017912347444536817
mean(dx)= -1.6472517754074935e-05
vdws = 12
atoms = 11
pairs = 35
 geom_x = 12.012149603323586
 geom_a = 0
 geom_q = 0
 geom_c = 0.0
f1, 0= 1.2012e+01
                       N restraints  r.m.s.d.  r.m.s.Z  Mn(sigma)
Bond distances, non H            11     0.007    0.384      0.016
Bond angles, non H               15     2.282    0.764      2.300
Chiral centres                    3     0.054    0.543      0.120
Planar groups                     4     0.000    0.003      0.020
VDW nonbonded                     2     0.004    0.020      0.200
VDW torsion                       4     0.179    0.893      0.200



====== CYCLE 16 ======

 weight = 1.0000e+00
 geom_x = 12.012149603323586
 geom_a = 0
 geom_q = 0
 geom_c = 0.0
f0= 1.2012e+01
using cgsolve in c++, ic=False
diag(geom) min= 363.404758 max= 13140.881820
diag(all) min= 363.404758 max= 13140.881820
Trying gamma equal 0.138600
Convergence reached after 16 iterations with no gamma cycles
min(dx) = -0.0011151638452288994
max(dx) = 0.0017491363351507937
mean(dx)= -2.168484162618754e-05
vdws = 12
atoms = 11
pairs = 35
 geom_x = 12.007869386991722
 geom_a = 0
 geom_q = 0
 geom_c = 0.0
f1, 0= 1.2008e+01
                       N restraints  r.m.s.d.  r.m.s.Z  Mn(sigma)
Bond distances, non H            11     0.007    0.384      0.016
Bond angles, non H               15     2.282    0.764      2.300
Chiral centres                    3     0.054    0.543      0.120
Planar groups                     4     0.000    0.002      0.020
VDW nonbonded                     2     0.004    0.018      0.200
VDW torsion                       4     0.178    0.892      0.200



====== CYCLE 17 ======

 weight = 1.0000e+00
 geom_x = 12.007869386991722
 geom_a = 0
 geom_q = 0
 geom_c = 0.0
f0= 1.2008e+01
using cgsolve in c++, ic=False
diag(geom) min= 363.320786 max= 13138.265638
diag(all) min= 363.320786 max= 13138.265638
Trying gamma equal 0.138600
Convergence reached after 16 iterations with no gamma cycles
min(dx) = -0.0010661730412905841
max(dx) = 0.0017091084201780965
mean(dx)= -2.6082053115045936e-05
vdws = 12
atoms = 11
pairs = 35
 geom_x = 12.003828310482596
 geom_a = 0
 geom_q = 0
 geom_c = 0.0
f1, 0= 1.2004e+01
                       N restraints  r.m.s.d.  r.m.s.Z  Mn(sigma)
Bond distances, non H            11     0.007    0.384      0.016
Bond angles, non H               15     2.281    0.764      2.300
Chiral centres                    3     0.054    0.543      0.120
Planar groups                     4     0.000    0.002      0.020
VDW nonbonded                     2     0.003    0.017      0.200
VDW torsion                       4     0.178    0.892      0.200



====== CYCLE 18 ======

 weight = 1.0000e+00
 geom_x = 12.003828310482596
 geom_a = 0
 geom_q = 0
 geom_c = 0.0
f0= 1.2004e+01
using cgsolve in c++, ic=False
diag(geom) min= 363.259010 max= 13135.703274
diag(all) min= 363.259010 max= 13135.703274
Trying gamma equal 0.138600
Convergence reached after 16 iterations with no gamma cycles
min(dx) = -0.0010234925752178106
max(dx) = 0.0016709669848621316
mean(dx)= -2.97856800344376e-05
vdws = 12
atoms = 11
pairs = 35
 geom_x = 11.999986102126691
 geom_a = 0
 geom_q = 0
 geom_c = 0.0
f1, 0= 1.2000e+01
                       N restraints  r.m.s.d.  r.m.s.Z  Mn(sigma)
Bond distances, non H            11     0.007    0.384      0.016
Bond angles, non H               15     2.281    0.764      2.300
Chiral centres                    3     0.054    0.543      0.120
Planar groups                     4     0.000    0.002      0.020
VDW nonbonded                     2     0.003    0.016      0.200
VDW torsion                       4     0.178    0.892      0.200



====== CYCLE 19 ======

 weight = 1.0000e+00
 geom_x = 11.999986102126691
 geom_a = 0
 geom_q = 0
 geom_c = 0.0
f0= 1.2000e+01
using cgsolve in c++, ic=False
diag(geom) min= 363.216015 max= 13133.186996
diag(all) min= 363.216015 max= 13133.186996
Trying gamma equal 0.138600
Convergence reached after 16 iterations with no gamma cycles
min(dx) = -0.0009861931688834452
max(dx) = 0.0016345498272194348
mean(dx)= -3.289783049035899e-05
vdws = 12
atoms = 11
pairs = 35
 geom_x = 11.99631181833605
 geom_a = 0
 geom_q = 0
 geom_c = 0.0
f1, 0= 1.1996e+01
                       N restraints  r.m.s.d.  r.m.s.Z  Mn(sigma)
Bond distances, non H            11     0.007    0.384      0.016
Bond angles, non H               15     2.280    0.764      2.300
Chiral centres                    3     0.054    0.543      0.120
Planar groups                     4     0.000    0.002      0.020
VDW nonbonded                     2     0.003    0.016      0.200
VDW torsion                       4     0.178    0.892      0.200



====== CYCLE 20 ======

 weight = 1.0000e+00
 geom_x = 11.99631181833605
 geom_a = 0
 geom_q = 0
 geom_c = 0.0
f0= 1.1996e+01
using cgsolve in c++, ic=False
diag(geom) min= 363.188885 max= 13130.710201
diag(all) min= 363.188885 max= 13130.710201
Trying gamma equal 0.138600
Convergence reached after 16 iterations with no gamma cycles
min(dx) = -0.0009610850598803684
max(dx) = 0.0015997155150757258
mean(dx)= -3.5505005212984266e-05
vdws = 12
atoms = 11
pairs = 35
 geom_x = 11.992780725582913
 geom_a = 0
 geom_q = 0
 geom_c = 0.0
f1, 0= 1.1993e+01
                       N restraints  r.m.s.d.  r.m.s.Z  Mn(sigma)
Bond distances, non H            11     0.007    0.384      0.016
Bond angles, non H               15     2.280    0.764      2.300
Chiral centres                    3     0.054    0.542      0.120
Planar groups                     4     0.000    0.002      0.020
VDW nonbonded                     1     0.004    0.022      0.200
VDW torsion                       4     0.178    0.892      0.200



====== CYCLE 21 ======

 weight = 1.0000e+00
 geom_x = 11.992780725582913
 geom_a = 0
 geom_q = 0
 geom_c = 0.0
f0= 1.1993e+01
using cgsolve in c++, ic=False
diag(geom) min= 363.175136 max= 13128.267262
diag(all) min= 363.175136 max= 13128.267262
Trying gamma equal 0.138600
Convergence reached after 16 iterations with no gamma cycles
min(dx) = -0.0009546560343252619
max(dx) = 0.0015768075404942652
mean(dx)= -3.285879703131757e-05
vdws = 12
atoms = 11
pairs = 35
 geom_x = 11.989315722498525
 geom_a = 0
 geom_q = 0
 geom_c = 0.0
f1, 0= 1.1989e+01
                       N restraints  r.m.s.d.  r.m.s.Z  Mn(sigma)
Bond distances, non H            11     0.007    0.384      0.016
Bond angles, non H               15     2.279    0.764      2.300
Chiral centres                    3     0.054    0.542      0.120
Planar groups                     4     0.000    0.002      0.020
VDW nonbonded                     1     0.004    0.022      0.200
VDW torsion                       4     0.178    0.892      0.200



====== CYCLE 22 ======

 weight = 1.0000e+00
 geom_x = 11.989315722498525
 geom_a = 0
 geom_q = 0
 geom_c = 0.0
f0= 1.1989e+01
using cgsolve in c++, ic=False
diag(geom) min= 363.164703 max= 13125.827917
diag(all) min= 363.164703 max= 13125.827917
Trying gamma equal 0.138600
Convergence reached after 15 iterations with no gamma cycles
min(dx) = -0.0009473255054601445
max(dx) = 0.0015548968455459118
mean(dx)= -3.268491839782011e-05
vdws = 12
atoms = 11
pairs = 35
 geom_x = 11.985913256928756
 geom_a = 0
 geom_q = 0
 geom_c = 0.0
f1, 0= 1.1986e+01
                       N restraints  r.m.s.d.  r.m.s.Z  Mn(sigma)
Bond distances, non H            11     0.007    0.384      0.016
Bond angles, non H               15     2.279    0.763      2.300
Chiral centres                    3     0.054    0.542      0.120
Planar groups                     4     0.000    0.002      0.020
VDW nonbonded                     1     0.004    0.022      0.200
VDW torsion                       4     0.178    0.892      0.200



====== CYCLE 23 ======

 weight = 1.0000e+00
 geom_x = 11.985913256928756
 geom_a = 0
 geom_q = 0
 geom_c = 0.0
f0= 1.1986e+01
using cgsolve in c++, ic=False
diag(geom) min= 363.158357 max= 13123.397975
diag(all) min= 363.158357 max= 13123.397975
Trying gamma equal 0.138600
Convergence reached after 15 iterations with no gamma cycles
min(dx) = -0.0009390120890199007
max(dx) = 0.001534902934761427
mean(dx)= -3.2272219425705e-05
vdws = 12
atoms = 11
pairs = 35
 geom_x = 11.982571066170685
 geom_a = 0
 geom_q = 0
 geom_c = 0.0
f1, 0= 1.1983e+01
                       N restraints  r.m.s.d.  r.m.s.Z  Mn(sigma)
Bond distances, non H            11     0.007    0.384      0.016
Bond angles, non H               15     2.279    0.763      2.300
Chiral centres                    3     0.054    0.542      0.120
Planar groups                     4     0.000    0.002      0.020
VDW nonbonded                     1     0.004    0.022      0.200
VDW torsion                       4     0.178    0.891      0.200



====== CYCLE 24 ======

 weight = 1.0000e+00
 geom_x = 11.982571066170685
 geom_a = 0
 geom_q = 0
 geom_c = 0.0
f0= 1.1983e+01
using cgsolve in c++, ic=False
diag(geom) min= 363.154342 max= 13120.977290
diag(all) min= 363.154342 max= 13120.977290
Trying gamma equal 0.138600
Convergence reached after 15 iterations with no gamma cycles
min(dx) = -0.0009301487782294774
max(dx) = 0.0015164428982475673
mean(dx)= -3.1772291854156246e-05
vdws = 12
atoms = 11
pairs = 35
 geom_x = 11.979287693274792
 geom_a = 0
 geom_q = 0
 geom_c = 0.0
f1, 0= 1.1979e+01
                       N restraints  r.m.s.d.  r.m.s.Z  Mn(sigma)
Bond distances, non H            11     0.007    0.384      0.016
Bond angles, non H               15     2.278    0.763      2.300
Chiral centres                    3     0.054    0.542      0.120
Planar groups                     4     0.000    0.002      0.020
VDW nonbonded                     1     0.004    0.021      0.200
VDW torsion                       4     0.178    0.891      0.200



====== CYCLE 25 ======

 weight = 1.0000e+00
 geom_x = 11.979287693274792
 geom_a = 0
 geom_q = 0
 geom_c = 0.0
f0= 1.1979e+01
using cgsolve in c++, ic=False
diag(geom) min= 363.151723 max= 13118.566347
diag(all) min= 363.151723 max= 13118.566347
Trying gamma equal 0.138600
Convergence reached after 15 iterations with no gamma cycles
min(dx) = -0.0009210130939945313
max(dx) = 0.0014991338080235005
mean(dx)= -3.123592029551622e-05
vdws = 12
atoms = 11
pairs = 35
 geom_x = 11.97606202641662
 geom_a = 0
 geom_q = 0
 geom_c = 0.0
f1, 0= 1.1976e+01
                       N restraints  r.m.s.d.  r.m.s.Z  Mn(sigma)
Bond distances, non H            11     0.007    0.384      0.016
Bond angles, non H               15     2.278    0.763      2.300
Chiral centres                    3     0.054    0.542      0.120
Planar groups                     4     0.000    0.002      0.020
VDW nonbonded                     1     0.004    0.021      0.200
VDW torsion                       4     0.178    0.891      0.200



====== CYCLE 26 ======

 weight = 1.0000e+00
 geom_x = 11.97606202641662
 geom_a = 0
 geom_q = 0
 geom_c = 0.0
f0= 1.1976e+01
using cgsolve in c++, ic=False
diag(geom) min= 363.149925 max= 13116.165835
diag(all) min= 363.149925 max= 13116.165835
Trying gamma equal 0.138600
Convergence reached after 15 iterations with no gamma cycles
min(dx) = -0.0009117702584764763
max(dx) = 0.0014826691692714485
mean(dx)= -3.0688953986409564e-05
vdws = 12
atoms = 11
pairs = 35
 geom_x = 11.972893113727263
 geom_a = 0
 geom_q = 0
 geom_c = 0.0
f1, 0= 1.1973e+01
                       N restraints  r.m.s.d.  r.m.s.Z  Mn(sigma)
Bond distances, non H            11     0.007    0.384      0.016
Bond angles, non H               15     2.277    0.763      2.300
Chiral centres                    3     0.054    0.542      0.120
Planar groups                     4     0.000    0.002      0.020
VDW nonbonded                     1     0.004    0.021      0.200
VDW torsion                       4     0.178    0.891      0.200



====== CYCLE 27 ======

 weight = 1.0000e+00
 geom_x = 11.972893113727263
 geom_a = 0
 geom_q = 0
 geom_c = 0.0
f0= 1.1973e+01
using cgsolve in c++, ic=False
diag(geom) min= 363.148587 max= 13113.776430
diag(all) min= 363.148587 max= 13113.776430
Trying gamma equal 0.138600
Convergence reached after 13 iterations with no gamma cycles
min(dx) = -0.0009025325712079535
max(dx) = 0.0014668493551297358
mean(dx)= -3.0144405630530014e-05
vdws = 12
atoms = 11
pairs = 35
 geom_x = 11.969780082475225
 geom_a = 0
 geom_q = 0
 geom_c = 0.0
f1, 0= 1.1970e+01
                       N restraints  r.m.s.d.  r.m.s.Z  Mn(sigma)
Bond distances, non H            11     0.007    0.384      0.016
Bond angles, non H               15     2.277    0.763      2.300
Chiral centres                    3     0.054    0.542      0.120
Planar groups                     4     0.000    0.002      0.020
VDW nonbonded                     1     0.004    0.021      0.200
VDW torsion                       4     0.178    0.891      0.200



====== CYCLE 28 ======

 weight = 1.0000e+00
 geom_x = 11.969780082475225
 geom_a = 0
 geom_q = 0
 geom_c = 0.0
f0= 1.1970e+01
using cgsolve in c++, ic=False
diag(geom) min= 363.147470 max= 13111.398818
diag(all) min= 363.147470 max= 13111.398818
Trying gamma equal 0.138600
Convergence reached after 13 iterations with no gamma cycles
min(dx) = -0.0008933351977242352
max(dx) = 0.0014514810782557297
mean(dx)= -2.9613029723689766e-05
vdws = 12
atoms = 11
pairs = 35
 geom_x = 11.966722102502706
 geom_a = 0
 geom_q = 0
 geom_c = 0.0
f1, 0= 1.1967e+01
                       N restraints  r.m.s.d.  r.m.s.Z  Mn(sigma)
Bond distances, non H            11     0.007    0.384      0.016
Bond angles, non H               15     2.277    0.763      2.300
Chiral centres                    3     0.054    0.542      0.120
Planar groups                     4     0.000    0.002      0.020
VDW nonbonded                     1     0.004    0.020      0.200
VDW torsion                       4     0.178    0.891      0.200



====== CYCLE 29 ======

 weight = 1.0000e+00
 geom_x = 11.966722102502706
 geom_a = 0
 geom_q = 0
 geom_c = 0.0
f0= 1.1967e+01
using cgsolve in c++, ic=False
diag(geom) min= 363.146470 max= 13109.033334
diag(all) min= 363.146470 max= 13109.033334
Trying gamma equal 0.138600
Convergence reached after 13 iterations with no gamma cycles
min(dx) = -0.0008846028586282111
max(dx) = 0.0014364985920909054
mean(dx)= -2.909383260261257e-05
vdws = 12
atoms = 11
pairs = 35
 geom_x = 11.963718368973584
 geom_a = 0
 geom_q = 0
 geom_c = 0.0
f1, 0= 1.1964e+01
                       N restraints  r.m.s.d.  r.m.s.Z  Mn(sigma)
Bond distances, non H            11     0.007    0.384      0.016
Bond angles, non H               15     2.276    0.763      2.300
Chiral centres                    3     0.054    0.542      0.120
Planar groups                     4     0.000    0.002      0.020
VDW nonbonded                     1     0.004    0.020      0.200
VDW torsion                       4     0.178    0.891      0.200



====== CYCLE 30 ======

 weight = 1.0000e+00
 geom_x = 11.963718368973584
 geom_a = 0
 geom_q = 0
 geom_c = 0.0
f0= 1.1964e+01
using cgsolve in c++, ic=False
diag(geom) min= 363.145494 max= 13106.680435
diag(all) min= 363.145494 max= 13106.680435
Trying gamma equal 0.138600
Convergence reached after 13 iterations with no gamma cycles
min(dx) = -0.0008773942232147697
max(dx) = 0.001421818376430184
mean(dx)= -2.8589355726130867e-05
vdws = 12
atoms = 11
pairs = 35
 geom_x = 11.960768093839679
 geom_a = 0
 geom_q = 0
 geom_c = 0.0
f1, 0= 1.1961e+01
                       N restraints  r.m.s.d.  r.m.s.Z  Mn(sigma)
Bond distances, non H            11     0.007    0.384      0.016
Bond angles, non H               15     2.276    0.763      2.300
Chiral centres                    3     0.054    0.542      0.120
Planar groups                     4     0.000    0.002      0.020
VDW nonbonded                     1     0.004    0.020      0.200
VDW torsion                       4     0.178    0.891      0.200


$TABLE: stats vs cycle :
$GRAPHS
: Geometry :A:1,2,4:
: Geometry Z :A:1,5,3:
$$
 Ncyc  rmsBOND  zBOND  rmsANGL  zANGL
$$
$$
    0   0.0106 0.5683   2.0450 0.6879
    1   0.0073 0.3825   2.2271 0.7456
    2   0.0072 0.3777   2.2695 0.7598
    3   0.0072 0.3793   2.2779 0.7626
    4   0.0072 0.3802   2.2794 0.7632
    5   0.0072 0.3807   2.2789 0.7631
    6   0.0072 0.3811   2.2777 0.7627
    7   0.0073 0.3819   2.2806 0.7637
    8   0.0073 0.3824   2.2817 0.7641
    9   0.0073 0.3829   2.2823 0.7643
   10   0.0073 0.3832   2.2826 0.7645
   11   0.0073 0.3835   2.2828 0.7646
   12   0.0073 0.3838   2.2828 0.7646
   13   0.0073 0.3840   2.2827 0.7646
   14   0.0073 0.3841   2.2824 0.7645
   15   0.0073 0.3842   2.2821 0.7644
   16   0.0073 0.3843   2.2818 0.7643
   17   0.0073 0.3844   2.2813 0.7642
   18   0.0073 0.3844   2.2809 0.7641
   19   0.0073 0.3844   2.2803 0.7639
   20   0.0073 0.3844   2.2798 0.7638
   21   0.0073 0.3844   2.2794 0.7636
   22   0.0073 0.3844   2.2790 0.7635
   23   0.0073 0.3843   2.2785 0.7634
   24   0.0073 0.3843   2.2782 0.7632
   25   0.0073 0.3842   2.2778 0.7631
   26   0.0073 0.3842   2.2774 0.7630
   27   0.0073 0.3841   2.2770 0.7629
   28   0.0073 0.3841   2.2767 0.7628
   29   0.0073 0.3841   2.2763 0.7627
   30   0.0073 0.3840   2.2760 0.7625
$$

Creating restraints..

Chain info:
 chain 
  ligands: LIG (1 residues)

Number of refinement parameters:
       n_params  n_atoms  n_atoms_geom_only  n_atoms_data_only
xyz          22       22                 11                  0
adp           0        0                  0                  0
occ           0        0                  0                  0
dfrac         0        0                  0                  0

Randomizing structure with rmsd of 0.01
Torsion angle rules:
 include:
  {'group': 'peptide', 'tors_name': 'chi*'}
  {'link': '*', 'tors_name': 'omega'}
  {'residue': '*', 'tors_name': 'sp2_sp2*'}
  {'link': '*', 'tors_name': 'sp2_sp2*'}
 exclude:
  none
External restraints from Refmac instructions
 Number of distances          : 0
 Number of angles             : 0
 Number of torsions           : 0
 Number of chirals            : 0
 Number of planes             : 0
 Number of intervals          : 0
 Number of stackings          : 0
 Number of harmonics          : 0
 Number of special positions  : 0

Running 10 cycles with wchir=4 wvdw=2 with hydrogen
Geometry weights
vdws = 71
atoms = 22
pairs = 131
                          N restraints  r.m.s.d.  r.m.s.Z  Mn(sigma)
Bond distances, non H               11     0.009    0.571      0.016
Bond distances, H                   11     0.009    0.744      0.016
Bond angles, non H                  15     2.364    0.814      2.300
Bond angles, H                      26     1.345    0.711      2.006
Torsion angles, period 3             2     1.289    0.129     10.000
Chiral centres                       3     0.104    0.883      0.120
Planar groups                        4     0.000    0.012      0.020
VDW nonbonded                        4     0.075    0.376      0.200
VDW torsion                          9     0.135    0.676      0.200


====== CYCLE  1 ======

 weight = 1.0000e+00
 geom_x = 44.44490864406385
 geom_a = 0
 geom_q = 0
 geom_c = 0.0
f0= 4.4445e+01
using cgsolve in c++, ic=False
diag(geom) min= 550.943129 max= 30087.962373
diag(all) min= 550.943129 max= 30087.962373
Trying gamma equal 0.000000
Not converging with gamma equal 0.000000
Trying gamma equal 0.052500
Gamma decreased to 0.042000
min(dx) = -0.025427985840467522
max(dx) = 0.026268765379627267
mean(dx)= -0.0016291729279700774
vdws = 71
atoms = 22
pairs = 131
 geom_x = 18.324984035002498
 geom_a = 0
 geom_q = 0
 geom_c = 0.0
f1, 0= 1.8325e+01
                          N restraints  r.m.s.d.  r.m.s.Z  Mn(sigma)
Bond distances, non H               11     0.013    0.702      0.016
Bond distances, H                   11     0.000    0.029      0.016
Bond angles, non H                  15     2.245    0.755      2.300
Bond angles, H                      26     1.209    0.469      2.006
Torsion angles, period 3             2     1.216    0.122     10.000
Chiral centres                       3     0.010    0.111      0.120
Planar groups                        4     0.001    0.028      0.020
VDW nonbonded                        2     0.090    0.449      0.200
VDW torsion                          9     0.128    0.640      0.200



====== CYCLE  2 ======

 weight = 1.0000e+00
 geom_x = 18.324984035002498
 geom_a = 0
 geom_q = 0
 geom_c = 0.0
f0= 1.8325e+01
using cgsolve in c++, ic=False
diag(geom) min= 601.374404 max= 30232.501782
diag(all) min= 601.374404 max= 30232.501782
Trying gamma equal 0.042000
Convergence reached after 38 iterations with no gamma cycles
min(dx) = -0.01233493285973291
max(dx) = 0.015423726337203155
mean(dx)= -0.0002606623020509809
vdws = 71
atoms = 22
pairs = 131
 geom_x = 17.95003527097535
 geom_a = 0
 geom_q = 0
 geom_c = 0.0
f1, 0= 1.7950e+01
                          N restraints  r.m.s.d.  r.m.s.Z  Mn(sigma)
Bond distances, non H               11     0.013    0.708      0.016
Bond distances, H                   11     0.000    0.015      0.016
Bond angles, non H                  15     2.251    0.756      2.300
Bond angles, H                      26     1.191    0.457      2.006
Torsion angles, period 3             2     1.735    0.173     10.000
Chiral centres                       3     0.010    0.105      0.120
Planar groups                        4     0.000    0.022      0.020
VDW nonbonded                        2     0.074    0.370      0.200
VDW torsion                          9     0.128    0.638      0.200



====== CYCLE  3 ======

 weight = 1.0000e+00
 geom_x = 17.95003527097535
 geom_a = 0
 geom_q = 0
 geom_c = 0.0
f0= 1.7950e+01
using cgsolve in c++, ic=False
diag(geom) min= 611.179845 max= 30178.312747
diag(all) min= 611.179845 max= 30178.312747
Trying gamma equal 0.042000
Not converging with gamma equal 0.042000
Trying gamma equal 0.094500
Not converging with gamma equal 0.094500
Trying gamma equal 0.149625
Gamma decreased to 0.138600
min(dx) = -0.003156155009530344
max(dx) = 0.004017041346583778
mean(dx)= -6.007915474030189e-05
vdws = 71
atoms = 22
pairs = 131
 geom_x = 17.885993644327733
 geom_a = 0
 geom_q = 0
 geom_c = 0.0
f1, 0= 1.7886e+01
                          N restraints  r.m.s.d.  r.m.s.Z  Mn(sigma)
Bond distances, non H               11     0.013    0.708      0.016
Bond distances, H                   11     0.000    0.013      0.016
Bond angles, non H                  15     2.254    0.757      2.300
Bond angles, H                      26     1.188    0.456      2.006
Torsion angles, period 3             2     1.876    0.188     10.000
Chiral centres                       3     0.010    0.105      0.120
Planar groups                        4     0.000    0.020      0.020
VDW nonbonded                        2     0.070    0.351      0.200
VDW torsion                          9     0.128    0.639      0.200



====== CYCLE  4 ======

 weight = 1.0000e+00
 geom_x = 17.885993644327733
 geom_a = 0
 geom_q = 0
 geom_c = 0.0
f0= 1.7886e+01
using cgsolve in c++, ic=False
diag(geom) min= 612.463615 max= 30167.233417
diag(all) min= 612.463615 max= 30167.233417
Trying gamma equal 0.138600
Convergence reached after 20 iterations with no gamma cycles
min(dx) = -0.0028633185827340642
max(dx) = 0.0037734669231417692
mean(dx)= -5.7698860343622755e-05
vdws = 71
atoms = 22
pairs = 131
 geom_x = 17.83173531649707
 geom_a = 0
 geom_q = 0
 geom_c = 0.0
f1, 0= 1.7832e+01
                          N restraints  r.m.s.d.  r.m.s.Z  Mn(sigma)
Bond distances, non H               11     0.013    0.707      0.016
Bond distances, H                   11     0.000    0.012      0.016
Bond angles, non H                  15     2.257    0.758      2.300
Bond angles, H                      26     1.185    0.455      2.006
Torsion angles, period 3             2     2.009    0.201     10.000
Chiral centres                       3     0.010    0.105      0.120
Planar groups                        4     0.000    0.019      0.020
VDW nonbonded                        2     0.066    0.332      0.200
VDW torsion                          9     0.128    0.638      0.200



====== CYCLE  5 ======

 weight = 1.0000e+00
 geom_x = 17.83173531649707
 geom_a = 0
 geom_q = 0
 geom_c = 0.0
f0= 1.7832e+01
using cgsolve in c++, ic=False
diag(geom) min= 613.236823 max= 30158.526005
diag(all) min= 613.236823 max= 30158.526005
Trying gamma equal 0.138600
Convergence reached after 20 iterations with no gamma cycles
min(dx) = -0.0024601424113120337
max(dx) = 0.003343617484724163
mean(dx)= -5.1293921498530075e-05
vdws = 71
atoms = 22
pairs = 131
 geom_x = 17.7881383182985
 geom_a = 0
 geom_q = 0
 geom_c = 0.0
f1, 0= 1.7788e+01
                          N restraints  r.m.s.d.  r.m.s.Z  Mn(sigma)
Bond distances, non H               11     0.013    0.707      0.016
Bond distances, H                   11     0.000    0.012      0.016
Bond angles, non H                  15     2.260    0.759      2.300
Bond angles, H                      26     1.182    0.454      2.006
Torsion angles, period 3             2     2.124    0.212     10.000
Chiral centres                       3     0.010    0.105      0.120
Planar groups                        4     0.000    0.017      0.020
VDW nonbonded                        2     0.063    0.315      0.200
VDW torsion                          9     0.128    0.638      0.200



====== CYCLE  6 ======

 weight = 1.0000e+00
 geom_x = 17.7881383182985
 geom_a = 0
 geom_q = 0
 geom_c = 0.0
f0= 1.7788e+01
using cgsolve in c++, ic=False
diag(geom) min= 613.777898 max= 30151.760932
diag(all) min= 613.777898 max= 30151.760932
Trying gamma equal 0.138600
Convergence reached after 20 iterations with no gamma cycles
min(dx) = -0.0021679938618525815
max(dx) = 0.002973991047544536
mean(dx)= -4.525257832727045e-05
vdws = 71
atoms = 22
pairs = 131
 geom_x = 17.752505337628566
 geom_a = 0
 geom_q = 0
 geom_c = 0.0
f1, 0= 1.7753e+01
                          N restraints  r.m.s.d.  r.m.s.Z  Mn(sigma)
Bond distances, non H               11     0.013    0.707      0.016
Bond distances, H                   11     0.000    0.012      0.016
Bond angles, non H                  15     2.264    0.761      2.300
Bond angles, H                      26     1.180    0.453      2.006
Torsion angles, period 3             2     2.221    0.222     10.000
Chiral centres                       3     0.010    0.105      0.120
Planar groups                        4     0.000    0.016      0.020
VDW nonbonded                        2     0.060    0.300      0.200
VDW torsion                          9     0.128    0.638      0.200



====== CYCLE  7 ======

 weight = 1.0000e+00
 geom_x = 17.752505337628566
 geom_a = 0
 geom_q = 0
 geom_c = 0.0
f0= 1.7753e+01
using cgsolve in c++, ic=False
diag(geom) min= 614.245516 max= 30146.162352
diag(all) min= 614.245516 max= 30146.162352
Trying gamma equal 0.138600
Convergence reached after 20 iterations with no gamma cycles
min(dx) = -0.002104159017162741
max(dx) = 0.0026504096332536343
mean(dx)= -3.986661057543093e-05
vdws = 71
atoms = 22
pairs = 131
 geom_x = 17.722958062282103
 geom_a = 0
 geom_q = 0
 geom_c = 0.0
f1, 0= 1.7723e+01
                          N restraints  r.m.s.d.  r.m.s.Z  Mn(sigma)
Bond distances, non H               11     0.013    0.707      0.016
Bond distances, H                   11     0.000    0.012      0.016
Bond angles, non H                  15     2.267    0.762      2.300
Bond angles, H                      26     1.178    0.452      2.006
Torsion angles, period 3             2     2.303    0.230     10.000
Chiral centres                       3     0.010    0.105      0.120
Planar groups                        4     0.000    0.015      0.020
VDW nonbonded                        2     0.057    0.287      0.200
VDW torsion                          8     0.135    0.676      0.200



====== CYCLE  8 ======

 weight = 1.0000e+00
 geom_x = 17.722958062282103
 geom_a = 0
 geom_q = 0
 geom_c = 0.0
f0= 1.7723e+01
using cgsolve in c++, ic=False
diag(geom) min= 614.695878 max= 30141.255114
diag(all) min= 614.695878 max= 30141.255114
Trying gamma equal 0.138600
Convergence reached after 19 iterations with no gamma cycles
min(dx) = -0.002038362595197699
max(dx) = 0.002387603640759279
mean(dx)= -3.6811438304926666e-05
vdws = 71
atoms = 22
pairs = 131
 geom_x = 17.69798377425808
 geom_a = 0
 geom_q = 0
 geom_c = 0.0
f1, 0= 1.7698e+01
                          N restraints  r.m.s.d.  r.m.s.Z  Mn(sigma)
Bond distances, non H               11     0.013    0.708      0.016
Bond distances, H                   11     0.000    0.012      0.016
Bond angles, non H                  15     2.271    0.763      2.300
Bond angles, H                      26     1.177    0.452      2.006
Torsion angles, period 3             2     2.375    0.238     10.000
Chiral centres                       3     0.010    0.105      0.120
Planar groups                        4     0.000    0.014      0.020
VDW nonbonded                        2     0.055    0.274      0.200
VDW torsion                          8     0.135    0.676      0.200



====== CYCLE  9 ======

 weight = 1.0000e+00
 geom_x = 17.69798377425808
 geom_a = 0
 geom_q = 0
 geom_c = 0.0
f0= 1.7698e+01
using cgsolve in c++, ic=False
diag(geom) min= 615.144059 max= 30136.747730
diag(all) min= 615.144059 max= 30136.747730
Trying gamma equal 0.138600
Convergence reached after 19 iterations with no gamma cycles
min(dx) = -0.001966624228520756
max(dx) = 0.002150558742763902
mean(dx)= -3.3020473717490296e-05
vdws = 71
atoms = 22
pairs = 131
 geom_x = 17.676702823712013
 geom_a = 0
 geom_q = 0
 geom_c = 0.0
f1, 0= 1.7677e+01
                          N restraints  r.m.s.d.  r.m.s.Z  Mn(sigma)
Bond distances, non H               11     0.013    0.708      0.016
Bond distances, H                   11     0.000    0.012      0.016
Bond angles, non H                  15     2.274    0.764      2.300
Bond angles, H                      26     1.176    0.451      2.006
Torsion angles, period 3             2     2.436    0.244     10.000
Chiral centres                       3     0.010    0.105      0.120
Planar groups                        4     0.000    0.013      0.020
VDW nonbonded                        2     0.053    0.263      0.200
VDW torsion                          8     0.135    0.675      0.200



====== CYCLE 10 ======

 weight = 1.0000e+00
 geom_x = 17.676702823712013
 geom_a = 0
 geom_q = 0
 geom_c = 0.0
f0= 1.7677e+01
using cgsolve in c++, ic=False
diag(geom) min= 615.590441 max= 30132.458665
diag(all) min= 615.590441 max= 30132.458665
Trying gamma equal 0.138600
Convergence reached after 18 iterations with no gamma cycles
min(dx) = -0.0018937126883104168
max(dx) = 0.0019391108438643909
mean(dx)= -2.9625924467871756e-05
vdws = 71
atoms = 22
pairs = 131
 geom_x = 17.6583933898332
 geom_a = 0
 geom_q = 0
 geom_c = 0.0
f1, 0= 1.7658e+01
                          N restraints  r.m.s.d.  r.m.s.Z  Mn(sigma)
Bond distances, non H               11     0.013    0.708      0.016
Bond distances, H                   11     0.000    0.012      0.016
Bond angles, non H                  15     2.277    0.765      2.300
Bond angles, H                      26     1.174    0.451      2.006
Torsion angles, period 3             2     2.488    0.249     10.000
Chiral centres                       3     0.010    0.105      0.120
Planar groups                        4     0.000    0.012      0.020
VDW nonbonded                        2     0.051    0.253      0.200
VDW torsion                          8     0.135    0.675      0.200


$TABLE: stats vs cycle :
$GRAPHS
: Geometry :A:1,2,4:
: Geometry Z :A:1,5,3:
$$
 Ncyc  rmsBOND  zBOND  rmsANGL  zANGL
$$
$$
    0   0.0089 0.5712   2.3638 0.8138
    1   0.0128 0.7021   2.2449 0.7549
    2   0.0130 0.7082   2.2513 0.7565
    3   0.0130 0.7076   2.2540 0.7573
    4   0.0130 0.7072   2.2569 0.7583
    5   0.0130 0.7071   2.2602 0.7594
    6   0.0130 0.7072   2.2637 0.7605
    7   0.0130 0.7074   2.2672 0.7617
    8   0.0130 0.7077   2.2706 0.7628
    9   0.0130 0.7081   2.2738 0.7639
   10   0.0130 0.7084   2.2769 0.7649
$$

Running 30 cycles with wchir=1 wvdw=2 with hydrogen
Geometry weights
vdws = 71
atoms = 22
pairs = 131
                          N restraints  r.m.s.d.  r.m.s.Z  Mn(sigma)
Bond distances, non H               11     0.013    0.708      0.016
Bond distances, H                   11     0.000    0.012      0.016
Bond angles, non H                  15     2.277    0.765      2.300
Bond angles, H                      26     1.174    0.451      2.006
Torsion angles, period 3             2     2.488    0.249     10.000
Chiral centres                       3     0.010    0.105      0.120
Planar groups                        4     0.000    0.012      0.020
VDW nonbonded                        2     0.051    0.253      0.200
VDW torsion                          8     0.135    0.675      0.200


====== CYCLE  1 ======

 weight = 1.0000e+00
 geom_x = 17.411579841582267
 geom_a = 0
 geom_q = 0
 geom_c = 0.0
f0= 1.7412e+01
using cgsolve in c++, ic=False
diag(geom) min= 616.030989 max= 16927.542754
diag(all) min= 616.030989 max= 16927.542754
Trying gamma equal 0.138600
Convergence reached after 19 iterations with no gamma cycles
min(dx) = -0.015346129601047469
max(dx) = 0.009008647547734228
mean(dx)= -3.903490427428708e-05
vdws = 71
atoms = 22
pairs = 131
 geom_x = 16.06878334362058
 geom_a = 0
 geom_q = 0
 geom_c = 0.0
f1, 0= 1.6069e+01
                          N restraints  r.m.s.d.  r.m.s.Z  Mn(sigma)
Bond distances, non H               11     0.008    0.443      0.016
Bond distances, H                   11     0.000    0.018      0.016
Bond angles, non H                  15     2.478    0.829      2.300
Bond angles, H                      26     0.997    0.385      2.006
Torsion angles, period 3             2     2.490    0.249     10.000
Chiral centres                       3     0.055    0.607      0.120
Planar groups                        4     0.000    0.011      0.020
VDW nonbonded                        2     0.043    0.217      0.200
VDW torsion                          8     0.133    0.666      0.200



====== CYCLE  2 ======

 weight = 1.0000e+00
 geom_x = 16.06878334362058
 geom_a = 0
 geom_q = 0
 geom_c = 0.0
f0= 1.6069e+01
using cgsolve in c++, ic=False
diag(geom) min= 602.299598 max= 16927.418873
diag(all) min= 602.299598 max= 16927.418873
Trying gamma equal 0.138600
Convergence reached after 22 iterations with no gamma cycles
min(dx) = -0.004064536272946477
max(dx) = 0.0025936408192383876
mean(dx)= -9.331514816714691e-05
vdws = 71
atoms = 22
pairs = 131
 geom_x = 16.013536539458855
 geom_a = 0
 geom_q = 0
 geom_c = 0.0
f1, 0= 1.6014e+01
                          N restraints  r.m.s.d.  r.m.s.Z  Mn(sigma)
Bond distances, non H               11     0.008    0.419      0.016
Bond distances, H                   11     0.000    0.013      0.016
Bond angles, non H                  15     2.520    0.843      2.300
Bond angles, H                      26     0.964    0.375      2.006
Torsion angles, period 3             2     2.485    0.249     10.000
Chiral centres                       3     0.061    0.666      0.120
Planar groups                        4     0.000    0.011      0.020
VDW nonbonded                        2     0.041    0.205      0.200
VDW torsion                          8     0.132    0.661      0.200



====== CYCLE  3 ======

 weight = 1.0000e+00
 geom_x = 16.013536539458855
 geom_a = 0
 geom_q = 0
 geom_c = 0.0
f0= 1.6014e+01
using cgsolve in c++, ic=False
diag(geom) min= 597.712136 max= 16927.346351
diag(all) min= 597.712136 max= 16927.346351
Trying gamma equal 0.138600
Convergence reached after 22 iterations with no gamma cycles
min(dx) = -0.002075237966760663
max(dx) = 0.0014842346518627347
mean(dx)= -8.884000702232628e-05
vdws = 71
atoms = 22
pairs = 131
 geom_x = 15.989590501377451
 geom_a = 0
 geom_q = 0
 geom_c = 0.0
f1, 0= 1.5990e+01
                          N restraints  r.m.s.d.  r.m.s.Z  Mn(sigma)
Bond distances, non H               11     0.008    0.417      0.016
Bond distances, H                   11     0.000    0.012      0.016
Bond angles, non H                  15     2.537    0.849      2.300
Bond angles, H                      26     0.955    0.372      2.006
Torsion angles, period 3             2     2.473    0.247     10.000
Chiral centres                       3     0.062    0.679      0.120
Planar groups                        4     0.000    0.010      0.020
VDW nonbonded                        2     0.039    0.196      0.200
VDW torsion                          8     0.132    0.658      0.200



====== CYCLE  4 ======

 weight = 1.0000e+00
 geom_x = 15.989590501377451
 geom_a = 0
 geom_q = 0
 geom_c = 0.0
f0= 1.5990e+01
using cgsolve in c++, ic=False
diag(geom) min= 596.559790 max= 16927.337312
diag(all) min= 596.559790 max= 16927.337312
Trying gamma equal 0.138600
Convergence reached after 20 iterations with no gamma cycles
min(dx) = -0.00194548046847795
max(dx) = 0.0013085619178974277
mean(dx)= -8.330088136107534e-05
vdws = 71
atoms = 22
pairs = 131
 geom_x = 15.971267638770282
 geom_a = 0
 geom_q = 0
 geom_c = 0.0
f1, 0= 1.5971e+01
                          N restraints  r.m.s.d.  r.m.s.Z  Mn(sigma)
Bond distances, non H               11     0.008    0.417      0.016
Bond distances, H                   11     0.000    0.012      0.016
Bond angles, non H                  15     2.547    0.852      2.300
Bond angles, H                      26     0.952    0.371      2.006
Torsion angles, period 3             2     2.456    0.246     10.000
Chiral centres                       3     0.062    0.684      0.120
Planar groups                        4     0.000    0.009      0.020
VDW nonbonded                        2     0.038    0.189      0.200
VDW torsion                          8     0.131    0.655      0.200



====== CYCLE  5 ======

 weight = 1.0000e+00
 geom_x = 15.971267638770282
 geom_a = 0
 geom_q = 0
 geom_c = 0.0
f0= 1.5971e+01
using cgsolve in c++, ic=False
diag(geom) min= 596.697381 max= 16927.319419
diag(all) min= 596.697381 max= 16927.319419
Trying gamma equal 0.138600
Convergence reached after 19 iterations with no gamma cycles
min(dx) = -0.0018228379677907418
max(dx) = 0.0012118074562211011
mean(dx)= -7.783652572651598e-05
vdws = 71
atoms = 22
pairs = 131
 geom_x = 15.956029654999979
 geom_a = 0
 geom_q = 0
 geom_c = 0.0
f1, 0= 1.5956e+01
                          N restraints  r.m.s.d.  r.m.s.Z  Mn(sigma)
Bond distances, non H               11     0.008    0.418      0.016
Bond distances, H                   11     0.000    0.012      0.016
Bond angles, non H                  15     2.554    0.855      2.300
Bond angles, H                      26     0.950    0.371      2.006
Torsion angles, period 3             2     2.437    0.244     10.000
Chiral centres                       3     0.063    0.686      0.120
Planar groups                        4     0.000    0.008      0.020
VDW nonbonded                        2     0.036    0.182      0.200
VDW torsion                          8     0.131    0.653      0.200



====== CYCLE  6 ======

 weight = 1.0000e+00
 geom_x = 15.956029654999979
 geom_a = 0
 geom_q = 0
 geom_c = 0.0
f0= 1.5956e+01
using cgsolve in c++, ic=False
diag(geom) min= 597.319582 max= 16927.263965
diag(all) min= 597.319582 max= 16927.263965
Trying gamma equal 0.138600
Convergence reached after 18 iterations with no gamma cycles
min(dx) = -0.0017096151991774413
max(dx) = 0.001141455378078133
mean(dx)= -7.28344409696353e-05
vdws = 71
atoms = 22
pairs = 131
 geom_x = 15.94303079833237
 geom_a = 0
 geom_q = 0
 geom_c = 0.0
f1, 0= 1.5943e+01
                          N restraints  r.m.s.d.  r.m.s.Z  Mn(sigma)
Bond distances, non H               11     0.008    0.419      0.016
Bond distances, H                   11     0.000    0.012      0.016
Bond angles, non H                  15     2.561    0.857      2.300
Bond angles, H                      26     0.949    0.370      2.006
Torsion angles, period 3             2     2.417    0.242     10.000
Chiral centres                       3     0.063    0.688      0.120
Planar groups                        4     0.000    0.008      0.020
VDW nonbonded                        2     0.035    0.176      0.200
VDW torsion                          8     0.130    0.652      0.200



====== CYCLE  7 ======

 weight = 1.0000e+00
 geom_x = 15.94303079833237
 geom_a = 0
 geom_q = 0
 geom_c = 0.0
f0= 1.5943e+01
using cgsolve in c++, ic=False
diag(geom) min= 598.102775 max= 16927.174215
diag(all) min= 598.102775 max= 16927.174215
Trying gamma equal 0.138600
Convergence reached after 17 iterations with no gamma cycles
min(dx) = -0.0016059312423877135
max(dx) = 0.0010745678795766442
mean(dx)= -6.830245485011135e-05
vdws = 71
atoms = 22
pairs = 131
 geom_x = 15.931766809543785
 geom_a = 0
 geom_q = 0
 geom_c = 0.0
f1, 0= 1.5932e+01
                          N restraints  r.m.s.d.  r.m.s.Z  Mn(sigma)
Bond distances, non H               11     0.008    0.420      0.016
Bond distances, H                   11     0.000    0.012      0.016
Bond angles, non H                  15     2.567    0.859      2.300
Bond angles, H                      26     0.948    0.370      2.006
Torsion angles, period 3             2     2.396    0.240     10.000
Chiral centres                       3     0.063    0.690      0.120
Planar groups                        4     0.000    0.007      0.020
VDW nonbonded                        2     0.034    0.171      0.200
VDW torsion                          8     0.130    0.650      0.200



====== CYCLE  8 ======

 weight = 1.0000e+00
 geom_x = 15.931766809543785
 geom_a = 0
 geom_q = 0
 geom_c = 0.0
f0= 1.5932e+01
using cgsolve in c++, ic=False
diag(geom) min= 598.913813 max= 16927.062499
diag(all) min= 598.913813 max= 16927.062499
Trying gamma equal 0.138600
Convergence reached after 18 iterations with no gamma cycles
min(dx) = -0.0015111463200509056
max(dx) = 0.0010119905290140237
mean(dx)= -6.415594558359895e-05
vdws = 71
atoms = 22
pairs = 131
 geom_x = 15.921882865271336
 geom_a = 0
 geom_q = 0
 geom_c = 0.0
f1, 0= 1.5922e+01
                          N restraints  r.m.s.d.  r.m.s.Z  Mn(sigma)
Bond distances, non H               11     0.008    0.420      0.016
Bond distances, H                   11     0.000    0.012      0.016
Bond angles, non H                  15     2.572    0.860      2.300
Bond angles, H                      26     0.947    0.370      2.006
Torsion angles, period 3             2     2.374    0.237     10.000
Chiral centres                       3     0.063    0.691      0.120
Planar groups                        4     0.000    0.006      0.020
VDW nonbonded                        2     0.033    0.166      0.200
VDW torsion                          8     0.130    0.649      0.200



====== CYCLE  9 ======

 weight = 1.0000e+00
 geom_x = 15.921882865271336
 geom_a = 0
 geom_q = 0
 geom_c = 0.0
f0= 1.5922e+01
using cgsolve in c++, ic=False
diag(geom) min= 599.698667 max= 16926.939831
diag(all) min= 599.698667 max= 16926.939831
Trying gamma equal 0.138600
Convergence reached after 18 iterations with no gamma cycles
min(dx) = -0.0014243366065235686
max(dx) = 0.0009539823444045173
mean(dx)= -6.032560218000729e-05
vdws = 71
atoms = 22
pairs = 131
 geom_x = 15.913114325283095
 geom_a = 0
 geom_q = 0
 geom_c = 0.0
f1, 0= 1.5913e+01
                          N restraints  r.m.s.d.  r.m.s.Z  Mn(sigma)
Bond distances, non H               11     0.008    0.421      0.016
Bond distances, H                   11     0.000    0.012      0.016
Bond angles, non H                  15     2.577    0.862      2.300
Bond angles, H                      26     0.946    0.369      2.006
Torsion angles, period 3             2     2.353    0.235     10.000
Chiral centres                       3     0.063    0.692      0.120
Planar groups                        4     0.000    0.006      0.020
VDW nonbonded                        1     0.045    0.227      0.200
VDW torsion                          8     0.130    0.648      0.200



====== CYCLE 10 ======

 weight = 1.0000e+00
 geom_x = 15.913114325283095
 geom_a = 0
 geom_q = 0
 geom_c = 0.0
f0= 1.5913e+01
using cgsolve in c++, ic=False
diag(geom) min= 600.436426 max= 16926.812858
diag(all) min= 600.436426 max= 16926.812858
Trying gamma equal 0.138600
Convergence reached after 18 iterations with no gamma cycles
min(dx) = -0.0013458319075056505
max(dx) = 0.000954353613886388
mean(dx)= -5.6724719199975684e-05
vdws = 71
atoms = 22
pairs = 131
 geom_x = 15.905240642653702
 geom_a = 0
 geom_q = 0
 geom_c = 0.0
f1, 0= 1.5905e+01
                          N restraints  r.m.s.d.  r.m.s.Z  Mn(sigma)
Bond distances, non H               11     0.008    0.421      0.016
Bond distances, H                   11     0.000    0.012      0.016
Bond angles, non H                  15     2.581    0.863      2.300
Bond angles, H                      26     0.945    0.369      2.006
Torsion angles, period 3             2     2.332    0.233     10.000
Chiral centres                       3     0.063    0.693      0.120
Planar groups                        4     0.000    0.005      0.020
VDW nonbonded                        1     0.044    0.221      0.200
VDW torsion                          8     0.129    0.647      0.200



====== CYCLE 11 ======

 weight = 1.0000e+00
 geom_x = 15.905240642653702
 geom_a = 0
 geom_q = 0
 geom_c = 0.0
f0= 1.5905e+01
using cgsolve in c++, ic=False
diag(geom) min= 601.121828 max= 16926.684300
diag(all) min= 601.121828 max= 16926.684300
Trying gamma equal 0.138600
Convergence reached after 18 iterations with no gamma cycles
min(dx) = -0.0012737100822753178
max(dx) = 0.0009538719028047604
mean(dx)= -5.3532494187164804e-05
vdws = 71
atoms = 22
pairs = 131
 geom_x = 15.898111104613676
 geom_a = 0
 geom_q = 0
 geom_c = 0.0
f1, 0= 1.5898e+01
                          N restraints  r.m.s.d.  r.m.s.Z  Mn(sigma)
Bond distances, non H               11     0.008    0.422      0.016
Bond distances, H                   11     0.000    0.013      0.016
Bond angles, non H                  15     2.585    0.865      2.300
Bond angles, H                      26     0.944    0.369      2.006
Torsion angles, period 3             2     2.311    0.231     10.000
Chiral centres                       3     0.063    0.694      0.120
Planar groups                        4     0.000    0.004      0.020
VDW nonbonded                        1     0.043    0.215      0.200
VDW torsion                          8     0.129    0.646      0.200



====== CYCLE 12 ======

 weight = 1.0000e+00
 geom_x = 15.898111104613676
 geom_a = 0
 geom_q = 0
 geom_c = 0.0
f0= 1.5898e+01
using cgsolve in c++, ic=False
diag(geom) min= 601.759135 max= 16926.556545
diag(all) min= 601.759135 max= 16926.556545
Trying gamma equal 0.138600
Convergence reached after 17 iterations with no gamma cycles
min(dx) = -0.0012067995661949299
max(dx) = 0.0009516288861313426
mean(dx)= -5.059697748613128e-05
vdws = 71
atoms = 22
pairs = 131
 geom_x = 15.891607795233028
 geom_a = 0
 geom_q = 0
 geom_c = 0.0
f1, 0= 1.5892e+01
                          N restraints  r.m.s.d.  r.m.s.Z  Mn(sigma)
Bond distances, non H               11     0.008    0.422      0.016
Bond distances, H                   11     0.000    0.013      0.016
Bond angles, non H                  15     2.589    0.866      2.300
Bond angles, H                      26     0.944    0.368      2.006
Torsion angles, period 3             2     2.290    0.229     10.000
Chiral centres                       3     0.063    0.695      0.120
Planar groups                        4     0.000    0.004      0.020
VDW nonbonded                        1     0.042    0.210      0.200
VDW torsion                          8     0.129    0.645      0.200



====== CYCLE 13 ======

 weight = 1.0000e+00
 geom_x = 15.891607795233028
 geom_a = 0
 geom_q = 0
 geom_c = 0.0
f0= 1.5892e+01
using cgsolve in c++, ic=False
diag(geom) min= 602.350987 max= 16926.429927
diag(all) min= 602.350987 max= 16926.429927
Trying gamma equal 0.138600
Convergence reached after 17 iterations with no gamma cycles
min(dx) = -0.0011443369149878768
max(dx) = 0.0009478917997599246
mean(dx)= -4.787533562134202e-05
vdws = 71
atoms = 22
pairs = 131
 geom_x = 15.885634783921697
 geom_a = 0
 geom_q = 0
 geom_c = 0.0
f1, 0= 1.5886e+01
                          N restraints  r.m.s.d.  r.m.s.Z  Mn(sigma)
Bond distances, non H               11     0.008    0.423      0.016
Bond distances, H                   11     0.000    0.013      0.016
Bond angles, non H                  15     2.592    0.867      2.300
Bond angles, H                      26     0.943    0.368      2.006
Torsion angles, period 3             2     2.269    0.227     10.000
Chiral centres                       3     0.063    0.695      0.120
Planar groups                        4     0.000    0.003      0.020
VDW nonbonded                        1     0.041    0.205      0.200
VDW torsion                          8     0.129    0.644      0.200



====== CYCLE 14 ======

 weight = 1.0000e+00
 geom_x = 15.885634783921697
 geom_a = 0
 geom_q = 0
 geom_c = 0.0
f0= 1.5886e+01
using cgsolve in c++, ic=False
diag(geom) min= 602.899781 max= 16926.304109
diag(all) min= 602.899781 max= 16926.304109
Trying gamma equal 0.138600
Convergence reached after 17 iterations with no gamma cycles
min(dx) = -0.0010858284914509512
max(dx) = 0.0009429106355782304
mean(dx)= -4.534434248090034e-05
vdws = 71
atoms = 22
pairs = 131
 geom_x = 15.880113484075174
 geom_a = 0
 geom_q = 0
 geom_c = 0.0
f1, 0= 1.5880e+01
                          N restraints  r.m.s.d.  r.m.s.Z  Mn(sigma)
Bond distances, non H               11     0.008    0.423      0.016
Bond distances, H                   11     0.000    0.013      0.016
Bond angles, non H                  15     2.595    0.868      2.300
Bond angles, H                      26     0.943    0.368      2.006
Torsion angles, period 3             2     2.249    0.225     10.000
Chiral centres                       3     0.063    0.696      0.120
Planar groups                        4     0.000    0.003      0.020
VDW nonbonded                        1     0.040    0.200      0.200
VDW torsion                          8     0.129    0.644      0.200



====== CYCLE 15 ======

 weight = 1.0000e+00
 geom_x = 15.880113484075174
 geom_a = 0
 geom_q = 0
 geom_c = 0.0
f0= 1.5880e+01
using cgsolve in c++, ic=False
diag(geom) min= 603.408007 max= 16926.178759
diag(all) min= 603.408007 max= 16926.178759
Trying gamma equal 0.138600
Convergence reached after 17 iterations with no gamma cycles
min(dx) = -0.0010363441988017132
max(dx) = 0.0009368917673662755
mean(dx)= -4.298920467020711e-05
vdws = 71
atoms = 22
pairs = 131
 geom_x = 15.874979212064902
 geom_a = 0
 geom_q = 0
 geom_c = 0.0
f1, 0= 1.5875e+01
                          N restraints  r.m.s.d.  r.m.s.Z  Mn(sigma)
Bond distances, non H               11     0.008    0.423      0.016
Bond distances, H                   11     0.000    0.013      0.016
Bond angles, non H                  15     2.598    0.869      2.300
Bond angles, H                      26     0.942    0.368      2.006
Torsion angles, period 3             2     2.229    0.223     10.000
Chiral centres                       3     0.063    0.697      0.120
Planar groups                        4     0.000    0.002      0.020
VDW nonbonded                        1     0.039    0.196      0.200
VDW torsion                          8     0.129    0.643      0.200



====== CYCLE 16 ======

 weight = 1.0000e+00
 geom_x = 15.874979212064902
 geom_a = 0
 geom_q = 0
 geom_c = 0.0
f0= 1.5875e+01
using cgsolve in c++, ic=False
diag(geom) min= 603.878341 max= 16926.053673
diag(all) min= 603.878341 max= 16926.053673
Trying gamma equal 0.138600
Convergence reached after 16 iterations with no gamma cycles
min(dx) = -0.0010078047803642866
max(dx) = 0.0009300173811381344
mean(dx)= -4.079763486669811e-05
vdws = 71
atoms = 22
pairs = 131
 geom_x = 15.870178520342101
 geom_a = 0
 geom_q = 0
 geom_c = 0.0
f1, 0= 1.5870e+01
                          N restraints  r.m.s.d.  r.m.s.Z  Mn(sigma)
Bond distances, non H               11     0.008    0.423      0.016
Bond distances, H                   11     0.000    0.013      0.016
Bond angles, non H                  15     2.600    0.870      2.300
Bond angles, H                      26     0.942    0.368      2.006
Torsion angles, period 3             2     2.209    0.221     10.000
Chiral centres                       3     0.064    0.697      0.120
Planar groups                        4     0.000    0.002      0.020
VDW nonbonded                        1     0.038    0.191      0.200
VDW torsion                          8     0.128    0.642      0.200



====== CYCLE 17 ======

 weight = 1.0000e+00
 geom_x = 15.870178520342101
 geom_a = 0
 geom_q = 0
 geom_c = 0.0
f0= 1.5870e+01
using cgsolve in c++, ic=False
diag(geom) min= 604.313543 max= 16925.928753
diag(all) min= 604.313543 max= 16925.928753
Trying gamma equal 0.138600
Convergence reached after 16 iterations with no gamma cycles
min(dx) = -0.000980408040397797
max(dx) = 0.0009224381355794075
mean(dx)= -3.8760637406160807e-05
vdws = 71
atoms = 22
pairs = 131
 geom_x = 15.865667088539317
 geom_a = 0
 geom_q = 0
 geom_c = 0.0
f1, 0= 1.5866e+01
                          N restraints  r.m.s.d.  r.m.s.Z  Mn(sigma)
Bond distances, non H               11     0.008    0.424      0.016
Bond distances, H                   11     0.000    0.013      0.016
Bond angles, non H                  15     2.602    0.870      2.300
Bond angles, H                      26     0.942    0.368      2.006
Torsion angles, period 3             2     2.189    0.219     10.000
Chiral centres                       3     0.064    0.697      0.120
Planar groups                        4     0.000    0.001      0.020
VDW nonbonded                        1     0.037    0.187      0.200
VDW torsion                          8     0.128    0.642      0.200



====== CYCLE 18 ======

 weight = 1.0000e+00
 geom_x = 15.865667088539317
 geom_a = 0
 geom_q = 0
 geom_c = 0.0
f0= 1.5866e+01
using cgsolve in c++, ic=False
diag(geom) min= 604.716389 max= 16925.804166
diag(all) min= 604.716389 max= 16925.804166
Trying gamma equal 0.138600
Convergence reached after 16 iterations with no gamma cycles
min(dx) = -0.0009541488167605972
max(dx) = 0.0009142890979980691
mean(dx)= -3.686702037443043e-05
vdws = 71
atoms = 22
pairs = 131
 geom_x = 15.861408037678911
 geom_a = 0
 geom_q = 0
 geom_c = 0.0
f1, 0= 1.5861e+01
                          N restraints  r.m.s.d.  r.m.s.Z  Mn(sigma)
Bond distances, non H               11     0.008    0.424      0.016
Bond distances, H                   11     0.000    0.013      0.016
Bond angles, non H                  15     2.604    0.871      2.300
Bond angles, H                      26     0.941    0.367      2.006
Torsion angles, period 3             2     2.170    0.217     10.000
Chiral centres                       3     0.064    0.698      0.120
Planar groups                        4     0.000    0.001      0.020
VDW nonbonded                        1     0.037    0.184      0.200
VDW torsion                          8     0.128    0.641      0.200



====== CYCLE 19 ======

 weight = 1.0000e+00
 geom_x = 15.861408037678911
 geom_a = 0
 geom_q = 0
 geom_c = 0.0
f0= 1.5861e+01
using cgsolve in c++, ic=False
diag(geom) min= 605.089545 max= 16925.680000
diag(all) min= 605.089545 max= 16925.680000
Trying gamma equal 0.138600
Convergence reached after 16 iterations with no gamma cycles
min(dx) = -0.0009290148584495219
max(dx) = 0.0009056870387983829
mean(dx)= -3.5107756831321424e-05
vdws = 71
atoms = 22
pairs = 131
 geom_x = 15.85737057402953
 geom_a = 0
 geom_q = 0
 geom_c = 0.0
f1, 0= 1.5857e+01
                          N restraints  r.m.s.d.  r.m.s.Z  Mn(sigma)
Bond distances, non H               11     0.008    0.424      0.016
Bond distances, H                   11     0.000    0.013      0.016
Bond angles, non H                  15     2.606    0.872      2.300
Bond angles, H                      26     0.941    0.367      2.006
Torsion angles, period 3             2     2.150    0.215     10.000
Chiral centres                       3     0.064    0.698      0.120
Planar groups                        4     0.000    0.000      0.020
VDW nonbonded                        1     0.036    0.180      0.200
VDW torsion                          8     0.128    0.641      0.200



====== CYCLE 20 ======

 weight = 1.0000e+00
 geom_x = 15.85737057402953
 geom_a = 0
 geom_q = 0
 geom_c = 0.0
f0= 1.5857e+01
using cgsolve in c++, ic=False
diag(geom) min= 605.435539 max= 16925.556429
diag(all) min= 605.435539 max= 16925.556429
Trying gamma equal 0.138600
Convergence reached after 16 iterations with no gamma cycles
min(dx) = -0.0009049779451717613
max(dx) = 0.0008967307418053579
mean(dx)= -3.347387883782205e-05
vdws = 71
atoms = 22
pairs = 131
 geom_x = 15.853528893784615
 geom_a = 0
 geom_q = 0
 geom_c = 0.0
f1, 0= 1.5854e+01
                          N restraints  r.m.s.d.  r.m.s.Z  Mn(sigma)
Bond distances, non H               11     0.008    0.424      0.016
Bond distances, H                   11     0.000    0.013      0.016
Bond angles, non H                  15     2.607    0.872      2.300
Bond angles, H                      26     0.941    0.367      2.006
Torsion angles, period 3             2     2.131    0.213     10.000
Chiral centres                       3     0.064    0.698      0.120
Planar groups                        4     0.000    0.000      0.020
VDW nonbonded                        1     0.035    0.177      0.200
VDW torsion                          8     0.128    0.641      0.200



====== CYCLE 21 ======

 weight = 1.0000e+00
 geom_x = 15.853528893784615
 geom_a = 0
 geom_q = 0
 geom_c = 0.0
f0= 1.5854e+01
using cgsolve in c++, ic=False
diag(geom) min= 605.756735 max= 16925.433642
diag(all) min= 605.756735 max= 16925.433642
Trying gamma equal 0.138600
Convergence reached after 16 iterations with no gamma cycles
min(dx) = -0.0008820015841975128
max(dx) = 0.0008875043157790165
mean(dx)= -3.1956716820106125e-05
vdws = 71
atoms = 22
pairs = 131
 geom_x = 15.849861295436492
 geom_a = 0
 geom_q = 0
 geom_c = 0.0
f1, 0= 1.5850e+01
                          N restraints  r.m.s.d.  r.m.s.Z  Mn(sigma)
Bond distances, non H               11     0.008    0.424      0.016
Bond distances, H                   11     0.000    0.013      0.016
Bond angles, non H                  15     2.608    0.873      2.300
Bond angles, H                      26     0.941    0.367      2.006
Torsion angles, period 3             2     2.112    0.211     10.000
Chiral centres                       3     0.064    0.699      0.120
Planar groups                        4     0.000    0.001      0.020
VDW nonbonded                        1     0.035    0.173      0.200
VDW torsion                          8     0.128    0.640      0.200



====== CYCLE 22 ======

 weight = 1.0000e+00
 geom_x = 15.849861295436492
 geom_a = 0
 geom_q = 0
 geom_c = 0.0
f0= 1.5850e+01
using cgsolve in c++, ic=False
diag(geom) min= 606.055318 max= 16925.311829
diag(all) min= 606.055318 max= 16925.311829
Trying gamma equal 0.138600
Convergence reached after 16 iterations with no gamma cycles
min(dx) = -0.000860044754297229
max(dx) = 0.0008780792268900139
mean(dx)= -3.054796521824974e-05
vdws = 71
atoms = 22
pairs = 131
 geom_x = 15.846349458556995
 geom_a = 0
 geom_q = 0
 geom_c = 0.0
f1, 0= 1.5846e+01
                          N restraints  r.m.s.d.  r.m.s.Z  Mn(sigma)
Bond distances, non H               11     0.008    0.424      0.016
Bond distances, H                   11     0.000    0.013      0.016
Bond angles, non H                  15     2.609    0.873      2.300
Bond angles, H                      26     0.941    0.367      2.006
Torsion angles, period 3             2     2.094    0.209     10.000
Chiral centres                       3     0.064    0.699      0.120
Planar groups                        4     0.000    0.001      0.020
VDW nonbonded                        1     0.034    0.170      0.200
VDW torsion                          8     0.128    0.640      0.200



====== CYCLE 23 ======

 weight = 1.0000e+00
 geom_x = 15.846349458556995
 geom_a = 0
 geom_q = 0
 geom_c = 0.0
f0= 1.5846e+01
using cgsolve in c++, ic=False
diag(geom) min= 606.333296 max= 16925.191168
diag(all) min= 606.333296 max= 16925.191168
Trying gamma equal 0.138600
Convergence reached after 16 iterations with no gamma cycles
min(dx) = -0.000839064225113443
max(dx) = 0.0008685160430724486
mean(dx)= -2.9239716667582774e-05
vdws = 71
atoms = 22
pairs = 131
 geom_x = 15.84297785640428
 geom_a = 0
 geom_q = 0
 geom_c = 0.0
f1, 0= 1.5843e+01
                          N restraints  r.m.s.d.  r.m.s.Z  Mn(sigma)
Bond distances, non H               11     0.008    0.424      0.016
Bond distances, H                   11     0.000    0.013      0.016
Bond angles, non H                  15     2.610    0.873      2.300
Bond angles, H                      26     0.940    0.367      2.006
Torsion angles, period 3             2     2.076    0.208     10.000
Chiral centres                       3     0.064    0.699      0.120
Planar groups                        4     0.000    0.001      0.020
VDW nonbonded                        1     0.033    0.167      0.200
VDW torsion                          8     0.128    0.640      0.200



====== CYCLE 24 ======

 weight = 1.0000e+00
 geom_x = 15.84297785640428
 geom_a = 0
 geom_q = 0
 geom_c = 0.0
f0= 1.5843e+01
using cgsolve in c++, ic=False
diag(geom) min= 606.592501 max= 16925.071822
diag(all) min= 606.592501 max= 16925.071822
Trying gamma equal 0.138600
Convergence reached after 16 iterations with no gamma cycles
min(dx) = -0.0008190160430419871
max(dx) = 0.0008588659557689537
mean(dx)= -2.802448442044736e-05
vdws = 71
atoms = 22
pairs = 131
 geom_x = 15.839733276465966
 geom_a = 0
 geom_q = 0
 geom_c = 0.0
f1, 0= 1.5840e+01
                          N restraints  r.m.s.d.  r.m.s.Z  Mn(sigma)
Bond distances, non H               11     0.008    0.424      0.016
Bond distances, H                   11     0.000    0.013      0.016
Bond angles, non H                  15     2.611    0.874      2.300
Bond angles, H                      26     0.940    0.367      2.006
Torsion angles, period 3             2     2.058    0.206     10.000
Chiral centres                       3     0.064    0.699      0.120
Planar groups                        4     0.000    0.002      0.020
VDW nonbonded                        1     0.033    0.165      0.200
VDW torsion                          8     0.128    0.640      0.200



====== CYCLE 25 ======

 weight = 1.0000e+00
 geom_x = 15.839733276465966
 geom_a = 0
 geom_q = 0
 geom_c = 0.0
f0= 1.5840e+01
using cgsolve in c++, ic=False
diag(geom) min= 606.834604 max= 16924.953934
diag(all) min= 606.834604 max= 16924.953934
Trying gamma equal 0.138600
Convergence reached after 16 iterations with no gamma cycles
min(dx) = -0.0007998564869488405
max(dx) = 0.000849172102005648
mean(dx)= -2.6895215340126003e-05
vdws = 71
atoms = 22
pairs = 131
 geom_x = 15.836604428271812
 geom_a = 0
 geom_q = 0
 geom_c = 0.0
f1, 0= 1.5837e+01
                          N restraints  r.m.s.d.  r.m.s.Z  Mn(sigma)
Bond distances, non H               11     0.008    0.424      0.016
Bond distances, H                   11     0.000    0.013      0.016
Bond angles, non H                  15     2.612    0.874      2.300
Bond angles, H                      26     0.940    0.367      2.006
Torsion angles, period 3             2     2.040    0.204     10.000
Chiral centres                       3     0.064    0.699      0.120
Planar groups                        4     0.000    0.002      0.020
VDW nonbonded                        1     0.032    0.162      0.200
VDW torsion                          8     0.128    0.639      0.200



====== CYCLE 26 ======

 weight = 1.0000e+00
 geom_x = 15.836604428271812
 geom_a = 0
 geom_q = 0
 geom_c = 0.0
f0= 1.5837e+01
using cgsolve in c++, ic=False
diag(geom) min= 607.061125 max= 16924.837629
diag(all) min= 607.061125 max= 16924.837629
Trying gamma equal 0.138600
Convergence reached after 16 iterations with no gamma cycles
min(dx) = -0.0007815426799594273
max(dx) = 0.0008394707070427047
mean(dx)= -2.584529437706972e-05
vdws = 71
atoms = 22
pairs = 131
 geom_x = 15.833581621914071
 geom_a = 0
 geom_q = 0
 geom_c = 0.0
f1, 0= 1.5834e+01
                          N restraints  r.m.s.d.  r.m.s.Z  Mn(sigma)
Bond distances, non H               11     0.008    0.424      0.016
Bond distances, H                   11     0.000    0.013      0.016
Bond angles, non H                  15     2.613    0.874      2.300
Bond angles, H                      26     0.940    0.367      2.006
Torsion angles, period 3             2     2.022    0.202     10.000
Chiral centres                       3     0.064    0.699      0.120
Planar groups                        4     0.000    0.002      0.020
VDW nonbonded                        1     0.032    0.159      0.200
VDW torsion                          8     0.128    0.639      0.200



====== CYCLE 27 ======

 weight = 1.0000e+00
 geom_x = 15.833581621914071
 geom_a = 0
 geom_q = 0
 geom_c = 0.0
f0= 1.5834e+01
using cgsolve in c++, ic=False
diag(geom) min= 607.273442 max= 16924.723011
diag(all) min= 607.273442 max= 16924.723011
Trying gamma equal 0.138600
Convergence reached after 16 iterations with no gamma cycles
min(dx) = -0.0007640329755101171
max(dx) = 0.0008297920680062287
mean(dx)= -2.48685417091776e-05
vdws = 71
atoms = 22
pairs = 131
 geom_x = 15.83065650397396
 geom_a = 0
 geom_q = 0
 geom_c = 0.0
f1, 0= 1.5831e+01
                          N restraints  r.m.s.d.  r.m.s.Z  Mn(sigma)
Bond distances, non H               11     0.008    0.424      0.016
Bond distances, H                   11     0.000    0.013      0.016
Bond angles, non H                  15     2.613    0.874      2.300
Bond angles, H                      26     0.940    0.367      2.006
Torsion angles, period 3             2     2.005    0.201     10.000
Chiral centres                       3     0.064    0.699      0.120
Planar groups                        4     0.000    0.003      0.020
VDW nonbonded                        1     0.031    0.157      0.200
VDW torsion                          8     0.128    0.639      0.200



====== CYCLE 28 ======

 weight = 1.0000e+00
 geom_x = 15.83065650397396
 geom_a = 0
 geom_q = 0
 geom_c = 0.0
f0= 1.5831e+01
using cgsolve in c++, ic=False
diag(geom) min= 607.472808 max= 16924.610167
diag(all) min= 607.472808 max= 16924.610167
Trying gamma equal 0.138600
Convergence reached after 16 iterations with no gamma cycles
min(dx) = -0.0007472871933993537
max(dx) = 0.0008201613983546108
mean(dx)= -2.3959203877840966e-05
vdws = 71
atoms = 22
pairs = 131
 geom_x = 15.827821840140167
 geom_a = 0
 geom_q = 0
 geom_c = 0.0
f1, 0= 1.5828e+01
                          N restraints  r.m.s.d.  r.m.s.Z  Mn(sigma)
Bond distances, non H               11     0.008    0.424      0.016
Bond distances, H                   11     0.000    0.013      0.016
Bond angles, non H                  15     2.614    0.874      2.300
Bond angles, H                      26     0.940    0.367      2.006
Torsion angles, period 3             2     1.988    0.199     10.000
Chiral centres                       3     0.064    0.700      0.120
Planar groups                        4     0.000    0.003      0.020
VDW nonbonded                        1     0.031    0.154      0.200
VDW torsion                          8     0.128    0.639      0.200



====== CYCLE 29 ======

 weight = 1.0000e+00
 geom_x = 15.827821840140167
 geom_a = 0
 geom_q = 0
 geom_c = 0.0
f0= 1.5828e+01
using cgsolve in c++, ic=False
diag(geom) min= 607.660361 max= 16924.499167
diag(all) min= 607.660361 max= 16924.499167
Trying gamma equal 0.138600
Convergence reached after 16 iterations with no gamma cycles
min(dx) = -0.0007312667551157121
max(dx) = 0.0008105995519474804
mean(dx)= -2.3111940236777026e-05
vdws = 71
atoms = 22
pairs = 131
 geom_x = 15.825071335876842
 geom_a = 0
 geom_q = 0
 geom_c = 0.0
f1, 0= 1.5825e+01
                          N restraints  r.m.s.d.  r.m.s.Z  Mn(sigma)
Bond distances, non H               11     0.008    0.424      0.016
Bond distances, H                   11     0.000    0.013      0.016
Bond angles, non H                  15     2.614    0.874      2.300
Bond angles, H                      26     0.940    0.367      2.006
Torsion angles, period 3             2     1.972    0.197     10.000
Chiral centres                       3     0.064    0.700      0.120
Planar groups                        4     0.000    0.003      0.020
VDW nonbonded                        1     0.030    0.152      0.200
VDW torsion                          8     0.128    0.639      0.200



====== CYCLE 30 ======

 weight = 1.0000e+00
 geom_x = 15.825071335876842
 geom_a = 0
 geom_q = 0
 geom_c = 0.0
f0= 1.5825e+01
using cgsolve in c++, ic=False
diag(geom) min= 607.837133 max= 16924.390065
diag(all) min= 607.837133 max= 16924.390065
Trying gamma equal 0.138600
Convergence reached after 15 iterations with no gamma cycles
min(dx) = -0.0007159394060226877
max(dx) = 0.000801114123747403
mean(dx)= -2.232157996048983e-05
vdws = 71
atoms = 22
pairs = 131
 geom_x = 15.822399488144326
 geom_a = 0
 geom_q = 0
 geom_c = 0.0
f1, 0= 1.5822e+01
                          N restraints  r.m.s.d.  r.m.s.Z  Mn(sigma)
Bond distances, non H               11     0.008    0.424      0.016
Bond distances, H                   11     0.000    0.013      0.016
Bond angles, non H                  15     2.614    0.875      2.300
Bond angles, H                      26     0.940    0.367      2.006
Torsion angles, period 3             2     1.955    0.196     10.000
Chiral centres                       3     0.064    0.700      0.120
Planar groups                        4     0.000    0.003      0.020
VDW nonbonded                        1     0.030    0.150      0.200
VDW torsion                          8     0.128    0.639      0.200


$TABLE: stats vs cycle :
$GRAPHS
: Geometry :A:1,2,4:
: Geometry Z :A:1,5,3:
$$
 Ncyc  rmsBOND  zBOND  rmsANGL  zANGL
$$
$$
    0   0.0130 0.7084   2.2769 0.7649
    1   0.0082 0.4434   2.4779 0.8293
    2   0.0077 0.4190   2.5204 0.8433
    3   0.0077 0.4169   2.5367 0.8486
    4   0.0077 0.4175   2.5466 0.8519
    5   0.0077 0.4184   2.5543 0.8545
    6   0.0077 0.4192   2.5609 0.8567
    7   0.0077 0.4198   2.5667 0.8587
    8   0.0077 0.4204   2.5719 0.8604
    9   0.0077 0.4209   2.5766 0.8620
   10   0.0077 0.4214   2.5810 0.8634
   11   0.0077 0.4218   2.5851 0.8648
   12   0.0078 0.4222   2.5887 0.8660
   13   0.0078 0.4225   2.5920 0.8671
   14   0.0078 0.4228   2.5950 0.8681
   15   0.0078 0.4231   2.5976 0.8690
   16   0.0078 0.4233   2.6000 0.8698
   17   0.0078 0.4235   2.6021 0.8705
   18   0.0078 0.4237   2.6040 0.8711
   19   0.0078 0.4238   2.6056 0.8717
   20   0.0078 0.4240   2.6071 0.8721
   21   0.0078 0.4241   2.6083 0.8726
   22   0.0078 0.4242   2.6095 0.8729
   23   0.0078 0.4243   2.6104 0.8733
   24   0.0078 0.4243   2.6113 0.8736
   25   0.0078 0.4244   2.6120 0.8738
   26   0.0078 0.4244   2.6126 0.8740
   27   0.0078 0.4244   2.6131 0.8742
   28   0.0078 0.4245   2.6135 0.8743
   29   0.0078 0.4245   2.6139 0.8744
   30   0.0078 0.4245   2.6141 0.8745
$$

Updated dictionary saved: cys-epx_link_TMP/LIG_for_link_TMP/mol_1_conf_10_updated.cif
Refinement statistics saved: cys-epx_link_TMP/LIG_for_link_TMP/mol_1_conf_10_stats.json

# Finished on 2026-06-14 11:42:29.982520

=========END OF PROCESS INFORMATION ==========
