
============ PROCESS INFORMATION =============
# Servalcat ver. 0.4.128 (Python 3.9.18)
# Library vers. gemmi 0.7.4, scipy 1.7.3, numpy 1.19.5, pandas 1.3.5
# Started on 2026-06-14 11:42:46.456453
# Host: Mac.lan User: hilgersmt
# Command-line:
# servalcat --logfile cys-epx_link_TMP/LIG_for_link_TMP/servalcat.log refine_geom --update_dictionary cys-epx_link_TMP/LIG_for_link_TMP/mol_1_conf_19_init.cif -o cys-epx_link_TMP/LIG_for_link_TMP/mol_1_conf_19 --randomize 0.01
Config loaded
--
refine:
  atom_selection:
    xyz:
      include:
      - '*'
      exclude: []
      exclude_restraint: []
    adp:
      include: []
      exclude: []
      exclude_restraint: []
    occ:
      include: []
      exclude: []
      exclude_restraint: []
    dfrac:
      include: []
      exclude: []
      exclude_restraint: []
  occ_groups: []
  occ_group_constraints: []
  occ_group_const_mu: 10.0
  occ_group_const_mu_update_factor: 1.1
  occ_group_const_mu_update_tol_rel: 0.25
  occ_group_const_mu_update_tol_abs: 0.01
  initialisation:
    adp: {}
    occ: {}
    dfrac: {}
  write_trajectory: false
--
Reading monomers from /Applications/ccp4-9/lib/data/monomers/
Monomer not in the library: LIG.
Reading monomer: cys-epx_link_TMP/LIG_for_link_TMP/mol_1_conf_19_init.cif
Monomer library loaded: 1 monomers, 109 links, 133 modifications
       loaded monomers: LIG

Checking if unknown atoms exist..
Creating restraints..

Chain info:
 chain 
  ligands: LIG (1 residues)

Number of refinement parameters:
       n_params  n_atoms  n_atoms_geom_only  n_atoms_data_only
xyz          11       11                  0                  0
adp           0        0                  0                  0
occ           0        0                  0                  0
dfrac         0        0                  0                  0

Randomizing structure with rmsd of 0.01
Torsion angle rules:
 include:
  {'group': 'peptide', 'tors_name': 'chi*'}
  {'link': '*', 'tors_name': 'omega'}
  {'residue': '*', 'tors_name': 'sp2_sp2*'}
  {'link': '*', 'tors_name': 'sp2_sp2*'}
 exclude:
  none
External restraints from Refmac instructions
 Number of distances          : 0
 Number of angles             : 0
 Number of torsions           : 0
 Number of chirals            : 0
 Number of planes             : 0
 Number of intervals          : 0
 Number of stackings          : 0
 Number of harmonics          : 0
 Number of special positions  : 0

Running 10 cycles with wchir=4 wvdw=2 without hydrogen
Geometry weights
vdws = 15
atoms = 11
pairs = 38
 *** Bond distances outliers (Z >= 5) ***

    atom1     atom2  value  ideal  sigma     z
/LIG 1/C3 /LIG 1/O7  1.375  1.251  0.018 6.765

                       N restraints  r.m.s.d.  r.m.s.Z  Mn(sigma)
Bond distances, non H            11     0.047    2.813      0.016
Bond angles, non H               15     5.156    2.176      2.300
Chiral centres                    3     0.123    1.142      0.120
Planar groups                     4     0.008    0.388      0.020
VDW nonbonded                     3     0.200    1.001      0.200
VDW torsion                       6     0.173    0.863      0.200


====== CYCLE  1 ======

 weight = 1.0000e+00
 geom_x = 125.56506872429586
 geom_a = 0
 geom_q = 0
 geom_c = 0.0
f0= 1.2557e+02
using cgsolve in c++, ic=False
diag(geom) min= 470.532049 max= 22202.824400
diag(all) min= 470.532049 max= 22202.824400
Trying gamma equal 0.000000
Not converging with gamma equal 0.000000
Trying gamma equal 0.052500
Gamma decreased to 0.042000
min(dx) = -0.09124212484215
max(dx) = 0.15353079474423442
mean(dx)= 0.005263143529086253
vdws = 16
atoms = 11
pairs = 39
 geom_x = 23.540249306914433
 geom_a = 0
 geom_q = 0
 geom_c = 0.0
f1, 0= 2.3540e+01
                       N restraints  r.m.s.d.  r.m.s.Z  Mn(sigma)
Bond distances, non H            11     0.011    0.615      0.016
Bond angles, non H               15     3.313    1.115      2.300
Chiral centres                    3     0.015    0.139      0.120
Planar groups                     4     0.001    0.036      0.020
VDW nonbonded                     3     0.151    0.755      0.200
VDW torsion                       3     0.235    1.173      0.200



====== CYCLE  2 ======

 weight = 1.0000e+00
 geom_x = 23.540249306914433
 geom_a = 0
 geom_q = 0
 geom_c = 0.0
f0= 2.3540e+01
using cgsolve in c++, ic=False
diag(geom) min= 426.777352 max= 23613.052032
diag(all) min= 426.777352 max= 23613.052032
Trying gamma equal 0.042000
Not converging with gamma equal 0.042000
Trying gamma equal 0.094500
Gamma decreased to 0.084000
min(dx) = -0.020444838960188907
max(dx) = 0.034877996242708605
mean(dx)= 0.0018524096596323307
vdws = 16
atoms = 11
pairs = 39
 geom_x = 21.17335909977802
 geom_a = 0
 geom_q = 0
 geom_c = 0.0
f1, 0= 2.1173e+01
                       N restraints  r.m.s.d.  r.m.s.Z  Mn(sigma)
Bond distances, non H            11     0.011    0.584      0.016
Bond angles, non H               15     2.937    0.987      2.300
Chiral centres                    3     0.012    0.093      0.120
Planar groups                     4     0.001    0.045      0.020
VDW nonbonded                     3     0.136    0.679      0.200
VDW torsion                       3     0.245    1.226      0.200



====== CYCLE  3 ======

 weight = 1.0000e+00
 geom_x = 21.17335909977802
 geom_a = 0
 geom_q = 0
 geom_c = 0.0
f0= 2.1173e+01
using cgsolve in c++, ic=False
diag(geom) min= 411.386918 max= 23571.717430
diag(all) min= 411.386918 max= 23571.717430
Trying gamma equal 0.084000
Not converging with gamma equal 0.084000
Trying gamma equal 0.136500
Not converging with gamma equal 0.136500
Trying gamma equal 0.191625
Not converging with gamma equal 0.191625
Trying gamma equal 0.249506
Gamma decreased to 0.237930
min(dx) = -0.006741173247135133
max(dx) = 0.01176299095097252
mean(dx)= 0.0005795663545536811
vdws = 16
atoms = 11
pairs = 39
 geom_x = 20.575421828092914
 geom_a = 0
 geom_q = 0
 geom_c = 0.0
f1, 0= 2.0575e+01
                       N restraints  r.m.s.d.  r.m.s.Z  Mn(sigma)
Bond distances, non H            11     0.011    0.578      0.016
Bond angles, non H               15     2.834    0.953      2.300
Chiral centres                    3     0.012    0.094      0.120
Planar groups                     4     0.001    0.047      0.020
VDW nonbonded                     3     0.131    0.653      0.200
VDW torsion                       3     0.247    1.235      0.200



====== CYCLE  4 ======

 weight = 1.0000e+00
 geom_x = 20.575421828092914
 geom_a = 0
 geom_q = 0
 geom_c = 0.0
f0= 2.0575e+01
using cgsolve in c++, ic=False
diag(geom) min= 406.885296 max= 23535.724157
diag(all) min= 406.885296 max= 23535.724157
Trying gamma equal 0.237930
Convergence reached after 15 iterations with no gamma cycles
min(dx) = -0.0061624223917811985
max(dx) = 0.011224270866470258
mean(dx)= 0.0005426542090791799
vdws = 16
atoms = 11
pairs = 39
 geom_x = 20.034900548099912
 geom_a = 0
 geom_q = 0
 geom_c = 0.0
f1, 0= 2.0035e+01
                       N restraints  r.m.s.d.  r.m.s.Z  Mn(sigma)
Bond distances, non H            11     0.010    0.576      0.016
Bond angles, non H               15     2.747    0.924      2.300
Chiral centres                    3     0.012    0.093      0.120
Planar groups                     4     0.001    0.044      0.020
VDW nonbonded                     3     0.126    0.628      0.200
VDW torsion                       3     0.248    1.240      0.200



====== CYCLE  5 ======

 weight = 1.0000e+00
 geom_x = 20.034900548099912
 geom_a = 0
 geom_q = 0
 geom_c = 0.0
f0= 2.0035e+01
using cgsolve in c++, ic=False
diag(geom) min= 401.392273 max= 23496.135802
diag(all) min= 401.392273 max= 23496.135802
Trying gamma equal 0.237930
Convergence reached after 14 iterations with no gamma cycles
min(dx) = -0.005578572432725439
max(dx) = 0.010501120598874857
mean(dx)= 0.0004907011095618093
vdws = 16
atoms = 11
pairs = 39
 geom_x = 19.557358309614198
 geom_a = 0
 geom_q = 0
 geom_c = 0.0
f1, 0= 1.9557e+01
                       N restraints  r.m.s.d.  r.m.s.Z  Mn(sigma)
Bond distances, non H            11     0.010    0.575      0.016
Bond angles, non H               15     2.674    0.900      2.300
Chiral centres                    3     0.012    0.092      0.120
Planar groups                     4     0.001    0.040      0.020
VDW nonbonded                     3     0.121    0.604      0.200
VDW torsion                       3     0.249    1.243      0.200



====== CYCLE  6 ======

 weight = 1.0000e+00
 geom_x = 19.557358309614198
 geom_a = 0
 geom_q = 0
 geom_c = 0.0
f0= 1.9557e+01
using cgsolve in c++, ic=False
diag(geom) min= 396.548077 max= 23453.447026
diag(all) min= 396.548077 max= 23453.447026
Trying gamma equal 0.237930
Convergence reached after 14 iterations with no gamma cycles
min(dx) = -0.0051378377929571315
max(dx) = 0.009922999942472205
mean(dx)= 0.0004534099589025732
vdws = 16
atoms = 11
pairs = 39
 geom_x = 19.129762165045587
 geom_a = 0
 geom_q = 0
 geom_c = 0.0
f1, 0= 1.9130e+01
                       N restraints  r.m.s.d.  r.m.s.Z  Mn(sigma)
Bond distances, non H            11     0.010    0.575      0.016
Bond angles, non H               15     2.613    0.879      2.300
Chiral centres                    3     0.011    0.091      0.120
Planar groups                     4     0.001    0.037      0.020
VDW nonbonded                     3     0.116    0.582      0.200
VDW torsion                       3     0.249    1.243      0.200



====== CYCLE  7 ======

 weight = 1.0000e+00
 geom_x = 19.129762165045587
 geom_a = 0
 geom_q = 0
 geom_c = 0.0
f0= 1.9130e+01
using cgsolve in c++, ic=False
diag(geom) min= 392.238736 max= 23408.088366
diag(all) min= 392.238736 max= 23408.088366
Trying gamma equal 0.237930
Convergence reached after 14 iterations with no gamma cycles
min(dx) = -0.004787205684535144
max(dx) = 0.009425174538810732
mean(dx)= 0.0004249462042164451
vdws = 16
atoms = 11
pairs = 39
 geom_x = 18.74365128496351
 geom_a = 0
 geom_q = 0
 geom_c = 0.0
f1, 0= 1.8744e+01
                       N restraints  r.m.s.d.  r.m.s.Z  Mn(sigma)
Bond distances, non H            11     0.010    0.575      0.016
Bond angles, non H               15     2.560    0.862      2.300
Chiral centres                    3     0.011    0.091      0.120
Planar groups                     4     0.001    0.035      0.020
VDW nonbonded                     3     0.112    0.560      0.200
VDW torsion                       3     0.249    1.243      0.200



====== CYCLE  8 ======

 weight = 1.0000e+00
 geom_x = 18.74365128496351
 geom_a = 0
 geom_q = 0
 geom_c = 0.0
f0= 1.8744e+01
using cgsolve in c++, ic=False
diag(geom) min= 388.361281 max= 23360.594631
diag(all) min= 388.361281 max= 23360.594631
Trying gamma equal 0.237930
Convergence reached after 14 iterations with no gamma cycles
min(dx) = -0.0045003935257172285
max(dx) = 0.00898014741934763
mean(dx)= 0.0004016038743377695
vdws = 16
atoms = 11
pairs = 39
 geom_x = 18.39302841504205
 geom_a = 0
 geom_q = 0
 geom_c = 0.0
f1, 0= 1.8393e+01
                       N restraints  r.m.s.d.  r.m.s.Z  Mn(sigma)
Bond distances, non H            11     0.010    0.575      0.016
Bond angles, non H               15     2.513    0.847      2.300
Chiral centres                    3     0.011    0.090      0.120
Planar groups                     4     0.001    0.033      0.020
VDW nonbonded                     3     0.108    0.539      0.200
VDW torsion                       3     0.248    1.242      0.200



====== CYCLE  9 ======

 weight = 1.0000e+00
 geom_x = 18.39302841504205
 geom_a = 0
 geom_q = 0
 geom_c = 0.0
f0= 1.8393e+01
using cgsolve in c++, ic=False
diag(geom) min= 384.835919 max= 23311.486920
diag(all) min= 384.835919 max= 23311.486920
Trying gamma equal 0.237930
Convergence reached after 14 iterations with no gamma cycles
min(dx) = -0.004260517676890308
max(dx) = 0.008573904573331459
mean(dx)= 0.0003813055943186068
vdws = 16
atoms = 11
pairs = 39
 geom_x = 18.073360888192894
 geom_a = 0
 geom_q = 0
 geom_c = 0.0
f1, 0= 1.8073e+01
                       N restraints  r.m.s.d.  r.m.s.Z  Mn(sigma)
Bond distances, non H            11     0.011    0.575      0.016
Bond angles, non H               15     2.473    0.833      2.300
Chiral centres                    3     0.011    0.090      0.120
Planar groups                     4     0.001    0.031      0.020
VDW nonbonded                     3     0.104    0.519      0.200
VDW torsion                       3     0.248    1.241      0.200



====== CYCLE 10 ======

 weight = 1.0000e+00
 geom_x = 18.073360888192894
 geom_a = 0
 geom_q = 0
 geom_c = 0.0
f0= 1.8073e+01
using cgsolve in c++, ic=False
diag(geom) min= 381.601933 max= 23261.236606
diag(all) min= 381.601933 max= 23261.236606
Trying gamma equal 0.237930
Convergence reached after 13 iterations with no gamma cycles
min(dx) = -0.00405567380316904
max(dx) = 0.008198313864189873
mean(dx)= 0.0003629032712213129
vdws = 16
atoms = 11
pairs = 39
 geom_x = 17.781052316171547
 geom_a = 0
 geom_q = 0
 geom_c = 0.0
f1, 0= 1.7781e+01
                       N restraints  r.m.s.d.  r.m.s.Z  Mn(sigma)
Bond distances, non H            11     0.011    0.575      0.016
Bond angles, non H               15     2.436    0.821      2.300
Chiral centres                    3     0.011    0.089      0.120
Planar groups                     4     0.001    0.030      0.020
VDW nonbonded                     3     0.100    0.499      0.200
VDW torsion                       3     0.248    1.239      0.200


$TABLE: stats vs cycle :
$GRAPHS
: Geometry :A:1,4,2:
: Geometry Z :A:1,5,3:
$$
 Ncyc  rmsBOND  zBOND  rmsANGL  zANGL
$$
$$
    0   0.0466 2.8134   5.1563 2.1758
    1   0.0115 0.6154   3.3132 1.1146
    2   0.0106 0.5838   2.9365 0.9870
    3   0.0105 0.5778   2.8336 0.9527
    4   0.0105 0.5761   2.7465 0.9238
    5   0.0105 0.5755   2.6741 0.8998
    6   0.0105 0.5752   2.6126 0.8794
    7   0.0105 0.5752   2.5595 0.8619
    8   0.0105 0.5752   2.5133 0.8466
    9   0.0105 0.5752   2.4726 0.8332
   10   0.0105 0.5752   2.4365 0.8213
$$

Running 30 cycles with wchir=1 wvdw=2 without hydrogen
Geometry weights
vdws = 16
atoms = 11
pairs = 39
                       N restraints  r.m.s.d.  r.m.s.Z  Mn(sigma)
Bond distances, non H            11     0.011    0.575      0.016
Bond angles, non H               15     2.436    0.821      2.300
Chiral centres                    3     0.011    0.089      0.120
Planar groups                     4     0.001    0.030      0.020
VDW nonbonded                     3     0.100    0.499      0.200
VDW torsion                       3     0.248    1.239      0.200


====== CYCLE  1 ======

 weight = 1.0000e+00
 geom_x = 17.601781833168815
 geom_a = 0
 geom_q = 0
 geom_c = 0.0
f0= 1.7602e+01
using cgsolve in c++, ic=False
diag(geom) min= 378.612906 max= 11748.643133
diag(all) min= 378.612906 max= 11748.643133
Trying gamma equal 0.237930
Convergence reached after 16 iterations with no gamma cycles
min(dx) = -0.019062032883468454
max(dx) = 0.012700299102078106
mean(dx)= -0.00028894591496011015
vdws = 16
atoms = 11
pairs = 39
 geom_x = 16.140334036047786
 geom_a = 0
 geom_q = 0
 geom_c = 0.0
f1, 0= 1.6140e+01
                       N restraints  r.m.s.d.  r.m.s.Z  Mn(sigma)
Bond distances, non H            11     0.007    0.382      0.016
Bond angles, non H               15     2.480    0.835      2.300
Chiral centres                    3     0.056    0.524      0.120
Planar groups                     4     0.001    0.043      0.020
VDW nonbonded                     2     0.112    0.559      0.200
VDW torsion                       3     0.237    1.186      0.200



====== CYCLE  2 ======

 weight = 1.0000e+00
 geom_x = 16.140334036047786
 geom_a = 0
 geom_q = 0
 geom_c = 0.0
f0= 1.6140e+01
using cgsolve in c++, ic=False
diag(geom) min= 374.695217 max= 11727.373934
diag(all) min= 374.695217 max= 11727.373934
Trying gamma equal 0.237930
Convergence reached after 17 iterations with no gamma cycles
min(dx) = -0.009223509172761615
max(dx) = 0.011489712976847137
mean(dx)= -2.0675062716104077e-05
vdws = 16
atoms = 11
pairs = 39
 geom_x = 15.680112801042437
 geom_a = 0
 geom_q = 0
 geom_c = 0.0
f1, 0= 1.5680e+01
                       N restraints  r.m.s.d.  r.m.s.Z  Mn(sigma)
Bond distances, non H            11     0.007    0.372      0.016
Bond angles, non H               15     2.475    0.834      2.300
Chiral centres                    3     0.067    0.593      0.120
Planar groups                     4     0.001    0.039      0.020
VDW nonbonded                     2     0.103    0.516      0.200
VDW torsion                       3     0.232    1.162      0.200



====== CYCLE  3 ======

 weight = 1.0000e+00
 geom_x = 15.680112801042437
 geom_a = 0
 geom_q = 0
 geom_c = 0.0
f0= 1.5680e+01
using cgsolve in c++, ic=False
diag(geom) min= 370.437782 max= 11714.067073
diag(all) min= 370.437782 max= 11714.067073
Trying gamma equal 0.237930
Convergence reached after 16 iterations with no gamma cycles
min(dx) = -0.007001540934388672
max(dx) = 0.010295048456895165
mean(dx)= -8.636662770476728e-06
vdws = 16
atoms = 11
pairs = 39
 geom_x = 15.327343715518209
 geom_a = 0
 geom_q = 0
 geom_c = 0.0
f1, 0= 1.5327e+01
                       N restraints  r.m.s.d.  r.m.s.Z  Mn(sigma)
Bond distances, non H            11     0.007    0.374      0.016
Bond angles, non H               15     2.452    0.827      2.300
Chiral centres                    3     0.071    0.612      0.120
Planar groups                     4     0.001    0.035      0.020
VDW nonbonded                     2     0.096    0.479      0.200
VDW torsion                       3     0.230    1.151      0.200



====== CYCLE  4 ======

 weight = 1.0000e+00
 geom_x = 15.327343715518209
 geom_a = 0
 geom_q = 0
 geom_c = 0.0
f0= 1.5327e+01
using cgsolve in c++, ic=False
diag(geom) min= 366.536451 max= 11703.782008
diag(all) min= 366.536451 max= 11703.782008
Trying gamma equal 0.237930
Convergence reached after 15 iterations with no gamma cycles
min(dx) = -0.006079957426112379
max(dx) = 0.00941176817245866
mean(dx)= -5.2599176592197465e-05
vdws = 16
atoms = 11
pairs = 39
 geom_x = 15.03444694837463
 geom_a = 0
 geom_q = 0
 geom_c = 0.0
f1, 0= 1.5034e+01
                       N restraints  r.m.s.d.  r.m.s.Z  Mn(sigma)
Bond distances, non H            11     0.007    0.376      0.016
Bond angles, non H               15     2.430    0.820      2.300
Chiral centres                    3     0.073    0.621      0.120
Planar groups                     4     0.001    0.032      0.020
VDW nonbonded                     2     0.089    0.447      0.200
VDW torsion                       3     0.229    1.143      0.200



====== CYCLE  5 ======

 weight = 1.0000e+00
 geom_x = 15.03444694837463
 geom_a = 0
 geom_q = 0
 geom_c = 0.0
f0= 1.5034e+01
using cgsolve in c++, ic=False
diag(geom) min= 362.921018 max= 11695.240796
diag(all) min= 362.921018 max= 11695.240796
Trying gamma equal 0.237930
Convergence reached after 15 iterations with no gamma cycles
min(dx) = -0.005469093844317086
max(dx) = 0.00872476771638814
mean(dx)= -8.26022460038374e-05
vdws = 16
atoms = 11
pairs = 39
 geom_x = 14.786680921454504
 geom_a = 0
 geom_q = 0
 geom_c = 0.0
f1, 0= 1.4787e+01
                       N restraints  r.m.s.d.  r.m.s.Z  Mn(sigma)
Bond distances, non H            11     0.007    0.377      0.016
Bond angles, non H               15     2.412    0.814      2.300
Chiral centres                    3     0.075    0.625      0.120
Planar groups                     4     0.001    0.030      0.020
VDW nonbonded                     2     0.084    0.418      0.200
VDW torsion                       3     0.227    1.137      0.200



====== CYCLE  6 ======

 weight = 1.0000e+00
 geom_x = 14.786680921454504
 geom_a = 0
 geom_q = 0
 geom_c = 0.0
f0= 1.4787e+01
using cgsolve in c++, ic=False
diag(geom) min= 359.532295 max= 11687.838630
diag(all) min= 359.532295 max= 11687.838630
Trying gamma equal 0.237930
Convergence reached after 14 iterations with no gamma cycles
min(dx) = -0.004984492231722672
max(dx) = 0.008153162873163616
mean(dx)= -9.840216163682697e-05
vdws = 16
atoms = 11
pairs = 39
 geom_x = 14.575431877178634
 geom_a = 0
 geom_q = 0
 geom_c = 0.0
f1, 0= 1.4575e+01
                       N restraints  r.m.s.d.  r.m.s.Z  Mn(sigma)
Bond distances, non H            11     0.007    0.378      0.016
Bond angles, non H               15     2.398    0.809      2.300
Chiral centres                    3     0.076    0.627      0.120
Planar groups                     4     0.001    0.028      0.020
VDW nonbonded                     2     0.079    0.393      0.200
VDW torsion                       3     0.226    1.131      0.200



====== CYCLE  7 ======

 weight = 1.0000e+00
 geom_x = 14.575431877178634
 geom_a = 0
 geom_q = 0
 geom_c = 0.0
f0= 1.4575e+01
using cgsolve in c++, ic=False
diag(geom) min= 356.342545 max= 11681.223702
diag(all) min= 356.342545 max= 11681.223702
Trying gamma equal 0.237930
Convergence reached after 14 iterations with no gamma cycles
min(dx) = -0.004574008139762401
max(dx) = 0.0076572620987087284
mean(dx)= -0.00010527123103118737
vdws = 16
atoms = 11
pairs = 39
 geom_x = 14.394516522940172
 geom_a = 0
 geom_q = 0
 geom_c = 0.0
f1, 0= 1.4395e+01
                       N restraints  r.m.s.d.  r.m.s.Z  Mn(sigma)
Bond distances, non H            11     0.007    0.379      0.016
Bond angles, non H               15     2.386    0.805      2.300
Chiral centres                    3     0.076    0.628      0.120
Planar groups                     4     0.001    0.026      0.020
VDW nonbonded                     2     0.074    0.370      0.200
VDW torsion                       3     0.225    1.125      0.200



====== CYCLE  8 ======

 weight = 1.0000e+00
 geom_x = 14.394516522940172
 geom_a = 0
 geom_q = 0
 geom_c = 0.0
f0= 1.4395e+01
using cgsolve in c++, ic=False
diag(geom) min= 353.334919 max= 11675.180814
diag(all) min= 353.334919 max= 11675.180814
Trying gamma equal 0.237930
Convergence reached after 14 iterations with no gamma cycles
min(dx) = -0.004215918036551642
max(dx) = 0.00721555889544414
mean(dx)= -0.00010706348336784217
vdws = 16
atoms = 11
pairs = 39
 geom_x = 14.239081882506827
 geom_a = 0
 geom_q = 0
 geom_c = 0.0
f1, 0= 1.4239e+01
                       N restraints  r.m.s.d.  r.m.s.Z  Mn(sigma)
Bond distances, non H            11     0.007    0.380      0.016
Bond angles, non H               15     2.376    0.802      2.300
Chiral centres                    3     0.077    0.628      0.120
Planar groups                     4     0.000    0.024      0.020
VDW nonbonded                     2     0.070    0.350      0.200
VDW torsion                       3     0.224    1.121      0.200



====== CYCLE  9 ======

 weight = 1.0000e+00
 geom_x = 14.239081882506827
 geom_a = 0
 geom_q = 0
 geom_c = 0.0
f0= 1.4239e+01
using cgsolve in c++, ic=False
diag(geom) min= 350.495661 max= 11669.571490
diag(all) min= 350.495661 max= 11669.571490
Trying gamma equal 0.237930
Convergence reached after 14 iterations with no gamma cycles
min(dx) = -0.003898406719244485
max(dx) = 0.006817480827167368
mean(dx)= -0.0001060483574593389
vdws = 16
atoms = 11
pairs = 39
 geom_x = 14.105161920017686
 geom_a = 0
 geom_q = 0
 geom_c = 0.0
f1, 0= 1.4105e+01
                       N restraints  r.m.s.d.  r.m.s.Z  Mn(sigma)
Bond distances, non H            11     0.007    0.381      0.016
Bond angles, non H               15     2.369    0.800      2.300
Chiral centres                    3     0.077    0.627      0.120
Planar groups                     4     0.000    0.023      0.020
VDW nonbonded                     2     0.066    0.332      0.200
VDW torsion                       3     0.223    1.116      0.200



====== CYCLE 10 ======

 weight = 1.0000e+00
 geom_x = 14.105161920017686
 geom_a = 0
 geom_q = 0
 geom_c = 0.0
f0= 1.4105e+01
using cgsolve in c++, ic=False
diag(geom) min= 347.810931 max= 11664.304015
diag(all) min= 347.810931 max= 11664.304015
Trying gamma equal 0.237930
Convergence reached after 14 iterations with no gamma cycles
min(dx) = -0.0036140249324275926
max(dx) = 0.006456494759413263
mean(dx)= -0.00010352759125594888
vdws = 16
atoms = 11
pairs = 39
 geom_x = 13.989454463900351
 geom_a = 0
 geom_q = 0
 geom_c = 0.0
f1, 0= 1.3989e+01
                       N restraints  r.m.s.d.  r.m.s.Z  Mn(sigma)
Bond distances, non H            11     0.007    0.382      0.016
Bond angles, non H               15     2.362    0.798      2.300
Chiral centres                    3     0.077    0.627      0.120
Planar groups                     4     0.000    0.022      0.020
VDW nonbonded                     2     0.063    0.316      0.200
VDW torsion                       3     0.222    1.112      0.200



====== CYCLE 11 ======

 weight = 1.0000e+00
 geom_x = 13.989454463900351
 geom_a = 0
 geom_q = 0
 geom_c = 0.0
f0= 1.3989e+01
using cgsolve in c++, ic=False
diag(geom) min= 345.266888 max= 11659.315253
diag(all) min= 345.266888 max= 11659.315253
Trying gamma equal 0.237930
Convergence reached after 13 iterations with no gamma cycles
min(dx) = -0.0033576676397386825
max(dx) = 0.00612766954210775
mean(dx)= -0.00010025291609667308
vdws = 16
atoms = 11
pairs = 39
 geom_x = 13.889185961298775
 geom_a = 0
 geom_q = 0
 geom_c = 0.0
f1, 0= 1.3889e+01
                       N restraints  r.m.s.d.  r.m.s.Z  Mn(sigma)
Bond distances, non H            11     0.007    0.383      0.016
Bond angles, non H               15     2.357    0.796      2.300
Chiral centres                    3     0.077    0.626      0.120
Planar groups                     4     0.000    0.020      0.020
VDW nonbonded                     2     0.060    0.302      0.200
VDW torsion                       3     0.222    1.109      0.200



====== CYCLE 12 ======

 weight = 1.0000e+00
 geom_x = 13.889185961298775
 geom_a = 0
 geom_q = 0
 geom_c = 0.0
f0= 1.3889e+01
using cgsolve in c++, ic=False
diag(geom) min= 342.850384 max= 11654.559618
diag(all) min= 342.850384 max= 11654.559618
Trying gamma equal 0.237930
Convergence reached after 13 iterations with no gamma cycles
min(dx) = -0.0031256691706193036
max(dx) = 0.005828376062567959
mean(dx)= -9.665756720619474e-05
vdws = 16
atoms = 11
pairs = 39
 geom_x = 13.802017202800688
 geom_a = 0
 geom_q = 0
 geom_c = 0.0
f1, 0= 1.3802e+01
                       N restraints  r.m.s.d.  r.m.s.Z  Mn(sigma)
Bond distances, non H            11     0.007    0.384      0.016
Bond angles, non H               15     2.354    0.795      2.300
Chiral centres                    3     0.077    0.625      0.120
Planar groups                     4     0.000    0.019      0.020
VDW nonbonded                     2     0.058    0.289      0.200
VDW torsion                       3     0.221    1.105      0.200



====== CYCLE 13 ======

 weight = 1.0000e+00
 geom_x = 13.802017202800688
 geom_a = 0
 geom_q = 0
 geom_c = 0.0
f0= 1.3802e+01
using cgsolve in c++, ic=False
diag(geom) min= 340.548467 max= 11650.003918
diag(all) min= 340.548467 max= 11650.003918
Trying gamma equal 0.237930
Convergence reached after 13 iterations with no gamma cycles
min(dx) = -0.002915138505738398
max(dx) = 0.0055550507998686
mean(dx)= -9.300356611121858e-05
vdws = 16
atoms = 11
pairs = 39
 geom_x = 13.72597144596094
 geom_a = 0
 geom_q = 0
 geom_c = 0.0
f1, 0= 1.3726e+01
                       N restraints  r.m.s.d.  r.m.s.Z  Mn(sigma)
Bond distances, non H            11     0.007    0.384      0.016
Bond angles, non H               15     2.350    0.794      2.300
Chiral centres                    3     0.077    0.624      0.120
Planar groups                     4     0.000    0.018      0.020
VDW nonbonded                     2     0.056    0.278      0.200
VDW torsion                       3     0.220    1.102      0.200



====== CYCLE 14 ======

 weight = 1.0000e+00
 geom_x = 13.72597144596094
 geom_a = 0
 geom_q = 0
 geom_c = 0.0
f0= 1.3726e+01
using cgsolve in c++, ic=False
diag(geom) min= 338.349650 max= 11645.621618
diag(all) min= 338.349650 max= 11645.621618
Trying gamma equal 0.237930
Convergence reached after 13 iterations with no gamma cycles
min(dx) = -0.0027237717005784636
max(dx) = 0.005305163124850257
mean(dx)= -8.943996838254324e-05
vdws = 16
atoms = 11
pairs = 39
 geom_x = 13.659376740411762
 geom_a = 0
 geom_q = 0
 geom_c = 0.0
f1, 0= 1.3659e+01
                       N restraints  r.m.s.d.  r.m.s.Z  Mn(sigma)
Bond distances, non H            11     0.007    0.385      0.016
Bond angles, non H               15     2.348    0.793      2.300
Chiral centres                    3     0.076    0.623      0.120
Planar groups                     4     0.000    0.017      0.020
VDW nonbonded                     2     0.053    0.267      0.200
VDW torsion                       3     0.220    1.099      0.200



====== CYCLE 15 ======

 weight = 1.0000e+00
 geom_x = 13.659376740411762
 geom_a = 0
 geom_q = 0
 geom_c = 0.0
f0= 1.3659e+01
using cgsolve in c++, ic=False
diag(geom) min= 336.243612 max= 11641.391584
diag(all) min= 336.243612 max= 11641.391584
Trying gamma equal 0.237930
Convergence reached after 13 iterations with no gamma cycles
min(dx) = -0.002549645382910459
max(dx) = 0.005076426472395591
mean(dx)= -8.605317569831455e-05
vdws = 16
atoms = 11
pairs = 39
 geom_x = 13.600818363769907
 geom_a = 0
 geom_q = 0
 geom_c = 0.0
f1, 0= 1.3601e+01
                       N restraints  r.m.s.d.  r.m.s.Z  Mn(sigma)
Bond distances, non H            11     0.007    0.386      0.016
Bond angles, non H               15     2.346    0.793      2.300
Chiral centres                    3     0.076    0.622      0.120
Planar groups                     4     0.000    0.017      0.020
VDW nonbonded                     2     0.052    0.259      0.200
VDW torsion                       3     0.219    1.097      0.200



====== CYCLE 16 ======

 weight = 1.0000e+00
 geom_x = 13.600818363769907
 geom_a = 0
 geom_q = 0
 geom_c = 0.0
f0= 1.3601e+01
using cgsolve in c++, ic=False
diag(geom) min= 334.221208 max= 11637.296412
diag(all) min= 334.221208 max= 11637.296412
Trying gamma equal 0.237930
Convergence reached after 13 iterations with no gamma cycles
min(dx) = -0.00239110787986631
max(dx) = 0.004866767109667063
mean(dx)= -8.28919078026071e-05
vdws = 16
atoms = 11
pairs = 39
 geom_x = 13.549099038044458
 geom_a = 0
 geom_q = 0
 geom_c = 0.0
f1, 0= 1.3549e+01
                       N restraints  r.m.s.d.  r.m.s.Z  Mn(sigma)
Bond distances, non H            11     0.007    0.386      0.016
Bond angles, non H               15     2.344    0.792      2.300
Chiral centres                    3     0.076    0.620      0.120
Planar groups                     4     0.000    0.016      0.020
VDW nonbonded                     2     0.050    0.251      0.200
VDW torsion                       3     0.219    1.095      0.200



====== CYCLE 17 ======

 weight = 1.0000e+00
 geom_x = 13.549099038044458
 geom_a = 0
 geom_q = 0
 geom_c = 0.0
f0= 1.3549e+01
using cgsolve in c++, ic=False
diag(geom) min= 332.274421 max= 11633.321383
diag(all) min= 332.274421 max= 11633.321383
Trying gamma equal 0.237930
Convergence reached after 13 iterations with no gamma cycles
min(dx) = -0.0022467150163858075
max(dx) = 0.004674299540850054
mean(dx)= -7.998204533547483e-05
vdws = 16
atoms = 11
pairs = 39
 geom_x = 13.503205418760572
 geom_a = 0
 geom_q = 0
 geom_c = 0.0
f1, 0= 1.3503e+01
                       N restraints  r.m.s.d.  r.m.s.Z  Mn(sigma)
Bond distances, non H            11     0.007    0.387      0.016
Bond angles, non H               15     2.343    0.792      2.300
Chiral centres                    3     0.076    0.619      0.120
Planar groups                     4     0.000    0.015      0.020
VDW nonbonded                     2     0.049    0.244      0.200
VDW torsion                       3     0.219    1.093      0.200



====== CYCLE 18 ======

 weight = 1.0000e+00
 geom_x = 13.503205418760572
 geom_a = 0
 geom_q = 0
 geom_c = 0.0
f0= 1.3503e+01
using cgsolve in c++, ic=False
diag(geom) min= 330.396292 max= 11629.453790
diag(all) min= 330.396292 max= 11629.453790
Trying gamma equal 0.237930
Convergence reached after 13 iterations with no gamma cycles
min(dx) = -0.0021151877168105594
max(dx) = 0.004497330912596451
mean(dx)= -7.73338856574183e-05
vdws = 15
atoms = 11
pairs = 38
 geom_x = 13.462279771432172
 geom_a = 0
 geom_q = 0
 geom_c = 0.0
f1, 0= 1.3462e+01
                       N restraints  r.m.s.d.  r.m.s.Z  Mn(sigma)
Bond distances, non H            11     0.007    0.387      0.016
Bond angles, non H               15     2.341    0.792      2.300
Chiral centres                    3     0.076    0.618      0.120
Planar groups                     4     0.000    0.014      0.020
VDW nonbonded                     2     0.048    0.238      0.200
VDW torsion                       3     0.218    1.091      0.200



====== CYCLE 19 ======

 weight = 1.0000e+00
 geom_x = 13.462279771432172
 geom_a = 0
 geom_q = 0
 geom_c = 0.0
f0= 1.3462e+01
using cgsolve in c++, ic=False
diag(geom) min= 328.580807 max= 11625.682506
diag(all) min= 328.580807 max= 11625.682506
Trying gamma equal 0.237930
Convergence reached after 13 iterations with no gamma cycles
min(dx) = -0.001995381193989784
max(dx) = 0.00433434263905941
mean(dx)= -7.49476802710355e-05
vdws = 15
atoms = 11
pairs = 38
 geom_x = 13.425595997120555
 geom_a = 0
 geom_q = 0
 geom_c = 0.0
f1, 0= 1.3426e+01
                       N restraints  r.m.s.d.  r.m.s.Z  Mn(sigma)
Bond distances, non H            11     0.007    0.388      0.016
Bond angles, non H               15     2.340    0.791      2.300
Chiral centres                    3     0.075    0.617      0.120
Planar groups                     4     0.000    0.014      0.020
VDW nonbonded                     2     0.047    0.233      0.200
VDW torsion                       3     0.218    1.089      0.200



====== CYCLE 20 ======

 weight = 1.0000e+00
 geom_x = 13.425595997120555
 geom_a = 0
 geom_q = 0
 geom_c = 0.0
f0= 1.3426e+01
using cgsolve in c++, ic=False
diag(geom) min= 326.822785 max= 11621.997678
diag(all) min= 326.822785 max= 11621.997678
Trying gamma equal 0.237930
Convergence reached after 13 iterations with no gamma cycles
min(dx) = -0.0019479621097539088
max(dx) = 0.00418397344139067
mean(dx)= -7.281715183633167e-05
vdws = 15
atoms = 11
pairs = 38
 geom_x = 13.39253932945353
 geom_a = 0
 geom_q = 0
 geom_c = 0.0
f1, 0= 1.3393e+01
                       N restraints  r.m.s.d.  r.m.s.Z  Mn(sigma)
Bond distances, non H            11     0.007    0.388      0.016
Bond angles, non H               15     2.339    0.791      2.300
Chiral centres                    3     0.075    0.616      0.120
Planar groups                     4     0.000    0.013      0.020
VDW nonbonded                     2     0.046    0.228      0.200
VDW torsion                       3     0.217    1.087      0.200



====== CYCLE 21 ======

 weight = 1.0000e+00
 geom_x = 13.39253932945353
 geom_a = 0
 geom_q = 0
 geom_c = 0.0
f0= 1.3393e+01
using cgsolve in c++, ic=False
diag(geom) min= 325.117773 max= 11618.390512
diag(all) min= 325.117773 max= 11618.390512
Trying gamma equal 0.237930
Convergence reached after 13 iterations with no gamma cycles
min(dx) = -0.0019041146062701156
max(dx) = 0.004045003845729211
mean(dx)= -7.093180510795417e-05
vdws = 15
atoms = 11
pairs = 38
 geom_x = 13.362589141481756
 geom_a = 0
 geom_q = 0
 geom_c = 0.0
f1, 0= 1.3363e+01
                       N restraints  r.m.s.d.  r.m.s.Z  Mn(sigma)
Bond distances, non H            11     0.007    0.388      0.016
Bond angles, non H               15     2.339    0.791      2.300
Chiral centres                    3     0.075    0.614      0.120
Planar groups                     4     0.000    0.013      0.020
VDW nonbonded                     2     0.045    0.225      0.200
VDW torsion                       3     0.217    1.086      0.200



====== CYCLE 22 ======

 weight = 1.0000e+00
 geom_x = 13.362589141481756
 geom_a = 0
 geom_q = 0
 geom_c = 0.0
f0= 1.3363e+01
using cgsolve in c++, ic=False
diag(geom) min= 323.461946 max= 11614.853122
diag(all) min= 323.461946 max= 11614.853122
Trying gamma equal 0.237930
Convergence reached after 13 iterations with no gamma cycles
min(dx) = -0.0018612134170178274
max(dx) = 0.003916341774423274
mean(dx)= -6.927850353754721e-05
vdws = 14
atoms = 11
pairs = 37
 geom_x = 13.335304390384003
 geom_a = 0
 geom_q = 0
 geom_c = 0.0
f1, 0= 1.3335e+01
                       N restraints  r.m.s.d.  r.m.s.Z  Mn(sigma)
Bond distances, non H            11     0.007    0.389      0.016
Bond angles, non H               15     2.338    0.791      2.300
Chiral centres                    3     0.075    0.613      0.120
Planar groups                     4     0.000    0.012      0.020
VDW nonbonded                     2     0.044    0.222      0.200
VDW torsion                       3     0.217    1.084      0.200



====== CYCLE 23 ======

 weight = 1.0000e+00
 geom_x = 13.335304390384003
 geom_a = 0
 geom_q = 0
 geom_c = 0.0
f0= 1.3335e+01
using cgsolve in c++, ic=False
diag(geom) min= 321.852020 max= 11611.378397
diag(all) min= 321.852020 max= 11611.378397
Trying gamma equal 0.237930
Convergence reached after 13 iterations with no gamma cycles
min(dx) = -0.001819315187863732
max(dx) = 0.0037970092990430794
mean(dx)= -6.784258055619274e-05
vdws = 14
atoms = 11
pairs = 37
 geom_x = 13.310311300499642
 geom_a = 0
 geom_q = 0
 geom_c = 0.0
f1, 0= 1.3310e+01
                       N restraints  r.m.s.d.  r.m.s.Z  Mn(sigma)
Bond distances, non H            11     0.007    0.389      0.016
Bond angles, non H               15     2.337    0.790      2.300
Chiral centres                    3     0.075    0.612      0.120
Planar groups                     4     0.000    0.012      0.020
VDW nonbonded                     2     0.044    0.219      0.200
VDW torsion                       3     0.217    1.083      0.200



====== CYCLE 24 ======

 weight = 1.0000e+00
 geom_x = 13.310311300499642
 geom_a = 0
 geom_q = 0
 geom_c = 0.0
f0= 1.3310e+01
using cgsolve in c++, ic=False
diag(geom) min= 320.285179 max= 11607.959916
diag(all) min= 320.285179 max= 11607.959916
Trying gamma equal 0.237930
Convergence reached after 13 iterations with no gamma cycles
min(dx) = -0.001778462084501832
max(dx) = 0.003686130936586362
mean(dx)= -6.660861990975238e-05
vdws = 14
atoms = 11
pairs = 37
 geom_x = 13.28729294532167
 geom_a = 0
 geom_q = 0
 geom_c = 0.0
f1, 0= 1.3287e+01
                       N restraints  r.m.s.d.  r.m.s.Z  Mn(sigma)
Bond distances, non H            11     0.007    0.389      0.016
Bond angles, non H               15     2.336    0.790      2.300
Chiral centres                    3     0.074    0.611      0.120
Planar groups                     4     0.000    0.012      0.020
VDW nonbonded                     2     0.043    0.217      0.200
VDW torsion                       3     0.216    1.082      0.200



====== CYCLE 25 ======

 weight = 1.0000e+00
 geom_x = 13.28729294532167
 geom_a = 0
 geom_q = 0
 geom_c = 0.0
f0= 1.3287e+01
using cgsolve in c++, ic=False
diag(geom) min= 318.759001 max= 11604.591864
diag(all) min= 318.759001 max= 11604.591864
Trying gamma equal 0.237930
Convergence reached after 13 iterations with no gamma cycles
min(dx) = -0.00173868281936668
max(dx) = 0.0035829235039001863
mean(dx)= -6.556096558987079e-05
vdws = 14
atoms = 11
pairs = 37
 geom_x = 13.265980439765208
 geom_a = 0
 geom_q = 0
 geom_c = 0.0
f1, 0= 1.3266e+01
                       N restraints  r.m.s.d.  r.m.s.Z  Mn(sigma)
Bond distances, non H            11     0.007    0.389      0.016
Bond angles, non H               15     2.335    0.790      2.300
Chiral centres                    3     0.074    0.610      0.120
Planar groups                     4     0.000    0.011      0.020
VDW nonbonded                     2     0.043    0.215      0.200
VDW torsion                       3     0.216    1.081      0.200



====== CYCLE 26 ======

 weight = 1.0000e+00
 geom_x = 13.265980439765208
 geom_a = 0
 geom_q = 0
 geom_c = 0.0
f0= 1.3266e+01
using cgsolve in c++, ic=False
diag(geom) min= 317.271404 max= 11601.268967
diag(all) min= 317.271404 max= 11601.268967
Trying gamma equal 0.237930
Convergence reached after 14 iterations with no gamma cycles
min(dx) = -0.0016999686412432526
max(dx) = 0.0034867888449955776
mean(dx)= -6.46846585381884e-05
vdws = 14
atoms = 11
pairs = 37
 geom_x = 13.246145497165417
 geom_a = 0
 geom_q = 0
 geom_c = 0.0
f1, 0= 1.3246e+01
                       N restraints  r.m.s.d.  r.m.s.Z  Mn(sigma)
Bond distances, non H            11     0.007    0.390      0.016
Bond angles, non H               15     2.334    0.790      2.300
Chiral centres                    3     0.074    0.608      0.120
Planar groups                     4     0.000    0.011      0.020
VDW nonbonded                     2     0.043    0.213      0.200
VDW torsion                       3     0.216    1.080      0.200



====== CYCLE 27 ======

 weight = 1.0000e+00
 geom_x = 13.246145497165417
 geom_a = 0
 geom_q = 0
 geom_c = 0.0
f0= 1.3246e+01
using cgsolve in c++, ic=False
diag(geom) min= 315.820511 max= 11597.986413
diag(all) min= 315.820511 max= 11597.986413
Trying gamma equal 0.237930
Convergence reached after 14 iterations with no gamma cycles
min(dx) = -0.001662374477167188
max(dx) = 0.003396834529831881
mean(dx)= -6.396455925804337e-05
vdws = 14
atoms = 11
pairs = 37
 geom_x = 13.227594140683273
 geom_a = 0
 geom_q = 0
 geom_c = 0.0
f1, 0= 1.3228e+01
                       N restraints  r.m.s.d.  r.m.s.Z  Mn(sigma)
Bond distances, non H            11     0.007    0.390      0.016
Bond angles, non H               15     2.334    0.789      2.300
Chiral centres                    3     0.074    0.607      0.120
Planar groups                     4     0.000    0.010      0.020
VDW nonbonded                     2     0.042    0.212      0.200
VDW torsion                       3     0.216    1.079      0.200



====== CYCLE 28 ======

 weight = 1.0000e+00
 geom_x = 13.227594140683273
 geom_a = 0
 geom_q = 0
 geom_c = 0.0
f0= 1.3228e+01
using cgsolve in c++, ic=False
diag(geom) min= 314.404891 max= 11594.739845
diag(all) min= 314.404891 max= 11594.739845
Trying gamma equal 0.237930
Convergence reached after 14 iterations with no gamma cycles
min(dx) = -0.0016258790193386758
max(dx) = 0.003312711697001231
mean(dx)= -6.338361896309485e-05
vdws = 14
atoms = 11
pairs = 37
 geom_x = 13.210161395488829
 geom_a = 0
 geom_q = 0
 geom_c = 0.0
f1, 0= 1.3210e+01
                       N restraints  r.m.s.d.  r.m.s.Z  Mn(sigma)
Bond distances, non H            11     0.007    0.390      0.016
Bond angles, non H               15     2.333    0.789      2.300
Chiral centres                    3     0.073    0.606      0.120
Planar groups                     4     0.000    0.010      0.020
VDW nonbonded                     2     0.042    0.211      0.200
VDW torsion                       3     0.216    1.078      0.200



====== CYCLE 29 ======

 weight = 1.0000e+00
 geom_x = 13.210161395488829
 geom_a = 0
 geom_q = 0
 geom_c = 0.0
f0= 1.3210e+01
using cgsolve in c++, ic=False
diag(geom) min= 313.023155 max= 11591.525360
diag(all) min= 313.023155 max= 11591.525360
Trying gamma equal 0.237930
Convergence reached after 14 iterations with no gamma cycles
min(dx) = -0.0015904696421657055
max(dx) = 0.0032338664705698823
mean(dx)= -6.292896996987508e-05
vdws = 14
atoms = 11
pairs = 37
 geom_x = 13.193706805760662
 geom_a = 0
 geom_q = 0
 geom_c = 0.0
f1, 0= 1.3194e+01
                       N restraints  r.m.s.d.  r.m.s.Z  Mn(sigma)
Bond distances, non H            11     0.007    0.390      0.016
Bond angles, non H               15     2.332    0.789      2.300
Chiral centres                    3     0.073    0.605      0.120
Planar groups                     4     0.000    0.010      0.020
VDW nonbonded                     2     0.042    0.210      0.200
VDW torsion                       3     0.215    1.077      0.200



====== CYCLE 30 ======

 weight = 1.0000e+00
 geom_x = 13.193706805760662
 geom_a = 0
 geom_q = 0
 geom_c = 0.0
f0= 1.3194e+01
using cgsolve in c++, ic=False
diag(geom) min= 311.674123 max= 11588.339375
diag(all) min= 311.674123 max= 11588.339375
Trying gamma equal 0.237930
Convergence reached after 14 iterations with no gamma cycles
min(dx) = -0.0015901539285259035
max(dx) = 0.00315983858252993
mean(dx)= -6.258734102801276e-05
vdws = 14
atoms = 11
pairs = 37
 geom_x = 13.178110651637201
 geom_a = 0
 geom_q = 0
 geom_c = 0.0
f1, 0= 1.3178e+01
                       N restraints  r.m.s.d.  r.m.s.Z  Mn(sigma)
Bond distances, non H            11     0.007    0.390      0.016
Bond angles, non H               15     2.331    0.789      2.300
Chiral centres                    3     0.073    0.604      0.120
Planar groups                     4     0.000    0.010      0.020
VDW nonbonded                     2     0.042    0.210      0.200
VDW torsion                       3     0.215    1.077      0.200


$TABLE: stats vs cycle :
$GRAPHS
: Geometry :A:1,4,2:
: Geometry Z :A:1,5,3:
$$
 Ncyc  rmsBOND  zBOND  rmsANGL  zANGL
$$
$$
    0   0.0105 0.5752   2.4365 0.8213
    1   0.0071 0.3818   2.4803 0.8352
    2   0.0069 0.3720   2.4747 0.8338
    3   0.0070 0.3738   2.4519 0.8266
    4   0.0070 0.3756   2.4303 0.8197
    5   0.0070 0.3769   2.4123 0.8139
    6   0.0071 0.3781   2.3976 0.8092
    7   0.0071 0.3791   2.3858 0.8054
    8   0.0071 0.3801   2.3762 0.8023
    9   0.0071 0.3810   2.3686 0.7999
   10   0.0071 0.3819   2.3624 0.7980
   11   0.0072 0.3828   2.3575 0.7964
   12   0.0072 0.3836   2.3535 0.7952
   13   0.0072 0.3844   2.3504 0.7943
   14   0.0072 0.3851   2.3478 0.7935
   15   0.0072 0.3857   2.3457 0.7929
   16   0.0072 0.3863   2.3440 0.7924
   17   0.0073 0.3868   2.3426 0.7920
   18   0.0073 0.3873   2.3414 0.7916
   19   0.0073 0.3877   2.3404 0.7913
   20   0.0073 0.3881   2.3394 0.7911
   21   0.0073 0.3884   2.3385 0.7909
   22   0.0073 0.3887   2.3377 0.7906
   23   0.0073 0.3890   2.3369 0.7904
   24   0.0073 0.3892   2.3360 0.7902
   25   0.0073 0.3894   2.3352 0.7899
   26   0.0073 0.3895   2.3344 0.7897
   27   0.0073 0.3897   2.3335 0.7895
   28   0.0073 0.3897   2.3327 0.7892
   29   0.0073 0.3898   2.3318 0.7889
   30   0.0073 0.3899   2.3308 0.7887
$$

Creating restraints..

Chain info:
 chain 
  ligands: LIG (1 residues)

Number of refinement parameters:
       n_params  n_atoms  n_atoms_geom_only  n_atoms_data_only
xyz          22       22                 11                  0
adp           0        0                  0                  0
occ           0        0                  0                  0
dfrac         0        0                  0                  0

Randomizing structure with rmsd of 0.01
Torsion angle rules:
 include:
  {'group': 'peptide', 'tors_name': 'chi*'}
  {'link': '*', 'tors_name': 'omega'}
  {'residue': '*', 'tors_name': 'sp2_sp2*'}
  {'link': '*', 'tors_name': 'sp2_sp2*'}
 exclude:
  none
External restraints from Refmac instructions
 Number of distances          : 0
 Number of angles             : 0
 Number of torsions           : 0
 Number of chirals            : 0
 Number of planes             : 0
 Number of intervals          : 0
 Number of stackings          : 0
 Number of harmonics          : 0
 Number of special positions  : 0

Running 10 cycles with wchir=4 wvdw=2 with hydrogen
Geometry weights
vdws = 70
atoms = 22
pairs = 130
                          N restraints  r.m.s.d.  r.m.s.Z  Mn(sigma)
Bond distances, non H               11     0.015    0.904      0.016
Bond distances, H                   11     0.009    0.600      0.016
Bond angles, non H                  15     2.282    0.785      2.300
Bond angles, H                      26     1.666    0.792      2.006
Torsion angles, period 3             2     1.013    0.101     10.000
Chiral centres                       3     0.111    0.649      0.120
Planar groups                        4     0.000    0.009      0.020
VDW nonbonded                        3     0.042    0.211      0.200
VDW torsion                          7     0.156    0.779      0.200


====== CYCLE  1 ======

 weight = 1.0000e+00
 geom_x = 38.145023661757406
 geom_a = 0
 geom_q = 0
 geom_c = 0.0
f0= 3.8145e+01
using cgsolve in c++, ic=False
diag(geom) min= 320.105215 max= 24515.793353
diag(all) min= 320.105215 max= 24515.793353
Trying gamma equal 0.000000
Not converging with gamma equal 0.000000
Trying gamma equal 0.052500
Gamma decreased to 0.042000
min(dx) = -0.04738157466448498
max(dx) = 0.018679330113670716
mean(dx)= -0.001839928364292649
vdws = 71
atoms = 22
pairs = 131
 geom_x = 19.573137508768227
 geom_a = 0
 geom_q = 0
 geom_c = 0.0
f1, 0= 1.9573e+01
                          N restraints  r.m.s.d.  r.m.s.Z  Mn(sigma)
Bond distances, non H               11     0.013    0.731      0.016
Bond distances, H                   11     0.000    0.043      0.016
Bond angles, non H                  15     2.334    0.791      2.300
Bond angles, H                      26     1.231    0.498      2.006
Torsion angles, period 3             2     0.406    0.041     10.000
Chiral centres                       3     0.013    0.119      0.120
Planar groups                        4     0.000    0.018      0.020
VDW nonbonded                        3     0.048    0.240      0.200
VDW torsion                          8     0.142    0.708      0.200



====== CYCLE  2 ======

 weight = 1.0000e+00
 geom_x = 19.573137508768227
 geom_a = 0
 geom_q = 0
 geom_c = 0.0
f0= 1.9573e+01
using cgsolve in c++, ic=False
diag(geom) min= 342.385049 max= 24702.963890
diag(all) min= 342.385049 max= 24702.963890
Trying gamma equal 0.042000
Convergence reached after 36 iterations with no gamma cycles
min(dx) = -0.014886132047304575
max(dx) = 0.00832279445907896
mean(dx)= -0.0002959853317950614
vdws = 71
atoms = 22
pairs = 131
 geom_x = 19.318726258067574
 geom_a = 0
 geom_q = 0
 geom_c = 0.0
f1, 0= 1.9319e+01
                          N restraints  r.m.s.d.  r.m.s.Z  Mn(sigma)
Bond distances, non H               11     0.013    0.735      0.016
Bond distances, H                   11     0.000    0.021      0.016
Bond angles, non H                  15     2.317    0.784      2.300
Bond angles, H                      26     1.203    0.483      2.006
Torsion angles, period 3             2     0.612    0.061     10.000
Chiral centres                       3     0.011    0.109      0.120
Planar groups                        4     0.000    0.006      0.020
VDW nonbonded                        3     0.046    0.230      0.200
VDW torsion                          8     0.142    0.711      0.200



====== CYCLE  3 ======

 weight = 1.0000e+00
 geom_x = 19.318726258067574
 geom_a = 0
 geom_q = 0
 geom_c = 0.0
f0= 1.9319e+01
using cgsolve in c++, ic=False
diag(geom) min= 353.714106 max= 24729.124945
diag(all) min= 353.714106 max= 24729.124945
Trying gamma equal 0.042000
Not converging with gamma equal 0.042000
Trying gamma equal 0.094500
Not converging with gamma equal 0.094500
Trying gamma equal 0.149625
Gamma decreased to 0.138600
min(dx) = -0.0031611892700838928
max(dx) = 0.002212337965426453
mean(dx)= -6.630038185373049e-05
vdws = 72
atoms = 22
pairs = 132
 geom_x = 19.278348921538342
 geom_a = 0
 geom_q = 0
 geom_c = 0.0
f1, 0= 1.9278e+01
                          N restraints  r.m.s.d.  r.m.s.Z  Mn(sigma)
Bond distances, non H               11     0.013    0.734      0.016
Bond distances, H                   11     0.000    0.019      0.016
Bond angles, non H                  15     2.313    0.783      2.300
Bond angles, H                      26     1.199    0.481      2.006
Torsion angles, period 3             2     0.680    0.068     10.000
Chiral centres                       3     0.011    0.108      0.120
Planar groups                        4     0.000    0.005      0.020
VDW nonbonded                        3     0.045    0.226      0.200
VDW torsion                          8     0.142    0.712      0.200



====== CYCLE  4 ======

 weight = 1.0000e+00
 geom_x = 19.278348921538342
 geom_a = 0
 geom_q = 0
 geom_c = 0.0
f0= 1.9278e+01
using cgsolve in c++, ic=False
diag(geom) min= 356.273280 max= 24729.933535
diag(all) min= 356.273280 max= 24729.933535
Trying gamma equal 0.138600
Convergence reached after 20 iterations with no gamma cycles
min(dx) = -0.0028580780847093255
max(dx) = 0.0020571183777754313
mean(dx)= -6.571931637354719e-05
vdws = 72
atoms = 22
pairs = 132
 geom_x = 19.242850921244063
 geom_a = 0
 geom_q = 0
 geom_c = 0.0
f1, 0= 1.9243e+01
                          N restraints  r.m.s.d.  r.m.s.Z  Mn(sigma)
Bond distances, non H               11     0.013    0.733      0.016
Bond distances, H                   11     0.000    0.018      0.016
Bond angles, non H                  15     2.309    0.781      2.300
Bond angles, H                      26     1.196    0.479      2.006
Torsion angles, period 3             2     0.753    0.075     10.000
Chiral centres                       3     0.011    0.108      0.120
Planar groups                        4     0.000    0.003      0.020
VDW nonbonded                        3     0.044    0.222      0.200
VDW torsion                          8     0.143    0.713      0.200



====== CYCLE  5 ======

 weight = 1.0000e+00
 geom_x = 19.242850921244063
 geom_a = 0
 geom_q = 0
 geom_c = 0.0
f0= 1.9243e+01
using cgsolve in c++, ic=False
diag(geom) min= 358.373446 max= 24729.373027
diag(all) min= 358.373446 max= 24729.373027
Trying gamma equal 0.138600
Convergence reached after 20 iterations with no gamma cycles
min(dx) = -0.0024933660822199677
max(dx) = 0.0019939323038693523
mean(dx)= -5.7165765188248795e-05
vdws = 72
atoms = 22
pairs = 132
 geom_x = 19.212754153832606
 geom_a = 0
 geom_q = 0
 geom_c = 0.0
f1, 0= 1.9213e+01
                          N restraints  r.m.s.d.  r.m.s.Z  Mn(sigma)
Bond distances, non H               11     0.013    0.732      0.016
Bond distances, H                   11     0.000    0.018      0.016
Bond angles, non H                  15     2.305    0.780      2.300
Bond angles, H                      26     1.194    0.478      2.006
Torsion angles, period 3             2     0.822    0.082     10.000
Chiral centres                       3     0.011    0.108      0.120
Planar groups                        4     0.000    0.001      0.020
VDW nonbonded                        3     0.044    0.218      0.200
VDW torsion                          8     0.143    0.714      0.200



====== CYCLE  6 ======

 weight = 1.0000e+00
 geom_x = 19.212754153832606
 geom_a = 0
 geom_q = 0
 geom_c = 0.0
f0= 1.9213e+01
using cgsolve in c++, ic=False
diag(geom) min= 359.899691 max= 24727.396990
diag(all) min= 359.899691 max= 24727.396990
Trying gamma equal 0.138600
Convergence reached after 19 iterations with no gamma cycles
min(dx) = -0.0022075930877057098
max(dx) = 0.0019080048751972639
mean(dx)= -4.9626687474694694e-05
vdws = 72
atoms = 22
pairs = 132
 geom_x = 19.186549783459938
 geom_a = 0
 geom_q = 0
 geom_c = 0.0
f1, 0= 1.9187e+01
                          N restraints  r.m.s.d.  r.m.s.Z  Mn(sigma)
Bond distances, non H               11     0.013    0.731      0.016
Bond distances, H                   11     0.000    0.018      0.016
Bond angles, non H                  15     2.302    0.779      2.300
Bond angles, H                      26     1.193    0.477      2.006
Torsion angles, period 3             2     0.886    0.089     10.000
Chiral centres                       3     0.010    0.107      0.120
Planar groups                        4     0.000    0.000      0.020
VDW nonbonded                        3     0.043    0.215      0.200
VDW torsion                          8     0.143    0.715      0.200



====== CYCLE  7 ======

 weight = 1.0000e+00
 geom_x = 19.186549783459938
 geom_a = 0
 geom_q = 0
 geom_c = 0.0
f0= 1.9187e+01
using cgsolve in c++, ic=False
diag(geom) min= 360.960181 max= 24724.295534
diag(all) min= 360.960181 max= 24724.295534
Trying gamma equal 0.138600
Convergence reached after 19 iterations with no gamma cycles
min(dx) = -0.0019735408958317675
max(dx) = 0.001821146691316421
mean(dx)= -4.3282403532770855e-05
vdws = 72
atoms = 22
pairs = 132
 geom_x = 19.163258831871214
 geom_a = 0
 geom_q = 0
 geom_c = 0.0
f1, 0= 1.9163e+01
                          N restraints  r.m.s.d.  r.m.s.Z  Mn(sigma)
Bond distances, non H               11     0.013    0.730      0.016
Bond distances, H                   11     0.000    0.017      0.016
Bond angles, non H                  15     2.299    0.778      2.300
Bond angles, H                      26     1.191    0.477      2.006
Torsion angles, period 3             2     0.945    0.095     10.000
Chiral centres                       3     0.010    0.107      0.120
Planar groups                        4     0.000    0.001      0.020
VDW nonbonded                        3     0.042    0.212      0.200
VDW torsion                          8     0.143    0.715      0.200



====== CYCLE  8 ======

 weight = 1.0000e+00
 geom_x = 19.163258831871214
 geom_a = 0
 geom_q = 0
 geom_c = 0.0
f0= 1.9163e+01
using cgsolve in c++, ic=False
diag(geom) min= 361.639930 max= 24720.321465
diag(all) min= 361.639930 max= 24720.321465
Trying gamma equal 0.138600
Convergence reached after 19 iterations with no gamma cycles
min(dx) = -0.0017815821964398423
max(dx) = 0.0017400780709887155
mean(dx)= -3.801806366112731e-05
vdws = 72
atoms = 22
pairs = 132
 geom_x = 19.142282929164935
 geom_a = 0
 geom_q = 0
 geom_c = 0.0
f1, 0= 1.9142e+01
                          N restraints  r.m.s.d.  r.m.s.Z  Mn(sigma)
Bond distances, non H               11     0.013    0.729      0.016
Bond distances, H                   11     0.000    0.017      0.016
Bond angles, non H                  15     2.297    0.777      2.300
Bond angles, H                      26     1.190    0.476      2.006
Torsion angles, period 3             2     1.001    0.100     10.000
Chiral centres                       3     0.010    0.107      0.120
Planar groups                        4     0.000    0.002      0.020
VDW nonbonded                        3     0.042    0.209      0.200
VDW torsion                          9     0.135    0.675      0.200



====== CYCLE  9 ======

 weight = 1.0000e+00
 geom_x = 19.142282929164935
 geom_a = 0
 geom_q = 0
 geom_c = 0.0
f0= 1.9142e+01
using cgsolve in c++, ic=False
diag(geom) min= 369.682161 max= 24715.678439
diag(all) min= 369.682161 max= 24715.678439
Trying gamma equal 0.138600
Convergence reached after 20 iterations with no gamma cycles
min(dx) = -0.001670000895254713
max(dx) = 0.0015756544245246204
mean(dx)= -2.7516815095024752e-05
vdws = 72
atoms = 22
pairs = 132
 geom_x = 19.123332739639256
 geom_a = 0
 geom_q = 0
 geom_c = 0.0
f1, 0= 1.9123e+01
                          N restraints  r.m.s.d.  r.m.s.Z  Mn(sigma)
Bond distances, non H               11     0.013    0.728      0.016
Bond distances, H                   11     0.000    0.017      0.016
Bond angles, non H                  15     2.295    0.777      2.300
Bond angles, H                      26     1.189    0.476      2.006
Torsion angles, period 3             2     1.054    0.105     10.000
Chiral centres                       3     0.010    0.107      0.120
Planar groups                        4     0.000    0.001      0.020
VDW nonbonded                        3     0.042    0.208      0.200
VDW torsion                          9     0.135    0.675      0.200



====== CYCLE 10 ======

 weight = 1.0000e+00
 geom_x = 19.123332739639256
 geom_a = 0
 geom_q = 0
 geom_c = 0.0
f0= 1.9123e+01
using cgsolve in c++, ic=False
diag(geom) min= 369.290842 max= 24710.582417
diag(all) min= 369.290842 max= 24710.582417
Trying gamma equal 0.138600
Convergence reached after 19 iterations with no gamma cycles
min(dx) = -0.0016058772730154066
max(dx) = 0.0015328853913094604
mean(dx)= -2.3795241126083667e-05
vdws = 71
atoms = 22
pairs = 131
 geom_x = 19.105745536773675
 geom_a = 0
 geom_q = 0
 geom_c = 0.0
f1, 0= 1.9106e+01
                          N restraints  r.m.s.d.  r.m.s.Z  Mn(sigma)
Bond distances, non H               11     0.013    0.728      0.016
Bond distances, H                   11     0.000    0.017      0.016
Bond angles, non H                  15     2.293    0.776      2.300
Bond angles, H                      26     1.189    0.475      2.006
Torsion angles, period 3             2     1.103    0.110     10.000
Chiral centres                       3     0.010    0.106      0.120
Planar groups                        4     0.000    0.001      0.020
VDW nonbonded                        3     0.041    0.206      0.200
VDW torsion                          9     0.135    0.675      0.200


$TABLE: stats vs cycle :
$GRAPHS
: Geometry :A:1,4,2:
: Geometry Z :A:1,5,3:
$$
 Ncyc  rmsBOND  zBOND  rmsANGL  zANGL
$$
$$
    0   0.0147 0.9040   2.2818 0.7852
    1   0.0130 0.7305   2.3341 0.7911
    2   0.0133 0.7347   2.3170 0.7842
    3   0.0133 0.7338   2.3130 0.7827
    4   0.0133 0.7328   2.3089 0.7813
    5   0.0133 0.7318   2.3052 0.7801
    6   0.0133 0.7308   2.3021 0.7791
    7   0.0132 0.7300   2.2995 0.7782
    8   0.0132 0.7291   2.2972 0.7775
    9   0.0132 0.7284   2.2949 0.7767
   10   0.0132 0.7276   2.2928 0.7760
$$

Running 30 cycles with wchir=1 wvdw=2 with hydrogen
Geometry weights
vdws = 71
atoms = 22
pairs = 131
                          N restraints  r.m.s.d.  r.m.s.Z  Mn(sigma)
Bond distances, non H               11     0.013    0.728      0.016
Bond distances, H                   11     0.000    0.017      0.016
Bond angles, non H                  15     2.293    0.776      2.300
Bond angles, H                      26     1.189    0.475      2.006
Torsion angles, period 3             2     1.103    0.110     10.000
Chiral centres                       3     0.010    0.106      0.120
Planar groups                        4     0.000    0.001      0.020
VDW nonbonded                        3     0.041    0.206      0.200
VDW torsion                          9     0.135    0.675      0.200


====== CYCLE  1 ======

 weight = 1.0000e+00
 geom_x = 18.851214868434504
 geom_a = 0
 geom_q = 0
 geom_c = 0.0
f0= 1.8851e+01
using cgsolve in c++, ic=False
diag(geom) min= 368.689822 max= 16429.932710
diag(all) min= 368.689822 max= 16429.932710
Trying gamma equal 0.138600
Convergence reached after 19 iterations with no gamma cycles
min(dx) = -0.007767042980629871
max(dx) = 0.010705881233010237
mean(dx)= 0.00016414012196635722
vdws = 71
atoms = 22
pairs = 131
 geom_x = 17.529142801936946
 geom_a = 0
 geom_q = 0
 geom_c = 0.0
f1, 0= 1.7529e+01
                          N restraints  r.m.s.d.  r.m.s.Z  Mn(sigma)
Bond distances, non H               11     0.008    0.460      0.016
Bond distances, H                   11     0.000    0.023      0.016
Bond angles, non H                  15     2.468    0.831      2.300
Bond angles, H                      26     1.032    0.421      2.006
Torsion angles, period 3             2     1.206    0.121     10.000
Chiral centres                       3     0.055    0.598      0.120
Planar groups                        4     0.000    0.002      0.020
VDW nonbonded                        3     0.043    0.214      0.200
VDW torsion                          9     0.134    0.669      0.200



====== CYCLE  2 ======

 weight = 1.0000e+00
 geom_x = 17.529142801936946
 geom_a = 0
 geom_q = 0
 geom_c = 0.0
f0= 1.7529e+01
using cgsolve in c++, ic=False
diag(geom) min= 368.551819 max= 16430.039024
diag(all) min= 368.551819 max= 16430.039024
Trying gamma equal 0.138600
Convergence reached after 22 iterations with no gamma cycles
min(dx) = -0.0026822945701149062
max(dx) = 0.003967792857534081
mean(dx)= 6.99561035906815e-05
vdws = 71
atoms = 22
pairs = 131
 geom_x = 17.472494417410125
 geom_a = 0
 geom_q = 0
 geom_c = 0.0
f1, 0= 1.7472e+01
                          N restraints  r.m.s.d.  r.m.s.Z  Mn(sigma)
Bond distances, non H               11     0.008    0.434      0.016
Bond distances, H                   11     0.000    0.017      0.016
Bond angles, non H                  15     2.506    0.844      2.300
Bond angles, H                      26     1.000    0.412      2.006
Torsion angles, period 3             2     1.268    0.127     10.000
Chiral centres                       3     0.061    0.657      0.120
Planar groups                        4     0.000    0.000      0.020
VDW nonbonded                        3     0.042    0.208      0.200
VDW torsion                          9     0.133    0.665      0.200



====== CYCLE  3 ======

 weight = 1.0000e+00
 geom_x = 17.472494417410125
 geom_a = 0
 geom_q = 0
 geom_c = 0.0
f0= 1.7472e+01
using cgsolve in c++, ic=False
diag(geom) min= 368.212223 max= 16430.885091
diag(all) min= 368.212223 max= 16430.885091
Trying gamma equal 0.138600
Convergence reached after 22 iterations with no gamma cycles
min(dx) = -0.0020736650001724178
max(dx) = 0.0018619611736167992
mean(dx)= 3.276042996534661e-05
vdws = 71
atoms = 22
pairs = 131
 geom_x = 17.449721342300055
 geom_a = 0
 geom_q = 0
 geom_c = 0.0
f1, 0= 1.7450e+01
                          N restraints  r.m.s.d.  r.m.s.Z  Mn(sigma)
Bond distances, non H               11     0.008    0.430      0.016
Bond distances, H                   11     0.000    0.016      0.016
Bond angles, non H                  15     2.521    0.849      2.300
Bond angles, H                      26     0.992    0.411      2.006
Torsion angles, period 3             2     1.305    0.131     10.000
Chiral centres                       3     0.062    0.670      0.120
Planar groups                        4     0.000    0.000      0.020
VDW nonbonded                        2     0.050    0.249      0.200
VDW torsion                          9     0.132    0.662      0.200



====== CYCLE  4 ======

 weight = 1.0000e+00
 geom_x = 17.449721342300055
 geom_a = 0
 geom_q = 0
 geom_c = 0.0
f0= 1.7450e+01
using cgsolve in c++, ic=False
diag(geom) min= 367.555588 max= 16431.361319
diag(all) min= 367.555588 max= 16431.361319
Trying gamma equal 0.138600
Convergence reached after 21 iterations with no gamma cycles
min(dx) = -0.0018231359876652144
max(dx) = 0.002291571934382102
mean(dx)= 2.62620501552725e-05
vdws = 71
atoms = 22
pairs = 131
 geom_x = 17.432187840086858
 geom_a = 0
 geom_q = 0
 geom_c = 0.0
f1, 0= 1.7432e+01
                          N restraints  r.m.s.d.  r.m.s.Z  Mn(sigma)
Bond distances, non H               11     0.008    0.430      0.016
Bond distances, H                   11     0.000    0.016      0.016
Bond angles, non H                  15     2.530    0.852      2.300
Bond angles, H                      26     0.989    0.410      2.006
Torsion angles, period 3             2     1.332    0.133     10.000
Chiral centres                       3     0.063    0.676      0.120
Planar groups                        4     0.000    0.001      0.020
VDW nonbonded                        2     0.049    0.245      0.200
VDW torsion                          9     0.132    0.660      0.200



====== CYCLE  5 ======

 weight = 1.0000e+00
 geom_x = 17.432187840086858
 geom_a = 0
 geom_q = 0
 geom_c = 0.0
f0= 1.7432e+01
using cgsolve in c++, ic=False
diag(geom) min= 366.572282 max= 16431.705814
diag(all) min= 366.572282 max= 16431.705814
Trying gamma equal 0.138600
Convergence reached after 20 iterations with no gamma cycles
min(dx) = -0.0016523834819419847
max(dx) = 0.002481202402975478
mean(dx)= 2.1085963937409055e-05
vdws = 71
atoms = 22
pairs = 131
 geom_x = 17.416761691259236
 geom_a = 0
 geom_q = 0
 geom_c = 0.0
f1, 0= 1.7417e+01
                          N restraints  r.m.s.d.  r.m.s.Z  Mn(sigma)
Bond distances, non H               11     0.008    0.431      0.016
Bond distances, H                   11     0.000    0.016      0.016
Bond angles, non H                  15     2.537    0.854      2.300
Bond angles, H                      26     0.987    0.409      2.006
Torsion angles, period 3             2     1.352    0.135     10.000
Chiral centres                       3     0.063    0.679      0.120
Planar groups                        4     0.000    0.002      0.020
VDW nonbonded                        2     0.048    0.242      0.200
VDW torsion                          8     0.140    0.698      0.200



====== CYCLE  6 ======

 weight = 1.0000e+00
 geom_x = 17.416761691259236
 geom_a = 0
 geom_q = 0
 geom_c = 0.0
f0= 1.7417e+01
using cgsolve in c++, ic=False
diag(geom) min= 365.374288 max= 16432.015826
diag(all) min= 365.374288 max= 16432.015826
Trying gamma equal 0.138600
Convergence reached after 19 iterations with no gamma cycles
min(dx) = -0.0014971566312157617
max(dx) = 0.002557141734198271
mean(dx)= 1.8426228596899666e-05
vdws = 71
atoms = 22
pairs = 131
 geom_x = 17.402473721862968
 geom_a = 0
 geom_q = 0
 geom_c = 0.0
f1, 0= 1.7402e+01
                          N restraints  r.m.s.d.  r.m.s.Z  Mn(sigma)
Bond distances, non H               11     0.008    0.431      0.016
Bond distances, H                   11     0.000    0.016      0.016
Bond angles, non H                  15     2.542    0.856      2.300
Bond angles, H                      26     0.986    0.409      2.006
Torsion angles, period 3             2     1.367    0.137     10.000
Chiral centres                       3     0.063    0.681      0.120
Planar groups                        4     0.000    0.002      0.020
VDW nonbonded                        2     0.048    0.240      0.200
VDW torsion                          8     0.139    0.697      0.200



====== CYCLE  7 ======

 weight = 1.0000e+00
 geom_x = 17.402473721862968
 geom_a = 0
 geom_q = 0
 geom_c = 0.0
f0= 1.7402e+01
using cgsolve in c++, ic=False
diag(geom) min= 364.077801 max= 16432.506626
diag(all) min= 364.077801 max= 16432.506626
Trying gamma equal 0.138600
Convergence reached after 19 iterations with no gamma cycles
min(dx) = -0.0014589752612709237
max(dx) = 0.002573960895373602
mean(dx)= 1.7148639280985993e-05
vdws = 71
atoms = 22
pairs = 131
 geom_x = 17.38893435060505
 geom_a = 0
 geom_q = 0
 geom_c = 0.0
f1, 0= 1.7389e+01
                          N restraints  r.m.s.d.  r.m.s.Z  Mn(sigma)
Bond distances, non H               11     0.008    0.431      0.016
Bond distances, H                   11     0.000    0.016      0.016
Bond angles, non H                  15     2.546    0.857      2.300
Bond angles, H                      26     0.985    0.409      2.006
Torsion angles, period 3             2     1.379    0.138     10.000
Chiral centres                       3     0.063    0.682      0.120
Planar groups                        4     0.000    0.002      0.020
VDW nonbonded                        2     0.048    0.239      0.200
VDW torsion                          8     0.139    0.695      0.200



====== CYCLE  8 ======

 weight = 1.0000e+00
 geom_x = 17.38893435060505
 geom_a = 0
 geom_q = 0
 geom_c = 0.0
f0= 1.7389e+01
using cgsolve in c++, ic=False
diag(geom) min= 362.744493 max= 16433.006962
diag(all) min= 362.744493 max= 16433.006962
Trying gamma equal 0.138600
Convergence reached after 18 iterations with no gamma cycles
min(dx) = -0.0014258710591455394
max(dx) = 0.0025519372650491265
mean(dx)= 1.661184532062079e-05
vdws = 71
atoms = 22
pairs = 131
 geom_x = 17.37592482634181
 geom_a = 0
 geom_q = 0
 geom_c = 0.0
f1, 0= 1.7376e+01
                          N restraints  r.m.s.d.  r.m.s.Z  Mn(sigma)
Bond distances, non H               11     0.008    0.432      0.016
Bond distances, H                   11     0.000    0.016      0.016
Bond angles, non H                  15     2.550    0.858      2.300
Bond angles, H                      26     0.985    0.409      2.006
Torsion angles, period 3             2     1.389    0.139     10.000
Chiral centres                       3     0.063    0.683      0.120
Planar groups                        4     0.000    0.003      0.020
VDW nonbonded                        2     0.048    0.239      0.200
VDW torsion                          8     0.139    0.694      0.200



====== CYCLE  9 ======

 weight = 1.0000e+00
 geom_x = 17.37592482634181
 geom_a = 0
 geom_q = 0
 geom_c = 0.0
f0= 1.7376e+01
using cgsolve in c++, ic=False
diag(geom) min= 361.413815 max= 16433.520766
diag(all) min= 361.413815 max= 16433.520766
Trying gamma equal 0.138600
Convergence reached after 17 iterations with no gamma cycles
min(dx) = -0.0013975426291812703
max(dx) = 0.0025091412337736037
mean(dx)= 1.6476234707447636e-05
vdws = 71
atoms = 22
pairs = 131
 geom_x = 17.363311598942037
 geom_a = 0
 geom_q = 0
 geom_c = 0.0
f1, 0= 1.7363e+01
                          N restraints  r.m.s.d.  r.m.s.Z  Mn(sigma)
Bond distances, non H               11     0.008    0.432      0.016
Bond distances, H                   11     0.000    0.016      0.016
Bond angles, non H                  15     2.553    0.859      2.300
Bond angles, H                      26     0.984    0.409      2.006
Torsion angles, period 3             2     1.397    0.140     10.000
Chiral centres                       3     0.063    0.684      0.120
Planar groups                        4     0.000    0.003      0.020
VDW nonbonded                        1     0.067    0.337      0.200
VDW torsion                          8     0.139    0.693      0.200



====== CYCLE 10 ======

 weight = 1.0000e+00
 geom_x = 17.363311598942037
 geom_a = 0
 geom_q = 0
 geom_c = 0.0
f0= 1.7363e+01
using cgsolve in c++, ic=False
diag(geom) min= 360.106739 max= 16434.048967
diag(all) min= 360.106739 max= 16434.048967
Trying gamma equal 0.138600
Convergence reached after 17 iterations with no gamma cycles
min(dx) = -0.0013697120799474889
max(dx) = 0.002452974971549711
mean(dx)= 1.62976030538198e-05
vdws = 71
atoms = 22
pairs = 131
 geom_x = 17.350992229041314
 geom_a = 0
 geom_q = 0
 geom_c = 0.0
f1, 0= 1.7351e+01
                          N restraints  r.m.s.d.  r.m.s.Z  Mn(sigma)
Bond distances, non H               11     0.008    0.432      0.016
Bond distances, H                   11     0.000    0.016      0.016
Bond angles, non H                  15     2.556    0.860      2.300
Bond angles, H                      26     0.983    0.408      2.006
Torsion angles, period 3             2     1.404    0.140     10.000
Chiral centres                       3     0.063    0.685      0.120
Planar groups                        4     0.000    0.003      0.020
VDW nonbonded                        1     0.067    0.336      0.200
VDW torsion                          8     0.138    0.692      0.200



====== CYCLE 11 ======

 weight = 1.0000e+00
 geom_x = 17.350992229041314
 geom_a = 0
 geom_q = 0
 geom_c = 0.0
f0= 1.7351e+01
using cgsolve in c++, ic=False
diag(geom) min= 358.838903 max= 16434.596414
diag(all) min= 358.838903 max= 16434.596414
Trying gamma equal 0.138600
Convergence reached after 17 iterations with no gamma cycles
min(dx) = -0.0013479964505973049
max(dx) = 0.002396517540210305
mean(dx)= 1.647105242773646e-05
vdws = 71
atoms = 22
pairs = 131
 geom_x = 17.338918094779757
 geom_a = 0
 geom_q = 0
 geom_c = 0.0
f1, 0= 1.7339e+01
                          N restraints  r.m.s.d.  r.m.s.Z  Mn(sigma)
Bond distances, non H               11     0.008    0.432      0.016
Bond distances, H                   11     0.000    0.016      0.016
Bond angles, non H                  15     2.558    0.861      2.300
Bond angles, H                      26     0.983    0.408      2.006
Torsion angles, period 3             2     1.410    0.141     10.000
Chiral centres                       3     0.063    0.686      0.120
Planar groups                        4     0.000    0.003      0.020
VDW nonbonded                        1     0.067    0.336      0.200
VDW torsion                          8     0.138    0.691      0.200



====== CYCLE 12 ======

 weight = 1.0000e+00
 geom_x = 17.338918094779757
 geom_a = 0
 geom_q = 0
 geom_c = 0.0
f0= 1.7339e+01
using cgsolve in c++, ic=False
diag(geom) min= 357.611617 max= 16435.158107
diag(all) min= 357.611617 max= 16435.158107
Trying gamma equal 0.138600
Convergence reached after 17 iterations with no gamma cycles
min(dx) = -0.0013297279063283435
max(dx) = 0.0023432271102121274
mean(dx)= 1.67489954301366e-05
vdws = 71
atoms = 22
pairs = 131
 geom_x = 17.327049862957487
 geom_a = 0
 geom_q = 0
 geom_c = 0.0
f1, 0= 1.7327e+01
                          N restraints  r.m.s.d.  r.m.s.Z  Mn(sigma)
Bond distances, non H               11     0.008    0.432      0.016
Bond distances, H                   11     0.000    0.016      0.016
Bond angles, non H                  15     2.561    0.862      2.300
Bond angles, H                      26     0.982    0.408      2.006
Torsion angles, period 3             2     1.415    0.141     10.000
Chiral centres                       3     0.063    0.686      0.120
Planar groups                        4     0.000    0.004      0.020
VDW nonbonded                        1     0.067    0.335      0.200
VDW torsion                          8     0.138    0.690      0.200



====== CYCLE 13 ======

 weight = 1.0000e+00
 geom_x = 17.327049862957487
 geom_a = 0
 geom_q = 0
 geom_c = 0.0
f0= 1.7327e+01
using cgsolve in c++, ic=False
diag(geom) min= 356.423146 max= 16435.731329
diag(all) min= 356.423146 max= 16435.731329
Trying gamma equal 0.138600
Convergence reached after 17 iterations with no gamma cycles
min(dx) = -0.001314023718873156
max(dx) = 0.002294393986706467
mean(dx)= 1.7067416662770314e-05
vdws = 71
atoms = 22
pairs = 131
 geom_x = 17.315358164227714
 geom_a = 0
 geom_q = 0
 geom_c = 0.0
f1, 0= 1.7315e+01
                          N restraints  r.m.s.d.  r.m.s.Z  Mn(sigma)
Bond distances, non H               11     0.008    0.432      0.016
Bond distances, H                   11     0.000    0.016      0.016
Bond angles, non H                  15     2.563    0.863      2.300
Bond angles, H                      26     0.982    0.408      2.006
Torsion angles, period 3             2     1.419    0.142     10.000
Chiral centres                       3     0.064    0.687      0.120
Planar groups                        4     0.000    0.004      0.020
VDW nonbonded                        1     0.067    0.335      0.200
VDW torsion                          8     0.138    0.689      0.200



====== CYCLE 14 ======

 weight = 1.0000e+00
 geom_x = 17.315358164227714
 geom_a = 0
 geom_q = 0
 geom_c = 0.0
f0= 1.7315e+01
using cgsolve in c++, ic=False
diag(geom) min= 355.270670 max= 16436.314223
diag(all) min= 355.270670 max= 16436.314223
Trying gamma equal 0.138600
Convergence reached after 17 iterations with no gamma cycles
min(dx) = -0.001300336609281711
max(dx) = 0.0022503572982351845
mean(dx)= 1.7399300701953796e-05
vdws = 71
atoms = 22
pairs = 131
 geom_x = 17.30382075406987
 geom_a = 0
 geom_q = 0
 geom_c = 0.0
f1, 0= 1.7304e+01
                          N restraints  r.m.s.d.  r.m.s.Z  Mn(sigma)
Bond distances, non H               11     0.008    0.432      0.016
Bond distances, H                   11     0.000    0.016      0.016
Bond angles, non H                  15     2.564    0.863      2.300
Bond angles, H                      26     0.981    0.407      2.006
Torsion angles, period 3             2     1.422    0.142     10.000
Chiral centres                       3     0.064    0.687      0.120
Planar groups                        4     0.000    0.004      0.020
VDW nonbonded                        1     0.067    0.335      0.200
VDW torsion                          8     0.138    0.688      0.200



====== CYCLE 15 ======

 weight = 1.0000e+00
 geom_x = 17.30382075406987
 geom_a = 0
 geom_q = 0
 geom_c = 0.0
f0= 1.7304e+01
using cgsolve in c++, ic=False
diag(geom) min= 354.151055 max= 16436.905256
diag(all) min= 354.151055 max= 16436.905256
Trying gamma equal 0.138600
Convergence reached after 17 iterations with no gamma cycles
min(dx) = -0.0012882785539558783
max(dx) = 0.0022109703072106376
mean(dx)= 1.7729026275841216e-05
vdws = 71
atoms = 22
pairs = 131
 geom_x = 17.292420619300213
 geom_a = 0
 geom_q = 0
 geom_c = 0.0
f1, 0= 1.7292e+01
                          N restraints  r.m.s.d.  r.m.s.Z  Mn(sigma)
Bond distances, non H               11     0.008    0.432      0.016
Bond distances, H                   11     0.000    0.016      0.016
Bond angles, non H                  15     2.566    0.864      2.300
Bond angles, H                      26     0.981    0.407      2.006
Torsion angles, period 3             2     1.424    0.142     10.000
Chiral centres                       3     0.064    0.687      0.120
Planar groups                        4     0.000    0.004      0.020
VDW nonbonded                        1     0.067    0.335      0.200
VDW torsion                          8     0.137    0.687      0.200



====== CYCLE 16 ======

 weight = 1.0000e+00
 geom_x = 17.292420619300213
 geom_a = 0
 geom_q = 0
 geom_c = 0.0
f0= 1.7292e+01
using cgsolve in c++, ic=False
diag(geom) min= 353.061235 max= 16437.503115
diag(all) min= 353.061235 max= 16437.503115
Trying gamma equal 0.138600
Convergence reached after 17 iterations with no gamma cycles
min(dx) = -0.0012775601546210621
max(dx) = 0.002175863079914264
mean(dx)= 1.804720202427618e-05
vdws = 71
atoms = 22
pairs = 131
 geom_x = 17.281144648380916
 geom_a = 0
 geom_q = 0
 geom_c = 0.0
f1, 0= 1.7281e+01
                          N restraints  r.m.s.d.  r.m.s.Z  Mn(sigma)
Bond distances, non H               11     0.008    0.432      0.016
Bond distances, H                   11     0.000    0.016      0.016
Bond angles, non H                  15     2.567    0.864      2.300
Bond angles, H                      26     0.980    0.407      2.006
Torsion angles, period 3             2     1.426    0.143     10.000
Chiral centres                       3     0.064    0.688      0.120
Planar groups                        4     0.000    0.004      0.020
VDW nonbonded                        1     0.067    0.334      0.200
VDW torsion                          8     0.137    0.687      0.200



====== CYCLE 17 ======

 weight = 1.0000e+00
 geom_x = 17.281144648380916
 geom_a = 0
 geom_q = 0
 geom_c = 0.0
f0= 1.7281e+01
using cgsolve in c++, ic=False
diag(geom) min= 351.998383 max= 16438.106677
diag(all) min= 351.998383 max= 16438.106677
Trying gamma equal 0.138600
Convergence reached after 17 iterations with no gamma cycles
min(dx) = -0.001267957429073261
max(dx) = 0.0021445844381411503
mean(dx)= 1.8348385380251018e-05
vdws = 71
atoms = 22
pairs = 131
 geom_x = 17.269982670262124
 geom_a = 0
 geom_q = 0
 geom_c = 0.0
f1, 0= 1.7270e+01
                          N restraints  r.m.s.d.  r.m.s.Z  Mn(sigma)
Bond distances, non H               11     0.008    0.432      0.016
Bond distances, H                   11     0.000    0.016      0.016
Bond angles, non H                  15     2.569    0.864      2.300
Bond angles, H                      26     0.980    0.407      2.006
Torsion angles, period 3             2     1.427    0.143     10.000
Chiral centres                       3     0.064    0.688      0.120
Planar groups                        4     0.000    0.004      0.020
VDW nonbonded                        1     0.067    0.334      0.200
VDW torsion                          8     0.137    0.686      0.200



====== CYCLE 18 ======

 weight = 1.0000e+00
 geom_x = 17.269982670262124
 geom_a = 0
 geom_q = 0
 geom_c = 0.0
f0= 1.7270e+01
using cgsolve in c++, ic=False
diag(geom) min= 350.959980 max= 16438.714972
diag(all) min= 350.959980 max= 16438.714972
Trying gamma equal 0.138600
Convergence reached after 17 iterations with no gamma cycles
min(dx) = -0.0012592919254497356
max(dx) = 0.0021166755551595
mean(dx)= 1.862969485443295e-05
vdws = 71
atoms = 22
pairs = 131
 geom_x = 17.258926746411227
 geom_a = 0
 geom_q = 0
 geom_c = 0.0
f1, 0= 1.7259e+01
                          N restraints  r.m.s.d.  r.m.s.Z  Mn(sigma)
Bond distances, non H               11     0.008    0.432      0.016
Bond distances, H                   11     0.000    0.016      0.016
Bond angles, non H                  15     2.570    0.865      2.300
Bond angles, H                      26     0.980    0.406      2.006
Torsion angles, period 3             2     1.428    0.143     10.000
Chiral centres                       3     0.064    0.688      0.120
Planar groups                        4     0.000    0.005      0.020
VDW nonbonded                        1     0.067    0.334      0.200
VDW torsion                          8     0.137    0.686      0.200



====== CYCLE 19 ======

 weight = 1.0000e+00
 geom_x = 17.258926746411227
 geom_a = 0
 geom_q = 0
 geom_c = 0.0
f0= 1.7259e+01
using cgsolve in c++, ic=False
diag(geom) min= 349.943815 max= 16439.327166
diag(all) min= 349.943815 max= 16439.327166
Trying gamma equal 0.138600
Convergence reached after 16 iterations with no gamma cycles
min(dx) = -0.0012514155514786755
max(dx) = 0.0020916743136456966
mean(dx)= 1.88883060174592e-05
vdws = 71
atoms = 22
pairs = 131
 geom_x = 17.24797064286953
 geom_a = 0
 geom_q = 0
 geom_c = 0.0
f1, 0= 1.7248e+01
                          N restraints  r.m.s.d.  r.m.s.Z  Mn(sigma)
Bond distances, non H               11     0.008    0.432      0.016
Bond distances, H                   11     0.000    0.016      0.016
Bond angles, non H                  15     2.571    0.865      2.300
Bond angles, H                      26     0.979    0.406      2.006
Torsion angles, period 3             2     1.428    0.143     10.000
Chiral centres                       3     0.064    0.688      0.120
Planar groups                        4     0.000    0.005      0.020
VDW nonbonded                        1     0.067    0.333      0.200
VDW torsion                          8     0.137    0.685      0.200



====== CYCLE 20 ======

 weight = 1.0000e+00
 geom_x = 17.24797064286953
 geom_a = 0
 geom_q = 0
 geom_c = 0.0
f0= 1.7248e+01
using cgsolve in c++, ic=False
diag(geom) min= 348.947990 max= 16439.942541
diag(all) min= 348.947990 max= 16439.942541
Trying gamma equal 0.138600
Convergence reached after 16 iterations with no gamma cycles
min(dx) = -0.0012442130689680128
max(dx) = 0.002069271064088996
mean(dx)= 1.912863538898875e-05
vdws = 71
atoms = 22
pairs = 131
 geom_x = 17.237109432342162
 geom_a = 0
 geom_q = 0
 geom_c = 0.0
f1, 0= 1.7237e+01
                          N restraints  r.m.s.d.  r.m.s.Z  Mn(sigma)
Bond distances, non H               11     0.008    0.432      0.016
Bond distances, H                   11     0.000    0.016      0.016
Bond angles, non H                  15     2.571    0.865      2.300
Bond angles, H                      26     0.979    0.406      2.006
Torsion angles, period 3             2     1.428    0.143     10.000
Chiral centres                       3     0.064    0.689      0.120
Planar groups                        4     0.000    0.005      0.020
VDW nonbonded                        1     0.067    0.333      0.200
VDW torsion                          8     0.137    0.684      0.200



====== CYCLE 21 ======

 weight = 1.0000e+00
 geom_x = 17.237109432342162
 geom_a = 0
 geom_q = 0
 geom_c = 0.0
f0= 1.7237e+01
using cgsolve in c++, ic=False
diag(geom) min= 347.970824 max= 16440.560458
diag(all) min= 347.970824 max= 16440.560458
Trying gamma equal 0.138600
Convergence reached after 16 iterations with no gamma cycles
min(dx) = -0.00123758320370117
max(dx) = 0.0020490623905058763
mean(dx)= 1.93467061709525e-05
vdws = 71
atoms = 22
pairs = 131
 geom_x = 17.22633919275987
 geom_a = 0
 geom_q = 0
 geom_c = 0.0
f1, 0= 1.7226e+01
                          N restraints  r.m.s.d.  r.m.s.Z  Mn(sigma)
Bond distances, non H               11     0.008    0.432      0.016
Bond distances, H                   11     0.000    0.016      0.016
Bond angles, non H                  15     2.572    0.866      2.300
Bond angles, H                      26     0.979    0.406      2.006
Torsion angles, period 3             2     1.428    0.143     10.000
Chiral centres                       3     0.064    0.689      0.120
Planar groups                        4     0.000    0.005      0.020
VDW nonbonded                        1     0.067    0.333      0.200
VDW torsion                          8     0.137    0.684      0.200



====== CYCLE 22 ======

 weight = 1.0000e+00
 geom_x = 17.22633919275987
 geom_a = 0
 geom_q = 0
 geom_c = 0.0
f0= 1.7226e+01
using cgsolve in c++, ic=False
diag(geom) min= 347.010901 max= 16441.180390
diag(all) min= 347.010901 max= 16441.180390
Trying gamma equal 0.138600
Convergence reached after 16 iterations with no gamma cycles
min(dx) = -0.0012314395310145164
max(dx) = 0.0020307655316607843
mean(dx)= 1.9545250429063883e-05
vdws = 71
atoms = 22
pairs = 131
 geom_x = 17.215656778260858
 geom_a = 0
 geom_q = 0
 geom_c = 0.0
f1, 0= 1.7216e+01
                          N restraints  r.m.s.d.  r.m.s.Z  Mn(sigma)
Bond distances, non H               11     0.008    0.432      0.016
Bond distances, H                   11     0.000    0.016      0.016
Bond angles, non H                  15     2.573    0.866      2.300
Bond angles, H                      26     0.978    0.405      2.006
Torsion angles, period 3             2     1.427    0.143     10.000
Chiral centres                       3     0.064    0.689      0.120
Planar groups                        4     0.000    0.005      0.020
VDW nonbonded                        1     0.067    0.333      0.200
VDW torsion                          8     0.137    0.683      0.200



====== CYCLE 23 ======

 weight = 1.0000e+00
 geom_x = 17.215656778260858
 geom_a = 0
 geom_q = 0
 geom_c = 0.0
f0= 1.7216e+01
using cgsolve in c++, ic=False
diag(geom) min= 346.066996 max= 16441.801858
diag(all) min= 346.066996 max= 16441.801858
Trying gamma equal 0.138600
Convergence reached after 16 iterations with no gamma cycles
min(dx) = -0.001225710107379012
max(dx) = 0.0020141211245397013
mean(dx)= 1.9724976407295213e-05
vdws = 71
atoms = 22
pairs = 131
 geom_x = 17.20505964380666
 geom_a = 0
 geom_q = 0
 geom_c = 0.0
f1, 0= 1.7205e+01
                          N restraints  r.m.s.d.  r.m.s.Z  Mn(sigma)
Bond distances, non H               11     0.008    0.432      0.016
Bond distances, H                   11     0.000    0.016      0.016
Bond angles, non H                  15     2.574    0.866      2.300
Bond angles, H                      26     0.978    0.405      2.006
Torsion angles, period 3             2     1.426    0.143     10.000
Chiral centres                       3     0.064    0.689      0.120
Planar groups                        4     0.000    0.005      0.020
VDW nonbonded                        1     0.066    0.332      0.200
VDW torsion                          8     0.137    0.683      0.200



====== CYCLE 24 ======

 weight = 1.0000e+00
 geom_x = 17.20505964380666
 geom_a = 0
 geom_q = 0
 geom_c = 0.0
f0= 1.7205e+01
using cgsolve in c++, ic=False
diag(geom) min= 345.138055 max= 16442.424448
diag(all) min= 345.138055 max= 16442.424448
Trying gamma equal 0.138600
Convergence reached after 16 iterations with no gamma cycles
min(dx) = -0.0012203336460357686
max(dx) = 0.0019989100398561752
mean(dx)= 1.9887257895131043e-05
vdws = 71
atoms = 22
pairs = 131
 geom_x = 17.1945457107835
 geom_a = 0
 geom_q = 0
 geom_c = 0.0
f1, 0= 1.7195e+01
                          N restraints  r.m.s.d.  r.m.s.Z  Mn(sigma)
Bond distances, non H               11     0.008    0.432      0.016
Bond distances, H                   11     0.000    0.016      0.016
Bond angles, non H                  15     2.574    0.866      2.300
Bond angles, H                      26     0.978    0.405      2.006
Torsion angles, period 3             2     1.425    0.142     10.000
Chiral centres                       3     0.064    0.689      0.120
Planar groups                        4     0.000    0.006      0.020
VDW nonbonded                        1     0.066    0.332      0.200
VDW torsion                          8     0.137    0.683      0.200



====== CYCLE 25 ======

 weight = 1.0000e+00
 geom_x = 17.1945457107835
 geom_a = 0
 geom_q = 0
 geom_c = 0.0
f0= 1.7195e+01
using cgsolve in c++, ic=False
diag(geom) min= 344.223166 max= 16443.047799
diag(all) min= 344.223166 max= 16443.047799
Trying gamma equal 0.138600
Convergence reached after 16 iterations with no gamma cycles
min(dx) = -0.0012152578299186693
max(dx) = 0.0019849429823084945
mean(dx)= 2.0033346216768673e-05
vdws = 71
atoms = 22
pairs = 131
 geom_x = 17.184113263675957
 geom_a = 0
 geom_q = 0
 geom_c = 0.0
f1, 0= 1.7184e+01
                          N restraints  r.m.s.d.  r.m.s.Z  Mn(sigma)
Bond distances, non H               11     0.008    0.432      0.016
Bond distances, H                   11     0.000    0.016      0.016
Bond angles, non H                  15     2.575    0.866      2.300
Bond angles, H                      26     0.977    0.405      2.006
Torsion angles, period 3             2     1.423    0.142     10.000
Chiral centres                       3     0.064    0.689      0.120
Planar groups                        4     0.000    0.006      0.020
VDW nonbonded                        1     0.066    0.332      0.200
VDW torsion                          8     0.136    0.682      0.200



====== CYCLE 26 ======

 weight = 1.0000e+00
 geom_x = 17.184113263675957
 geom_a = 0
 geom_q = 0
 geom_c = 0.0
f0= 1.7184e+01
using cgsolve in c++, ic=False
diag(geom) min= 343.321542 max= 16443.671592
diag(all) min= 343.321542 max= 16443.671592
Trying gamma equal 0.138600
Convergence reached after 16 iterations with no gamma cycles
min(dx) = -0.0012104378151427215
max(dx) = 0.0019720576735501654
mean(dx)= 2.016450721996871e-05
vdws = 71
atoms = 22
pairs = 131
 geom_x = 17.173760870452377
 geom_a = 0
 geom_q = 0
 geom_c = 0.0
f1, 0= 1.7174e+01
                          N restraints  r.m.s.d.  r.m.s.Z  Mn(sigma)
Bond distances, non H               11     0.008    0.432      0.016
Bond distances, H                   11     0.000    0.016      0.016
Bond angles, non H                  15     2.575    0.867      2.300
Bond angles, H                      26     0.977    0.404      2.006
Torsion angles, period 3             2     1.422    0.142     10.000
Chiral centres                       3     0.064    0.689      0.120
Planar groups                        4     0.000    0.006      0.020
VDW nonbonded                        1     0.066    0.331      0.200
VDW torsion                          8     0.136    0.682      0.200



====== CYCLE 27 ======

 weight = 1.0000e+00
 geom_x = 17.173760870452377
 geom_a = 0
 geom_q = 0
 geom_c = 0.0
f0= 1.7174e+01
using cgsolve in c++, ic=False
diag(geom) min= 342.432500 max= 16444.295549
diag(all) min= 342.432500 max= 16444.295549
Trying gamma equal 0.138600
Convergence reached after 16 iterations with no gamma cycles
min(dx) = -0.0012058351333263816
max(dx) = 0.0019601145325199728
mean(dx)= 2.028194398879277e-05
vdws = 71
atoms = 22
pairs = 131
 geom_x = 17.163487321080968
 geom_a = 0
 geom_q = 0
 geom_c = 0.0
f1, 0= 1.7163e+01
                          N restraints  r.m.s.d.  r.m.s.Z  Mn(sigma)
Bond distances, non H               11     0.008    0.432      0.016
Bond distances, H                   11     0.000    0.016      0.016
Bond angles, non H                  15     2.575    0.867      2.300
Bond angles, H                      26     0.977    0.404      2.006
Torsion angles, period 3             2     1.420    0.142     10.000
Chiral centres                       3     0.064    0.689      0.120
Planar groups                        4     0.000    0.006      0.020
VDW nonbonded                        1     0.066    0.331      0.200
VDW torsion                          8     0.136    0.681      0.200



====== CYCLE 28 ======

 weight = 1.0000e+00
 geom_x = 17.163487321080968
 geom_a = 0
 geom_q = 0
 geom_c = 0.0
f0= 1.7163e+01
using cgsolve in c++, ic=False
diag(geom) min= 341.555445 max= 16444.919423
diag(all) min= 341.555445 max= 16444.919423
Trying gamma equal 0.138600
Convergence reached after 16 iterations with no gamma cycles
min(dx) = -0.0012014167412647135
max(dx) = 0.0019489933674166071
mean(dx)= 2.0386791535907454e-05
vdws = 71
atoms = 22
pairs = 131
 geom_x = 17.153291579945332
 geom_a = 0
 geom_q = 0
 geom_c = 0.0
f1, 0= 1.7153e+01
                          N restraints  r.m.s.d.  r.m.s.Z  Mn(sigma)
Bond distances, non H               11     0.008    0.432      0.016
Bond distances, H                   11     0.000    0.016      0.016
Bond angles, non H                  15     2.576    0.867      2.300
Bond angles, H                      26     0.976    0.404      2.006
Torsion angles, period 3             2     1.418    0.142     10.000
Chiral centres                       3     0.064    0.689      0.120
Planar groups                        4     0.000    0.006      0.020
VDW nonbonded                        1     0.066    0.331      0.200
VDW torsion                          8     0.136    0.681      0.200



====== CYCLE 29 ======

 weight = 1.0000e+00
 geom_x = 17.153291579945332
 geom_a = 0
 geom_q = 0
 geom_c = 0.0
f0= 1.7153e+01
using cgsolve in c++, ic=False
diag(geom) min= 340.689859 max= 16445.542997
diag(all) min= 340.689859 max= 16445.542997
Trying gamma equal 0.138600
Convergence reached after 16 iterations with no gamma cycles
min(dx) = -0.0011971542362353969
max(dx) = 0.0019385904579683135
mean(dx)= 2.0480105766348977e-05
vdws = 71
atoms = 22
pairs = 131
 geom_x = 17.143172748935058
 geom_a = 0
 geom_q = 0
 geom_c = 0.0
f1, 0= 1.7143e+01
                          N restraints  r.m.s.d.  r.m.s.Z  Mn(sigma)
Bond distances, non H               11     0.008    0.432      0.016
Bond distances, H                   11     0.000    0.016      0.016
Bond angles, non H                  15     2.576    0.867      2.300
Bond angles, H                      26     0.976    0.404      2.006
Torsion angles, period 3             2     1.416    0.142     10.000
Chiral centres                       3     0.064    0.690      0.120
Planar groups                        4     0.000    0.006      0.020
VDW nonbonded                        1     0.066    0.331      0.200
VDW torsion                          8     0.136    0.681      0.200



====== CYCLE 30 ======

 weight = 1.0000e+00
 geom_x = 17.143172748935058
 geom_a = 0
 geom_q = 0
 geom_c = 0.0
f0= 1.7143e+01
using cgsolve in c++, ic=False
diag(geom) min= 339.835287 max= 16446.166078
diag(all) min= 339.835287 max= 16446.166078
Trying gamma equal 0.138600
Convergence reached after 16 iterations with no gamma cycles
min(dx) = -0.0011930231926995537
max(dx) = 0.0019288161066378057
mean(dx)= 2.0562860891922824e-05
vdws = 71
atoms = 22
pairs = 131
 geom_x = 17.133130038750345
 geom_a = 0
 geom_q = 0
 geom_c = 0.0
f1, 0= 1.7133e+01
                          N restraints  r.m.s.d.  r.m.s.Z  Mn(sigma)
Bond distances, non H               11     0.008    0.432      0.016
Bond distances, H                   11     0.000    0.016      0.016
Bond angles, non H                  15     2.576    0.867      2.300
Bond angles, H                      26     0.976    0.403      2.006
Torsion angles, period 3             2     1.414    0.141     10.000
Chiral centres                       3     0.064    0.690      0.120
Planar groups                        4     0.000    0.007      0.020
VDW nonbonded                        1     0.066    0.330      0.200
VDW torsion                          8     0.136    0.680      0.200


$TABLE: stats vs cycle :
$GRAPHS
: Geometry :A:1,4,2:
: Geometry Z :A:1,5,3:
$$
 Ncyc  rmsBOND  zBOND  rmsANGL  zANGL
$$
$$
    0   0.0132 0.7276   2.2928 0.7760
    1   0.0084 0.4600   2.4679 0.8311
    2   0.0079 0.4339   2.5061 0.8437
    3   0.0078 0.4305   2.5211 0.8487
    4   0.0078 0.4302   2.5301 0.8517
    5   0.0078 0.4305   2.5367 0.8539
    6   0.0078 0.4309   2.5419 0.8557
    7   0.0078 0.4313   2.5462 0.8571
    8   0.0078 0.4315   2.5498 0.8583
    9   0.0078 0.4317   2.5529 0.8593
   10   0.0078 0.4319   2.5559 0.8603
   11   0.0079 0.4320   2.5584 0.8611
   12   0.0079 0.4321   2.5606 0.8619
   13   0.0079 0.4322   2.5626 0.8625
   14   0.0079 0.4323   2.5644 0.8631
   15   0.0079 0.4323   2.5659 0.8636
   16   0.0079 0.4323   2.5673 0.8641
   17   0.0079 0.4323   2.5685 0.8644
   18   0.0079 0.4323   2.5696 0.8648
   19   0.0079 0.4323   2.5706 0.8651
   20   0.0079 0.4323   2.5715 0.8654
   21   0.0079 0.4322   2.5722 0.8656
   22   0.0079 0.4322   2.5729 0.8659
   23   0.0079 0.4321   2.5735 0.8661
   24   0.0079 0.4321   2.5741 0.8662
   25   0.0079 0.4320   2.5746 0.8664
   26   0.0079 0.4319   2.5750 0.8665
   27   0.0079 0.4319   2.5754 0.8666
   28   0.0079 0.4318   2.5758 0.8668
   29   0.0079 0.4317   2.5761 0.8669
   30   0.0079 0.4316   2.5764 0.8670
$$

Updated dictionary saved: cys-epx_link_TMP/LIG_for_link_TMP/mol_1_conf_19_updated.cif
Refinement statistics saved: cys-epx_link_TMP/LIG_for_link_TMP/mol_1_conf_19_stats.json

# Finished on 2026-06-14 11:42:46.606944

=========END OF PROCESS INFORMATION ==========
