
============ PROCESS INFORMATION =============
# Servalcat ver. 0.4.128 (Python 3.9.18)
# Library vers. gemmi 0.7.4, scipy 1.7.3, numpy 1.19.5, pandas 1.3.5
# Started on 2026-06-14 11:39:32.541063
# Host: Mac.lan User: hilgersmt
# Command-line:
# servalcat --logfile cys-caa_link_TMP/LIG_for_link_TMP/servalcat.log refine_geom --update_dictionary cys-caa_link_TMP/LIG_for_link_TMP/mol_1_conf_6_init.cif -o cys-caa_link_TMP/LIG_for_link_TMP/mol_1_conf_6 --randomize 0.01
Config loaded
--
refine:
  atom_selection:
    xyz:
      include:
      - '*'
      exclude: []
      exclude_restraint: []
    adp:
      include: []
      exclude: []
      exclude_restraint: []
    occ:
      include: []
      exclude: []
      exclude_restraint: []
    dfrac:
      include: []
      exclude: []
      exclude_restraint: []
  occ_groups: []
  occ_group_constraints: []
  occ_group_const_mu: 10.0
  occ_group_const_mu_update_factor: 1.1
  occ_group_const_mu_update_tol_rel: 0.25
  occ_group_const_mu_update_tol_abs: 0.01
  initialisation:
    adp: {}
    occ: {}
    dfrac: {}
  write_trajectory: false
--
Reading monomers from /Applications/ccp4-9/lib/data/monomers/
Monomer not in the library: LIG.
Reading monomer: cys-caa_link_TMP/LIG_for_link_TMP/mol_1_conf_6_init.cif
Monomer library loaded: 1 monomers, 109 links, 133 modifications
       loaded monomers: LIG

Checking if unknown atoms exist..
Creating restraints..

Chain info:
 chain 
  ligands: LIG (1 residues)

Number of refinement parameters:
       n_params  n_atoms  n_atoms_geom_only  n_atoms_data_only
xyz          12       12                  0                  0
adp           0        0                  0                  0
occ           0        0                  0                  0
dfrac         0        0                  0                  0

Randomizing structure with rmsd of 0.01
Torsion angle rules:
 include:
  {'group': 'peptide', 'tors_name': 'chi*'}
  {'link': '*', 'tors_name': 'omega'}
  {'residue': '*', 'tors_name': 'sp2_sp2*'}
  {'link': '*', 'tors_name': 'sp2_sp2*'}
 exclude:
  none
External restraints from Refmac instructions
 Number of distances          : 0
 Number of angles             : 0
 Number of torsions           : 0
 Number of chirals            : 0
 Number of planes             : 0
 Number of intervals          : 0
 Number of stackings          : 0
 Number of harmonics          : 0
 Number of special positions  : 0

Running 10 cycles with wchir=4 wvdw=2 without hydrogen
Geometry weights
vdws = 12
atoms = 12
pairs = 36
 *** Bond distances outliers (Z >= 5) ***

     atom1      atom2  value  ideal  sigma     z
/LIG 1/C15 /LIG 1/N17  1.417  1.330  0.010 8.748
 /LIG 1/C3  /LIG 1/O7  1.393  1.251  0.018 7.749

                          N restraints  r.m.s.d.  r.m.s.Z  Mn(sigma)
Bond distances, non H               11     0.053    3.758      0.013
Bond angles, non H                  13     3.538    2.326      1.680
Torsion angles, period 2             1     0.792    0.158      5.000
Chiral centres                       1     0.191    1.358      0.141
Planar groups                        8     0.002    0.112      0.020
VDW torsion                          2     0.275    1.376      0.200


====== CYCLE  1 ======

 weight = 1.0000e+00
 geom_x = 135.223800645364
 geom_a = 0
 geom_q = 0
 geom_c = 0.0
f0= 1.3522e+02
using cgsolve in c++, ic=False
diag(geom) min= 743.547669 max= 24011.301326
diag(all) min= 743.547669 max= 24011.301326
Trying gamma equal 0.000000
Convergence reached after 27 iterations with no gamma cycles
min(dx) = -0.20164586984799385
max(dx) = 0.29185870992997215
mean(dx)= -0.010060634849771667
vdws = 11
atoms = 12
pairs = 35
 geom_x = 21.58664761026684
 geom_a = 0
 geom_q = 0
 geom_c = 0.0
f1, 0= 2.1587e+01
                          N restraints  r.m.s.d.  r.m.s.Z  Mn(sigma)
Bond distances, non H               11     0.022    1.288      0.013
Bond angles, non H                  13     1.028    0.677      1.680
Torsion angles, period 2             1     0.206    0.041      5.000
Chiral centres                       1     0.033    0.238      0.141
Planar groups                        8     0.004    0.201      0.020
VDW torsion                          2     0.298    1.489      0.200



====== CYCLE  2 ======

 weight = 1.0000e+00
 geom_x = 21.58664761026684
 geom_a = 0
 geom_q = 0
 geom_c = 0.0
f0= 2.1587e+01
using cgsolve in c++, ic=False
diag(geom) min= 711.118210 max= 25903.678569
diag(all) min= 711.118210 max= 25903.678569
Trying gamma equal 0.000000
Convergence reached after 27 iterations with no gamma cycles
min(dx) = -0.3834274351055755
max(dx) = 0.32977456257271026
mean(dx)= 0.009373183383918252
vdws = 11
atoms = 12
pairs = 35
 geom_x = 68.4666077421216
 geom_a = 0
 geom_q = 0
 geom_c = 0.0
f1, 0= 6.8467e+01
min(dx) = -0.19171371755278774
max(dx) = 0.16488728128635513
mean(dx)= 0.004686591691959126
vdws = 11
atoms = 12
pairs = 35
 geom_x = 21.967609510634894
 geom_a = 0
 geom_q = 0
 geom_c = 0.0
f1, 1= 2.1968e+01
min(dx) = -0.09585685877639387
max(dx) = 0.08244364064317757
mean(dx)= 0.002343295845979563
vdws = 11
atoms = 12
pairs = 35
 geom_x = 18.22919213565492
 geom_a = 0
 geom_q = 0
 geom_c = 0.0
f1, 2= 1.8229e+01
                          N restraints  r.m.s.d.  r.m.s.Z  Mn(sigma)
Bond distances, non H               11     0.020    1.149      0.013
Bond angles, non H                  13     0.947    0.623      1.680
Torsion angles, period 2             1     0.155    0.031      5.000
Chiral centres                       1     0.031    0.218      0.141
Planar groups                        8     0.003    0.150      0.020
VDW torsion                          3     0.231    1.153      0.200



====== CYCLE  3 ======

 weight = 1.0000e+00
 geom_x = 18.22919213565492
 geom_a = 0
 geom_q = 0
 geom_c = 0.0
f0= 1.8229e+01
using cgsolve in c++, ic=False
diag(geom) min= 711.873633 max= 25527.060742
diag(all) min= 711.873633 max= 25527.060742
Trying gamma equal 0.000000
Convergence reached after 27 iterations with no gamma cycles
min(dx) = -0.06576801881152872
max(dx) = 0.04354531038194196
mean(dx)= -2.7351335814334476e-05
vdws = 11
atoms = 12
pairs = 35
 geom_x = 9.154390112706405
 geom_a = 0
 geom_q = 0
 geom_c = 0.0
f1, 0= 9.1544e+00
                          N restraints  r.m.s.d.  r.m.s.Z  Mn(sigma)
Bond distances, non H               11     0.003    0.218      0.013
Bond angles, non H                  13     0.653    0.421      1.680
Torsion angles, period 2             1     0.001    0.000      5.000
Chiral centres                       1     0.005    0.035      0.141
Planar groups                        8     0.000    0.005      0.020
VDW torsion                          3     0.227    1.135      0.200



====== CYCLE  4 ======

 weight = 1.0000e+00
 geom_x = 9.154390112706405
 geom_a = 0
 geom_q = 0
 geom_c = 0.0
f0= 9.1544e+00
using cgsolve in c++, ic=False
diag(geom) min= 711.950589 max= 25165.294294
diag(all) min= 711.950589 max= 25165.294294
Trying gamma equal 0.000000
Convergence reached after 26 iterations with no gamma cycles
min(dx) = -0.004099043272578307
max(dx) = 0.004226686151505658
mean(dx)= 0.0002744647772998522
vdws = 11
atoms = 12
pairs = 35
 geom_x = 9.147954663473666
 geom_a = 0
 geom_q = 0
 geom_c = 0.0
f1, 0= 9.1480e+00
                          N restraints  r.m.s.d.  r.m.s.Z  Mn(sigma)
Bond distances, non H               11     0.003    0.210      0.013
Bond angles, non H                  13     0.648    0.416      1.680
Torsion angles, period 2             1     0.001    0.000      5.000
Chiral centres                       1     0.006    0.039      0.141
Planar groups                        8     0.000    0.000      0.020
VDW torsion                          3     0.228    1.138      0.200



====== CYCLE  5 ======

 weight = 1.0000e+00
 geom_x = 9.147954663473666
 geom_a = 0
 geom_q = 0
 geom_c = 0.0
f0= 9.1480e+00
using cgsolve in c++, ic=False
diag(geom) min= 711.993585 max= 25140.450419
diag(all) min= 711.993585 max= 25140.450419
Trying gamma equal 0.000000
Not converging with gamma equal 0.000000
Trying gamma equal 0.052500
Gamma decreased to 0.042000
min(dx) = -9.11527185903919e-05
max(dx) = 9.052194287916321e-05
mean(dx)= 4.5136100198946585e-06
vdws = 11
atoms = 12
pairs = 35
 geom_x = 9.14794626436476
 geom_a = 0
 geom_q = 0
 geom_c = 0.0
f1, 0= 9.1479e+00
                          N restraints  r.m.s.d.  r.m.s.Z  Mn(sigma)
Bond distances, non H               11     0.003    0.210      0.013
Bond angles, non H                  13     0.648    0.416      1.680
Torsion angles, period 2             1     0.000    0.000      5.000
Chiral centres                       1     0.006    0.040      0.141
Planar groups                        8     0.000    0.000      0.020
VDW torsion                          3     0.228    1.138      0.200



====== CYCLE  6 ======

 weight = 1.0000e+00
 geom_x = 9.14794626436476
 geom_a = 0
 geom_q = 0
 geom_c = 0.0
f0= 9.1479e+00
using cgsolve in c++, ic=False
diag(geom) min= 711.982644 max= 25139.920183
diag(all) min= 711.982644 max= 25139.920183
Trying gamma equal 0.042000
Not converging with gamma equal 0.042000
Trying gamma equal 0.094500
Gamma decreased to 0.084000
min(dx) = -4.225401342807754e-05
max(dx) = 4.613867146269387e-05
mean(dx)= 2.708946955007693e-06
vdws = 11
atoms = 12
pairs = 35
 geom_x = 9.147943615021912
 geom_a = 0
 geom_q = 0
 geom_c = 0.0
f1, 0= 9.1479e+00
                          N restraints  r.m.s.d.  r.m.s.Z  Mn(sigma)
Bond distances, non H               11     0.003    0.210      0.013
Bond angles, non H                  13     0.648    0.416      1.680
Torsion angles, period 2             1     0.000    0.000      5.000
Chiral centres                       1     0.006    0.040      0.141
Planar groups                        8     0.000    0.000      0.020
VDW torsion                          3     0.228    1.138      0.200



====== CYCLE  7 ======

 weight = 1.0000e+00
 geom_x = 9.147943615021912
 geom_a = 0
 geom_q = 0
 geom_c = 0.0
f0= 9.1479e+00
using cgsolve in c++, ic=False
diag(geom) min= 711.978182 max= 25139.680322
diag(all) min= 711.978182 max= 25139.680322
Trying gamma equal 0.084000
Convergence reached after 20 iterations with no gamma cycles
min(dx) = -4.157386036812958e-05
max(dx) = 4.789698599420595e-05
mean(dx)= 2.807298905438968e-06
vdws = 11
atoms = 12
pairs = 35
 geom_x = 9.147941229471806
 geom_a = 0
 geom_q = 0
 geom_c = 0.0
f1, 0= 9.1479e+00
                          N restraints  r.m.s.d.  r.m.s.Z  Mn(sigma)
Bond distances, non H               11     0.003    0.210      0.013
Bond angles, non H                  13     0.648    0.416      1.680
Torsion angles, period 2             1     0.000    0.000      5.000
Chiral centres                       1     0.006    0.040      0.141
Planar groups                        8     0.000    0.000      0.020
VDW torsion                          3     0.228    1.138      0.200



====== CYCLE  8 ======

 weight = 1.0000e+00
 geom_x = 9.147941229471806
 geom_a = 0
 geom_q = 0
 geom_c = 0.0
f0= 9.1479e+00
using cgsolve in c++, ic=False
diag(geom) min= 711.974541 max= 25139.438032
diag(all) min= 711.974541 max= 25139.438032
Trying gamma equal 0.084000
Convergence reached after 20 iterations with no gamma cycles
min(dx) = -3.671320933551165e-05
max(dx) = 4.3347978029754044e-05
mean(dx)= 2.5638573298340626e-06
vdws = 11
atoms = 12
pairs = 35
 geom_x = 9.14793931821335
 geom_a = 0
 geom_q = 0
 geom_c = 0.0
f1, 0= 9.1479e+00
                          N restraints  r.m.s.d.  r.m.s.Z  Mn(sigma)
Bond distances, non H               11     0.003    0.210      0.013
Bond angles, non H                  13     0.648    0.416      1.680
Torsion angles, period 2             1     0.000    0.000      5.000
Chiral centres                       1     0.006    0.040      0.141
Planar groups                        8     0.000    0.000      0.020
VDW torsion                          3     0.228    1.138      0.200



====== CYCLE  9 ======

 weight = 1.0000e+00
 geom_x = 9.14793931821335
 geom_a = 0
 geom_q = 0
 geom_c = 0.0
f0= 9.1479e+00
using cgsolve in c++, ic=False
diag(geom) min= 711.971855 max= 25139.220525
diag(all) min= 711.971855 max= 25139.220525
Trying gamma equal 0.084000
Convergence reached after 18 iterations with no gamma cycles
min(dx) = -3.2478061001520814e-05
max(dx) = 3.915072212839983e-05
mean(dx)= 2.3430959846869656e-06
vdws = 11
atoms = 12
pairs = 35
 geom_x = 9.147937784823286
 geom_a = 0
 geom_q = 0
 geom_c = 0.0
f1, 0= 9.1479e+00
                          N restraints  r.m.s.d.  r.m.s.Z  Mn(sigma)
Bond distances, non H               11     0.003    0.210      0.013
Bond angles, non H                  13     0.648    0.416      1.680
Torsion angles, period 2             1     0.000    0.000      5.000
Chiral centres                       1     0.006    0.040      0.141
Planar groups                        8     0.000    0.000      0.020
VDW torsion                          3     0.228    1.138      0.200



====== CYCLE 10 ======

 weight = 1.0000e+00
 geom_x = 9.147937784823286
 geom_a = 0
 geom_q = 0
 geom_c = 0.0
f0= 9.1479e+00
using cgsolve in c++, ic=False
diag(geom) min= 711.969866 max= 25139.025439
diag(all) min= 711.969866 max= 25139.025439
Trying gamma equal 0.084000
Convergence reached after 18 iterations with no gamma cycles
min(dx) = -2.875760230505759e-05
max(dx) = 3.534206456050547e-05
mean(dx)= 2.1405655837779037e-06
vdws = 11
atoms = 12
pairs = 35
 geom_x = 9.147936553422657
 geom_a = 0
 geom_q = 0
 geom_c = 0.0
f1, 0= 9.1479e+00
                          N restraints  r.m.s.d.  r.m.s.Z  Mn(sigma)
Bond distances, non H               11     0.003    0.210      0.013
Bond angles, non H                  13     0.648    0.416      1.680
Torsion angles, period 2             1     0.000    0.000      5.000
Chiral centres                       1     0.006    0.040      0.141
Planar groups                        8     0.000    0.000      0.020
VDW torsion                          3     0.228    1.138      0.200


$TABLE: stats vs cycle :
$GRAPHS
: Geometry :A:1,2,4:
: Geometry Z :A:1,3,5:
$$
 Ncyc  rmsBOND  zBOND  rmsANGL  zANGL
$$
$$
    0   0.0526 3.7584   3.5376 2.3256
    1   0.0219 1.2882   1.0281 0.6768
    2   0.0196 1.1491   0.9472 0.6231
    3   0.0032 0.2181   0.6531 0.4206
    4   0.0030 0.2102   0.6479 0.4157
    5   0.0030 0.2101   0.6480 0.4157
    6   0.0030 0.2101   0.6480 0.4157
    7   0.0030 0.2101   0.6480 0.4157
    8   0.0030 0.2101   0.6480 0.4157
    9   0.0030 0.2101   0.6480 0.4157
   10   0.0030 0.2101   0.6480 0.4157
$$

Running 30 cycles with wchir=1 wvdw=2 without hydrogen
Geometry weights
vdws = 11
atoms = 12
pairs = 35
                          N restraints  r.m.s.d.  r.m.s.Z  Mn(sigma)
Bond distances, non H               11     0.003    0.210      0.013
Bond angles, non H                  13     0.648    0.416      1.680
Torsion angles, period 2             1     0.000    0.000      5.000
Chiral centres                       1     0.006    0.040      0.141
Planar groups                        8     0.000    0.000      0.020
VDW torsion                          3     0.228    1.138      0.200


====== CYCLE  1 ======

 weight = 1.0000e+00
 geom_x = 9.136183744731529
 geom_a = 0
 geom_q = 0
 geom_c = 0.0
f0= 9.1362e+00
using cgsolve in c++, ic=False
diag(geom) min= 353.242571 max= 14467.729412
diag(all) min= 353.242571 max= 14467.729412
Trying gamma equal 0.084000
Convergence reached after 21 iterations with no gamma cycles
min(dx) = -0.0029862178706265546
max(dx) = 0.010828563442967462
mean(dx)= 0.0005131226346067751
vdws = 11
atoms = 12
pairs = 35
 geom_x = 9.066545585075342
 geom_a = 0
 geom_q = 0
 geom_c = 0.0
f1, 0= 9.0665e+00
                          N restraints  r.m.s.d.  r.m.s.Z  Mn(sigma)
Bond distances, non H               11     0.003    0.196      0.013
Bond angles, non H                  13     0.663    0.420      1.680
Torsion angles, period 2             1     0.008    0.002      5.000
Chiral centres                       1     0.035    0.247      0.141
Planar groups                        8     0.000    0.007      0.020
VDW torsion                          3     0.226    1.131      0.200



====== CYCLE  2 ======

 weight = 1.0000e+00
 geom_x = 9.066545585075342
 geom_a = 0
 geom_q = 0
 geom_c = 0.0
f0= 9.0665e+00
using cgsolve in c++, ic=False
diag(geom) min= 364.679391 max= 14477.118954
diag(all) min= 364.679391 max= 14477.118954
Trying gamma equal 0.084000
Convergence reached after 24 iterations with no gamma cycles
min(dx) = -0.0009553885471141074
max(dx) = 0.0017758138033163336
mean(dx)= 0.00020872618184802615
vdws = 11
atoms = 12
pairs = 35
 geom_x = 9.061366833870153
 geom_a = 0
 geom_q = 0
 geom_c = 0.0
f1, 0= 9.0614e+00
                          N restraints  r.m.s.d.  r.m.s.Z  Mn(sigma)
Bond distances, non H               11     0.003    0.196      0.013
Bond angles, non H                  13     0.671    0.422      1.680
Torsion angles, period 2             1     0.004    0.001      5.000
Chiral centres                       1     0.039    0.276      0.141
Planar groups                        8     0.000    0.006      0.020
VDW torsion                          3     0.226    1.130      0.200



====== CYCLE  3 ======

 weight = 1.0000e+00
 geom_x = 9.061366833870153
 geom_a = 0
 geom_q = 0
 geom_c = 0.0
f0= 9.0614e+00
using cgsolve in c++, ic=False
diag(geom) min= 365.741557 max= 14477.527532
diag(all) min= 365.741557 max= 14477.527532
Trying gamma equal 0.084000
Convergence reached after 23 iterations with no gamma cycles
min(dx) = -0.0007068674823573521
max(dx) = 0.001382848580841305
mean(dx)= 0.00014324344636174212
vdws = 11
atoms = 12
pairs = 35
 geom_x = 9.058895294305106
 geom_a = 0
 geom_q = 0
 geom_c = 0.0
f1, 0= 9.0589e+00
                          N restraints  r.m.s.d.  r.m.s.Z  Mn(sigma)
Bond distances, non H               11     0.003    0.196      0.013
Bond angles, non H                  13     0.676    0.422      1.680
Torsion angles, period 2             1     0.002    0.000      5.000
Chiral centres                       1     0.040    0.286      0.141
Planar groups                        8     0.000    0.005      0.020
VDW torsion                          3     0.226    1.129      0.200



====== CYCLE  4 ======

 weight = 1.0000e+00
 geom_x = 9.058895294305106
 geom_a = 0
 geom_q = 0
 geom_c = 0.0
f0= 9.0589e+00
using cgsolve in c++, ic=False
diag(geom) min= 366.065675 max= 14476.756990
diag(all) min= 366.065675 max= 14476.756990
Trying gamma equal 0.084000
Convergence reached after 23 iterations with no gamma cycles
min(dx) = -0.0006018143560472283
max(dx) = 0.0011365548888806274
mean(dx)= 0.00011283436602330358
vdws = 11
atoms = 12
pairs = 35
 geom_x = 9.057379527845029
 geom_a = 0
 geom_q = 0
 geom_c = 0.0
f1, 0= 9.0574e+00
                          N restraints  r.m.s.d.  r.m.s.Z  Mn(sigma)
Bond distances, non H               11     0.003    0.196      0.013
Bond angles, non H                  13     0.679    0.423      1.680
Torsion angles, period 2             1     0.006    0.001      5.000
Chiral centres                       1     0.041    0.293      0.141
Planar groups                        8     0.000    0.004      0.020
VDW torsion                          3     0.226    1.128      0.200



====== CYCLE  5 ======

 weight = 1.0000e+00
 geom_x = 9.057379527845029
 geom_a = 0
 geom_q = 0
 geom_c = 0.0
f0= 9.0574e+00
using cgsolve in c++, ic=False
diag(geom) min= 366.350064 max= 14475.736804
diag(all) min= 366.350064 max= 14475.736804
Trying gamma equal 0.084000
Convergence reached after 22 iterations with no gamma cycles
min(dx) = -0.0005105638053738094
max(dx) = 0.0009546638726495415
mean(dx)= 9.39374498522417e-05
vdws = 11
atoms = 12
pairs = 35
 geom_x = 9.056373984382141
 geom_a = 0
 geom_q = 0
 geom_c = 0.0
f1, 0= 9.0564e+00
                          N restraints  r.m.s.d.  r.m.s.Z  Mn(sigma)
Bond distances, non H               11     0.003    0.197      0.013
Bond angles, non H                  13     0.682    0.423      1.680
Torsion angles, period 2             1     0.009    0.002      5.000
Chiral centres                       1     0.042    0.298      0.141
Planar groups                        8     0.000    0.004      0.020
VDW torsion                          3     0.226    1.128      0.200



====== CYCLE  6 ======

 weight = 1.0000e+00
 geom_x = 9.056373984382141
 geom_a = 0
 geom_q = 0
 geom_c = 0.0
f0= 9.0564e+00
using cgsolve in c++, ic=False
diag(geom) min= 366.643656 max= 14474.735576
diag(all) min= 366.643656 max= 14474.735576
Trying gamma equal 0.084000
Convergence reached after 21 iterations with no gamma cycles
min(dx) = -0.0004341277408604529
max(dx) = 0.0008112271628380352
mean(dx)= 8.01129023117964e-05
vdws = 11
atoms = 12
pairs = 35
 geom_x = 9.055684199656305
 geom_a = 0
 geom_q = 0
 geom_c = 0.0
f1, 0= 9.0557e+00
                          N restraints  r.m.s.d.  r.m.s.Z  Mn(sigma)
Bond distances, non H               11     0.003    0.197      0.013
Bond angles, non H                  13     0.684    0.423      1.680
Torsion angles, period 2             1     0.010    0.002      5.000
Chiral centres                       1     0.042    0.302      0.141
Planar groups                        8     0.000    0.003      0.020
VDW torsion                          3     0.226    1.128      0.200



====== CYCLE  7 ======

 weight = 1.0000e+00
 geom_x = 9.055684199656305
 geom_a = 0
 geom_q = 0
 geom_c = 0.0
f0= 9.0557e+00
using cgsolve in c++, ic=False
diag(geom) min= 366.942297 max= 14473.836386
diag(all) min= 366.942297 max= 14473.836386
Trying gamma equal 0.084000
Convergence reached after 20 iterations with no gamma cycles
min(dx) = -0.0003700899589725154
max(dx) = 0.0006940897619781104
mean(dx)= 6.903714738887858e-05
vdws = 11
atoms = 12
pairs = 35
 geom_x = 9.055202164838866
 geom_a = 0
 geom_q = 0
 geom_c = 0.0
f1, 0= 9.0552e+00
                          N restraints  r.m.s.d.  r.m.s.Z  Mn(sigma)
Bond distances, non H               11     0.003    0.197      0.013
Bond angles, non H                  13     0.685    0.423      1.680
Torsion angles, period 2             1     0.010    0.002      5.000
Chiral centres                       1     0.043    0.304      0.141
Planar groups                        8     0.000    0.003      0.020
VDW torsion                          3     0.226    1.128      0.200



====== CYCLE  8 ======

 weight = 1.0000e+00
 geom_x = 9.055202164838866
 geom_a = 0
 geom_q = 0
 geom_c = 0.0
f0= 9.0552e+00
using cgsolve in c++, ic=False
diag(geom) min= 367.238500 max= 14473.057246
diag(all) min= 367.238500 max= 14473.057246
Trying gamma equal 0.084000
Convergence reached after 20 iterations with no gamma cycles
min(dx) = -0.00031621429663304657
max(dx) = 0.000596503155881841
mean(dx)= 5.9753482866479476e-05
vdws = 11
atoms = 12
pairs = 35
 geom_x = 9.054860772951159
 geom_a = 0
 geom_q = 0
 geom_c = 0.0
f1, 0= 9.0549e+00
                          N restraints  r.m.s.d.  r.m.s.Z  Mn(sigma)
Bond distances, non H               11     0.003    0.197      0.013
Bond angles, non H                  13     0.687    0.423      1.680
Torsion angles, period 2             1     0.010    0.002      5.000
Chiral centres                       1     0.043    0.307      0.141
Planar groups                        8     0.000    0.002      0.020
VDW torsion                          3     0.226    1.128      0.200



====== CYCLE  9 ======

 weight = 1.0000e+00
 geom_x = 9.054860772951159
 geom_a = 0
 geom_q = 0
 geom_c = 0.0
f0= 9.0549e+00
using cgsolve in c++, ic=False
diag(geom) min= 367.526285 max= 14472.393236
diag(all) min= 367.526285 max= 14472.393236
Trying gamma equal 0.084000
Convergence reached after 19 iterations with no gamma cycles
min(dx) = -0.00027071794457128226
max(dx) = 0.0005142101592822425
mean(dx)= 5.1811216184228866e-05
vdws = 11
atoms = 12
pairs = 35
 geom_x = 9.054616248016266
 geom_a = 0
 geom_q = 0
 geom_c = 0.0
f1, 0= 9.0546e+00
                          N restraints  r.m.s.d.  r.m.s.Z  Mn(sigma)
Bond distances, non H               11     0.003    0.197      0.013
Bond angles, non H                  13     0.688    0.424      1.680
Torsion angles, period 2             1     0.009    0.002      5.000
Chiral centres                       1     0.043    0.309      0.141
Planar groups                        8     0.000    0.002      0.020
VDW torsion                          3     0.225    1.127      0.200



====== CYCLE 10 ======

 weight = 1.0000e+00
 geom_x = 9.054616248016266
 geom_a = 0
 geom_q = 0
 geom_c = 0.0
f0= 9.0546e+00
using cgsolve in c++, ic=False
diag(geom) min= 367.801454 max= 14471.831959
diag(all) min= 367.801454 max= 14471.831959
Trying gamma equal 0.084000
Convergence reached after 18 iterations with no gamma cycles
min(dx) = -0.0002321866623181747
max(dx) = 0.00044430548589250324
mean(dx)= 4.4962414479089655e-05
vdws = 11
atoms = 12
pairs = 35
 geom_x = 9.054439324087415
 geom_a = 0
 geom_q = 0
 geom_c = 0.0
f1, 0= 9.0544e+00
                          N restraints  r.m.s.d.  r.m.s.Z  Mn(sigma)
Bond distances, non H               11     0.003    0.197      0.013
Bond angles, non H                  13     0.689    0.424      1.680
Torsion angles, period 2             1     0.008    0.002      5.000
Chiral centres                       1     0.044    0.310      0.141
Planar groups                        8     0.000    0.002      0.020
VDW torsion                          3     0.225    1.127      0.200



====== CYCLE 11 ======

 weight = 1.0000e+00
 geom_x = 9.054439324087415
 geom_a = 0
 geom_q = 0
 geom_c = 0.0
f0= 9.0544e+00
using cgsolve in c++, ic=False
diag(geom) min= 368.061277 max= 14471.359484
diag(all) min= 368.061277 max= 14471.359484
Trying gamma equal 0.084000
Convergence reached after 18 iterations with no gamma cycles
min(dx) = -0.0001994685583991245
max(dx) = 0.0003846258757006079
mean(dx)= 3.9039507870844924e-05
vdws = 11
atoms = 12
pairs = 35
 geom_x = 9.054310122314241
 geom_a = 0
 geom_q = 0
 geom_c = 0.0
f1, 0= 9.0543e+00
                          N restraints  r.m.s.d.  r.m.s.Z  Mn(sigma)
Bond distances, non H               11     0.003    0.197      0.013
Bond angles, non H                  13     0.690    0.424      1.680
Torsion angles, period 2             1     0.007    0.001      5.000
Chiral centres                       1     0.044    0.311      0.141
Planar groups                        8     0.000    0.002      0.020
VDW torsion                          3     0.225    1.127      0.200



====== CYCLE 12 ======

 weight = 1.0000e+00
 geom_x = 9.054310122314241
 geom_a = 0
 geom_q = 0
 geom_c = 0.0
f0= 9.0543e+00
using cgsolve in c++, ic=False
diag(geom) min= 368.304172 max= 14470.962632
diag(all) min= 368.304172 max= 14470.962632
Trying gamma equal 0.084000
Convergence reached after 18 iterations with no gamma cycles
min(dx) = -0.0001716414007619984
max(dx) = 0.00033350878427743325
mean(dx)= 3.3915032358664233e-05
vdws = 11
atoms = 12
pairs = 35
 geom_x = 9.054214967967175
 geom_a = 0
 geom_q = 0
 geom_c = 0.0
f1, 0= 9.0542e+00
                          N restraints  r.m.s.d.  r.m.s.Z  Mn(sigma)
Bond distances, non H               11     0.003    0.197      0.013
Bond angles, non H                  13     0.690    0.424      1.680
Torsion angles, period 2             1     0.006    0.001      5.000
Chiral centres                       1     0.044    0.312      0.141
Planar groups                        8     0.000    0.001      0.020
VDW torsion                          3     0.225    1.127      0.200



====== CYCLE 13 ======

 weight = 1.0000e+00
 geom_x = 9.054214967967175
 geom_a = 0
 geom_q = 0
 geom_c = 0.0
f0= 9.0542e+00
using cgsolve in c++, ic=False
diag(geom) min= 368.529412 max= 14470.629509
diag(all) min= 368.529412 max= 14470.629509
Trying gamma equal 0.084000
Convergence reached after 18 iterations with no gamma cycles
min(dx) = -0.00014792908114244803
max(dx) = 0.0002896075866327589
mean(dx)= 2.948127192875612e-05
vdws = 11
atoms = 12
pairs = 35
 geom_x = 9.054144347008771
 geom_a = 0
 geom_q = 0
 geom_c = 0.0
f1, 0= 9.0541e+00
                          N restraints  r.m.s.d.  r.m.s.Z  Mn(sigma)
Bond distances, non H               11     0.003    0.197      0.013
Bond angles, non H                  13     0.691    0.424      1.680
Torsion angles, period 2             1     0.005    0.001      5.000
Chiral centres                       1     0.044    0.313      0.141
Planar groups                        8     0.000    0.001      0.020
VDW torsion                          3     0.225    1.127      0.200



====== CYCLE 14 ======

 weight = 1.0000e+00
 geom_x = 9.054144347008771
 geom_a = 0
 geom_q = 0
 geom_c = 0.0
f0= 9.0541e+00
using cgsolve in c++, ic=False
diag(geom) min= 368.736900 max= 14470.349848
diag(all) min= 368.736900 max= 14470.349848
Trying gamma equal 0.084000
Convergence reached after 18 iterations with no gamma cycles
min(dx) = -0.00012768729541327294
max(dx) = 0.00025181946431378563
mean(dx)= 2.5645037042347707e-05
vdws = 11
atoms = 12
pairs = 35
 geom_x = 9.054091569169483
 geom_a = 0
 geom_q = 0
 geom_c = 0.0
f1, 0= 9.0541e+00
                          N restraints  r.m.s.d.  r.m.s.Z  Mn(sigma)
Bond distances, non H               11     0.003    0.197      0.013
Bond angles, non H                  13     0.691    0.424      1.680
Torsion angles, period 2             1     0.004    0.001      5.000
Chiral centres                       1     0.044    0.314      0.141
Planar groups                        8     0.000    0.001      0.020
VDW torsion                          3     0.225    1.127      0.200



====== CYCLE 15 ======

 weight = 1.0000e+00
 geom_x = 9.054091569169483
 geom_a = 0
 geom_q = 0
 geom_c = 0.0
f0= 9.0541e+00
using cgsolve in c++, ic=False
diag(geom) min= 368.926988 max= 14470.114916
diag(all) min= 368.926988 max= 14470.114916
Trying gamma equal 0.084000
Convergence reached after 17 iterations with no gamma cycles
min(dx) = -0.00011037861214370223
max(dx) = 0.00021922962169367168
mean(dx)= 2.232514898201714e-05
vdws = 11
atoms = 12
pairs = 35
 geom_x = 9.05405188147367
 geom_a = 0
 geom_q = 0
 geom_c = 0.0
f1, 0= 9.0541e+00
                          N restraints  r.m.s.d.  r.m.s.Z  Mn(sigma)
Bond distances, non H               11     0.003    0.197      0.013
Bond angles, non H                  13     0.692    0.424      1.680
Torsion angles, period 2             1     0.003    0.001      5.000
Chiral centres                       1     0.044    0.315      0.141
Planar groups                        8     0.000    0.001      0.020
VDW torsion                          3     0.225    1.127      0.200



====== CYCLE 16 ======

 weight = 1.0000e+00
 geom_x = 9.05405188147367
 geom_a = 0
 geom_q = 0
 geom_c = 0.0
f0= 9.0541e+00
using cgsolve in c++, ic=False
diag(geom) min= 369.100332 max= 14469.917346
diag(all) min= 369.100332 max= 14469.917346
Trying gamma equal 0.084000
Convergence reached after 17 iterations with no gamma cycles
min(dx) = -9.555258397819521e-05
max(dx) = 0.000191074048154911
mean(dx)= 1.94507629184561e-05
vdws = 11
atoms = 12
pairs = 35
 geom_x = 9.054021873906482
 geom_a = 0
 geom_q = 0
 geom_c = 0.0
f1, 0= 9.0540e+00
                          N restraints  r.m.s.d.  r.m.s.Z  Mn(sigma)
Bond distances, non H               11     0.003    0.197      0.013
Bond angles, non H                  13     0.692    0.424      1.680
Torsion angles, period 2             1     0.003    0.001      5.000
Chiral centres                       1     0.044    0.315      0.141
Planar groups                        8     0.000    0.001      0.020
VDW torsion                          3     0.225    1.127      0.200



====== CYCLE 17 ======

 weight = 1.0000e+00
 geom_x = 9.054021873906482
 geom_a = 0
 geom_q = 0
 geom_c = 0.0
f0= 9.0540e+00
using cgsolve in c++, ic=False
diag(geom) min= 369.257790 max= 14469.750969
diag(all) min= 369.257790 max= 14469.750969
Trying gamma equal 0.084000
Convergence reached after 17 iterations with no gamma cycles
min(dx) = -8.283192375963968e-05
max(dx) = 0.00016670941452339894
mean(dx)= 1.6960638419872455e-05
vdws = 11
atoms = 12
pairs = 35
 geom_x = 9.053999076903992
 geom_a = 0
 geom_q = 0
 geom_c = 0.0
f1, 0= 9.0540e+00
                          N restraints  r.m.s.d.  r.m.s.Z  Mn(sigma)
Bond distances, non H               11     0.003    0.197      0.013
Bond angles, non H                  13     0.692    0.424      1.680
Torsion angles, period 2             1     0.002    0.000      5.000
Chiral centres                       1     0.044    0.316      0.141
Planar groups                        8     0.000    0.001      0.020
VDW torsion                          3     0.225    1.127      0.200



====== CYCLE 18 ======

 weight = 1.0000e+00
 geom_x = 9.053999076903992
 geom_a = 0
 geom_q = 0
 geom_c = 0.0
f0= 9.0540e+00
using cgsolve in c++, ic=False
diag(geom) min= 369.400339 max= 14469.610635
diag(all) min= 369.400339 max= 14469.610635
Trying gamma equal 0.084000
Convergence reached after 17 iterations with no gamma cycles
min(dx) = -7.189937917047892e-05
max(dx) = 0.00014559366678581717
mean(dx)= 1.480173002757361e-05
vdws = 11
atoms = 12
pairs = 35
 geom_x = 9.05398168608579
 geom_a = 0
 geom_q = 0
 geom_c = 0.0
f1, 0= 9.0540e+00
                          N restraints  r.m.s.d.  r.m.s.Z  Mn(sigma)
Bond distances, non H               11     0.003    0.197      0.013
Bond angles, non H                  13     0.693    0.424      1.680
Torsion angles, period 2             1     0.002    0.000      5.000
Chiral centres                       1     0.044    0.316      0.141
Planar groups                        8     0.000    0.001      0.020
VDW torsion                          3     0.225    1.127      0.200



====== CYCLE 19 ======

 weight = 1.0000e+00
 geom_x = 9.05398168608579
 geom_a = 0
 geom_q = 0
 geom_c = 0.0
f0= 9.0540e+00
using cgsolve in c++, ic=False
diag(geom) min= 369.529022 max= 14469.492057
diag(all) min= 369.529022 max= 14469.492057
Trying gamma equal 0.084000
Convergence reached after 17 iterations with no gamma cycles
min(dx) = -6.248811418396751e-05
max(dx) = 0.00012726775589737204
mean(dx)= 1.2928291880453091e-05
vdws = 11
atoms = 12
pairs = 35
 geom_x = 9.053968372173113
 geom_a = 0
 geom_q = 0
 geom_c = 0.0
f1, 0= 9.0540e+00
                          N restraints  r.m.s.d.  r.m.s.Z  Mn(sigma)
Bond distances, non H               11     0.003    0.197      0.013
Bond angles, non H                  13     0.693    0.424      1.680
Torsion angles, period 2             1     0.002    0.000      5.000
Chiral centres                       1     0.044    0.316      0.141
Planar groups                        8     0.000    0.001      0.020
VDW torsion                          3     0.225    1.127      0.200



====== CYCLE 20 ======

 weight = 1.0000e+00
 geom_x = 9.053968372173113
 geom_a = 0
 geom_q = 0
 geom_c = 0.0
f0= 9.0540e+00
using cgsolve in c++, ic=False
diag(geom) min= 369.644898 max= 14469.391674
diag(all) min= 369.644898 max= 14469.391674
Trying gamma equal 0.084000
Convergence reached after 17 iterations with no gamma cycles
min(dx) = -5.437337769365945e-05
max(dx) = 0.00011134204395891343
mean(dx)= 1.1301005604291712e-05
vdws = 11
atoms = 12
pairs = 35
 geom_x = 9.05395814844697
 geom_a = 0
 geom_q = 0
 geom_c = 0.0
f1, 0= 9.0540e+00
                          N restraints  r.m.s.d.  r.m.s.Z  Mn(sigma)
Bond distances, non H               11     0.003    0.197      0.013
Bond angles, non H                  13     0.693    0.424      1.680
Torsion angles, period 2             1     0.001    0.000      5.000
Chiral centres                       1     0.044    0.317      0.141
Planar groups                        8     0.000    0.001      0.020
VDW torsion                          3     0.225    1.127      0.200



====== CYCLE 21 ======

 weight = 1.0000e+00
 geom_x = 9.05395814844697
 geom_a = 0
 geom_q = 0
 geom_c = 0.0
f0= 9.0540e+00
using cgsolve in c++, ic=False
diag(geom) min= 369.749016 max= 14469.306527
diag(all) min= 369.749016 max= 14469.306527
Trying gamma equal 0.084000
Convergence reached after 17 iterations with no gamma cycles
min(dx) = -4.736559639794075e-05
max(dx) = 9.766971412817153e-05
mean(dx)= 9.886121505082093e-06
vdws = 11
atoms = 12
pairs = 35
 geom_x = 9.053950277423386
 geom_a = 0
 geom_q = 0
 geom_c = 0.0
f1, 0= 9.0540e+00
                          N restraints  r.m.s.d.  r.m.s.Z  Mn(sigma)
Bond distances, non H               11     0.003    0.197      0.013
Bond angles, non H                  13     0.693    0.424      1.680
Torsion angles, period 2             1     0.001    0.000      5.000
Chiral centres                       1     0.045    0.317      0.141
Planar groups                        8     0.000    0.000      0.020
VDW torsion                          3     0.225    1.127      0.200



====== CYCLE 22 ======

 weight = 1.0000e+00
 geom_x = 9.053950277423386
 geom_a = 0
 geom_q = 0
 geom_c = 0.0
f0= 9.0540e+00
using cgsolve in c++, ic=False
diag(geom) min= 369.842392 max= 14469.234159
diag(all) min= 369.842392 max= 14469.234159
Trying gamma equal 0.084000
Convergence reached after 17 iterations with no gamma cycles
min(dx) = -4.130461889534452e-05
max(dx) = 8.744671291756636e-05
mean(dx)= 8.654684285951115e-06
vdws = 11
atoms = 12
pairs = 35
 geom_x = 9.053944204501484
 geom_a = 0
 geom_q = 0
 geom_c = 0.0
f1, 0= 9.0539e+00
                          N restraints  r.m.s.d.  r.m.s.Z  Mn(sigma)
Bond distances, non H               11     0.003    0.197      0.013
Bond angles, non H                  13     0.693    0.424      1.680
Torsion angles, period 2             1     0.001    0.000      5.000
Chiral centres                       1     0.045    0.317      0.141
Planar groups                        8     0.000    0.000      0.020
VDW torsion                          3     0.225    1.127      0.200



====== CYCLE 23 ======

 weight = 1.0000e+00
 geom_x = 9.053944204501484
 geom_a = 0
 geom_q = 0
 geom_c = 0.0
f0= 9.0539e+00
using cgsolve in c++, ic=False
diag(geom) min= 369.925996 max= 14469.172528
diag(all) min= 369.925996 max= 14469.172528
Trying gamma equal 0.084000
Convergence reached after 17 iterations with no gamma cycles
min(dx) = -3.605492065121578e-05
max(dx) = 7.818023596483585e-05
mean(dx)= 7.5818506216362155e-06
vdws = 11
atoms = 12
pairs = 35
 geom_x = 9.053939510337838
 geom_a = 0
 geom_q = 0
 geom_c = 0.0
f1, 0= 9.0539e+00
                          N restraints  r.m.s.d.  r.m.s.Z  Mn(sigma)
Bond distances, non H               11     0.003    0.197      0.013
Bond angles, non H                  13     0.694    0.424      1.680
Torsion angles, period 2             1     0.001    0.000      5.000
Chiral centres                       1     0.045    0.317      0.141
Planar groups                        8     0.000    0.000      0.020
VDW torsion                          3     0.225    1.127      0.200



====== CYCLE 24 ======

 weight = 1.0000e+00
 geom_x = 9.053939510337838
 geom_a = 0
 geom_q = 0
 geom_c = 0.0
f0= 9.0539e+00
using cgsolve in c++, ic=False
diag(geom) min= 370.000742 max= 14469.119934
diag(all) min= 370.000742 max= 14469.119934
Trying gamma equal 0.084000
Convergence reached after 17 iterations with no gamma cycles
min(dx) = -3.1501612198400056e-05
max(dx) = 6.980625567967152e-05
mean(dx)= 6.64629513136246e-06
vdws = 11
atoms = 12
pairs = 35
 geom_x = 9.053935876346955
 geom_a = 0
 geom_q = 0
 geom_c = 0.0
f1, 0= 9.0539e+00
                          N restraints  r.m.s.d.  r.m.s.Z  Mn(sigma)
Bond distances, non H               11     0.003    0.197      0.013
Bond angles, non H                  13     0.694    0.424      1.680
Torsion angles, period 2             1     0.001    0.000      5.000
Chiral centres                       1     0.045    0.317      0.141
Planar groups                        8     0.000    0.000      0.020
VDW torsion                          3     0.225    1.127      0.200



====== CYCLE 25 ======

 weight = 1.0000e+00
 geom_x = 9.053935876346955
 geom_a = 0
 geom_q = 0
 geom_c = 0.0
f0= 9.0539e+00
using cgsolve in c++, ic=False
diag(geom) min= 370.067481 max= 14469.074964
diag(all) min= 370.067481 max= 14469.074964
Trying gamma equal 0.084000
Convergence reached after 17 iterations with no gamma cycles
min(dx) = -2.7547116774141964e-05
max(dx) = 6.225861163188992e-05
mean(dx)= 5.82969780833349e-06
vdws = 11
atoms = 12
pairs = 35
 geom_x = 9.053933059490518
 geom_a = 0
 geom_q = 0
 geom_c = 0.0
f1, 0= 9.0539e+00
                          N restraints  r.m.s.d.  r.m.s.Z  Mn(sigma)
Bond distances, non H               11     0.003    0.197      0.013
Bond angles, non H                  13     0.694    0.424      1.680
Torsion angles, period 2             1     0.001    0.000      5.000
Chiral centres                       1     0.045    0.317      0.141
Planar groups                        8     0.000    0.000      0.020
VDW torsion                          3     0.225    1.127      0.200



====== CYCLE 26 ======

 weight = 1.0000e+00
 geom_x = 9.053933059490518
 geom_a = 0
 geom_q = 0
 geom_c = 0.0
f0= 9.0539e+00
using cgsolve in c++, ic=False
diag(geom) min= 370.127003 max= 14469.036437
diag(all) min= 370.127003 max= 14469.036437
Trying gamma equal 0.084000
Convergence reached after 17 iterations with no gamma cycles
min(dx) = -2.4108404534879543e-05
max(dx) = 5.547120787675019e-05
mean(dx)= 5.116304502673893e-06
vdws = 11
atoms = 12
pairs = 35
 geom_x = 9.053930873702924
 geom_a = 0
 geom_q = 0
 geom_c = 0.0
f1, 0= 9.0539e+00
                          N restraints  r.m.s.d.  r.m.s.Z  Mn(sigma)
Bond distances, non H               11     0.003    0.197      0.013
Bond angles, non H                  13     0.694    0.424      1.680
Torsion angles, period 2             1     0.000    0.000      5.000
Chiral centres                       1     0.045    0.317      0.141
Planar groups                        8     0.000    0.000      0.020
VDW torsion                          3     0.225    1.127      0.200



====== CYCLE 27 ======

 weight = 1.0000e+00
 geom_x = 9.053930873702924
 geom_a = 0
 geom_q = 0
 geom_c = 0.0
f0= 9.0539e+00
using cgsolve in c++, ic=False
diag(geom) min= 370.180035 max= 14469.003367
diag(all) min= 370.180035 max= 14469.003367
Trying gamma equal 0.084000
Convergence reached after 17 iterations with no gamma cycles
min(dx) = -2.1114688748539594e-05
max(dx) = 4.937955520650077e-05
mean(dx)= 4.492551676738551e-06
vdws = 11
atoms = 12
pairs = 35
 geom_x = 9.053929176103164
 geom_a = 0
 geom_q = 0
 geom_c = 0.0
f1, 0= 9.0539e+00
                          N restraints  r.m.s.d.  r.m.s.Z  Mn(sigma)
Bond distances, non H               11     0.003    0.197      0.013
Bond angles, non H                  13     0.694    0.424      1.680
Torsion angles, period 2             1     0.000    0.000      5.000
Chiral centres                       1     0.045    0.318      0.141
Planar groups                        8     0.000    0.000      0.020
VDW torsion                          3     0.225    1.127      0.200



====== CYCLE 28 ======

 weight = 1.0000e+00
 geom_x = 9.053929176103164
 geom_a = 0
 geom_q = 0
 geom_c = 0.0
f0= 9.0539e+00
using cgsolve in c++, ic=False
diag(geom) min= 370.227242 max= 14468.974929
diag(all) min= 370.227242 max= 14468.974929
Trying gamma equal 0.084000
Convergence reached after 17 iterations with no gamma cycles
min(dx) = -1.8505505084440123e-05
max(dx) = 4.3921817379169e-05
mean(dx)= 3.946746943035356e-06
vdws = 11
atoms = 12
pairs = 35
 geom_x = 9.053927856689036
 geom_a = 0
 geom_q = 0
 geom_c = 0.0
f1, 0= 9.0539e+00
                          N restraints  r.m.s.d.  r.m.s.Z  Mn(sigma)
Bond distances, non H               11     0.003    0.197      0.013
Bond angles, non H                  13     0.694    0.424      1.680
Torsion angles, period 2             1     0.000    0.000      5.000
Chiral centres                       1     0.045    0.318      0.141
Planar groups                        8     0.000    0.000      0.020
VDW torsion                          3     0.225    1.127      0.200



====== CYCLE 29 ======

 weight = 1.0000e+00
 geom_x = 9.053927856689036
 geom_a = 0
 geom_q = 0
 geom_c = 0.0
f0= 9.0539e+00
using cgsolve in c++, ic=False
diag(geom) min= 370.269230 max= 14468.950430
diag(all) min= 370.269230 max= 14468.950430
Trying gamma equal 0.084000
Convergence reached after 17 iterations with no gamma cycles
min(dx) = -1.6229108450772058e-05
max(dx) = 3.9039484390274e-05
mean(dx)= 3.4687975379228157e-06
vdws = 11
atoms = 12
pairs = 35
 geom_x = 9.053926830587077
 geom_a = 0
 geom_q = 0
 geom_c = 0.0
f1, 0= 9.0539e+00
                          N restraints  r.m.s.d.  r.m.s.Z  Mn(sigma)
Bond distances, non H               11     0.003    0.197      0.013
Bond angles, non H                  13     0.694    0.424      1.680
Torsion angles, period 2             1     0.000    0.000      5.000
Chiral centres                       1     0.045    0.318      0.141
Planar groups                        8     0.000    0.000      0.020
VDW torsion                          3     0.225    1.127      0.200



====== CYCLE 30 ======

 weight = 1.0000e+00
 geom_x = 9.053926830587077
 geom_a = 0
 geom_q = 0
 geom_c = 0.0
f0= 9.0539e+00
using cgsolve in c++, ic=False
diag(geom) min= 370.306550 max= 14468.929288
diag(all) min= 370.306550 max= 14468.929288
Trying gamma equal 0.084000
Convergence reached after 17 iterations with no gamma cycles
min(dx) = -1.4241133045416355e-05
max(dx) = 3.4677767816672784e-05
mean(dx)= 3.049979710520096e-06
vdws = 11
atoms = 12
pairs = 35
 geom_x = 9.05392603219208
 geom_a = 0
 geom_q = 0
 geom_c = 0.0
f1, 0= 9.0539e+00
                          N restraints  r.m.s.d.  r.m.s.Z  Mn(sigma)
Bond distances, non H               11     0.003    0.197      0.013
Bond angles, non H                  13     0.694    0.424      1.680
Torsion angles, period 2             1     0.000    0.000      5.000
Chiral centres                       1     0.045    0.318      0.141
Planar groups                        8     0.000    0.000      0.020
VDW torsion                          3     0.225    1.127      0.200


$TABLE: stats vs cycle :
$GRAPHS
: Geometry :A:1,2,4:
: Geometry Z :A:1,3,5:
$$
 Ncyc  rmsBOND  zBOND  rmsANGL  zANGL
$$
$$
    0   0.0030 0.2101   0.6480 0.4157
    1   0.0029 0.1964   0.6630 0.4202
    2   0.0029 0.1959   0.6711 0.4217
    3   0.0029 0.1962   0.6760 0.4223
    4   0.0029 0.1964   0.6794 0.4227
    5   0.0029 0.1966   0.6819 0.4229
    6   0.0029 0.1968   0.6839 0.4231
    7   0.0029 0.1969   0.6855 0.4233
    8   0.0029 0.1970   0.6868 0.4234
    9   0.0029 0.1971   0.6879 0.4235
   10   0.0029 0.1971   0.6889 0.4237
   11   0.0029 0.1972   0.6897 0.4237
   12   0.0029 0.1972   0.6903 0.4238
   13   0.0029 0.1972   0.6909 0.4239
   14   0.0029 0.1973   0.6914 0.4239
   15   0.0029 0.1973   0.6918 0.4240
   16   0.0029 0.1973   0.6922 0.4240
   17   0.0029 0.1973   0.6925 0.4240
   18   0.0029 0.1973   0.6927 0.4241
   19   0.0029 0.1974   0.6929 0.4241
   20   0.0029 0.1974   0.6931 0.4241
   21   0.0029 0.1974   0.6933 0.4241
   22   0.0029 0.1974   0.6934 0.4241
   23   0.0029 0.1974   0.6935 0.4242
   24   0.0029 0.1974   0.6936 0.4242
   25   0.0029 0.1974   0.6937 0.4242
   26   0.0029 0.1974   0.6938 0.4242
   27   0.0029 0.1974   0.6939 0.4242
   28   0.0029 0.1974   0.6939 0.4242
   29   0.0029 0.1974   0.6940 0.4242
   30   0.0029 0.1974   0.6940 0.4242
$$

Creating restraints..

Chain info:
 chain 
  ligands: LIG (1 residues)

Number of refinement parameters:
       n_params  n_atoms  n_atoms_geom_only  n_atoms_data_only
xyz          24       24                 12                  0
adp           0        0                  0                  0
occ           0        0                  0                  0
dfrac         0        0                  0                  0

Randomizing structure with rmsd of 0.01
Torsion angle rules:
 include:
  {'group': 'peptide', 'tors_name': 'chi*'}
  {'link': '*', 'tors_name': 'omega'}
  {'residue': '*', 'tors_name': 'sp2_sp2*'}
  {'link': '*', 'tors_name': 'sp2_sp2*'}
 exclude:
  none
External restraints from Refmac instructions
 Number of distances          : 0
 Number of angles             : 0
 Number of torsions           : 0
 Number of chirals            : 0
 Number of planes             : 0
 Number of intervals          : 0
 Number of stackings          : 0
 Number of harmonics          : 0
 Number of special positions  : 0

Running 10 cycles with wchir=4 wvdw=2 with hydrogen
Geometry weights
vdws = 66
atoms = 24
pairs = 129
                          N restraints  r.m.s.d.  r.m.s.Z  Mn(sigma)
Bond distances, non H               11     0.008    0.725      0.013
Bond distances, H                   12     0.007    0.496      0.016
Bond angles, non H                  13     1.048    0.636      1.680
Bond angles, H                      27     0.801    0.418      2.069
Torsion angles, period 2             1     0.032    0.006      5.000
Torsion angles, period 3             1     0.259    0.026     10.000
Torsion angles, period 6             1     0.466    0.023     20.000
Chiral centres                       1     0.112    0.798      0.141
Planar groups                       12     0.002    0.117      0.020
VDW nonbonded                        2     0.211    1.053      0.200
VDW torsion                         12     0.180    0.901      0.200


====== CYCLE  1 ======

 weight = 1.0000e+00
 geom_x = 38.449224390175225
 geom_a = 0
 geom_q = 0
 geom_c = 0.0
f0= 3.8449e+01
using cgsolve in c++, ic=False
diag(geom) min= 601.144231 max= 29781.219005
diag(all) min= 601.144231 max= 29781.219005
Trying gamma equal 0.000000
Not converging with gamma equal 0.000000
Trying gamma equal 0.052500
Gamma decreased to 0.042000
min(dx) = -0.03171563958829289
max(dx) = 0.033663660932898125
mean(dx)= -0.0011164404971961378
vdws = 66
atoms = 24
pairs = 129
 geom_x = 22.229897527540192
 geom_a = 0
 geom_q = 0
 geom_c = 0.0
f1, 0= 2.2230e+01
                          N restraints  r.m.s.d.  r.m.s.Z  Mn(sigma)
Bond distances, non H               11     0.005    0.386      0.013
Bond distances, H                   12     0.001    0.069      0.016
Bond angles, non H                  13     0.857    0.551      1.680
Bond angles, H                      27     0.825    0.325      2.069
Torsion angles, period 2             1     0.098    0.020      5.000
Torsion angles, period 3             1     0.571    0.057     10.000
Torsion angles, period 6             1     1.368    0.068     20.000
Chiral centres                       1     0.017    0.118      0.141
Planar groups                       12     0.000    0.024      0.020
VDW nonbonded                        2     0.162    0.811      0.200
VDW torsion                         12     0.159    0.797      0.200



====== CYCLE  2 ======

 weight = 1.0000e+00
 geom_x = 22.229897527540192
 geom_a = 0
 geom_q = 0
 geom_c = 0.0
f0= 2.2230e+01
using cgsolve in c++, ic=False
diag(geom) min= 602.252715 max= 30096.934391
diag(all) min= 602.252715 max= 30096.934391
Trying gamma equal 0.042000
Convergence reached after 36 iterations with no gamma cycles
min(dx) = -0.01603063687986385
max(dx) = 0.008658416662606336
mean(dx)= -0.0003903964000047348
vdws = 66
atoms = 24
pairs = 129
 geom_x = 21.910530258242257
 geom_a = 0
 geom_q = 0
 geom_c = 0.0
f1, 0= 2.1911e+01
                          N restraints  r.m.s.d.  r.m.s.Z  Mn(sigma)
Bond distances, non H               11     0.005    0.434      0.013
Bond distances, H                   12     0.001    0.060      0.016
Bond angles, non H                  13     0.916    0.588      1.680
Bond angles, H                      27     0.850    0.333      2.069
Torsion angles, period 2             1     0.015    0.003      5.000
Torsion angles, period 3             1     0.539    0.054     10.000
Torsion angles, period 6             1     2.141    0.107     20.000
Chiral centres                       1     0.015    0.107      0.141
Planar groups                       12     0.000    0.014      0.020
VDW nonbonded                        2     0.155    0.776      0.200
VDW torsion                         12     0.156    0.780      0.200



====== CYCLE  3 ======

 weight = 1.0000e+00
 geom_x = 21.910530258242257
 geom_a = 0
 geom_q = 0
 geom_c = 0.0
f0= 2.1911e+01
using cgsolve in c++, ic=False
diag(geom) min= 602.486959 max= 30148.006096
diag(all) min= 602.486959 max= 30148.006096
Trying gamma equal 0.042000
Convergence reached after 36 iterations with no gamma cycles
min(dx) = -0.011292207091773747
max(dx) = 0.00683366391180889
mean(dx)= -0.0002514908564807144
vdws = 66
atoms = 24
pairs = 129
 geom_x = 21.81685259056172
 geom_a = 0
 geom_q = 0
 geom_c = 0.0
f1, 0= 2.1817e+01
                          N restraints  r.m.s.d.  r.m.s.Z  Mn(sigma)
Bond distances, non H               11     0.005    0.445      0.013
Bond distances, H                   12     0.001    0.058      0.016
Bond angles, non H                  13     0.943    0.600      1.680
Bond angles, H                      27     0.846    0.331      2.069
Torsion angles, period 2             1     0.063    0.013      5.000
Torsion angles, period 3             1     0.479    0.048     10.000
Torsion angles, period 6             1     2.790    0.139     20.000
Chiral centres                       1     0.015    0.108      0.141
Planar groups                       12     0.000    0.010      0.020
VDW nonbonded                        2     0.153    0.767      0.200
VDW torsion                         12     0.155    0.776      0.200



====== CYCLE  4 ======

 weight = 1.0000e+00
 geom_x = 21.81685259056172
 geom_a = 0
 geom_q = 0
 geom_c = 0.0
f0= 2.1817e+01
using cgsolve in c++, ic=False
diag(geom) min= 603.431004 max= 30169.790580
diag(all) min= 603.431004 max= 30169.790580
Trying gamma equal 0.042000
Not converging with gamma equal 0.042000
Trying gamma equal 0.094500
Gamma decreased to 0.084000
min(dx) = -0.004534769653183771
max(dx) = 0.002964154318190086
mean(dx)= -9.49082203939073e-05
vdws = 66
atoms = 24
pairs = 129
 geom_x = 21.791252349938866
 geom_a = 0
 geom_q = 0
 geom_c = 0.0
f1, 0= 2.1791e+01
                          N restraints  r.m.s.d.  r.m.s.Z  Mn(sigma)
Bond distances, non H               11     0.005    0.447      0.013
Bond distances, H                   12     0.001    0.057      0.016
Bond angles, non H                  13     0.952    0.603      1.680
Bond angles, H                      27     0.843    0.330      2.069
Torsion angles, period 2             1     0.102    0.020      5.000
Torsion angles, period 3             1     0.460    0.046     10.000
Torsion angles, period 6             1     3.113    0.156     20.000
Chiral centres                       1     0.015    0.108      0.141
Planar groups                       12     0.000    0.009      0.020
VDW nonbonded                        2     0.153    0.765      0.200
VDW torsion                         12     0.155    0.774      0.200



====== CYCLE  5 ======

 weight = 1.0000e+00
 geom_x = 21.791252349938866
 geom_a = 0
 geom_q = 0
 geom_c = 0.0
f0= 2.1791e+01
using cgsolve in c++, ic=False
diag(geom) min= 604.153201 max= 30176.256492
diag(all) min= 604.153201 max= 30176.256492
Trying gamma equal 0.084000
Convergence reached after 26 iterations with no gamma cycles
min(dx) = -0.004525680623197778
max(dx) = 0.003100920350101536
mean(dx)= -9.007287652861408e-05
vdws = 66
atoms = 24
pairs = 129
 geom_x = 21.770223036174794
 geom_a = 0
 geom_q = 0
 geom_c = 0.0
f1, 0= 2.1770e+01
                          N restraints  r.m.s.d.  r.m.s.Z  Mn(sigma)
Bond distances, non H               11     0.005    0.448      0.013
Bond distances, H                   12     0.001    0.057      0.016
Bond angles, non H                  13     0.959    0.606      1.680
Bond angles, H                      27     0.841    0.329      2.069
Torsion angles, period 2             1     0.143    0.029      5.000
Torsion angles, period 3             1     0.451    0.045     10.000
Torsion angles, period 6             1     3.464    0.173     20.000
Chiral centres                       1     0.015    0.108      0.141
Planar groups                       12     0.000    0.008      0.020
VDW nonbonded                        2     0.153    0.763      0.200
VDW torsion                         12     0.155    0.774      0.200



====== CYCLE  6 ======

 weight = 1.0000e+00
 geom_x = 21.770223036174794
 geom_a = 0
 geom_q = 0
 geom_c = 0.0
f0= 2.1770e+01
using cgsolve in c++, ic=False
diag(geom) min= 605.092938 max= 30181.149312
diag(all) min= 605.092938 max= 30181.149312
Trying gamma equal 0.084000
Convergence reached after 25 iterations with no gamma cycles
min(dx) = -0.004082496254975973
max(dx) = 0.0029187273889018186
mean(dx)= -7.514952530754218e-05
vdws = 66
atoms = 24
pairs = 129
 geom_x = 21.753567760121623
 geom_a = 0
 geom_q = 0
 geom_c = 0.0
f1, 0= 2.1754e+01
                          N restraints  r.m.s.d.  r.m.s.Z  Mn(sigma)
Bond distances, non H               11     0.005    0.449      0.013
Bond distances, H                   12     0.001    0.057      0.016
Bond angles, non H                  13     0.965    0.607      1.680
Bond angles, H                      27     0.838    0.328      2.069
Torsion angles, period 2             1     0.182    0.036      5.000
Torsion angles, period 3             1     0.452    0.045     10.000
Torsion angles, period 6             1     3.818    0.191     20.000
Chiral centres                       1     0.015    0.108      0.141
Planar groups                       12     0.000    0.008      0.020
VDW nonbonded                        2     0.152    0.761      0.200
VDW torsion                         12     0.155    0.773      0.200



====== CYCLE  7 ======

 weight = 1.0000e+00
 geom_x = 21.753567760121623
 geom_a = 0
 geom_q = 0
 geom_c = 0.0
f0= 2.1754e+01
using cgsolve in c++, ic=False
diag(geom) min= 606.185486 max= 30184.354088
diag(all) min= 606.185486 max= 30184.354088
Trying gamma equal 0.084000
Convergence reached after 24 iterations with no gamma cycles
min(dx) = -0.003735748816720015
max(dx) = 0.0027704582452488195
mean(dx)= -6.304181792770084e-05
vdws = 66
atoms = 24
pairs = 129
 geom_x = 21.739338653886055
 geom_a = 0
 geom_q = 0
 geom_c = 0.0
f1, 0= 2.1739e+01
                          N restraints  r.m.s.d.  r.m.s.Z  Mn(sigma)
Bond distances, non H               11     0.005    0.450      0.013
Bond distances, H                   12     0.001    0.056      0.016
Bond angles, non H                  13     0.969    0.609      1.680
Bond angles, H                      27     0.837    0.327      2.069
Torsion angles, period 2             1     0.219    0.044      5.000
Torsion angles, period 3             1     0.460    0.046     10.000
Torsion angles, period 6             1     4.178    0.209     20.000
Chiral centres                       1     0.015    0.107      0.141
Planar groups                       12     0.000    0.008      0.020
VDW nonbonded                        2     0.152    0.759      0.200
VDW torsion                         12     0.155    0.773      0.200



====== CYCLE  8 ======

 weight = 1.0000e+00
 geom_x = 21.739338653886055
 geom_a = 0
 geom_q = 0
 geom_c = 0.0
f0= 2.1739e+01
using cgsolve in c++, ic=False
diag(geom) min= 607.440739 max= 30186.367499
diag(all) min= 607.440739 max= 30186.367499
Trying gamma equal 0.084000
Convergence reached after 24 iterations with no gamma cycles
min(dx) = -0.003719132685568952
max(dx) = 0.003016770849993792
mean(dx)= -5.31746289782594e-05
vdws = 66
atoms = 24
pairs = 129
 geom_x = 21.72641759595738
 geom_a = 0
 geom_q = 0
 geom_c = 0.0
f1, 0= 2.1726e+01
                          N restraints  r.m.s.d.  r.m.s.Z  Mn(sigma)
Bond distances, non H               11     0.005    0.450      0.013
Bond distances, H                   12     0.001    0.056      0.016
Bond angles, non H                  13     0.973    0.610      1.680
Bond angles, H                      27     0.835    0.327      2.069
Torsion angles, period 2             1     0.254    0.051      5.000
Torsion angles, period 3             1     0.473    0.047     10.000
Torsion angles, period 6             1     4.547    0.227     20.000
Chiral centres                       1     0.015    0.107      0.141
Planar groups                       12     0.000    0.008      0.020
VDW nonbonded                        2     0.151    0.757      0.200
VDW torsion                         12     0.155    0.773      0.200



====== CYCLE  9 ======

 weight = 1.0000e+00
 geom_x = 21.72641759595738
 geom_a = 0
 geom_q = 0
 geom_c = 0.0
f0= 2.1726e+01
using cgsolve in c++, ic=False
diag(geom) min= 608.869941 max= 30187.533771
diag(all) min= 608.869941 max= 30187.533771
Trying gamma equal 0.084000
Convergence reached after 24 iterations with no gamma cycles
min(dx) = -0.003989559984900842
max(dx) = 0.00330155527139381
mean(dx)= -4.505572163312531e-05
vdws = 66
atoms = 24
pairs = 129
 geom_x = 21.714122998903658
 geom_a = 0
 geom_q = 0
 geom_c = 0.0
f1, 0= 2.1714e+01
                          N restraints  r.m.s.d.  r.m.s.Z  Mn(sigma)
Bond distances, non H               11     0.005    0.450      0.013
Bond distances, H                   12     0.001    0.056      0.016
Bond angles, non H                  13     0.975    0.610      1.680
Bond angles, H                      27     0.833    0.326      2.069
Torsion angles, period 2             1     0.288    0.058      5.000
Torsion angles, period 3             1     0.489    0.049     10.000
Torsion angles, period 6             1     4.926    0.246     20.000
Chiral centres                       1     0.015    0.107      0.141
Planar groups                       12     0.000    0.008      0.020
VDW nonbonded                        2     0.151    0.755      0.200
VDW torsion                         12     0.154    0.772      0.200



====== CYCLE 10 ======

 weight = 1.0000e+00
 geom_x = 21.714122998903658
 geom_a = 0
 geom_q = 0
 geom_c = 0.0
f0= 2.1714e+01
using cgsolve in c++, ic=False
diag(geom) min= 610.486569 max= 30188.093871
diag(all) min= 610.486569 max= 30188.093871
Trying gamma equal 0.084000
Convergence reached after 24 iterations with no gamma cycles
min(dx) = -0.004268681191080743
max(dx) = 0.0035992478269823848
mean(dx)= -3.829781577404618e-05
vdws = 66
atoms = 24
pairs = 129
 geom_x = 21.702009218830625
 geom_a = 0
 geom_q = 0
 geom_c = 0.0
f1, 0= 2.1702e+01
                          N restraints  r.m.s.d.  r.m.s.Z  Mn(sigma)
Bond distances, non H               11     0.005    0.449      0.013
Bond distances, H                   12     0.001    0.056      0.016
Bond angles, non H                  13     0.977    0.611      1.680
Bond angles, H                      27     0.832    0.325      2.069
Torsion angles, period 2             1     0.321    0.064      5.000
Torsion angles, period 3             1     0.506    0.051     10.000
Torsion angles, period 6             1     5.317    0.266     20.000
Chiral centres                       1     0.015    0.107      0.141
Planar groups                       12     0.000    0.008      0.020
VDW nonbonded                        2     0.151    0.753      0.200
VDW torsion                         12     0.154    0.772      0.200


$TABLE: stats vs cycle :
$GRAPHS
: Geometry :A:1,2,4:
: Geometry Z :A:1,3,5:
$$
 Ncyc  rmsBOND  zBOND  rmsANGL  zANGL
$$
$$
    0   0.0081 0.7250   1.0484 0.6362
    1   0.0047 0.3862   0.8568 0.5513
    2   0.0051 0.4343   0.9162 0.5882
    3   0.0052 0.4447   0.9428 0.5998
    4   0.0052 0.4469   0.9518 0.6031
    5   0.0052 0.4484   0.9592 0.6056
    6   0.0052 0.4492   0.9649 0.6075
    7   0.0052 0.4496   0.9692 0.6088
    8   0.0052 0.4497   0.9726 0.6098
    9   0.0052 0.4497   0.9752 0.6105
   10   0.0052 0.4494   0.9773 0.6110
$$

Running 30 cycles with wchir=1 wvdw=2 with hydrogen
Geometry weights
vdws = 66
atoms = 24
pairs = 129
                          N restraints  r.m.s.d.  r.m.s.Z  Mn(sigma)
Bond distances, non H               11     0.005    0.449      0.013
Bond distances, H                   12     0.001    0.056      0.016
Bond angles, non H                  13     0.977    0.611      1.680
Bond angles, H                      27     0.832    0.325      2.069
Torsion angles, period 2             1     0.321    0.064      5.000
Torsion angles, period 3             1     0.506    0.051     10.000
Torsion angles, period 6             1     5.317    0.266     20.000
Chiral centres                       1     0.015    0.107      0.141
Planar groups                       12     0.000    0.008      0.020
VDW nonbonded                        2     0.151    0.753      0.200
VDW torsion                         12     0.154    0.772      0.200


====== CYCLE  1 ======

 weight = 1.0000e+00
 geom_x = 21.616934879767367
 geom_a = 0
 geom_q = 0
 geom_c = 0.0
f0= 2.1617e+01
using cgsolve in c++, ic=False
diag(geom) min= 612.306228 max= 21537.549964
diag(all) min= 612.306228 max= 21537.549964
Trying gamma equal 0.084000
Convergence reached after 25 iterations with no gamma cycles
min(dx) = -0.0059853815157132045
max(dx) = 0.005597969479535758
mean(dx)= 4.604021633953732e-05
vdws = 66
atoms = 24
pairs = 129
 geom_x = 21.342551853158117
 geom_a = 0
 geom_q = 0
 geom_c = 0.0
f1, 0= 2.1343e+01
                          N restraints  r.m.s.d.  r.m.s.Z  Mn(sigma)
Bond distances, non H               11     0.005    0.398      0.013
Bond distances, H                   12     0.001    0.058      0.016
Bond angles, non H                  13     1.011    0.621      1.680
Bond angles, H                      27     0.820    0.317      2.069
Torsion angles, period 2             1     0.339    0.068      5.000
Torsion angles, period 3             1     0.890    0.089     10.000
Torsion angles, period 6             1     5.717    0.286     20.000
Chiral centres                       1     0.054    0.386      0.141
Planar groups                       12     0.000    0.013      0.020
VDW nonbonded                        2     0.150    0.751      0.200
VDW torsion                         12     0.154    0.769      0.200



====== CYCLE  2 ======

 weight = 1.0000e+00
 geom_x = 21.342551853158117
 geom_a = 0
 geom_q = 0
 geom_c = 0.0
f0= 2.1343e+01
using cgsolve in c++, ic=False
diag(geom) min= 614.355605 max= 21562.929519
diag(all) min= 614.355605 max= 21562.929519
Trying gamma equal 0.084000
Convergence reached after 28 iterations with no gamma cycles
min(dx) = -0.004921576810374038
max(dx) = 0.0043211862287482325
mean(dx)= 5.708465931203547e-05
vdws = 66
atoms = 24
pairs = 129
 geom_x = 21.311954887495617
 geom_a = 0
 geom_q = 0
 geom_c = 0.0
f1, 0= 2.1312e+01
                          N restraints  r.m.s.d.  r.m.s.Z  Mn(sigma)
Bond distances, non H               11     0.005    0.396      0.013
Bond distances, H                   12     0.001    0.056      0.016
Bond angles, non H                  13     1.026    0.626      1.680
Bond angles, H                      27     0.819    0.317      2.069
Torsion angles, period 2             1     0.370    0.074      5.000
Torsion angles, period 3             1     1.015    0.102     10.000
Torsion angles, period 6             1     6.130    0.306     20.000
Chiral centres                       1     0.062    0.439      0.141
Planar groups                       12     0.000    0.012      0.020
VDW nonbonded                        2     0.150    0.749      0.200
VDW torsion                         12     0.153    0.767      0.200



====== CYCLE  3 ======

 weight = 1.0000e+00
 geom_x = 21.311954887495617
 geom_a = 0
 geom_q = 0
 geom_c = 0.0
f0= 2.1312e+01
using cgsolve in c++, ic=False
diag(geom) min= 616.653403 max= 21562.899658
diag(all) min= 616.653403 max= 21562.899658
Trying gamma equal 0.084000
Convergence reached after 27 iterations with no gamma cycles
min(dx) = -0.005248822263788153
max(dx) = 0.004694281042666925
mean(dx)= 3.950687050884018e-05
vdws = 66
atoms = 24
pairs = 129
 geom_x = 21.296330097195447
 geom_a = 0
 geom_q = 0
 geom_c = 0.0
f1, 0= 2.1296e+01
                          N restraints  r.m.s.d.  r.m.s.Z  Mn(sigma)
Bond distances, non H               11     0.005    0.397      0.013
Bond distances, H                   12     0.001    0.056      0.016
Bond angles, non H                  13     1.032    0.629      1.680
Bond angles, H                      27     0.818    0.317      2.069
Torsion angles, period 2             1     0.408    0.082      5.000
Torsion angles, period 3             1     1.064    0.106     10.000
Torsion angles, period 6             1     6.559    0.328     20.000
Chiral centres                       1     0.064    0.457      0.141
Planar groups                       12     0.000    0.012      0.020
VDW nonbonded                        2     0.149    0.747      0.200
VDW torsion                         12     0.153    0.766      0.200



====== CYCLE  4 ======

 weight = 1.0000e+00
 geom_x = 21.296330097195447
 geom_a = 0
 geom_q = 0
 geom_c = 0.0
f0= 2.1296e+01
using cgsolve in c++, ic=False
diag(geom) min= 619.216045 max= 21561.160952
diag(all) min= 619.216045 max= 21561.160952
Trying gamma equal 0.084000
Convergence reached after 26 iterations with no gamma cycles
min(dx) = -0.0055598187477098795
max(dx) = 0.005048655533244608
mean(dx)= 2.636376486718755e-05
vdws = 66
atoms = 24
pairs = 129
 geom_x = 21.282784029701542
 geom_a = 0
 geom_q = 0
 geom_c = 0.0
f1, 0= 2.1283e+01
                          N restraints  r.m.s.d.  r.m.s.Z  Mn(sigma)
Bond distances, non H               11     0.005    0.397      0.013
Bond distances, H                   12     0.001    0.056      0.016
Bond angles, non H                  13     1.036    0.629      1.680
Bond angles, H                      27     0.817    0.316      2.069
Torsion angles, period 2             1     0.445    0.089      5.000
Torsion angles, period 3             1     1.082    0.108     10.000
Torsion angles, period 6             1     7.005    0.350     20.000
Chiral centres                       1     0.065    0.464      0.141
Planar groups                       12     0.000    0.012      0.020
VDW nonbonded                        2     0.149    0.745      0.200
VDW torsion                         12     0.153    0.766      0.200



====== CYCLE  5 ======

 weight = 1.0000e+00
 geom_x = 21.282784029701542
 geom_a = 0
 geom_q = 0
 geom_c = 0.0
f0= 2.1283e+01
using cgsolve in c++, ic=False
diag(geom) min= 622.062806 max= 21559.878795
diag(all) min= 622.062806 max= 21559.878795
Trying gamma equal 0.084000
Convergence reached after 25 iterations with no gamma cycles
min(dx) = -0.0058610132706637735
max(dx) = 0.005392608339170967
mean(dx)= 1.8854422427222345e-05
vdws = 66
atoms = 24
pairs = 129
 geom_x = 21.268955842632757
 geom_a = 0
 geom_q = 0
 geom_c = 0.0
f1, 0= 2.1269e+01
                          N restraints  r.m.s.d.  r.m.s.Z  Mn(sigma)
Bond distances, non H               11     0.005    0.397      0.013
Bond distances, H                   12     0.001    0.055      0.016
Bond angles, non H                  13     1.037    0.630      1.680
Bond angles, H                      27     0.816    0.316      2.069
Torsion angles, period 2             1     0.481    0.096      5.000
Torsion angles, period 3             1     1.089    0.109     10.000
Torsion angles, period 6             1     7.469    0.373     20.000
Chiral centres                       1     0.066    0.468      0.141
Planar groups                       12     0.000    0.012      0.020
VDW nonbonded                        2     0.148    0.742      0.200
VDW torsion                         12     0.153    0.765      0.200



====== CYCLE  6 ======

 weight = 1.0000e+00
 geom_x = 21.268955842632757
 geom_a = 0
 geom_q = 0
 geom_c = 0.0
f0= 2.1269e+01
using cgsolve in c++, ic=False
diag(geom) min= 625.215645 max= 21559.069278
diag(all) min= 625.215645 max= 21559.069278
Trying gamma equal 0.084000
Not converging with gamma equal 0.084000
Trying gamma equal 0.136500
Gamma decreased to 0.126000
min(dx) = -0.0038653485186610995
max(dx) = 0.003623034057206604
mean(dx)= 9.774141285370252e-06
vdws = 66
atoms = 24
pairs = 129
 geom_x = 21.2597430694496
 geom_a = 0
 geom_q = 0
 geom_c = 0.0
f1, 0= 2.1260e+01
                          N restraints  r.m.s.d.  r.m.s.Z  Mn(sigma)
Bond distances, non H               11     0.005    0.397      0.013
Bond distances, H                   12     0.001    0.055      0.016
Bond angles, non H                  13     1.038    0.630      1.680
Bond angles, H                      27     0.815    0.316      2.069
Torsion angles, period 2             1     0.503    0.101      5.000
Torsion angles, period 3             1     1.090    0.109     10.000
Torsion angles, period 6             1     7.776    0.389     20.000
Chiral centres                       1     0.066    0.469      0.141
Planar groups                       12     0.000    0.012      0.020
VDW nonbonded                        2     0.148    0.741      0.200
VDW torsion                         12     0.153    0.765      0.200



====== CYCLE  7 ======

 weight = 1.0000e+00
 geom_x = 21.2597430694496
 geom_a = 0
 geom_q = 0
 geom_c = 0.0
f0= 2.1260e+01
using cgsolve in c++, ic=False
diag(geom) min= 627.389726 max= 21558.714974
diag(all) min= 627.389726 max= 21558.714974
Trying gamma equal 0.126000
Convergence reached after 20 iterations with no gamma cycles
min(dx) = -0.004321723956680873
max(dx) = 0.004027110105608251
mean(dx)= 8.744064453433982e-06
vdws = 66
atoms = 24
pairs = 129
 geom_x = 21.24931730475813
 geom_a = 0
 geom_q = 0
 geom_c = 0.0
f1, 0= 2.1249e+01
                          N restraints  r.m.s.d.  r.m.s.Z  Mn(sigma)
Bond distances, non H               11     0.005    0.397      0.013
Bond distances, H                   12     0.001    0.055      0.016
Bond angles, non H                  13     1.038    0.629      1.680
Bond angles, H                      27     0.815    0.315      2.069
Torsion angles, period 2             1     0.525    0.105      5.000
Torsion angles, period 3             1     1.090    0.109     10.000
Torsion angles, period 6             1     8.113    0.406     20.000
Chiral centres                       1     0.066    0.470      0.141
Planar groups                       12     0.000    0.013      0.020
VDW nonbonded                        2     0.148    0.739      0.200
VDW torsion                         12     0.153    0.765      0.200



====== CYCLE  8 ======

 weight = 1.0000e+00
 geom_x = 21.24931730475813
 geom_a = 0
 geom_q = 0
 geom_c = 0.0
f0= 2.1249e+01
using cgsolve in c++, ic=False
diag(geom) min= 629.889189 max= 21558.440487
diag(all) min= 629.889189 max= 21558.440487
Trying gamma equal 0.126000
Convergence reached after 20 iterations with no gamma cycles
min(dx) = -0.004459377064461896
max(dx) = 0.004188675901180592
mean(dx)= 8.125440527514574e-06
vdws = 66
atoms = 24
pairs = 129
 geom_x = 21.238325083128274
 geom_a = 0
 geom_q = 0
 geom_c = 0.0
f1, 0= 2.1238e+01
                          N restraints  r.m.s.d.  r.m.s.Z  Mn(sigma)
Bond distances, non H               11     0.005    0.397      0.013
Bond distances, H                   12     0.001    0.055      0.016
Bond angles, non H                  13     1.038    0.629      1.680
Bond angles, H                      27     0.814    0.315      2.069
Torsion angles, period 2             1     0.545    0.109      5.000
Torsion angles, period 3             1     1.089    0.109     10.000
Torsion angles, period 6             1     8.459    0.423     20.000
Chiral centres                       1     0.066    0.470      0.141
Planar groups                       12     0.000    0.013      0.020
VDW nonbonded                        2     0.147    0.737      0.200
VDW torsion                         12     0.153    0.765      0.200



====== CYCLE  9 ======

 weight = 1.0000e+00
 geom_x = 21.238325083128274
 geom_a = 0
 geom_q = 0
 geom_c = 0.0
f0= 2.1238e+01
using cgsolve in c++, ic=False
diag(geom) min= 632.557402 max= 21558.235490
diag(all) min= 632.557402 max= 21558.235490
Trying gamma equal 0.126000
Convergence reached after 19 iterations with no gamma cycles
min(dx) = -0.004599219315703404
max(dx) = 0.004352158399095206
mean(dx)= 7.84722211863059e-06
vdws = 66
atoms = 24
pairs = 129
 geom_x = 21.22671901925613
 geom_a = 0
 geom_q = 0
 geom_c = 0.0
f1, 0= 2.1227e+01
                          N restraints  r.m.s.d.  r.m.s.Z  Mn(sigma)
Bond distances, non H               11     0.005    0.397      0.013
Bond distances, H                   12     0.001    0.055      0.016
Bond angles, non H                  13     1.037    0.629      1.680
Bond angles, H                      27     0.813    0.315      2.069
Torsion angles, period 2             1     0.564    0.113      5.000
Torsion angles, period 3             1     1.088    0.109     10.000
Torsion angles, period 6             1     8.814    0.441     20.000
Chiral centres                       1     0.066    0.470      0.141
Planar groups                       12     0.000    0.013      0.020
VDW nonbonded                        2     0.147    0.734      0.200
VDW torsion                         12     0.153    0.765      0.200



====== CYCLE 10 ======

 weight = 1.0000e+00
 geom_x = 21.22671901925613
 geom_a = 0
 geom_q = 0
 geom_c = 0.0
f0= 2.1227e+01
using cgsolve in c++, ic=False
diag(geom) min= 635.404762 max= 21558.073632
diag(all) min= 635.404762 max= 21558.073632
Trying gamma equal 0.126000
Convergence reached after 20 iterations with no gamma cycles
min(dx) = -0.004740173812219259
max(dx) = 0.004517805772673649
mean(dx)= 7.81517598473282e-06
vdws = 66
atoms = 24
pairs = 129
 geom_x = 21.214458413851215
 geom_a = 0
 geom_q = 0
 geom_c = 0.0
f1, 0= 2.1214e+01
                          N restraints  r.m.s.d.  r.m.s.Z  Mn(sigma)
Bond distances, non H               11     0.005    0.397      0.013
Bond distances, H                   12     0.001    0.055      0.016
Bond angles, non H                  13     1.037    0.628      1.680
Bond angles, H                      27     0.812    0.314      2.069
Torsion angles, period 2             1     0.581    0.116      5.000
Torsion angles, period 3             1     1.087    0.109     10.000
Torsion angles, period 6             1     9.178    0.459     20.000
Chiral centres                       1     0.066    0.471      0.141
Planar groups                       12     0.000    0.014      0.020
VDW nonbonded                        2     0.146    0.732      0.200
VDW torsion                         12     0.153    0.765      0.200



====== CYCLE 11 ======

 weight = 1.0000e+00
 geom_x = 21.214458413851215
 geom_a = 0
 geom_q = 0
 geom_c = 0.0
f0= 2.1214e+01
using cgsolve in c++, ic=False
diag(geom) min= 638.440622 max= 21557.938686
diag(all) min= 638.440622 max= 21557.938686
Trying gamma equal 0.126000
Convergence reached after 20 iterations with no gamma cycles
min(dx) = -0.004881825701770507
max(dx) = 0.004685455072793995
mean(dx)= 7.968800948387852e-06
vdws = 66
atoms = 24
pairs = 129
 geom_x = 21.201506454409948
 geom_a = 0
 geom_q = 0
 geom_c = 0.0
f1, 0= 2.1202e+01
                          N restraints  r.m.s.d.  r.m.s.Z  Mn(sigma)
Bond distances, non H               11     0.005    0.396      0.013
Bond distances, H                   12     0.001    0.055      0.016
Bond angles, non H                  13     1.036    0.628      1.680
Bond angles, H                      27     0.812    0.314      2.069
Torsion angles, period 2             1     0.596    0.119      5.000
Torsion angles, period 3             1     1.086    0.109     10.000
Torsion angles, period 6             1     9.551    0.478     20.000
Chiral centres                       1     0.066    0.471      0.141
Planar groups                       12     0.000    0.014      0.020
VDW nonbonded                        2     0.146    0.730      0.200
VDW torsion                         12     0.153    0.765      0.200



====== CYCLE 12 ======

 weight = 1.0000e+00
 geom_x = 21.201506454409948
 geom_a = 0
 geom_q = 0
 geom_c = 0.0
f0= 2.1202e+01
using cgsolve in c++, ic=False
diag(geom) min= 641.674331 max= 21557.820765
diag(all) min= 641.674331 max= 21557.820765
Trying gamma equal 0.126000
Convergence reached after 20 iterations with no gamma cycles
min(dx) = -0.005023732833139637
max(dx) = 0.004854833804577975
mean(dx)= 8.263138214777079e-06
vdws = 66
atoms = 24
pairs = 129
 geom_x = 21.187829222393663
 geom_a = 0
 geom_q = 0
 geom_c = 0.0
f1, 0= 2.1188e+01
                          N restraints  r.m.s.d.  r.m.s.Z  Mn(sigma)
Bond distances, non H               11     0.005    0.396      0.013
Bond distances, H                   12     0.001    0.055      0.016
Bond angles, non H                  13     1.035    0.627      1.680
Bond angles, H                      27     0.811    0.313      2.069
Torsion angles, period 2             1     0.611    0.122      5.000
Torsion angles, period 3             1     1.084    0.108     10.000
Torsion angles, period 6             1     9.934    0.497     20.000
Chiral centres                       1     0.066    0.471      0.141
Planar groups                       12     0.000    0.014      0.020
VDW nonbonded                        2     0.145    0.727      0.200
VDW torsion                         12     0.153    0.765      0.200



====== CYCLE 13 ======

 weight = 1.0000e+00
 geom_x = 21.187829222393663
 geom_a = 0
 geom_q = 0
 geom_c = 0.0
f0= 2.1188e+01
using cgsolve in c++, ic=False
diag(geom) min= 645.115332 max= 21557.713827
diag(all) min= 645.115332 max= 21557.713827
Trying gamma equal 0.126000
Convergence reached after 20 iterations with no gamma cycles
min(dx) = -0.005165366016403421
max(dx) = 0.005025584357877686
mean(dx)= 8.674617550327753e-06
vdws = 66
atoms = 24
pairs = 129
 geom_x = 21.17339545946962
 geom_a = 0
 geom_q = 0
 geom_c = 0.0
f1, 0= 2.1173e+01
                          N restraints  r.m.s.d.  r.m.s.Z  Mn(sigma)
Bond distances, non H               11     0.005    0.396      0.013
Bond distances, H                   12     0.001    0.055      0.016
Bond angles, non H                  13     1.034    0.627      1.680
Bond angles, H                      27     0.810    0.313      2.069
Torsion angles, period 2             1     0.624    0.125      5.000
Torsion angles, period 3             1     1.083    0.108     10.000
Torsion angles, period 6             1    10.327    0.516     20.000
Chiral centres                       1     0.066    0.471      0.141
Planar groups                       12     0.000    0.015      0.020
VDW nonbonded                        2     0.145    0.724      0.200
VDW torsion                         12     0.153    0.765      0.200



====== CYCLE 14 ======

 weight = 1.0000e+00
 geom_x = 21.17339545946962
 geom_a = 0
 geom_q = 0
 geom_c = 0.0
f0= 2.1173e+01
using cgsolve in c++, ic=False
diag(geom) min= 648.773065 max= 21557.614167
diag(all) min= 648.773065 max= 21557.614167
Trying gamma equal 0.126000
Convergence reached after 20 iterations with no gamma cycles
min(dx) = -0.005306126701265952
max(dx) = 0.005197270910298427
mean(dx)= 9.189865918510255e-06
vdws = 66
atoms = 24
pairs = 129
 geom_x = 21.158176319544165
 geom_a = 0
 geom_q = 0
 geom_c = 0.0
f1, 0= 2.1158e+01
                          N restraints  r.m.s.d.  r.m.s.Z  Mn(sigma)
Bond distances, non H               11     0.005    0.396      0.013
Bond distances, H                   12     0.001    0.055      0.016
Bond angles, non H                  13     1.033    0.626      1.680
Bond angles, H                      27     0.809    0.312      2.069
Torsion angles, period 2             1     0.635    0.127      5.000
Torsion angles, period 3             1     1.082    0.108     10.000
Torsion angles, period 6             1    10.730    0.536     20.000
Chiral centres                       1     0.066    0.471      0.141
Planar groups                       12     0.000    0.015      0.020
VDW nonbonded                        2     0.144    0.721      0.200
VDW torsion                         11     0.160    0.800      0.200



====== CYCLE 15 ======

 weight = 1.0000e+00
 geom_x = 21.158176319544165
 geom_a = 0
 geom_q = 0
 geom_c = 0.0
f0= 2.1158e+01
using cgsolve in c++, ic=False
diag(geom) min= 652.656882 max= 21557.519416
diag(all) min= 652.656882 max= 21557.519416
Trying gamma equal 0.126000
Convergence reached after 19 iterations with no gamma cycles
min(dx) = -0.0054444073835419335
max(dx) = 0.0053699590107486725
mean(dx)= 1.0015732596031012e-05
vdws = 66
atoms = 24
pairs = 129
 geom_x = 21.142134232403354
 geom_a = 0
 geom_q = 0
 geom_c = 0.0
f1, 0= 2.1142e+01
                          N restraints  r.m.s.d.  r.m.s.Z  Mn(sigma)
Bond distances, non H               11     0.005    0.395      0.013
Bond distances, H                   12     0.001    0.055      0.016
Bond angles, non H                  13     1.032    0.625      1.680
Bond angles, H                      27     0.808    0.312      2.069
Torsion angles, period 2             1     0.646    0.129      5.000
Torsion angles, period 3             1     1.081    0.108     10.000
Torsion angles, period 6             1    11.143    0.557     20.000
Chiral centres                       1     0.066    0.471      0.141
Planar groups                       12     0.000    0.016      0.020
VDW nonbonded                        2     0.144    0.718      0.200
VDW torsion                         11     0.160    0.800      0.200



====== CYCLE 16 ======

 weight = 1.0000e+00
 geom_x = 21.142134232403354
 geom_a = 0
 geom_q = 0
 geom_c = 0.0
f0= 2.1142e+01
using cgsolve in c++, ic=False
diag(geom) min= 656.776028 max= 21557.430101
diag(all) min= 656.776028 max= 21557.430101
Trying gamma equal 0.126000
Convergence reached after 20 iterations with no gamma cycles
min(dx) = -0.005581108664967279
max(dx) = 0.00554244029819458
mean(dx)= 1.072183529873517e-05
vdws = 66
atoms = 24
pairs = 129
 geom_x = 21.12525187872346
 geom_a = 0
 geom_q = 0
 geom_c = 0.0
f1, 0= 2.1125e+01
                          N restraints  r.m.s.d.  r.m.s.Z  Mn(sigma)
Bond distances, non H               11     0.005    0.395      0.013
Bond distances, H                   12     0.001    0.055      0.016
Bond angles, non H                  13     1.031    0.624      1.680
Bond angles, H                      27     0.807    0.311      2.069
Torsion angles, period 2             1     0.655    0.131      5.000
Torsion angles, period 3             1     1.080    0.108     10.000
Torsion angles, period 6             1    11.565    0.578     20.000
Chiral centres                       1     0.066    0.471      0.141
Planar groups                       12     0.000    0.016      0.020
VDW nonbonded                        2     0.143    0.715      0.200
VDW torsion                         11     0.160    0.800      0.200



====== CYCLE 17 ======

 weight = 1.0000e+00
 geom_x = 21.12525187872346
 geom_a = 0
 geom_q = 0
 geom_c = 0.0
f0= 2.1125e+01
using cgsolve in c++, ic=False
diag(geom) min= 661.139058 max= 21557.344658
diag(all) min= 661.139058 max= 21557.344658
Trying gamma equal 0.126000
Convergence reached after 19 iterations with no gamma cycles
min(dx) = -0.005715113186431166
max(dx) = 0.0057142272160287215
mean(dx)= 1.1508565112945553e-05
vdws = 66
atoms = 24
pairs = 129
 geom_x = 21.107511249502405
 geom_a = 0
 geom_q = 0
 geom_c = 0.0
f1, 0= 2.1108e+01
                          N restraints  r.m.s.d.  r.m.s.Z  Mn(sigma)
Bond distances, non H               11     0.005    0.395      0.013
Bond distances, H                   12     0.001    0.055      0.016
Bond angles, non H                  13     1.030    0.623      1.680
Bond angles, H                      27     0.806    0.311      2.069
Torsion angles, period 2             1     0.663    0.133      5.000
Torsion angles, period 3             1     1.079    0.108     10.000
Torsion angles, period 6             1    11.998    0.600     20.000
Chiral centres                       1     0.066    0.470      0.141
Planar groups                       12     0.000    0.016      0.020
VDW nonbonded                        2     0.142    0.712      0.200
VDW torsion                         11     0.160    0.800      0.200



====== CYCLE 18 ======

 weight = 1.0000e+00
 geom_x = 21.107511249502405
 geom_a = 0
 geom_q = 0
 geom_c = 0.0
f0= 2.1108e+01
using cgsolve in c++, ic=False
diag(geom) min= 665.754622 max= 21557.262615
diag(all) min= 665.754622 max= 21557.262615
Trying gamma equal 0.126000
Convergence reached after 19 iterations with no gamma cycles
min(dx) = -0.005845526704638648
max(dx) = 0.005884653351273256
mean(dx)= 1.23875762314157e-05
vdws = 66
atoms = 24
pairs = 129
 geom_x = 21.088898922826395
 geom_a = 0
 geom_q = 0
 geom_c = 0.0
f1, 0= 2.1089e+01
                          N restraints  r.m.s.d.  r.m.s.Z  Mn(sigma)
Bond distances, non H               11     0.005    0.394      0.013
Bond distances, H                   12     0.001    0.055      0.016
Bond angles, non H                  13     1.029    0.623      1.680
Bond angles, H                      27     0.805    0.310      2.069
Torsion angles, period 2             1     0.670    0.134      5.000
Torsion angles, period 3             1     1.078    0.108     10.000
Torsion angles, period 6             1    12.440    0.622     20.000
Chiral centres                       1     0.066    0.470      0.141
Planar groups                       12     0.000    0.017      0.020
VDW nonbonded                        2     0.142    0.708      0.200
VDW torsion                         11     0.160    0.800      0.200



====== CYCLE 19 ======

 weight = 1.0000e+00
 geom_x = 21.088898922826395
 geom_a = 0
 geom_q = 0
 geom_c = 0.0
f0= 2.1089e+01
using cgsolve in c++, ic=False
diag(geom) min= 670.630772 max= 21557.183228
diag(all) min= 670.630772 max= 21557.183228
Trying gamma equal 0.126000
Convergence reached after 20 iterations with no gamma cycles
min(dx) = -0.005971474143136645
max(dx) = 0.006052973954316694
mean(dx)= 1.3361943962497229e-05
vdws = 66
atoms = 24
pairs = 129
 geom_x = 21.069406639384336
 geom_a = 0
 geom_q = 0
 geom_c = 0.0
f1, 0= 2.1069e+01
                          N restraints  r.m.s.d.  r.m.s.Z  Mn(sigma)
Bond distances, non H               11     0.005    0.394      0.013
Bond distances, H                   12     0.001    0.055      0.016
Bond angles, non H                  13     1.027    0.621      1.680
Bond angles, H                      27     0.804    0.310      2.069
Torsion angles, period 2             1     0.676    0.135      5.000
Torsion angles, period 3             1     1.077    0.108     10.000
Torsion angles, period 6             1    12.891    0.645     20.000
Chiral centres                       1     0.066    0.470      0.141
Planar groups                       12     0.000    0.018      0.020
VDW nonbonded                        2     0.141    0.704      0.200
VDW torsion                         11     0.160    0.800      0.200



====== CYCLE 20 ======

 weight = 1.0000e+00
 geom_x = 21.069406639384336
 geom_a = 0
 geom_q = 0
 geom_c = 0.0
f0= 2.1069e+01
using cgsolve in c++, ic=False
diag(geom) min= 675.774818 max= 21557.105659
diag(all) min= 675.774818 max= 21557.105659
Trying gamma equal 0.126000
Convergence reached after 20 iterations with no gamma cycles
min(dx) = -0.006092123648435138
max(dx) = 0.006218413340364738
mean(dx)= 1.4431311942378137e-05
vdws = 66
atoms = 24
pairs = 129
 geom_x = 21.049031893217837
 geom_a = 0
 geom_q = 0
 geom_c = 0.0
f1, 0= 2.1049e+01
                          N restraints  r.m.s.d.  r.m.s.Z  Mn(sigma)
Bond distances, non H               11     0.005    0.393      0.013
Bond distances, H                   12     0.001    0.055      0.016
Bond angles, non H                  13     1.026    0.620      1.680
Bond angles, H                      27     0.802    0.309      2.069
Torsion angles, period 2             1     0.680    0.136      5.000
Torsion angles, period 3             1     1.076    0.108     10.000
Torsion angles, period 6             1    13.351    0.668     20.000
Chiral centres                       1     0.066    0.470      0.141
Planar groups                       12     0.000    0.018      0.020
VDW nonbonded                        2     0.140    0.700      0.200
VDW torsion                         11     0.160    0.800      0.200



====== CYCLE 21 ======

 weight = 1.0000e+00
 geom_x = 21.049031893217837
 geom_a = 0
 geom_q = 0
 geom_c = 0.0
f0= 2.1049e+01
using cgsolve in c++, ic=False
diag(geom) min= 681.193222 max= 21557.028960
diag(all) min= 681.193222 max= 21557.028960
Trying gamma equal 0.126000
Convergence reached after 19 iterations with no gamma cycles
min(dx) = -0.006206638410701542
max(dx) = 0.006380138420132495
mean(dx)= 1.5592235983673008e-05
vdws = 66
atoms = 24
pairs = 129
 geom_x = 21.0277785074771
 geom_a = 0
 geom_q = 0
 geom_c = 0.0
f1, 0= 2.1028e+01
                          N restraints  r.m.s.d.  r.m.s.Z  Mn(sigma)
Bond distances, non H               11     0.005    0.393      0.013
Bond distances, H                   12     0.001    0.055      0.016
Bond angles, non H                  13     1.024    0.619      1.680
Bond angles, H                      27     0.801    0.309      2.069
Torsion angles, period 2             1     0.684    0.137      5.000
Torsion angles, period 3             1     1.075    0.108     10.000
Torsion angles, period 6             1    13.820    0.691     20.000
Chiral centres                       1     0.066    0.470      0.141
Planar groups                       12     0.000    0.019      0.020
VDW nonbonded                        2     0.139    0.696      0.200
VDW torsion                         11     0.160    0.800      0.200



====== CYCLE 22 ======

 weight = 1.0000e+00
 geom_x = 21.0277785074771
 geom_a = 0
 geom_q = 0
 geom_c = 0.0
f0= 2.1028e+01
using cgsolve in c++, ic=False
diag(geom) min= 686.891494 max= 21556.952077
diag(all) min= 686.891494 max= 21556.952077
Trying gamma equal 0.126000
Convergence reached after 19 iterations with no gamma cycles
min(dx) = -0.006314146353812558
max(dx) = 0.006537268422560405
mean(dx)= 1.6839882230997793e-05
vdws = 66
atoms = 24
pairs = 129
 geom_x = 21.00565717460236
 geom_a = 0
 geom_q = 0
 geom_c = 0.0
f1, 0= 2.1006e+01
                          N restraints  r.m.s.d.  r.m.s.Z  Mn(sigma)
Bond distances, non H               11     0.005    0.393      0.013
Bond distances, H                   12     0.001    0.055      0.016
Bond angles, non H                  13     1.023    0.618      1.680
Bond angles, H                      27     0.800    0.308      2.069
Torsion angles, period 2             1     0.686    0.137      5.000
Torsion angles, period 3             1     1.075    0.107     10.000
Torsion angles, period 6             1    14.298    0.715     20.000
Chiral centres                       1     0.066    0.470      0.141
Planar groups                       12     0.000    0.019      0.020
VDW nonbonded                        2     0.138    0.692      0.200
VDW torsion                         11     0.160    0.800      0.200



====== CYCLE 23 ======

 weight = 1.0000e+00
 geom_x = 21.00565717460236
 geom_a = 0
 geom_q = 0
 geom_c = 0.0
f0= 2.1006e+01
using cgsolve in c++, ic=False
diag(geom) min= 692.874044 max= 21556.873945
diag(all) min= 692.874044 max= 21556.873945
Trying gamma equal 0.126000
Convergence reached after 20 iterations with no gamma cycles
min(dx) = -0.00641381690784995
max(dx) = 0.006688927121445256
mean(dx)= 1.817306774833534e-05
vdws = 66
atoms = 24
pairs = 129
 geom_x = 20.98268593900093
 geom_a = 0
 geom_q = 0
 geom_c = 0.0
f1, 0= 2.0983e+01
                          N restraints  r.m.s.d.  r.m.s.Z  Mn(sigma)
Bond distances, non H               11     0.005    0.392      0.013
Bond distances, H                   12     0.001    0.055      0.016
Bond angles, non H                  13     1.021    0.617      1.680
Bond angles, H                      27     0.799    0.307      2.069
Torsion angles, period 2             1     0.687    0.137      5.000
Torsion angles, period 3             1     1.074    0.107     10.000
Torsion angles, period 6             1    14.783    0.739     20.000
Chiral centres                       1     0.066    0.470      0.141
Planar groups                       12     0.000    0.020      0.020
VDW nonbonded                        2     0.137    0.687      0.200
VDW torsion                         11     0.160    0.800      0.200



====== CYCLE 24 ======

 weight = 1.0000e+00
 geom_x = 20.98268593900093
 geom_a = 0
 geom_q = 0
 geom_c = 0.0
f0= 2.0983e+01
using cgsolve in c++, ic=False
diag(geom) min= 699.144008 max= 21556.793648
diag(all) min= 699.144008 max= 21556.793648
Trying gamma equal 0.126000
Convergence reached after 19 iterations with no gamma cycles
min(dx) = -0.006504899183534502
max(dx) = 0.006834226041898887
mean(dx)= 1.9589452850734174e-05
vdws = 66
atoms = 24
pairs = 129
 geom_x = 20.958890601551836
 geom_a = 0
 geom_q = 0
 geom_c = 0.0
f1, 0= 2.0959e+01
                          N restraints  r.m.s.d.  r.m.s.Z  Mn(sigma)
Bond distances, non H               11     0.005    0.392      0.013
Bond distances, H                   12     0.001    0.055      0.016
Bond angles, non H                  13     1.019    0.615      1.680
Bond angles, H                      27     0.797    0.306      2.069
Torsion angles, period 2             1     0.686    0.137      5.000
Torsion angles, period 3             1     1.074    0.107     10.000
Torsion angles, period 6             1    15.276    0.764     20.000
Chiral centres                       1     0.066    0.470      0.141
Planar groups                       12     0.000    0.020      0.020
VDW nonbonded                        2     0.136    0.682      0.200
VDW torsion                         11     0.160    0.800      0.200



====== CYCLE 25 ======

 weight = 1.0000e+00
 geom_x = 20.958890601551836
 geom_a = 0
 geom_q = 0
 geom_c = 0.0
f0= 2.0959e+01
using cgsolve in c++, ic=False
diag(geom) min= 705.703118 max= 21556.710107
diag(all) min= 705.703118 max= 21556.710107
Trying gamma equal 0.126000
Convergence reached after 19 iterations with no gamma cycles
min(dx) = -0.006586556305075481
max(dx) = 0.006972215176834198
mean(dx)= 2.1078386583114675e-05
vdws = 66
atoms = 24
pairs = 129
 geom_x = 20.93430502605623
 geom_a = 0
 geom_q = 0
 geom_c = 0.0
f1, 0= 2.0934e+01
                          N restraints  r.m.s.d.  r.m.s.Z  Mn(sigma)
Bond distances, non H               11     0.005    0.391      0.013
Bond distances, H                   12     0.001    0.055      0.016
Bond angles, non H                  13     1.017    0.614      1.680
Bond angles, H                      27     0.796    0.306      2.069
Torsion angles, period 2             1     0.685    0.137      5.000
Torsion angles, period 3             1     1.074    0.107     10.000
Torsion angles, period 6             1    15.776    0.789     20.000
Chiral centres                       1     0.066    0.469      0.141
Planar groups                       12     0.000    0.021      0.020
VDW nonbonded                        2     0.135    0.677      0.200
VDW torsion                         11     0.160    0.800      0.200



====== CYCLE 26 ======

 weight = 1.0000e+00
 geom_x = 20.93430502605623
 geom_a = 0
 geom_q = 0
 geom_c = 0.0
f0= 2.0934e+01
using cgsolve in c++, ic=False
diag(geom) min= 712.551621 max= 21556.622264
diag(all) min= 712.551621 max= 21556.622264
Trying gamma equal 0.126000
Convergence reached after 19 iterations with no gamma cycles
min(dx) = -0.006658080067361478
max(dx) = 0.00710199772614061
mean(dx)= 2.2637019289886397e-05
vdws = 66
atoms = 24
pairs = 129
 geom_x = 20.908971321326813
 geom_a = 0
 geom_q = 0
 geom_c = 0.0
f1, 0= 2.0909e+01
                          N restraints  r.m.s.d.  r.m.s.Z  Mn(sigma)
Bond distances, non H               11     0.005    0.391      0.013
Bond distances, H                   12     0.001    0.055      0.016
Bond angles, non H                  13     1.015    0.612      1.680
Bond angles, H                      27     0.794    0.305      2.069
Torsion angles, period 2             1     0.682    0.136      5.000
Torsion angles, period 3             1     1.073    0.107     10.000
Torsion angles, period 6             1    16.281    0.814     20.000
Chiral centres                       1     0.066    0.469      0.141
Planar groups                       12     0.000    0.022      0.020
VDW nonbonded                        2     0.134    0.672      0.200
VDW torsion                         11     0.160    0.800      0.200



====== CYCLE 27 ======

 weight = 1.0000e+00
 geom_x = 20.908971321326813
 geom_a = 0
 geom_q = 0
 geom_c = 0.0
f0= 2.0909e+01
using cgsolve in c++, ic=False
diag(geom) min= 719.688087 max= 21556.529219
diag(all) min= 719.688087 max= 21556.529219
Trying gamma equal 0.126000
Convergence reached after 19 iterations with no gamma cycles
min(dx) = -0.006718787513184334
max(dx) = 0.007222658350972998
mean(dx)= 2.4256607826904575e-05
vdws = 66
atoms = 24
pairs = 129
 geom_x = 20.8829398884118
 geom_a = 0
 geom_q = 0
 geom_c = 0.0
f1, 0= 2.0883e+01
                          N restraints  r.m.s.d.  r.m.s.Z  Mn(sigma)
Bond distances, non H               11     0.005    0.390      0.013
Bond distances, H                   12     0.001    0.055      0.016
Bond angles, non H                  13     1.013    0.611      1.680
Bond angles, H                      27     0.793    0.304      2.069
Torsion angles, period 2             1     0.678    0.136      5.000
Torsion angles, period 3             1     1.073    0.107     10.000
Torsion angles, period 6             1    16.792    0.840     20.000
Chiral centres                       1     0.066    0.469      0.141
Planar groups                       12     0.000    0.022      0.020
VDW nonbonded                        2     0.133    0.666      0.200
VDW torsion                         11     0.160    0.801      0.200



====== CYCLE 28 ======

 weight = 1.0000e+00
 geom_x = 20.8829398884118
 geom_a = 0
 geom_q = 0
 geom_c = 0.0
f0= 2.0883e+01
using cgsolve in c++, ic=False
diag(geom) min= 727.109342 max= 21556.429945
diag(all) min= 727.109342 max= 21556.429945
Trying gamma equal 0.126000
Convergence reached after 19 iterations with no gamma cycles
min(dx) = -0.006768066107909513
max(dx) = 0.007333327938454095
mean(dx)= 2.5928854383952106e-05
vdws = 66
atoms = 24
pairs = 129
 geom_x = 20.856269311570564
 geom_a = 0
 geom_q = 0
 geom_c = 0.0
f1, 0= 2.0856e+01
                          N restraints  r.m.s.d.  r.m.s.Z  Mn(sigma)
Bond distances, non H               11     0.005    0.389      0.013
Bond distances, H                   12     0.001    0.055      0.016
Bond angles, non H                  13     1.010    0.609      1.680
Bond angles, H                      27     0.791    0.303      2.069
Torsion angles, period 2             1     0.673    0.135      5.000
Torsion angles, period 3             1     1.073    0.107     10.000
Torsion angles, period 6             1    17.308    0.865     20.000
Chiral centres                       1     0.066    0.469      0.141
Planar groups                       12     0.000    0.023      0.020
VDW nonbonded                        2     0.132    0.661      0.200
VDW torsion                         11     0.160    0.801      0.200



====== CYCLE 29 ======

 weight = 1.0000e+00
 geom_x = 20.856269311570564
 geom_a = 0
 geom_q = 0
 geom_c = 0.0
f0= 2.0856e+01
using cgsolve in c++, ic=False
diag(geom) min= 734.810373 max= 21556.323532
diag(all) min= 734.810373 max= 21556.323532
Trying gamma equal 0.126000
Convergence reached after 19 iterations with no gamma cycles
min(dx) = -0.006805367007440425
max(dx) = 0.007433147535899808
mean(dx)= 2.764311983613919e-05
vdws = 66
atoms = 24
pairs = 129
 geom_x = 20.82902608230178
 geom_a = 0
 geom_q = 0
 geom_c = 0.0
f1, 0= 2.0829e+01
                          N restraints  r.m.s.d.  r.m.s.Z  Mn(sigma)
Bond distances, non H               11     0.005    0.389      0.013
Bond distances, H                   12     0.001    0.054      0.016
Bond angles, non H                  13     1.008    0.607      1.680
Bond angles, H                      27     0.790    0.303      2.069
Torsion angles, period 2             1     0.666    0.133      5.000
Torsion angles, period 3             1     1.073    0.107     10.000
Torsion angles, period 6             1    17.828    0.891     20.000
Chiral centres                       1     0.066    0.469      0.141
Planar groups                       12     0.000    0.024      0.020
VDW nonbonded                        2     0.131    0.655      0.200
VDW torsion                         11     0.160    0.801      0.200



====== CYCLE 30 ======

 weight = 1.0000e+00
 geom_x = 20.82902608230178
 geom_a = 0
 geom_q = 0
 geom_c = 0.0
f0= 2.0829e+01
using cgsolve in c++, ic=False
diag(geom) min= 742.784267 max= 21556.208968
diag(all) min= 742.784267 max= 21556.208968
Trying gamma equal 0.126000
Convergence reached after 19 iterations with no gamma cycles
min(dx) = -0.006830246214365516
max(dx) = 0.007521348832476921
mean(dx)= 2.9389605012578013e-05
vdws = 66
atoms = 24
pairs = 129
 geom_x = 20.801284151022525
 geom_a = 0
 geom_q = 0
 geom_c = 0.0
f1, 0= 2.0801e+01
                          N restraints  r.m.s.d.  r.m.s.Z  Mn(sigma)
Bond distances, non H               11     0.005    0.388      0.013
Bond distances, H                   12     0.001    0.054      0.016
Bond angles, non H                  13     1.005    0.605      1.680
Bond angles, H                      27     0.788    0.302      2.069
Torsion angles, period 2             1     0.659    0.132      5.000
Torsion angles, period 3             1     1.073    0.107     10.000
Torsion angles, period 6             1    18.350    0.918     20.000
Chiral centres                       1     0.066    0.469      0.141
Planar groups                       12     0.000    0.024      0.020
VDW nonbonded                        2     0.130    0.649      0.200
VDW torsion                         11     0.160    0.801      0.200


$TABLE: stats vs cycle :
$GRAPHS
: Geometry :A:1,2,4:
: Geometry Z :A:1,3,5:
$$
 Ncyc  rmsBOND  zBOND  rmsANGL  zANGL
$$
$$
    0   0.0052 0.4494   0.9773 0.6110
    1   0.0047 0.3980   1.0111 0.6214
    2   0.0047 0.3962   1.0258 0.6264
    3   0.0047 0.3968   1.0325 0.6286
    4   0.0047 0.3972   1.0357 0.6294
    5   0.0047 0.3973   1.0371 0.6296
    6   0.0047 0.3972   1.0376 0.6296
    7   0.0047 0.3972   1.0377 0.6294
    8   0.0047 0.3970   1.0375 0.6292
    9   0.0047 0.3969   1.0371 0.6288
   10   0.0047 0.3967   1.0366 0.6283
   11   0.0047 0.3964   1.0360 0.6278
   12   0.0047 0.3962   1.0353 0.6272
   13   0.0047 0.3959   1.0344 0.6266
   14   0.0047 0.3956   1.0335 0.6259
   15   0.0047 0.3953   1.0325 0.6251
   16   0.0047 0.3950   1.0314 0.6243
   17   0.0047 0.3946   1.0302 0.6235
   18   0.0047 0.3943   1.0289 0.6225
   19   0.0047 0.3939   1.0275 0.6215
   20   0.0047 0.3935   1.0260 0.6204
   21   0.0047 0.3931   1.0244 0.6193
   22   0.0047 0.3926   1.0227 0.6180
   23   0.0047 0.3921   1.0209 0.6167
   24   0.0047 0.3916   1.0190 0.6153
   25   0.0047 0.3911   1.0170 0.6139
   26   0.0047 0.3905   1.0149 0.6123
   27   0.0046 0.3899   1.0127 0.6107
   28   0.0046 0.3893   1.0104 0.6090
   29   0.0046 0.3887   1.0079 0.6072
   30   0.0046 0.3880   1.0054 0.6054
$$

Updated dictionary saved: cys-caa_link_TMP/LIG_for_link_TMP/mol_1_conf_6_updated.cif
Refinement statistics saved: cys-caa_link_TMP/LIG_for_link_TMP/mol_1_conf_6_stats.json

# Finished on 2026-06-14 11:39:32.686009

=========END OF PROCESS INFORMATION ==========
