
============ PROCESS INFORMATION =============
# Servalcat ver. 0.4.128 (Python 3.9.18)
# Library vers. gemmi 0.7.4, scipy 1.7.3, numpy 1.19.5, pandas 1.3.5
# Started on 2026-06-14 11:39:50.458263
# Host: Mac.lan User: hilgersmt
# Command-line:
# servalcat --logfile cys-caa_link_TMP/LIG_for_link_TMP/servalcat.log refine_geom --update_dictionary cys-caa_link_TMP/LIG_for_link_TMP/mol_1_conf_16_init.cif -o cys-caa_link_TMP/LIG_for_link_TMP/mol_1_conf_16 --randomize 0.01
Config loaded
--
refine:
  atom_selection:
    xyz:
      include:
      - '*'
      exclude: []
      exclude_restraint: []
    adp:
      include: []
      exclude: []
      exclude_restraint: []
    occ:
      include: []
      exclude: []
      exclude_restraint: []
    dfrac:
      include: []
      exclude: []
      exclude_restraint: []
  occ_groups: []
  occ_group_constraints: []
  occ_group_const_mu: 10.0
  occ_group_const_mu_update_factor: 1.1
  occ_group_const_mu_update_tol_rel: 0.25
  occ_group_const_mu_update_tol_abs: 0.01
  initialisation:
    adp: {}
    occ: {}
    dfrac: {}
  write_trajectory: false
--
Reading monomers from /Applications/ccp4-9/lib/data/monomers/
Monomer not in the library: LIG.
Reading monomer: cys-caa_link_TMP/LIG_for_link_TMP/mol_1_conf_16_init.cif
Monomer library loaded: 1 monomers, 109 links, 133 modifications
       loaded monomers: LIG

Checking if unknown atoms exist..
Creating restraints..

Chain info:
 chain 
  ligands: LIG (1 residues)

Number of refinement parameters:
       n_params  n_atoms  n_atoms_geom_only  n_atoms_data_only
xyz          12       12                  0                  0
adp           0        0                  0                  0
occ           0        0                  0                  0
dfrac         0        0                  0                  0

Randomizing structure with rmsd of 0.01
Torsion angle rules:
 include:
  {'group': 'peptide', 'tors_name': 'chi*'}
  {'link': '*', 'tors_name': 'omega'}
  {'residue': '*', 'tors_name': 'sp2_sp2*'}
  {'link': '*', 'tors_name': 'sp2_sp2*'}
 exclude:
  none
External restraints from Refmac instructions
 Number of distances          : 0
 Number of angles             : 0
 Number of torsions           : 0
 Number of chirals            : 0
 Number of planes             : 0
 Number of intervals          : 0
 Number of stackings          : 0
 Number of harmonics          : 0
 Number of special positions  : 0

Running 10 cycles with wchir=4 wvdw=2 without hydrogen
Geometry weights
vdws = 13
atoms = 12
pairs = 37
 *** Bond distances outliers (Z >= 5) ***

     atom1      atom2  value  ideal  sigma     z
/LIG 1/C15 /LIG 1/N17  1.423  1.330  0.010 9.257
 /LIG 1/C3  /LIG 1/O7  1.385  1.251  0.018 7.337

                          N restraints  r.m.s.d.  r.m.s.Z  Mn(sigma)
Bond distances, non H               11     0.051    3.809      0.013
Bond angles, non H                  13     3.361    2.203      1.680
Torsion angles, period 2             1     0.843    0.169      5.000
Chiral centres                       1     0.214    1.522      0.141
Planar groups                        8     0.002    0.119      0.020
VDW torsion                          3     0.241    1.203      0.200


====== CYCLE  1 ======

 weight = 1.0000e+00
 geom_x = 138.60758756634013
 geom_a = 0
 geom_q = 0
 geom_c = 0.0
f0= 1.3861e+02
using cgsolve in c++, ic=False
diag(geom) min= 772.119822 max= 24774.405012
diag(all) min= 772.119822 max= 24774.405012
Trying gamma equal 0.000000
Convergence reached after 26 iterations with no gamma cycles
min(dx) = -0.12376242221838547
max(dx) = 0.11560181205083726
mean(dx)= -0.009873607699807961
vdws = 12
atoms = 12
pairs = 36
 geom_x = 9.892376309112489
 geom_a = 0
 geom_q = 0
 geom_c = 0.0
f1, 0= 9.8924e+00
                          N restraints  r.m.s.d.  r.m.s.Z  Mn(sigma)
Bond distances, non H               11     0.006    0.450      0.013
Bond angles, non H                  13     0.685    0.433      1.680
Torsion angles, period 2             1     0.137    0.027      5.000
Chiral centres                       1     0.003    0.024      0.141
Planar groups                        8     0.001    0.035      0.020
VDW torsion                          3     0.224    1.122      0.200



====== CYCLE  2 ======

 weight = 1.0000e+00
 geom_x = 9.892376309112489
 geom_a = 0
 geom_q = 0
 geom_c = 0.0
f0= 9.8924e+00
using cgsolve in c++, ic=False
diag(geom) min= 615.804269 max= 26185.996290
diag(all) min= 615.804269 max= 26185.996290
Trying gamma equal 0.000000
Convergence reached after 26 iterations with no gamma cycles
min(dx) = -0.016366118119909706
max(dx) = 0.012428623383754923
mean(dx)= -0.0005936735520414172
vdws = 13
atoms = 12
pairs = 37
 geom_x = 9.14825542596676
 geom_a = 0
 geom_q = 0
 geom_c = 0.0
f1, 0= 9.1483e+00
                          N restraints  r.m.s.d.  r.m.s.Z  Mn(sigma)
Bond distances, non H               11     0.003    0.211      0.013
Bond angles, non H                  13     0.649    0.416      1.680
Torsion angles, period 2             1     0.013    0.003      5.000
Chiral centres                       1     0.006    0.039      0.141
Planar groups                        8     0.000    0.001      0.020
VDW torsion                          3     0.228    1.138      0.200



====== CYCLE  3 ======

 weight = 1.0000e+00
 geom_x = 9.14825542596676
 geom_a = 0
 geom_q = 0
 geom_c = 0.0
f0= 9.1483e+00
using cgsolve in c++, ic=False
diag(geom) min= 620.642955 max= 26048.411357
diag(all) min= 620.642955 max= 26048.411357
Trying gamma equal 0.000000
Convergence reached after 26 iterations with no gamma cycles
min(dx) = -0.002780906515061683
max(dx) = 0.002144922698949509
mean(dx)= -8.459092464165999e-05
vdws = 13
atoms = 12
pairs = 37
 geom_x = 9.147937284292691
 geom_a = 0
 geom_q = 0
 geom_c = 0.0
f1, 0= 9.1479e+00
                          N restraints  r.m.s.d.  r.m.s.Z  Mn(sigma)
Bond distances, non H               11     0.003    0.210      0.013
Bond angles, non H                  13     0.648    0.416      1.680
Torsion angles, period 2             1     0.003    0.001      5.000
Chiral centres                       1     0.006    0.040      0.141
Planar groups                        8     0.000    0.000      0.020
VDW torsion                          3     0.228    1.138      0.200



====== CYCLE  4 ======

 weight = 1.0000e+00
 geom_x = 9.147937284292691
 geom_a = 0
 geom_q = 0
 geom_c = 0.0
f0= 9.1479e+00
using cgsolve in c++, ic=False
diag(geom) min= 621.242195 max= 26051.222870
diag(all) min= 621.242195 max= 26051.222870
Trying gamma equal 0.000000
Convergence reached after 26 iterations with no gamma cycles
min(dx) = -0.0003967703597472968
max(dx) = 0.000298566313040772
mean(dx)= -1.3021500528451547e-05
vdws = 13
atoms = 12
pairs = 37
 geom_x = 9.147931598592766
 geom_a = 0
 geom_q = 0
 geom_c = 0.0
f1, 0= 9.1479e+00
                          N restraints  r.m.s.d.  r.m.s.Z  Mn(sigma)
Bond distances, non H               11     0.003    0.210      0.013
Bond angles, non H                  13     0.648    0.416      1.680
Torsion angles, period 2             1     0.000    0.000      5.000
Chiral centres                       1     0.006    0.040      0.141
Planar groups                        8     0.000    0.000      0.020
VDW torsion                          3     0.228    1.138      0.200



====== CYCLE  5 ======

 weight = 1.0000e+00
 geom_x = 9.147931598592766
 geom_a = 0
 geom_q = 0
 geom_c = 0.0
f0= 9.1479e+00
using cgsolve in c++, ic=False
diag(geom) min= 621.327308 max= 26051.660810
diag(all) min= 621.327308 max= 26051.660810
Trying gamma equal 0.000000
Convergence reached after 26 iterations with no gamma cycles
min(dx) = -5.7835625615418924e-05
max(dx) = 4.3812348858781754e-05
mean(dx)= -1.8528515574217388e-06
vdws = 13
atoms = 12
pairs = 37
 geom_x = 9.147931480990323
 geom_a = 0
 geom_q = 0
 geom_c = 0.0
f1, 0= 9.1479e+00
                          N restraints  r.m.s.d.  r.m.s.Z  Mn(sigma)
Bond distances, non H               11     0.003    0.210      0.013
Bond angles, non H                  13     0.648    0.416      1.680
Torsion angles, period 2             1     0.000    0.000      5.000
Chiral centres                       1     0.006    0.040      0.141
Planar groups                        8     0.000    0.000      0.020
VDW torsion                          3     0.228    1.138      0.200



====== CYCLE  6 ======

 weight = 1.0000e+00
 geom_x = 9.147931480990323
 geom_a = 0
 geom_q = 0
 geom_c = 0.0
f0= 9.1479e+00
using cgsolve in c++, ic=False
diag(geom) min= 621.340636 max= 26051.726254
diag(all) min= 621.340636 max= 26051.726254
Trying gamma equal 0.000000
Convergence reached after 26 iterations with no gamma cycles
min(dx) = -8.352965689318145e-06
max(dx) = 6.322489905646094e-06
mean(dx)= -2.666212906133854e-07
vdws = 13
atoms = 12
pairs = 37
 geom_x = 9.147931478518458
 geom_a = 0
 geom_q = 0
 geom_c = 0.0
f1, 0= 9.1479e+00
                          N restraints  r.m.s.d.  r.m.s.Z  Mn(sigma)
Bond distances, non H               11     0.003    0.210      0.013
Bond angles, non H                  13     0.648    0.416      1.680
Torsion angles, period 2             1     0.000    0.000      5.000
Chiral centres                       1     0.006    0.040      0.141
Planar groups                        8     0.000    0.000      0.020
VDW torsion                          3     0.228    1.138      0.200



====== CYCLE  7 ======

 weight = 1.0000e+00
 geom_x = 9.147931478518458
 geom_a = 0
 geom_q = 0
 geom_c = 0.0
f0= 9.1479e+00
using cgsolve in c++, ic=False
diag(geom) min= 621.342737 max= 26051.735688
diag(all) min= 621.342737 max= 26051.735688
Trying gamma equal 0.000000
Convergence reached after 26 iterations with no gamma cycles
min(dx) = -1.2054763451442192e-06
max(dx) = 9.129086547271689e-07
mean(dx)= -3.825048079574339e-08
vdws = 13
atoms = 12
pairs = 37
 geom_x = 9.14793147846633
 geom_a = 0
 geom_q = 0
 geom_c = 0.0
f1, 0= 9.1479e+00
                          N restraints  r.m.s.d.  r.m.s.Z  Mn(sigma)
Bond distances, non H               11     0.003    0.210      0.013
Bond angles, non H                  13     0.648    0.416      1.680
Torsion angles, period 2             1     0.000    0.000      5.000
Chiral centres                       1     0.006    0.040      0.141
Planar groups                        8     0.000    0.000      0.020
VDW torsion                          3     0.228    1.138      0.200



====== CYCLE  8 ======

 weight = 1.0000e+00
 geom_x = 9.14793147846633
 geom_a = 0
 geom_q = 0
 geom_c = 0.0
f0= 9.1479e+00
using cgsolve in c++, ic=False
diag(geom) min= 621.343070 max= 26051.737048
diag(all) min= 621.343070 max= 26051.737048
Trying gamma equal 0.000000
Convergence reached after 26 iterations with no gamma cycles
min(dx) = -1.739522083722843e-07
max(dx) = 1.3177232220432738e-07
mean(dx)= -5.485387754209649e-09
vdws = 13
atoms = 12
pairs = 37
 geom_x = 9.147931478465221
 geom_a = 0
 geom_q = 0
 geom_c = 0.0
f1, 0= 9.1479e+00
                          N restraints  r.m.s.d.  r.m.s.Z  Mn(sigma)
Bond distances, non H               11     0.003    0.210      0.013
Bond angles, non H                  13     0.648    0.416      1.680
Torsion angles, period 2             1     0.000    0.000      5.000
Chiral centres                       1     0.006    0.040      0.141
Planar groups                        8     0.000    0.000      0.020
VDW torsion                          3     0.228    1.138      0.200



====== CYCLE  9 ======

 weight = 1.0000e+00
 geom_x = 9.147931478465221
 geom_a = 0
 geom_q = 0
 geom_c = 0.0
f0= 9.1479e+00
using cgsolve in c++, ic=False
diag(geom) min= 621.343123 max= 26051.737243
diag(all) min= 621.343123 max= 26051.737243
Trying gamma equal 0.000000
Convergence reached after 26 iterations with no gamma cycles
min(dx) = -2.5101440848159655e-08
max(dx) = 1.9022079180643112e-08
mean(dx)= -7.858226594779462e-10
vdws = 13
atoms = 12
pairs = 37
 geom_x = 9.147931478465217
 geom_a = 0
 geom_q = 0
 geom_c = 0.0
f1, 0= 9.1479e+00
                          N restraints  r.m.s.d.  r.m.s.Z  Mn(sigma)
Bond distances, non H               11     0.003    0.210      0.013
Bond angles, non H                  13     0.648    0.416      1.680
Torsion angles, period 2             1     0.000    0.000      5.000
Chiral centres                       1     0.006    0.040      0.141
Planar groups                        8     0.000    0.000      0.020
VDW torsion                          3     0.228    1.138      0.200



====== CYCLE 10 ======

 weight = 1.0000e+00
 geom_x = 9.147931478465217
 geom_a = 0
 geom_q = 0
 geom_c = 0.0
f0= 9.1479e+00
using cgsolve in c++, ic=False
diag(geom) min= 621.343131 max= 26051.737272
diag(all) min= 621.343131 max= 26051.737272
Trying gamma equal 0.000000
Convergence reached after 26 iterations with no gamma cycles
min(dx) = -3.6222235631207432e-09
max(dx) = 2.7461217310958204e-09
mean(dx)= -1.1245055717273035e-10
vdws = 13
atoms = 12
pairs = 37
 geom_x = 9.147931478465207
 geom_a = 0
 geom_q = 0
 geom_c = 0.0
f1, 0= 9.1479e+00
                          N restraints  r.m.s.d.  r.m.s.Z  Mn(sigma)
Bond distances, non H               11     0.003    0.210      0.013
Bond angles, non H                  13     0.648    0.416      1.680
Torsion angles, period 2             1     0.000    0.000      5.000
Chiral centres                       1     0.006    0.040      0.141
Planar groups                        8     0.000    0.000      0.020
VDW torsion                          3     0.228    1.138      0.200


$TABLE: stats vs cycle :
$GRAPHS
: Geometry :A:1,4,2:
: Geometry Z :A:1,5,3:
$$
 Ncyc  rmsBOND  zBOND  rmsANGL  zANGL
$$
$$
    0   0.0514 3.8089   3.3613 2.2028
    1   0.0058 0.4497   0.6854 0.4329
    2   0.0031 0.2115   0.6491 0.4159
    3   0.0030 0.2103   0.6482 0.4157
    4   0.0030 0.2102   0.6481 0.4157
    5   0.0030 0.2102   0.6481 0.4157
    6   0.0030 0.2102   0.6481 0.4157
    7   0.0030 0.2102   0.6481 0.4157
    8   0.0030 0.2102   0.6481 0.4157
    9   0.0030 0.2102   0.6481 0.4157
   10   0.0030 0.2102   0.6481 0.4157
$$

Running 30 cycles with wchir=1 wvdw=2 without hydrogen
Geometry weights
vdws = 13
atoms = 12
pairs = 37
                          N restraints  r.m.s.d.  r.m.s.Z  Mn(sigma)
Bond distances, non H               11     0.003    0.210      0.013
Bond angles, non H                  13     0.648    0.416      1.680
Torsion angles, period 2             1     0.000    0.000      5.000
Chiral centres                       1     0.006    0.040      0.141
Planar groups                        8     0.000    0.000      0.020
VDW torsion                          3     0.228    1.138      0.200


====== CYCLE  1 ======

 weight = 1.0000e+00
 geom_x = 9.136149266227203
 geom_a = 0
 geom_q = 0
 geom_c = 0.0
f0= 9.1361e+00
using cgsolve in c++, ic=False
diag(geom) min= 339.328952 max= 15131.224261
diag(all) min= 339.328952 max= 15131.224261
Trying gamma equal 0.000000
Convergence reached after 26 iterations with no gamma cycles
min(dx) = -0.006212756415053562
max(dx) = 0.011215198647384584
mean(dx)= 0.0011693211003695094
vdws = 13
atoms = 12
pairs = 37
 geom_x = 9.054111425648554
 geom_a = 0
 geom_q = 0
 geom_c = 0.0
f1, 0= 9.0541e+00
                          N restraints  r.m.s.d.  r.m.s.Z  Mn(sigma)
Bond distances, non H               11     0.003    0.198      0.013
Bond angles, non H                  13     0.694    0.424      1.680
Torsion angles, period 2             1     0.000    0.000      5.000
Chiral centres                       1     0.044    0.317      0.141
Planar groups                        8     0.000    0.000      0.020
VDW torsion                          3     0.225    1.127      0.200



====== CYCLE  2 ======

 weight = 1.0000e+00
 geom_x = 9.054111425648554
 geom_a = 0
 geom_q = 0
 geom_c = 0.0
f0= 9.0541e+00
using cgsolve in c++, ic=False
diag(geom) min= 334.945608 max= 15128.974764
diag(all) min= 334.945608 max= 15128.974764
Trying gamma equal 0.000000
Not converging with gamma equal 0.000000
Trying gamma equal 0.052500
Gamma decreased to 0.042000
min(dx) = -0.00031670936940546117
max(dx) = 0.0002810026401091505
mean(dx)= 7.19783507014782e-06
vdws = 13
atoms = 12
pairs = 37
 geom_x = 9.054003110339066
 geom_a = 0
 geom_q = 0
 geom_c = 0.0
f1, 0= 9.0540e+00
                          N restraints  r.m.s.d.  r.m.s.Z  Mn(sigma)
Bond distances, non H               11     0.003    0.197      0.013
Bond angles, non H                  13     0.694    0.424      1.680
Torsion angles, period 2             1     0.001    0.000      5.000
Chiral centres                       1     0.045    0.318      0.141
Planar groups                        8     0.000    0.001      0.020
VDW torsion                          3     0.225    1.127      0.200



====== CYCLE  3 ======

 weight = 1.0000e+00
 geom_x = 9.054003110339066
 geom_a = 0
 geom_q = 0
 geom_c = 0.0
f0= 9.0540e+00
using cgsolve in c++, ic=False
diag(geom) min= 335.024650 max= 15128.869971
diag(all) min= 335.024650 max= 15128.869971
Trying gamma equal 0.042000
Not converging with gamma equal 0.042000
Trying gamma equal 0.094500
Gamma decreased to 0.084000
min(dx) = -0.00012874215430908121
max(dx) = 0.0001366820530052408
mean(dx)= 5.270540719854886e-06
vdws = 13
atoms = 12
pairs = 37
 geom_x = 9.053987202032353
 geom_a = 0
 geom_q = 0
 geom_c = 0.0
f1, 0= 9.0540e+00
                          N restraints  r.m.s.d.  r.m.s.Z  Mn(sigma)
Bond distances, non H               11     0.003    0.197      0.013
Bond angles, non H                  13     0.694    0.424      1.680
Torsion angles, period 2             1     0.001    0.000      5.000
Chiral centres                       1     0.045    0.317      0.141
Planar groups                        8     0.000    0.001      0.020
VDW torsion                          3     0.225    1.127      0.200



====== CYCLE  4 ======

 weight = 1.0000e+00
 geom_x = 9.053987202032353
 geom_a = 0
 geom_q = 0
 geom_c = 0.0
f0= 9.0540e+00
using cgsolve in c++, ic=False
diag(geom) min= 335.045628 max= 15128.805117
diag(all) min= 335.045628 max= 15128.805117
Trying gamma equal 0.084000
Convergence reached after 20 iterations with no gamma cycles
min(dx) = -0.00011635022224799478
max(dx) = 0.00014228303825712963
mean(dx)= 6.004828029887112e-06
vdws = 13
atoms = 12
pairs = 37
 geom_x = 9.053974523413807
 geom_a = 0
 geom_q = 0
 geom_c = 0.0
f1, 0= 9.0540e+00
                          N restraints  r.m.s.d.  r.m.s.Z  Mn(sigma)
Bond distances, non H               11     0.003    0.197      0.013
Bond angles, non H                  13     0.693    0.424      1.680
Torsion angles, period 2             1     0.001    0.000      5.000
Chiral centres                       1     0.045    0.317      0.141
Planar groups                        8     0.000    0.001      0.020
VDW torsion                          3     0.225    1.127      0.200



====== CYCLE  5 ======

 weight = 1.0000e+00
 geom_x = 9.053974523413807
 geom_a = 0
 geom_q = 0
 geom_c = 0.0
f0= 9.0540e+00
using cgsolve in c++, ic=False
diag(geom) min= 335.059781 max= 15128.737811
diag(all) min= 335.059781 max= 15128.737811
Trying gamma equal 0.084000
Convergence reached after 20 iterations with no gamma cycles
min(dx) = -9.753139188226622e-05
max(dx) = 0.0001309188923736419
mean(dx)= 5.712851895925456e-06
vdws = 13
atoms = 12
pairs = 37
 geom_x = 9.05396489293588
 geom_a = 0
 geom_q = 0
 geom_c = 0.0
f1, 0= 9.0540e+00
                          N restraints  r.m.s.d.  r.m.s.Z  Mn(sigma)
Bond distances, non H               11     0.003    0.197      0.013
Bond angles, non H                  13     0.693    0.424      1.680
Torsion angles, period 2             1     0.001    0.000      5.000
Chiral centres                       1     0.045    0.317      0.141
Planar groups                        8     0.000    0.001      0.020
VDW torsion                          3     0.225    1.127      0.200



====== CYCLE  6 ======

 weight = 1.0000e+00
 geom_x = 9.05396489293588
 geom_a = 0
 geom_q = 0
 geom_c = 0.0
f0= 9.0540e+00
using cgsolve in c++, ic=False
diag(geom) min= 335.068144 max= 15128.677464
diag(all) min= 335.068144 max= 15128.677464
Trying gamma equal 0.084000
Convergence reached after 19 iterations with no gamma cycles
min(dx) = -8.353102342630562e-05
max(dx) = 0.0001199389729865712
mean(dx)= 5.322585644450051e-06
vdws = 13
atoms = 12
pairs = 37
 geom_x = 9.053957292885372
 geom_a = 0
 geom_q = 0
 geom_c = 0.0
f1, 0= 9.0540e+00
                          N restraints  r.m.s.d.  r.m.s.Z  Mn(sigma)
Bond distances, non H               11     0.003    0.197      0.013
Bond angles, non H                  13     0.694    0.424      1.680
Torsion angles, period 2             1     0.001    0.000      5.000
Chiral centres                       1     0.045    0.317      0.141
Planar groups                        8     0.000    0.000      0.020
VDW torsion                          3     0.225    1.127      0.200



====== CYCLE  7 ======

 weight = 1.0000e+00
 geom_x = 9.053957292885372
 geom_a = 0
 geom_q = 0
 geom_c = 0.0
f0= 9.0540e+00
using cgsolve in c++, ic=False
diag(geom) min= 335.072900 max= 15128.623597
diag(all) min= 335.072900 max= 15128.623597
Trying gamma equal 0.084000
Convergence reached after 18 iterations with no gamma cycles
min(dx) = -7.263730942413908e-05
max(dx) = 0.00010956936871904486
mean(dx)= 4.912812606322159e-06
vdws = 13
atoms = 12
pairs = 37
 geom_x = 9.053951172045887
 geom_a = 0
 geom_q = 0
 geom_c = 0.0
f1, 0= 9.0540e+00
                          N restraints  r.m.s.d.  r.m.s.Z  Mn(sigma)
Bond distances, non H               11     0.003    0.197      0.013
Bond angles, non H                  13     0.694    0.424      1.680
Torsion angles, period 2             1     0.001    0.000      5.000
Chiral centres                       1     0.045    0.317      0.141
Planar groups                        8     0.000    0.000      0.020
VDW torsion                          3     0.225    1.127      0.200



====== CYCLE  8 ======

 weight = 1.0000e+00
 geom_x = 9.053951172045887
 geom_a = 0
 geom_q = 0
 geom_c = 0.0
f0= 9.0540e+00
using cgsolve in c++, ic=False
diag(geom) min= 335.075412 max= 15128.575425
diag(all) min= 335.075412 max= 15128.575425
Trying gamma equal 0.084000
Convergence reached after 17 iterations with no gamma cycles
min(dx) = -6.388503983343336e-05
max(dx) = 9.989990796868408e-05
mean(dx)= 4.509932855177137e-06
vdws = 13
atoms = 12
pairs = 37
 geom_x = 9.053946189658873
 geom_a = 0
 geom_q = 0
 geom_c = 0.0
f1, 0= 9.0539e+00
                          N restraints  r.m.s.d.  r.m.s.Z  Mn(sigma)
Bond distances, non H               11     0.003    0.197      0.013
Bond angles, non H                  13     0.694    0.424      1.680
Torsion angles, period 2             1     0.000    0.000      5.000
Chiral centres                       1     0.045    0.317      0.141
Planar groups                        8     0.000    0.000      0.020
VDW torsion                          3     0.225    1.127      0.200



====== CYCLE  9 ======

 weight = 1.0000e+00
 geom_x = 9.053946189658873
 geom_a = 0
 geom_q = 0
 geom_c = 0.0
f0= 9.0539e+00
using cgsolve in c++, ic=False
diag(geom) min= 335.076541 max= 15128.532210
diag(all) min= 335.076541 max= 15128.532210
Trying gamma equal 0.084000
Convergence reached after 17 iterations with no gamma cycles
min(dx) = -5.666482174785499e-05
max(dx) = 9.095760064327357e-05
mean(dx)= 4.1255210653558e-06
vdws = 13
atoms = 12
pairs = 37
 geom_x = 9.053942111531613
 geom_a = 0
 geom_q = 0
 geom_c = 0.0
f1, 0= 9.0539e+00
                          N restraints  r.m.s.d.  r.m.s.Z  Mn(sigma)
Bond distances, non H               11     0.003    0.197      0.013
Bond angles, non H                  13     0.694    0.424      1.680
Torsion angles, period 2             1     0.000    0.000      5.000
Chiral centres                       1     0.045    0.317      0.141
Planar groups                        8     0.000    0.000      0.020
VDW torsion                          3     0.225    1.127      0.200



====== CYCLE 10 ======

 weight = 1.0000e+00
 geom_x = 9.053942111531613
 geom_a = 0
 geom_q = 0
 geom_c = 0.0
f0= 9.0539e+00
using cgsolve in c++, ic=False
diag(geom) min= 335.076829 max= 15128.493314
diag(all) min= 335.076829 max= 15128.493314
Trying gamma equal 0.084000
Convergence reached after 17 iterations with no gamma cycles
min(dx) = -5.057585309196307e-05
max(dx) = 8.27342157651414e-05
mean(dx)= 3.764774978952274e-06
vdws = 13
atoms = 12
pairs = 37
 geom_x = 9.053938764088752
 geom_a = 0
 geom_q = 0
 geom_c = 0.0
f1, 0= 9.0539e+00
                          N restraints  r.m.s.d.  r.m.s.Z  Mn(sigma)
Bond distances, non H               11     0.003    0.197      0.013
Bond angles, non H                  13     0.694    0.424      1.680
Torsion angles, period 2             1     0.000    0.000      5.000
Chiral centres                       1     0.045    0.317      0.141
Planar groups                        8     0.000    0.000      0.020
VDW torsion                          3     0.225    1.127      0.200



====== CYCLE 11 ======

 weight = 1.0000e+00
 geom_x = 9.053938764088752
 geom_a = 0
 geom_q = 0
 geom_c = 0.0
f0= 9.0539e+00
using cgsolve in c++, ic=False
diag(geom) min= 335.076617 max= 15128.458218
diag(all) min= 335.076617 max= 15128.458218
Trying gamma equal 0.084000
Convergence reached after 17 iterations with no gamma cycles
min(dx) = -4.5348245090638574e-05
max(dx) = 7.520152096827077e-05
mean(dx)= 3.4298099415844838e-06
vdws = 13
atoms = 12
pairs = 37
 geom_x = 9.053936012449167
 geom_a = 0
 geom_q = 0
 geom_c = 0.0
f1, 0= 9.0539e+00
                          N restraints  r.m.s.d.  r.m.s.Z  Mn(sigma)
Bond distances, non H               11     0.003    0.197      0.013
Bond angles, non H                  13     0.694    0.424      1.680
Torsion angles, period 2             1     0.000    0.000      5.000
Chiral centres                       1     0.045    0.318      0.141
Planar groups                        8     0.000    0.000      0.020
VDW torsion                          3     0.225    1.127      0.200



====== CYCLE 12 ======

 weight = 1.0000e+00
 geom_x = 9.053936012449167
 geom_a = 0
 geom_q = 0
 geom_c = 0.0
f0= 9.0539e+00
using cgsolve in c++, ic=False
diag(geom) min= 335.076123 max= 15128.426495
diag(all) min= 335.076123 max= 15128.426495
Trying gamma equal 0.084000
Convergence reached after 17 iterations with no gamma cycles
min(dx) = -4.0796434251859474e-05
max(dx) = 6.832037384411723e-05
mean(dx)= 3.1209543688002178e-06
vdws = 13
atoms = 12
pairs = 37
 geom_x = 9.053933748919498
 geom_a = 0
 geom_q = 0
 geom_c = 0.0
f1, 0= 9.0539e+00
                          N restraints  r.m.s.d.  r.m.s.Z  Mn(sigma)
Bond distances, non H               11     0.003    0.197      0.013
Bond angles, non H                  13     0.694    0.424      1.680
Torsion angles, period 2             1     0.000    0.000      5.000
Chiral centres                       1     0.045    0.318      0.141
Planar groups                        8     0.000    0.000      0.020
VDW torsion                          3     0.225    1.127      0.200



====== CYCLE 13 ======

 weight = 1.0000e+00
 geom_x = 9.053933748919498
 geom_a = 0
 geom_q = 0
 geom_c = 0.0
f0= 9.0539e+00
using cgsolve in c++, ic=False
diag(geom) min= 335.075481 max= 15128.397785
diag(all) min= 335.075481 max= 15128.397785
Trying gamma equal 0.084000
Convergence reached after 17 iterations with no gamma cycles
min(dx) = -3.678984025852501e-05
max(dx) = 6.204651823971343e-05
mean(dx)= 2.837530456246363e-06
vdws = 13
atoms = 12
pairs = 37
 geom_x = 9.053931886238248
 geom_a = 0
 geom_q = 0
 geom_c = 0.0
f1, 0= 9.0539e+00
                          N restraints  r.m.s.d.  r.m.s.Z  Mn(sigma)
Bond distances, non H               11     0.003    0.197      0.013
Bond angles, non H                  13     0.694    0.424      1.680
Torsion angles, period 2             1     0.000    0.000      5.000
Chiral centres                       1     0.045    0.318      0.141
Planar groups                        8     0.000    0.000      0.020
VDW torsion                          3     0.225    1.127      0.200



====== CYCLE 14 ======

 weight = 1.0000e+00
 geom_x = 9.053931886238248
 geom_a = 0
 geom_q = 0
 geom_c = 0.0
f0= 9.0539e+00
using cgsolve in c++, ic=False
diag(geom) min= 335.074775 max= 15128.371779
diag(all) min= 335.074775 max= 15128.371779
Trying gamma equal 0.084000
Convergence reached after 17 iterations with no gamma cycles
min(dx) = -3.3234183243587697e-05
max(dx) = 5.6334146300657996e-05
mean(dx)= 2.5783040756128864e-06
vdws = 13
atoms = 12
pairs = 37
 geom_x = 9.053930353148527
 geom_a = 0
 geom_q = 0
 geom_c = 0.0
f1, 0= 9.0539e+00
                          N restraints  r.m.s.d.  r.m.s.Z  Mn(sigma)
Bond distances, non H               11     0.003    0.197      0.013
Bond angles, non H                  13     0.694    0.424      1.680
Torsion angles, period 2             1     0.000    0.000      5.000
Chiral centres                       1     0.045    0.318      0.141
Planar groups                        8     0.000    0.000      0.020
VDW torsion                          3     0.225    1.127      0.200



====== CYCLE 15 ======

 weight = 1.0000e+00
 geom_x = 9.053930353148527
 geom_a = 0
 geom_q = 0
 geom_c = 0.0
f0= 9.0539e+00
using cgsolve in c++, ic=False
diag(geom) min= 335.074054 max= 15128.348211
diag(all) min= 335.074054 max= 15128.348211
Trying gamma equal 0.084000
Convergence reached after 17 iterations with no gamma cycles
min(dx) = -3.0059466353540506e-05
max(dx) = 5.1138041977155764e-05
mean(dx)= 2.341758788589247e-06
vdws = 13
atoms = 12
pairs = 37
 geom_x = 9.053929091227724
 geom_a = 0
 geom_q = 0
 geom_c = 0.0
f1, 0= 9.0539e+00
                          N restraints  r.m.s.d.  r.m.s.Z  Mn(sigma)
Bond distances, non H               11     0.003    0.197      0.013
Bond angles, non H                  13     0.694    0.424      1.680
Torsion angles, period 2             1     0.000    0.000      5.000
Chiral centres                       1     0.045    0.318      0.141
Planar groups                        8     0.000    0.000      0.020
VDW torsion                          3     0.225    1.127      0.200



====== CYCLE 16 ======

 weight = 1.0000e+00
 geom_x = 9.053929091227724
 geom_a = 0
 geom_q = 0
 geom_c = 0.0
f0= 9.0539e+00
using cgsolve in c++, ic=False
diag(geom) min= 335.073350 max= 15128.326843
diag(all) min= 335.073350 max= 15128.326843
Trying gamma equal 0.084000
Convergence reached after 17 iterations with no gamma cycles
min(dx) = -2.721218535891841e-05
max(dx) = 4.641481564969186e-05
mean(dx)= 2.1262632235321645e-06
vdws = 13
atoms = 12
pairs = 37
 geom_x = 9.053928052477163
 geom_a = 0
 geom_q = 0
 geom_c = 0.0
f1, 0= 9.0539e+00
                          N restraints  r.m.s.d.  r.m.s.Z  Mn(sigma)
Bond distances, non H               11     0.003    0.197      0.013
Bond angles, non H                  13     0.694    0.424      1.680
Torsion angles, period 2             1     0.000    0.000      5.000
Chiral centres                       1     0.045    0.318      0.141
Planar groups                        8     0.000    0.000      0.020
VDW torsion                          3     0.225    1.127      0.200



====== CYCLE 17 ======

 weight = 1.0000e+00
 geom_x = 9.053928052477163
 geom_a = 0
 geom_q = 0
 geom_c = 0.0
f0= 9.0539e+00
using cgsolve in c++, ic=False
diag(geom) min= 335.072679 max= 15128.307466
diag(all) min= 335.072679 max= 15128.307466
Trying gamma equal 0.084000
Convergence reached after 17 iterations with no gamma cycles
min(dx) = -2.4650243387109213e-05
max(dx) = 4.212356577117774e-05
mean(dx)= 1.930172171508442e-06
vdws = 13
atoms = 12
pairs = 37
 geom_x = 9.053927197420915
 geom_a = 0
 geom_q = 0
 geom_c = 0.0
f1, 0= 9.0539e+00
                          N restraints  r.m.s.d.  r.m.s.Z  Mn(sigma)
Bond distances, non H               11     0.003    0.197      0.013
Bond angles, non H                  13     0.694    0.424      1.680
Torsion angles, period 2             1     0.000    0.000      5.000
Chiral centres                       1     0.045    0.318      0.141
Planar groups                        8     0.000    0.000      0.020
VDW torsion                          3     0.225    1.127      0.200



====== CYCLE 18 ======

 weight = 1.0000e+00
 geom_x = 9.053927197420915
 geom_a = 0
 geom_q = 0
 geom_c = 0.0
f0= 9.0539e+00
using cgsolve in c++, ic=False
diag(geom) min= 335.072051 max= 15128.289891
diag(all) min= 335.072051 max= 15128.289891
Trying gamma equal 0.084000
Convergence reached after 17 iterations with no gamma cycles
min(dx) = -2.233960567087563e-05
max(dx) = 3.8226184179577706e-05
mean(dx)= 1.751886049477388e-06
vdws = 13
atoms = 12
pairs = 37
 geom_x = 9.053926493575453
 geom_a = 0
 geom_q = 0
 geom_c = 0.0
f1, 0= 9.0539e+00
                          N restraints  r.m.s.d.  r.m.s.Z  Mn(sigma)
Bond distances, non H               11     0.003    0.197      0.013
Bond angles, non H                  13     0.694    0.424      1.680
Torsion angles, period 2             1     0.000    0.000      5.000
Chiral centres                       1     0.045    0.318      0.141
Planar groups                        8     0.000    0.000      0.020
VDW torsion                          3     0.225    1.127      0.200



====== CYCLE 19 ======

 weight = 1.0000e+00
 geom_x = 9.053926493575453
 geom_a = 0
 geom_q = 0
 geom_c = 0.0
f0= 9.0539e+00
using cgsolve in c++, ic=False
diag(geom) min= 335.071467 max= 15128.273949
diag(all) min= 335.071467 max= 15128.273949
Trying gamma equal 0.084000
Convergence reached after 17 iterations with no gamma cycles
min(dx) = -2.0252078263057536e-05
max(dx) = 3.468744352094222e-05
mean(dx)= 1.5898842069206466e-06
vdws = 13
atoms = 12
pairs = 37
 geom_x = 9.053925914204386
 geom_a = 0
 geom_q = 0
 geom_c = 0.0
f1, 0= 9.0539e+00
                          N restraints  r.m.s.d.  r.m.s.Z  Mn(sigma)
Bond distances, non H               11     0.003    0.197      0.013
Bond angles, non H                  13     0.694    0.424      1.680
Torsion angles, period 2             1     0.000    0.000      5.000
Chiral centres                       1     0.045    0.318      0.141
Planar groups                        8     0.000    0.000      0.020
VDW torsion                          3     0.225    1.127      0.200



====== CYCLE 20 ======

 weight = 1.0000e+00
 geom_x = 9.053925914204386
 geom_a = 0
 geom_q = 0
 geom_c = 0.0
f0= 9.0539e+00
using cgsolve in c++, ic=False
diag(geom) min= 335.070931 max= 15128.259487
diag(all) min= 335.070931 max= 15128.259487
Trying gamma equal 0.084000
Convergence reached after 17 iterations with no gamma cycles
min(dx) = -1.8363815854079326e-05
max(dx) = 3.147495462876974e-05
mean(dx)= 1.4427418809830057e-06
vdws = 13
atoms = 12
pairs = 37
 geom_x = 9.053925437298968
 geom_a = 0
 geom_q = 0
 geom_c = 0.0
f1, 0= 9.0539e+00
                          N restraints  r.m.s.d.  r.m.s.Z  Mn(sigma)
Bond distances, non H               11     0.003    0.197      0.013
Bond angles, non H                  13     0.694    0.424      1.680
Torsion angles, period 2             1     0.000    0.000      5.000
Chiral centres                       1     0.045    0.318      0.141
Planar groups                        8     0.000    0.000      0.020
VDW torsion                          3     0.225    1.127      0.200



====== CYCLE 21 ======

 weight = 1.0000e+00
 geom_x = 9.053925437298968
 geom_a = 0
 geom_q = 0
 geom_c = 0.0
f0= 9.0539e+00
using cgsolve in c++, ic=False
diag(geom) min= 335.070439 max= 15128.246368
diag(all) min= 335.070439 max= 15128.246368
Trying gamma equal 0.084000
Convergence reached after 17 iterations with no gamma cycles
min(dx) = -1.6654304813301237e-05
max(dx) = 2.855904928579009e-05
mean(dx)= 1.3091370346033784e-06
vdws = 13
atoms = 12
pairs = 37
 geom_x = 9.053925044741415
 geom_a = 0
 geom_q = 0
 geom_c = 0.0
f1, 0= 9.0539e+00
                          N restraints  r.m.s.d.  r.m.s.Z  Mn(sigma)
Bond distances, non H               11     0.003    0.197      0.013
Bond angles, non H                  13     0.694    0.424      1.680
Torsion angles, period 2             1     0.000    0.000      5.000
Chiral centres                       1     0.045    0.318      0.141
Planar groups                        8     0.000    0.000      0.020
VDW torsion                          3     0.225    1.127      0.200



====== CYCLE 22 ======

 weight = 1.0000e+00
 geom_x = 9.053925044741415
 geom_a = 0
 geom_q = 0
 geom_c = 0.0
f0= 9.0539e+00
using cgsolve in c++, ic=False
diag(geom) min= 335.069990 max= 15128.234466
diag(all) min= 335.069990 max= 15128.234466
Trying gamma equal 0.084000
Convergence reached after 17 iterations with no gamma cycles
min(dx) = -1.5105657737111512e-05
max(dx) = 2.5912623112406272e-05
mean(dx)= 1.1878510417897624e-06
vdws = 13
atoms = 12
pairs = 37
 geom_x = 9.053924721616719
 geom_a = 0
 geom_q = 0
 geom_c = 0.0
f1, 0= 9.0539e+00
                          N restraints  r.m.s.d.  r.m.s.Z  Mn(sigma)
Bond distances, non H               11     0.003    0.197      0.013
Bond angles, non H                  13     0.694    0.424      1.680
Torsion angles, period 2             1     0.000    0.000      5.000
Chiral centres                       1     0.045    0.318      0.141
Planar groups                        8     0.000    0.000      0.020
VDW torsion                          3     0.225    1.127      0.200



====== CYCLE 23 ======

 weight = 1.0000e+00
 geom_x = 9.053924721616719
 geom_a = 0
 geom_q = 0
 geom_c = 0.0
f0= 9.0539e+00
using cgsolve in c++, ic=False
diag(geom) min= 335.069581 max= 15128.223669
diag(all) min= 335.069581 max= 15128.223669
Trying gamma equal 0.084000
Convergence reached after 17 iterations with no gamma cycles
min(dx) = -1.3702113611715244e-05
max(dx) = 2.3510960160353725e-05
mean(dx)= 1.0777657372908756e-06
vdws = 13
atoms = 12
pairs = 37
 geom_x = 9.053924455646563
 geom_a = 0
 geom_q = 0
 geom_c = 0.0
f1, 0= 9.0539e+00
                          N restraints  r.m.s.d.  r.m.s.Z  Mn(sigma)
Bond distances, non H               11     0.003    0.197      0.013
Bond angles, non H                  13     0.694    0.424      1.680
Torsion angles, period 2             1     0.000    0.000      5.000
Chiral centres                       1     0.045    0.318      0.141
Planar groups                        8     0.000    0.000      0.020
VDW torsion                          3     0.225    1.127      0.200



====== CYCLE 24 ======

 weight = 1.0000e+00
 geom_x = 9.053924455646563
 geom_a = 0
 geom_q = 0
 geom_c = 0.0
f0= 9.0539e+00
using cgsolve in c++, ic=False
diag(geom) min= 335.069209 max= 15128.213873
diag(all) min= 335.069209 max= 15128.213873
Trying gamma equal 0.084000
Convergence reached after 17 iterations with no gamma cycles
min(dx) = -1.2429674910073213e-05
max(dx) = 2.133155243155044e-05
mean(dx)= 9.77858425064455e-07
vdws = 13
atoms = 12
pairs = 37
 geom_x = 9.053924236723269
 geom_a = 0
 geom_q = 0
 geom_c = 0.0
f1, 0= 9.0539e+00
                          N restraints  r.m.s.d.  r.m.s.Z  Mn(sigma)
Bond distances, non H               11     0.003    0.197      0.013
Bond angles, non H                  13     0.694    0.424      1.680
Torsion angles, period 2             1     0.000    0.000      5.000
Chiral centres                       1     0.045    0.318      0.141
Planar groups                        8     0.000    0.000      0.020
VDW torsion                          3     0.225    1.127      0.200



====== CYCLE 25 ======

 weight = 1.0000e+00
 geom_x = 9.053924236723269
 geom_a = 0
 geom_q = 0
 geom_c = 0.0
f0= 9.0539e+00
using cgsolve in c++, ic=False
diag(geom) min= 335.068871 max= 15128.204986
diag(all) min= 335.068871 max= 15128.204986
Trying gamma equal 0.084000
Convergence reached after 17 iterations with no gamma cycles
min(dx) = -1.1275836890763302e-05
max(dx) = 1.9353922233296412e-05
mean(dx)= 8.871958464238422e-07
vdws = 13
atoms = 12
pairs = 37
 geom_x = 9.0539240565263
 geom_a = 0
 geom_q = 0
 geom_c = 0.0
f1, 0= 9.0539e+00
                          N restraints  r.m.s.d.  r.m.s.Z  Mn(sigma)
Bond distances, non H               11     0.003    0.197      0.013
Bond angles, non H                  13     0.694    0.424      1.680
Torsion angles, period 2             1     0.000    0.000      5.000
Chiral centres                       1     0.045    0.318      0.141
Planar groups                        8     0.000    0.000      0.020
VDW torsion                          3     0.225    1.127      0.200



====== CYCLE 26 ======

 weight = 1.0000e+00
 geom_x = 9.0539240565263
 geom_a = 0
 geom_q = 0
 geom_c = 0.0
f0= 9.0539e+00
using cgsolve in c++, ic=False
diag(geom) min= 335.068564 max= 15128.196923
diag(all) min= 335.068564 max= 15128.196923
Trying gamma equal 0.084000
Convergence reached after 17 iterations with no gamma cycles
min(dx) = -1.0229379876794285e-05
max(dx) = 1.7559451920727964e-05
mean(dx)= 8.049277298478415e-07
vdws = 13
atoms = 12
pairs = 37
 geom_x = 9.053923908206203
 geom_a = 0
 geom_q = 0
 geom_c = 0.0
f1, 0= 9.0539e+00
                          N restraints  r.m.s.d.  r.m.s.Z  Mn(sigma)
Bond distances, non H               11     0.003    0.197      0.013
Bond angles, non H                  13     0.694    0.424      1.680
Torsion angles, period 2             1     0.000    0.000      5.000
Chiral centres                       1     0.045    0.318      0.141
Planar groups                        8     0.000    0.000      0.020
VDW torsion                          3     0.225    1.127      0.200



====== CYCLE 27 ======

 weight = 1.0000e+00
 geom_x = 9.053923908206203
 geom_a = 0
 geom_q = 0
 geom_c = 0.0
f0= 9.0539e+00
using cgsolve in c++, ic=False
diag(geom) min= 335.068286 max= 15128.189608
diag(all) min= 335.068286 max= 15128.189608
Trying gamma equal 0.084000
Convergence reached after 17 iterations with no gamma cycles
min(dx) = -9.280205305877179e-06
max(dx) = 1.5931223462951052e-05
mean(dx)= 7.302803028329017e-07
vdws = 13
atoms = 12
pairs = 37
 geom_x = 9.0539237861248
 geom_a = 0
 geom_q = 0
 geom_c = 0.0
f1, 0= 9.0539e+00
                          N restraints  r.m.s.d.  r.m.s.Z  Mn(sigma)
Bond distances, non H               11     0.003    0.197      0.013
Bond angles, non H                  13     0.694    0.424      1.680
Torsion angles, period 2             1     0.000    0.000      5.000
Chiral centres                       1     0.045    0.318      0.141
Planar groups                        8     0.000    0.000      0.020
VDW torsion                          3     0.225    1.127      0.200



====== CYCLE 28 ======

 weight = 1.0000e+00
 geom_x = 9.0539237861248
 geom_a = 0
 geom_q = 0
 geom_c = 0.0
f0= 9.0539e+00
using cgsolve in c++, ic=False
diag(geom) min= 335.068034 max= 15128.182972
diag(all) min= 335.068034 max= 15128.182972
Trying gamma equal 0.084000
Convergence reached after 17 iterations with no gamma cycles
min(dx) = -8.419202837898708e-06
max(dx) = 1.445386895886624e-05
mean(dx)= 6.625499901041749e-07
vdws = 13
atoms = 12
pairs = 37
 geom_x = 9.05392368564091
 geom_a = 0
 geom_q = 0
 geom_c = 0.0
f1, 0= 9.0539e+00
                          N restraints  r.m.s.d.  r.m.s.Z  Mn(sigma)
Bond distances, non H               11     0.003    0.197      0.013
Bond angles, non H                  13     0.694    0.424      1.680
Torsion angles, period 2             1     0.000    0.000      5.000
Chiral centres                       1     0.045    0.318      0.141
Planar groups                        8     0.000    0.000      0.020
VDW torsion                          3     0.225    1.127      0.200



====== CYCLE 29 ======

 weight = 1.0000e+00
 geom_x = 9.05392368564091
 geom_a = 0
 geom_q = 0
 geom_c = 0.0
f0= 9.0539e+00
using cgsolve in c++, ic=False
diag(geom) min= 335.067805 max= 15128.176951
diag(all) min= 335.067805 max= 15128.176951
Trying gamma equal 0.084000
Convergence reached after 17 iterations with no gamma cycles
min(dx) = -7.638140055737666e-06
max(dx) = 1.311343241369824e-05
mean(dx)= 6.010974254520038e-07
vdws = 13
atoms = 12
pairs = 37
 geom_x = 9.053923602934157
 geom_a = 0
 geom_q = 0
 geom_c = 0.0
f1, 0= 9.0539e+00
                          N restraints  r.m.s.d.  r.m.s.Z  Mn(sigma)
Bond distances, non H               11     0.003    0.197      0.013
Bond angles, non H                  13     0.694    0.424      1.680
Torsion angles, period 2             1     0.000    0.000      5.000
Chiral centres                       1     0.045    0.318      0.141
Planar groups                        8     0.000    0.000      0.020
VDW torsion                          3     0.225    1.127      0.200



====== CYCLE 30 ======

 weight = 1.0000e+00
 geom_x = 9.053923602934157
 geom_a = 0
 geom_q = 0
 geom_c = 0.0
f0= 9.0539e+00
using cgsolve in c++, ic=False
diag(geom) min= 335.067598 max= 15128.171489
diag(all) min= 335.067598 max= 15128.171489
Trying gamma equal 0.084000
Convergence reached after 17 iterations with no gamma cycles
min(dx) = -6.92956902920515e-06
max(dx) = 1.1897242597832078e-05
mean(dx)= 5.45341841549609e-07
vdws = 13
atoms = 12
pairs = 37
 geom_x = 9.05392353485987
 geom_a = 0
 geom_q = 0
 geom_c = 0.0
f1, 0= 9.0539e+00
                          N restraints  r.m.s.d.  r.m.s.Z  Mn(sigma)
Bond distances, non H               11     0.003    0.197      0.013
Bond angles, non H                  13     0.694    0.424      1.680
Torsion angles, period 2             1     0.000    0.000      5.000
Chiral centres                       1     0.045    0.318      0.141
Planar groups                        8     0.000    0.000      0.020
VDW torsion                          3     0.225    1.127      0.200


$TABLE: stats vs cycle :
$GRAPHS
: Geometry :A:1,4,2:
: Geometry Z :A:1,5,3:
$$
 Ncyc  rmsBOND  zBOND  rmsANGL  zANGL
$$
$$
    0   0.0030 0.2102   0.6481 0.4157
    1   0.0029 0.1982   0.6939 0.4242
    2   0.0029 0.1974   0.6937 0.4242
    3   0.0029 0.1974   0.6936 0.4242
    4   0.0029 0.1974   0.6935 0.4242
    5   0.0029 0.1974   0.6935 0.4242
    6   0.0029 0.1974   0.6935 0.4242
    7   0.0029 0.1974   0.6936 0.4242
    8   0.0029 0.1974   0.6936 0.4242
    9   0.0029 0.1974   0.6937 0.4242
   10   0.0029 0.1974   0.6937 0.4242
   11   0.0029 0.1974   0.6938 0.4242
   12   0.0029 0.1974   0.6938 0.4242
   13   0.0029 0.1974   0.6939 0.4242
   14   0.0029 0.1974   0.6939 0.4242
   15   0.0029 0.1974   0.6939 0.4242
   16   0.0029 0.1974   0.6940 0.4242
   17   0.0029 0.1974   0.6940 0.4242
   18   0.0029 0.1974   0.6940 0.4242
   19   0.0029 0.1974   0.6941 0.4242
   20   0.0029 0.1974   0.6941 0.4242
   21   0.0029 0.1974   0.6941 0.4242
   22   0.0029 0.1974   0.6941 0.4242
   23   0.0029 0.1974   0.6942 0.4242
   24   0.0029 0.1974   0.6942 0.4242
   25   0.0029 0.1974   0.6942 0.4242
   26   0.0029 0.1974   0.6942 0.4242
   27   0.0029 0.1974   0.6942 0.4242
   28   0.0029 0.1974   0.6942 0.4242
   29   0.0029 0.1974   0.6942 0.4242
   30   0.0029 0.1974   0.6943 0.4242
$$

Creating restraints..

Chain info:
 chain 
  ligands: LIG (1 residues)

Number of refinement parameters:
       n_params  n_atoms  n_atoms_geom_only  n_atoms_data_only
xyz          24       24                 12                  0
adp           0        0                  0                  0
occ           0        0                  0                  0
dfrac         0        0                  0                  0

Randomizing structure with rmsd of 0.01
Torsion angle rules:
 include:
  {'group': 'peptide', 'tors_name': 'chi*'}
  {'link': '*', 'tors_name': 'omega'}
  {'residue': '*', 'tors_name': 'sp2_sp2*'}
  {'link': '*', 'tors_name': 'sp2_sp2*'}
 exclude:
  none
External restraints from Refmac instructions
 Number of distances          : 0
 Number of angles             : 0
 Number of torsions           : 0
 Number of chirals            : 0
 Number of planes             : 0
 Number of intervals          : 0
 Number of stackings          : 0
 Number of harmonics          : 0
 Number of special positions  : 0

Running 10 cycles with wchir=4 wvdw=2 with hydrogen
Geometry weights
vdws = 77
atoms = 24
pairs = 140
                          N restraints  r.m.s.d.  r.m.s.Z  Mn(sigma)
Bond distances, non H               11     0.008    0.649      0.013
Bond distances, H                   12     0.009    0.567      0.016
Bond angles, non H                  13     0.986    0.595      1.680
Bond angles, H                      27     0.730    0.387      2.069
Torsion angles, period 2             1     0.070    0.014      5.000
Torsion angles, period 3             1     0.377    0.038     10.000
Torsion angles, period 6             1     1.118    0.056     20.000
Chiral centres                       1     0.117    0.832      0.141
Planar groups                       12     0.003    0.137      0.020
VDW nonbonded                        3     0.177    0.884      0.200
VDW torsion                         13     0.181    0.905      0.200


====== CYCLE  1 ======

 weight = 1.0000e+00
 geom_x = 40.22311192726426
 geom_a = 0
 geom_q = 0
 geom_c = 0.0
f0= 4.0223e+01
using cgsolve in c++, ic=False
diag(geom) min= 590.458871 max= 30908.977307
diag(all) min= 590.458871 max= 30908.977307
Trying gamma equal 0.000000
Not converging with gamma equal 0.000000
Trying gamma equal 0.052500
Gamma decreased to 0.042000
min(dx) = -0.042913314163855104
max(dx) = 0.02683145817747411
mean(dx)= -0.0010800275700806159
vdws = 77
atoms = 24
pairs = 140
 geom_x = 23.336351614992257
 geom_a = 0
 geom_q = 0
 geom_c = 0.0
f1, 0= 2.3336e+01
                          N restraints  r.m.s.d.  r.m.s.Z  Mn(sigma)
Bond distances, non H               11     0.004    0.370      0.013
Bond distances, H                   12     0.001    0.064      0.016
Bond angles, non H                  13     0.850    0.545      1.680
Bond angles, H                      27     0.824    0.328      2.069
Torsion angles, period 2             1     0.137    0.027      5.000
Torsion angles, period 3             1     0.793    0.079     10.000
Torsion angles, period 6             1     0.011    0.001     20.000
Chiral centres                       1     0.017    0.119      0.141
Planar groups                       12     0.000    0.023      0.020
VDW nonbonded                        3     0.136    0.680      0.200
VDW torsion                         13     0.158    0.791      0.200



====== CYCLE  2 ======

 weight = 1.0000e+00
 geom_x = 23.336351614992257
 geom_a = 0
 geom_q = 0
 geom_c = 0.0
f0= 2.3336e+01
using cgsolve in c++, ic=False
diag(geom) min= 599.379913 max= 31247.148170
diag(all) min= 599.379913 max= 31247.148170
Trying gamma equal 0.042000
Convergence reached after 36 iterations with no gamma cycles
min(dx) = -0.01310936878108063
max(dx) = 0.011513154430483804
mean(dx)= 6.472338315362222e-06
vdws = 76
atoms = 24
pairs = 139
 geom_x = 22.880871695567134
 geom_a = 0
 geom_q = 0
 geom_c = 0.0
f1, 0= 2.2881e+01
                          N restraints  r.m.s.d.  r.m.s.Z  Mn(sigma)
Bond distances, non H               11     0.005    0.429      0.013
Bond distances, H                   12     0.001    0.057      0.016
Bond angles, non H                  13     0.954    0.603      1.680
Bond angles, H                      27     0.856    0.338      2.069
Torsion angles, period 2             1     0.042    0.008      5.000
Torsion angles, period 3             1     0.958    0.096     10.000
Torsion angles, period 6             1     0.348    0.017     20.000
Chiral centres                       1     0.015    0.104      0.141
Planar groups                       12     0.000    0.014      0.020
VDW nonbonded                        3     0.129    0.643      0.200
VDW torsion                         13     0.154    0.769      0.200



====== CYCLE  3 ======

 weight = 1.0000e+00
 geom_x = 22.880871695567134
 geom_a = 0
 geom_q = 0
 geom_c = 0.0
f0= 2.2881e+01
using cgsolve in c++, ic=False
diag(geom) min= 598.548069 max= 31287.609448
diag(all) min= 598.548069 max= 31287.609448
Trying gamma equal 0.042000
Convergence reached after 34 iterations with no gamma cycles
min(dx) = -0.006486737992738627
max(dx) = 0.006639181698144594
mean(dx)= 3.8271688860633615e-05
vdws = 76
atoms = 24
pairs = 139
 geom_x = 22.783583983529837
 geom_a = 0
 geom_q = 0
 geom_c = 0.0
f1, 0= 2.2784e+01
                          N restraints  r.m.s.d.  r.m.s.Z  Mn(sigma)
Bond distances, non H               11     0.005    0.444      0.013
Bond distances, H                   12     0.001    0.055      0.016
Bond angles, non H                  13     1.004    0.626      1.680
Bond angles, H                      27     0.852    0.336      2.069
Torsion angles, period 2             1     0.191    0.038      5.000
Torsion angles, period 3             1     1.058    0.106     10.000
Torsion angles, period 6             1     0.633    0.032     20.000
Chiral centres                       1     0.015    0.104      0.141
Planar groups                       12     0.000    0.012      0.020
VDW nonbonded                        3     0.127    0.635      0.200
VDW torsion                         13     0.152    0.762      0.200



====== CYCLE  4 ======

 weight = 1.0000e+00
 geom_x = 22.783583983529837
 geom_a = 0
 geom_q = 0
 geom_c = 0.0
f0= 2.2784e+01
using cgsolve in c++, ic=False
diag(geom) min= 598.373827 max= 31299.940194
diag(all) min= 598.373827 max= 31299.940194
Trying gamma equal 0.042000
Convergence reached after 34 iterations with no gamma cycles
min(dx) = -0.0035194123562999843
max(dx) = 0.005159813942762786
mean(dx)= 2.4287583967062003e-05
vdws = 76
atoms = 24
pairs = 139
 geom_x = 22.751719179834687
 geom_a = 0
 geom_q = 0
 geom_c = 0.0
f1, 0= 2.2752e+01
                          N restraints  r.m.s.d.  r.m.s.Z  Mn(sigma)
Bond distances, non H               11     0.005    0.450      0.013
Bond distances, H                   12     0.001    0.054      0.016
Bond angles, non H                  13     1.029    0.637      1.680
Bond angles, H                      27     0.848    0.335      2.069
Torsion angles, period 2             1     0.307    0.061      5.000
Torsion angles, period 3             1     1.145    0.114     10.000
Torsion angles, period 6             1     0.892    0.045     20.000
Chiral centres                       1     0.015    0.104      0.141
Planar groups                       12     0.000    0.012      0.020
VDW nonbonded                        3     0.126    0.632      0.200
VDW torsion                         13     0.152    0.759      0.200



====== CYCLE  5 ======

 weight = 1.0000e+00
 geom_x = 22.751719179834687
 geom_a = 0
 geom_q = 0
 geom_c = 0.0
f0= 2.2752e+01
using cgsolve in c++, ic=False
diag(geom) min= 598.466899 max= 31303.236397
diag(all) min= 598.466899 max= 31303.236397
Trying gamma equal 0.042000
Not converging with gamma equal 0.042000
Trying gamma equal 0.094500
Gamma decreased to 0.084000
min(dx) = -0.001485711924533016
max(dx) = 0.0022152033399575177
mean(dx)= 1.0158174164705732e-05
vdws = 76
atoms = 24
pairs = 139
 geom_x = 22.74302471007913
 geom_a = 0
 geom_q = 0
 geom_c = 0.0
f1, 0= 2.2743e+01
                          N restraints  r.m.s.d.  r.m.s.Z  Mn(sigma)
Bond distances, non H               11     0.005    0.451      0.013
Bond distances, H                   12     0.001    0.054      0.016
Bond angles, non H                  13     1.037    0.640      1.680
Bond angles, H                      27     0.846    0.335      2.069
Torsion angles, period 2             1     0.355    0.071      5.000
Torsion angles, period 3             1     1.183    0.118     10.000
Torsion angles, period 6             1     1.021    0.051     20.000
Chiral centres                       1     0.015    0.104      0.141
Planar groups                       12     0.000    0.012      0.020
VDW nonbonded                        3     0.126    0.631      0.200
VDW torsion                         13     0.152    0.758      0.200



====== CYCLE  6 ======

 weight = 1.0000e+00
 geom_x = 22.74302471007913
 geom_a = 0
 geom_q = 0
 geom_c = 0.0
f0= 2.2743e+01
using cgsolve in c++, ic=False
diag(geom) min= 598.576320 max= 31303.595734
diag(all) min= 598.576320 max= 31303.595734
Trying gamma equal 0.084000
Convergence reached after 26 iterations with no gamma cycles
min(dx) = -0.0016473238958107967
max(dx) = 0.002253395184520764
mean(dx)= 8.647285931343744e-06
vdws = 76
atoms = 24
pairs = 139
 geom_x = 22.73559249650094
 geom_a = 0
 geom_q = 0
 geom_c = 0.0
f1, 0= 2.2736e+01
                          N restraints  r.m.s.d.  r.m.s.Z  Mn(sigma)
Bond distances, non H               11     0.005    0.452      0.013
Bond distances, H                   12     0.001    0.054      0.016
Bond angles, non H                  13     1.043    0.642      1.680
Bond angles, H                      27     0.845    0.334      2.069
Torsion angles, period 2             1     0.402    0.080      5.000
Torsion angles, period 3             1     1.222    0.122     10.000
Torsion angles, period 6             1     1.159    0.058     20.000
Chiral centres                       1     0.015    0.104      0.141
Planar groups                       12     0.000    0.012      0.020
VDW nonbonded                        3     0.126    0.630      0.200
VDW torsion                         13     0.152    0.758      0.200



====== CYCLE  7 ======

 weight = 1.0000e+00
 geom_x = 22.73559249650094
 geom_a = 0
 geom_q = 0
 geom_c = 0.0
f0= 2.2736e+01
using cgsolve in c++, ic=False
diag(geom) min= 598.732749 max= 31303.245880
diag(all) min= 598.732749 max= 31303.245880
Trying gamma equal 0.084000
Convergence reached after 26 iterations with no gamma cycles
min(dx) = -0.0016454466088914527
max(dx) = 0.0020960957442846106
mean(dx)= 7.30223219164196e-06
vdws = 76
atoms = 24
pairs = 139
 geom_x = 22.729380720332227
 geom_a = 0
 geom_q = 0
 geom_c = 0.0
f1, 0= 2.2729e+01
                          N restraints  r.m.s.d.  r.m.s.Z  Mn(sigma)
Bond distances, non H               11     0.005    0.452      0.013
Bond distances, H                   12     0.001    0.054      0.016
Bond angles, non H                  13     1.047    0.644      1.680
Bond angles, H                      27     0.844    0.334      2.069
Torsion angles, period 2             1     0.442    0.088      5.000
Torsion angles, period 3             1     1.257    0.126     10.000
Torsion angles, period 6             1     1.296    0.065     20.000
Chiral centres                       1     0.015    0.104      0.141
Planar groups                       12     0.000    0.012      0.020
VDW nonbonded                        3     0.126    0.630      0.200
VDW torsion                         13     0.151    0.757      0.200



====== CYCLE  8 ======

 weight = 1.0000e+00
 geom_x = 22.729380720332227
 geom_a = 0
 geom_q = 0
 geom_c = 0.0
f0= 2.2729e+01
using cgsolve in c++, ic=False
diag(geom) min= 598.913934 max= 31302.448857
diag(all) min= 598.913934 max= 31302.448857
Trying gamma equal 0.084000
Convergence reached after 25 iterations with no gamma cycles
min(dx) = -0.0016582450138248287
max(dx) = 0.001971793491539983
mean(dx)= 6.488997472890228e-06
vdws = 76
atoms = 24
pairs = 139
 geom_x = 22.72384946385809
 geom_a = 0
 geom_q = 0
 geom_c = 0.0
f1, 0= 2.2724e+01
                          N restraints  r.m.s.d.  r.m.s.Z  Mn(sigma)
Bond distances, non H               11     0.005    0.452      0.013
Bond distances, H                   12     0.001    0.054      0.016
Bond angles, non H                  13     1.049    0.645      1.680
Bond angles, H                      27     0.843    0.334      2.069
Torsion angles, period 2             1     0.477    0.095      5.000
Torsion angles, period 3             1     1.288    0.129     10.000
Torsion angles, period 6             1     1.435    0.072     20.000
Chiral centres                       1     0.015    0.103      0.141
Planar groups                       12     0.000    0.013      0.020
VDW nonbonded                        3     0.126    0.629      0.200
VDW torsion                         13     0.151    0.757      0.200



====== CYCLE  9 ======

 weight = 1.0000e+00
 geom_x = 22.72384946385809
 geom_a = 0
 geom_q = 0
 geom_c = 0.0
f0= 2.2724e+01
using cgsolve in c++, ic=False
diag(geom) min= 599.119946 max= 31301.400199
diag(all) min= 599.119946 max= 31301.400199
Trying gamma equal 0.084000
Convergence reached after 25 iterations with no gamma cycles
min(dx) = -0.0016781437681873221
max(dx) = 0.0018703511017294835
mean(dx)= 5.957563288458338e-06
vdws = 76
atoms = 24
pairs = 139
 geom_x = 22.718736896269743
 geom_a = 0
 geom_q = 0
 geom_c = 0.0
f1, 0= 2.2719e+01
                          N restraints  r.m.s.d.  r.m.s.Z  Mn(sigma)
Bond distances, non H               11     0.005    0.452      0.013
Bond distances, H                   12     0.001    0.054      0.016
Bond angles, non H                  13     1.051    0.645      1.680
Bond angles, H                      27     0.842    0.333      2.069
Torsion angles, period 2             1     0.508    0.102      5.000
Torsion angles, period 3             1     1.316    0.132     10.000
Torsion angles, period 6             1     1.577    0.079     20.000
Chiral centres                       1     0.015    0.103      0.141
Planar groups                       12     0.000    0.013      0.020
VDW nonbonded                        3     0.126    0.628      0.200
VDW torsion                         13     0.151    0.757      0.200



====== CYCLE 10 ======

 weight = 1.0000e+00
 geom_x = 22.718736896269743
 geom_a = 0
 geom_q = 0
 geom_c = 0.0
f0= 2.2719e+01
using cgsolve in c++, ic=False
diag(geom) min= 599.352633 max= 31300.219104
diag(all) min= 599.352633 max= 31300.219104
Trying gamma equal 0.084000
Convergence reached after 24 iterations with no gamma cycles
min(dx) = -0.001701446260292982
max(dx) = 0.0017857771920781777
mean(dx)= 5.571004286812109e-06
vdws = 76
atoms = 24
pairs = 139
 geom_x = 22.713901533701268
 geom_a = 0
 geom_q = 0
 geom_c = 0.0
f1, 0= 2.2714e+01
                          N restraints  r.m.s.d.  r.m.s.Z  Mn(sigma)
Bond distances, non H               11     0.005    0.452      0.013
Bond distances, H                   12     0.001    0.054      0.016
Bond angles, non H                  13     1.053    0.646      1.680
Bond angles, H                      27     0.842    0.333      2.069
Torsion angles, period 2             1     0.535    0.107      5.000
Torsion angles, period 3             1     1.342    0.134     10.000
Torsion angles, period 6             1     1.721    0.086     20.000
Chiral centres                       1     0.015    0.103      0.141
Planar groups                       12     0.000    0.013      0.020
VDW nonbonded                        3     0.126    0.628      0.200
VDW torsion                         13     0.151    0.757      0.200


$TABLE: stats vs cycle :
$GRAPHS
: Geometry :A:1,4,2:
: Geometry Z :A:1,5,3:
$$
 Ncyc  rmsBOND  zBOND  rmsANGL  zANGL
$$
$$
    0   0.0075 0.6494   0.9858 0.5947
    1   0.0045 0.3701   0.8496 0.5449
    2   0.0050 0.4288   0.9537 0.6031
    3   0.0052 0.4444   1.0041 0.6263
    4   0.0052 0.4499   1.0291 0.6369
    5   0.0052 0.4511   1.0368 0.6400
    6   0.0052 0.4519   1.0426 0.6422
    7   0.0052 0.4522   1.0466 0.6437
    8   0.0052 0.4522   1.0494 0.6446
    9   0.0052 0.4521   1.0513 0.6452
   10   0.0052 0.4519   1.0528 0.6456
$$

Running 30 cycles with wchir=1 wvdw=2 with hydrogen
Geometry weights
vdws = 76
atoms = 24
pairs = 139
                          N restraints  r.m.s.d.  r.m.s.Z  Mn(sigma)
Bond distances, non H               11     0.005    0.452      0.013
Bond distances, H                   12     0.001    0.054      0.016
Bond angles, non H                  13     1.053    0.646      1.680
Bond angles, H                      27     0.842    0.333      2.069
Torsion angles, period 2             1     0.535    0.107      5.000
Torsion angles, period 3             1     1.342    0.134     10.000
Torsion angles, period 6             1     1.721    0.086     20.000
Chiral centres                       1     0.015    0.103      0.141
Planar groups                       12     0.000    0.013      0.020
VDW nonbonded                        3     0.126    0.628      0.200
VDW torsion                         13     0.151    0.757      0.200


====== CYCLE  1 ======

 weight = 1.0000e+00
 geom_x = 22.633998989536384
 geom_a = 0
 geom_q = 0
 geom_c = 0.0
f0= 2.2634e+01
using cgsolve in c++, ic=False
diag(geom) min= 599.614524 max= 21155.600230
diag(all) min= 599.614524 max= 21155.600230
Trying gamma equal 0.084000
Convergence reached after 25 iterations with no gamma cycles
min(dx) = -0.006252996726648561
max(dx) = 0.005241784008300537
mean(dx)= 0.0001008232322785532
vdws = 77
atoms = 24
pairs = 140
 geom_x = 22.376902251792593
 geom_a = 0
 geom_q = 0
 geom_c = 0.0
f1, 0= 2.2377e+01
                          N restraints  r.m.s.d.  r.m.s.Z  Mn(sigma)
Bond distances, non H               11     0.005    0.403      0.013
Bond distances, H                   12     0.001    0.056      0.016
Bond angles, non H                  13     1.080    0.655      1.680
Bond angles, H                      27     0.830    0.325      2.069
Torsion angles, period 2             1     0.540    0.108      5.000
Torsion angles, period 3             1     1.683    0.168     10.000
Torsion angles, period 6             1     1.874    0.094     20.000
Chiral centres                       1     0.053    0.377      0.141
Planar groups                       12     0.000    0.015      0.020
VDW nonbonded                        3     0.126    0.628      0.200
VDW torsion                         13     0.151    0.754      0.200



====== CYCLE  2 ======

 weight = 1.0000e+00
 geom_x = 22.376902251792593
 geom_a = 0
 geom_q = 0
 geom_c = 0.0
f0= 2.2377e+01
using cgsolve in c++, ic=False
diag(geom) min= 599.907592 max= 21169.172451
diag(all) min= 599.907592 max= 21169.172451
Trying gamma equal 0.084000
Convergence reached after 27 iterations with no gamma cycles
min(dx) = -0.0024181795132312348
max(dx) = 0.0025278658811017413
mean(dx)= 9.569065695076679e-05
vdws = 77
atoms = 24
pairs = 140
 geom_x = 22.352274177296074
 geom_a = 0
 geom_q = 0
 geom_c = 0.0
f1, 0= 2.2352e+01
                          N restraints  r.m.s.d.  r.m.s.Z  Mn(sigma)
Bond distances, non H               11     0.005    0.402      0.013
Bond distances, H                   12     0.001    0.054      0.016
Bond angles, non H                  13     1.091    0.659      1.680
Bond angles, H                      27     0.830    0.325      2.069
Torsion angles, period 2             1     0.552    0.110      5.000
Torsion angles, period 3             1     1.794    0.179     10.000
Torsion angles, period 6             1     2.033    0.102     20.000
Chiral centres                       1     0.061    0.432      0.141
Planar groups                       12     0.000    0.015      0.020
VDW nonbonded                        3     0.125    0.627      0.200
VDW torsion                         13     0.150    0.752      0.200



====== CYCLE  3 ======

 weight = 1.0000e+00
 geom_x = 22.352274177296074
 geom_a = 0
 geom_q = 0
 geom_c = 0.0
f0= 2.2352e+01
using cgsolve in c++, ic=False
diag(geom) min= 600.236354 max= 21165.475107
diag(all) min= 600.236354 max= 21165.475107
Trying gamma equal 0.084000
Convergence reached after 27 iterations with no gamma cycles
min(dx) = -0.0019209605096526374
max(dx) = 0.0017561905249664188
mean(dx)= 6.333837516118331e-05
vdws = 77
atoms = 24
pairs = 140
 geom_x = 22.343903891545263
 geom_a = 0
 geom_q = 0
 geom_c = 0.0
f1, 0= 2.2344e+01
                          N restraints  r.m.s.d.  r.m.s.Z  Mn(sigma)
Bond distances, non H               11     0.005    0.402      0.013
Bond distances, H                   12     0.001    0.054      0.016
Bond angles, non H                  13     1.096    0.661      1.680
Bond angles, H                      27     0.831    0.325      2.069
Torsion angles, period 2             1     0.569    0.114      5.000
Torsion angles, period 3             1     1.836    0.184     10.000
Torsion angles, period 6             1     2.199    0.110     20.000
Chiral centres                       1     0.063    0.451      0.141
Planar groups                       12     0.000    0.014      0.020
VDW nonbonded                        3     0.125    0.627      0.200
VDW torsion                         13     0.150    0.751      0.200



====== CYCLE  4 ======

 weight = 1.0000e+00
 geom_x = 22.343903891545263
 geom_a = 0
 geom_q = 0
 geom_c = 0.0
f0= 2.2344e+01
using cgsolve in c++, ic=False
diag(geom) min= 600.607020 max= 21162.459087
diag(all) min= 600.607020 max= 21162.459087
Trying gamma equal 0.084000
Convergence reached after 26 iterations with no gamma cycles
min(dx) = -0.0019062187244943917
max(dx) = 0.001717172565544835
mean(dx)= 4.021760084217409e-05
vdws = 77
atoms = 24
pairs = 140
 geom_x = 22.33875275066019
 geom_a = 0
 geom_q = 0
 geom_c = 0.0
f1, 0= 2.2339e+01
                          N restraints  r.m.s.d.  r.m.s.Z  Mn(sigma)
Bond distances, non H               11     0.005    0.403      0.013
Bond distances, H                   12     0.001    0.054      0.016
Bond angles, non H                  13     1.098    0.662      1.680
Bond angles, H                      27     0.831    0.326      2.069
Torsion angles, period 2             1     0.586    0.117      5.000
Torsion angles, period 3             1     1.851    0.185     10.000
Torsion angles, period 6             1     2.372    0.119     20.000
Chiral centres                       1     0.064    0.459      0.141
Planar groups                       12     0.000    0.013      0.020
VDW nonbonded                        3     0.125    0.627      0.200
VDW torsion                         12     0.156    0.781      0.200



====== CYCLE  5 ======

 weight = 1.0000e+00
 geom_x = 22.33875275066019
 geom_a = 0
 geom_q = 0
 geom_c = 0.0
f0= 2.2339e+01
using cgsolve in c++, ic=False
diag(geom) min= 601.024696 max= 21160.960024
diag(all) min= 601.024696 max= 21160.960024
Trying gamma equal 0.084000
Convergence reached after 26 iterations with no gamma cycles
min(dx) = -0.0019090754232678013
max(dx) = 0.0016722334274969252
mean(dx)= 2.6088111657618276e-05
vdws = 77
atoms = 24
pairs = 140
 geom_x = 22.33433208207258
 geom_a = 0
 geom_q = 0
 geom_c = 0.0
f1, 0= 2.2334e+01
                          N restraints  r.m.s.d.  r.m.s.Z  Mn(sigma)
Bond distances, non H               11     0.005    0.403      0.013
Bond distances, H                   12     0.001    0.054      0.016
Bond angles, non H                  13     1.100    0.662      1.680
Bond angles, H                      27     0.831    0.325      2.069
Torsion angles, period 2             1     0.603    0.121      5.000
Torsion angles, period 3             1     1.856    0.186     10.000
Torsion angles, period 6             1     2.551    0.128     20.000
Chiral centres                       1     0.065    0.463      0.141
Planar groups                       12     0.000    0.013      0.020
VDW nonbonded                        3     0.125    0.626      0.200
VDW torsion                         12     0.156    0.781      0.200



====== CYCLE  6 ======

 weight = 1.0000e+00
 geom_x = 22.33433208207258
 geom_a = 0
 geom_q = 0
 geom_c = 0.0
f0= 2.2334e+01
using cgsolve in c++, ic=False
diag(geom) min= 601.493861 max= 21160.369462
diag(all) min= 601.493861 max= 21160.369462
Trying gamma equal 0.084000
Convergence reached after 25 iterations with no gamma cycles
min(dx) = -0.0019246463250704227
max(dx) = 0.0016279295071291834
mean(dx)= 1.776309728290057e-05
vdws = 77
atoms = 24
pairs = 140
 geom_x = 22.33004039957118
 geom_a = 0
 geom_q = 0
 geom_c = 0.0
f1, 0= 2.2330e+01
                          N restraints  r.m.s.d.  r.m.s.Z  Mn(sigma)
Bond distances, non H               11     0.005    0.403      0.013
Bond distances, H                   12     0.001    0.054      0.016
Bond angles, non H                  13     1.100    0.662      1.680
Bond angles, H                      27     0.830    0.325      2.069
Torsion angles, period 2             1     0.619    0.124      5.000
Torsion angles, period 3             1     1.858    0.186     10.000
Torsion angles, period 6             1     2.738    0.137     20.000
Chiral centres                       1     0.065    0.464      0.141
Planar groups                       12     0.000    0.013      0.020
VDW nonbonded                        3     0.125    0.626      0.200
VDW torsion                         12     0.156    0.781      0.200



====== CYCLE  7 ======

 weight = 1.0000e+00
 geom_x = 22.33004039957118
 geom_a = 0
 geom_q = 0
 geom_c = 0.0
f0= 2.2330e+01
using cgsolve in c++, ic=False
diag(geom) min= 602.019012 max= 21160.239093
diag(all) min= 602.019012 max= 21160.239093
Trying gamma equal 0.084000
Convergence reached after 24 iterations with no gamma cycles
min(dx) = -0.0019484633037321574
max(dx) = 0.0015877967551262237
mean(dx)= 1.2703009065907201e-05
vdws = 77
atoms = 24
pairs = 140
 geom_x = 22.325698140648836
 geom_a = 0
 geom_q = 0
 geom_c = 0.0
f1, 0= 2.2326e+01
                          N restraints  r.m.s.d.  r.m.s.Z  Mn(sigma)
Bond distances, non H               11     0.005    0.403      0.013
Bond distances, H                   12     0.001    0.054      0.016
Bond angles, non H                  13     1.100    0.663      1.680
Bond angles, H                      27     0.830    0.325      2.069
Torsion angles, period 2             1     0.633    0.127      5.000
Torsion angles, period 3             1     1.858    0.186     10.000
Torsion angles, period 6             1     2.933    0.147     20.000
Chiral centres                       1     0.065    0.465      0.141
Planar groups                       12     0.000    0.013      0.020
VDW nonbonded                        3     0.125    0.625      0.200
VDW torsion                         12     0.156    0.781      0.200



====== CYCLE  8 ======

 weight = 1.0000e+00
 geom_x = 22.325698140648836
 geom_a = 0
 geom_q = 0
 geom_c = 0.0
f0= 2.2326e+01
using cgsolve in c++, ic=False
diag(geom) min= 602.605044 max= 21160.333035
diag(all) min= 602.605044 max= 21160.333035
Trying gamma equal 0.084000
Convergence reached after 24 iterations with no gamma cycles
min(dx) = -0.0019777610500829935
max(dx) = 0.001593019602635417
mean(dx)= 9.508174753396937e-06
vdws = 77
atoms = 24
pairs = 140
 geom_x = 22.321229162272683
 geom_a = 0
 geom_q = 0
 geom_c = 0.0
f1, 0= 2.2321e+01
                          N restraints  r.m.s.d.  r.m.s.Z  Mn(sigma)
Bond distances, non H               11     0.005    0.403      0.013
Bond distances, H                   12     0.001    0.054      0.016
Bond angles, non H                  13     1.100    0.662      1.680
Bond angles, H                      27     0.829    0.325      2.069
Torsion angles, period 2             1     0.646    0.129      5.000
Torsion angles, period 3             1     1.859    0.186     10.000
Torsion angles, period 6             1     3.136    0.157     20.000
Chiral centres                       1     0.065    0.466      0.141
Planar groups                       12     0.000    0.013      0.020
VDW nonbonded                        3     0.125    0.625      0.200
VDW torsion                         12     0.156    0.781      0.200



====== CYCLE  9 ======

 weight = 1.0000e+00
 geom_x = 22.321229162272683
 geom_a = 0
 geom_q = 0
 geom_c = 0.0
f0= 2.2321e+01
using cgsolve in c++, ic=False
diag(geom) min= 603.257444 max= 21160.536427
diag(all) min= 603.257444 max= 21160.536427
Trying gamma equal 0.084000
Convergence reached after 24 iterations with no gamma cycles
min(dx) = -0.0020110265055497873
max(dx) = 0.0017264539128138475
mean(dx)= 7.3932437420490985e-06
vdws = 77
atoms = 24
pairs = 140
 geom_x = 22.31658397055301
 geom_a = 0
 geom_q = 0
 geom_c = 0.0
f1, 0= 2.2317e+01
                          N restraints  r.m.s.d.  r.m.s.Z  Mn(sigma)
Bond distances, non H               11     0.005    0.402      0.013
Bond distances, H                   12     0.001    0.054      0.016
Bond angles, non H                  13     1.100    0.662      1.680
Bond angles, H                      27     0.829    0.325      2.069
Torsion angles, period 2             1     0.657    0.131      5.000
Torsion angles, period 3             1     1.860    0.186     10.000
Torsion angles, period 6             1     3.349    0.167     20.000
Chiral centres                       1     0.066    0.466      0.141
Planar groups                       12     0.000    0.012      0.020
VDW nonbonded                        3     0.125    0.624      0.200
VDW torsion                         12     0.156    0.781      0.200



====== CYCLE 10 ======

 weight = 1.0000e+00
 geom_x = 22.31658397055301
 geom_a = 0
 geom_q = 0
 geom_c = 0.0
f0= 2.2317e+01
using cgsolve in c++, ic=False
diag(geom) min= 603.982410 max= 21160.795676
diag(all) min= 603.982410 max= 21160.795676
Trying gamma equal 0.084000
Convergence reached after 24 iterations with no gamma cycles
min(dx) = -0.002047410838504289
max(dx) = 0.0018971710802207816
mean(dx)= 5.921763350877575e-06
vdws = 77
atoms = 24
pairs = 140
 geom_x = 22.311719829641007
 geom_a = 0
 geom_q = 0
 geom_c = 0.0
f1, 0= 2.2312e+01
                          N restraints  r.m.s.d.  r.m.s.Z  Mn(sigma)
Bond distances, non H               11     0.005    0.402      0.013
Bond distances, H                   12     0.001    0.054      0.016
Bond angles, non H                  13     1.100    0.662      1.680
Bond angles, H                      27     0.828    0.325      2.069
Torsion angles, period 2             1     0.667    0.133      5.000
Torsion angles, period 3             1     1.861    0.186     10.000
Torsion angles, period 6             1     3.571    0.179     20.000
Chiral centres                       1     0.066    0.466      0.141
Planar groups                       12     0.000    0.012      0.020
VDW nonbonded                        3     0.125    0.624      0.200
VDW torsion                         12     0.156    0.781      0.200



====== CYCLE 11 ======

 weight = 1.0000e+00
 geom_x = 22.311719829641007
 geom_a = 0
 geom_q = 0
 geom_c = 0.0
f0= 2.2312e+01
using cgsolve in c++, ic=False
diag(geom) min= 604.786886 max= 21161.086203
diag(all) min= 604.786886 max= 21161.086203
Trying gamma equal 0.084000
Convergence reached after 24 iterations with no gamma cycles
min(dx) = -0.002086481755639958
max(dx) = 0.002076336045899191
mean(dx)= 4.848403970675469e-06
vdws = 77
atoms = 24
pairs = 140
 geom_x = 22.306594869973775
 geom_a = 0
 geom_q = 0
 geom_c = 0.0
f1, 0= 2.2307e+01
                          N restraints  r.m.s.d.  r.m.s.Z  Mn(sigma)
Bond distances, non H               11     0.005    0.402      0.013
Bond distances, H                   12     0.001    0.054      0.016
Bond angles, non H                  13     1.100    0.662      1.680
Bond angles, H                      27     0.828    0.324      2.069
Torsion angles, period 2             1     0.676    0.135      5.000
Torsion angles, period 3             1     1.863    0.186     10.000
Torsion angles, period 6             1     3.804    0.190     20.000
Chiral centres                       1     0.066    0.466      0.141
Planar groups                       12     0.000    0.012      0.020
VDW nonbonded                        3     0.125    0.623      0.200
VDW torsion                         12     0.156    0.781      0.200



====== CYCLE 12 ======

 weight = 1.0000e+00
 geom_x = 22.306594869973775
 geom_a = 0
 geom_q = 0
 geom_c = 0.0
f0= 2.2307e+01
using cgsolve in c++, ic=False
diag(geom) min= 605.678612 max= 21161.396916
diag(all) min= 605.678612 max= 21161.396916
Trying gamma equal 0.084000
Convergence reached after 24 iterations with no gamma cycles
min(dx) = -0.002128051309522399
max(dx) = 0.002264349595770188
mean(dx)= 4.031850414867247e-06
vdws = 77
atoms = 24
pairs = 140
 geom_x = 22.301165916585262
 geom_a = 0
 geom_q = 0
 geom_c = 0.0
f1, 0= 2.2301e+01
                          N restraints  r.m.s.d.  r.m.s.Z  Mn(sigma)
Bond distances, non H               11     0.005    0.402      0.013
Bond distances, H                   12     0.001    0.054      0.016
Bond angles, non H                  13     1.100    0.662      1.680
Bond angles, H                      27     0.827    0.324      2.069
Torsion angles, period 2             1     0.684    0.137      5.000
Torsion angles, period 3             1     1.865    0.186     10.000
Torsion angles, period 6             1     4.049    0.202     20.000
Chiral centres                       1     0.066    0.466      0.141
Planar groups                       12     0.000    0.012      0.020
VDW nonbonded                        3     0.124    0.622      0.200
VDW torsion                         12     0.156    0.781      0.200



====== CYCLE 13 ======

 weight = 1.0000e+00
 geom_x = 22.301165916585262
 geom_a = 0
 geom_q = 0
 geom_c = 0.0
f0= 2.2301e+01
using cgsolve in c++, ic=False
diag(geom) min= 606.666176 max= 21161.722859
diag(all) min= 606.666176 max= 21161.722859
Trying gamma equal 0.084000
Convergence reached after 24 iterations with no gamma cycles
min(dx) = -0.0021720566992825103
max(dx) = 0.0024615505051610257
mean(dx)= 3.3872213439510994e-06
vdws = 77
atoms = 24
pairs = 140
 geom_x = 22.295387433212298
 geom_a = 0
 geom_q = 0
 geom_c = 0.0
f1, 0= 2.2295e+01
                          N restraints  r.m.s.d.  r.m.s.Z  Mn(sigma)
Bond distances, non H               11     0.005    0.401      0.013
Bond distances, H                   12     0.001    0.054      0.016
Bond angles, non H                  13     1.099    0.662      1.680
Bond angles, H                      27     0.826    0.324      2.069
Torsion angles, period 2             1     0.691    0.138      5.000
Torsion angles, period 3             1     1.867    0.187     10.000
Torsion angles, period 6             1     4.305    0.215     20.000
Chiral centres                       1     0.066    0.466      0.141
Planar groups                       12     0.000    0.012      0.020
VDW nonbonded                        3     0.124    0.622      0.200
VDW torsion                         12     0.156    0.781      0.200



====== CYCLE 14 ======

 weight = 1.0000e+00
 geom_x = 22.295387433212298
 geom_a = 0
 geom_q = 0
 geom_c = 0.0
f0= 2.2295e+01
using cgsolve in c++, ic=False
diag(geom) min= 607.759074 max= 21162.061844
diag(all) min= 607.759074 max= 21162.061844
Trying gamma equal 0.084000
Convergence reached after 24 iterations with no gamma cycles
min(dx) = -0.002222123033269129
max(dx) = 0.0026682220440411835
mean(dx)= 2.860919934903025e-06
vdws = 77
atoms = 24
pairs = 140
 geom_x = 22.289210868338845
 geom_a = 0
 geom_q = 0
 geom_c = 0.0
f1, 0= 2.2289e+01
                          N restraints  r.m.s.d.  r.m.s.Z  Mn(sigma)
Bond distances, non H               11     0.005    0.401      0.013
Bond distances, H                   12     0.001    0.054      0.016
Bond angles, non H                  13     1.099    0.661      1.680
Bond angles, H                      27     0.826    0.323      2.069
Torsion angles, period 2             1     0.697    0.139      5.000
Torsion angles, period 3             1     1.869    0.187     10.000
Torsion angles, period 6             1     4.574    0.229     20.000
Chiral centres                       1     0.066    0.466      0.141
Planar groups                       12     0.000    0.011      0.020
VDW nonbonded                        3     0.124    0.621      0.200
VDW torsion                         12     0.156    0.781      0.200



====== CYCLE 15 ======

 weight = 1.0000e+00
 geom_x = 22.289210868338845
 geom_a = 0
 geom_q = 0
 geom_c = 0.0
f0= 2.2289e+01
using cgsolve in c++, ic=False
diag(geom) min= 608.967774 max= 21162.412916
diag(all) min= 608.967774 max= 21162.412916
Trying gamma equal 0.084000
Convergence reached after 24 iterations with no gamma cycles
min(dx) = -0.0023917546523968473
max(dx) = 0.00288459303502996
mean(dx)= 2.41687002975581e-06
vdws = 77
atoms = 24
pairs = 140
 geom_x = 22.282584185269954
 geom_a = 0
 geom_q = 0
 geom_c = 0.0
f1, 0= 2.2283e+01
                          N restraints  r.m.s.d.  r.m.s.Z  Mn(sigma)
Bond distances, non H               11     0.005    0.401      0.013
Bond distances, H                   12     0.001    0.054      0.016
Bond angles, non H                  13     1.099    0.661      1.680
Bond angles, H                      27     0.825    0.323      2.069
Torsion angles, period 2             1     0.702    0.140      5.000
Torsion angles, period 3             1     1.870    0.187     10.000
Torsion angles, period 6             1     4.857    0.243     20.000
Chiral centres                       1     0.066    0.466      0.141
Planar groups                       12     0.000    0.011      0.020
VDW nonbonded                        3     0.124    0.620      0.200
VDW torsion                         12     0.156    0.782      0.200



====== CYCLE 16 ======

 weight = 1.0000e+00
 geom_x = 22.282584185269954
 geom_a = 0
 geom_q = 0
 geom_c = 0.0
f0= 2.2283e+01
using cgsolve in c++, ic=False
diag(geom) min= 610.303783 max= 21162.775666
diag(all) min= 610.303783 max= 21162.775666
Trying gamma equal 0.084000
Convergence reached after 24 iterations with no gamma cycles
min(dx) = -0.002570690829056951
max(dx) = 0.0031108345994104976
mean(dx)= 2.0289992347274606e-06
vdws = 77
atoms = 24
pairs = 140
 geom_x = 22.275451502920784
 geom_a = 0
 geom_q = 0
 geom_c = 0.0
f1, 0= 2.2275e+01
                          N restraints  r.m.s.d.  r.m.s.Z  Mn(sigma)
Bond distances, non H               11     0.005    0.401      0.013
Bond distances, H                   12     0.001    0.054      0.016
Bond angles, non H                  13     1.098    0.661      1.680
Bond angles, H                      27     0.824    0.323      2.069
Torsion angles, period 2             1     0.707    0.141      5.000
Torsion angles, period 3             1     1.872    0.187     10.000
Torsion angles, period 6             1     5.155    0.258     20.000
Chiral centres                       1     0.066    0.466      0.141
Planar groups                       12     0.000    0.011      0.020
VDW nonbonded                        3     0.124    0.619      0.200
VDW torsion                         12     0.156    0.782      0.200



====== CYCLE 17 ======

 weight = 1.0000e+00
 geom_x = 22.275451502920784
 geom_a = 0
 geom_q = 0
 geom_c = 0.0
f0= 2.2275e+01
using cgsolve in c++, ic=False
diag(geom) min= 611.779719 max= 21163.149932
diag(all) min= 611.779719 max= 21163.149932
Trying gamma equal 0.084000
Convergence reached after 24 iterations with no gamma cycles
min(dx) = -0.0027591853064374027
max(dx) = 0.0033470532969191464
mean(dx)= 1.6770423305917031e-06
vdws = 77
atoms = 24
pairs = 140
 geom_x = 22.26775282364393
 geom_a = 0
 geom_q = 0
 geom_c = 0.0
f1, 0= 2.2268e+01
                          N restraints  r.m.s.d.  r.m.s.Z  Mn(sigma)
Bond distances, non H               11     0.005    0.400      0.013
Bond distances, H                   12     0.001    0.054      0.016
Bond angles, non H                  13     1.098    0.661      1.680
Bond angles, H                      27     0.824    0.323      2.069
Torsion angles, period 2             1     0.711    0.142      5.000
Torsion angles, period 3             1     1.873    0.187     10.000
Torsion angles, period 6             1     5.467    0.273     20.000
Chiral centres                       1     0.066    0.466      0.141
Planar groups                       12     0.000    0.011      0.020
VDW nonbonded                        3     0.124    0.618      0.200
VDW torsion                         12     0.156    0.782      0.200



====== CYCLE 18 ======

 weight = 1.0000e+00
 geom_x = 22.26775282364393
 geom_a = 0
 geom_q = 0
 geom_c = 0.0
f0= 2.2268e+01
using cgsolve in c++, ic=False
diag(geom) min= 613.409381 max= 21163.535669
diag(all) min= 613.409381 max= 21163.535669
Trying gamma equal 0.084000
Convergence reached after 23 iterations with no gamma cycles
min(dx) = -0.0029574794789168166
max(dx) = 0.0035933233968318324
mean(dx)= 1.3442030793296068e-06
vdws = 77
atoms = 24
pairs = 140
 geom_x = 22.259423843705232
 geom_a = 0
 geom_q = 0
 geom_c = 0.0
f1, 0= 2.2259e+01
                          N restraints  r.m.s.d.  r.m.s.Z  Mn(sigma)
Bond distances, non H               11     0.005    0.400      0.013
Bond distances, H                   12     0.001    0.054      0.016
Bond angles, non H                  13     1.097    0.660      1.680
Bond angles, H                      27     0.823    0.322      2.069
Torsion angles, period 2             1     0.714    0.143      5.000
Torsion angles, period 3             1     1.874    0.187     10.000
Torsion angles, period 6             1     5.796    0.290     20.000
Chiral centres                       1     0.066    0.466      0.141
Planar groups                       12     0.000    0.011      0.020
VDW nonbonded                        3     0.123    0.617      0.200
VDW torsion                         12     0.156    0.782      0.200



====== CYCLE 19 ======

 weight = 1.0000e+00
 geom_x = 22.259423843705232
 geom_a = 0
 geom_q = 0
 geom_c = 0.0
f0= 2.2259e+01
using cgsolve in c++, ic=False
diag(geom) min= 615.207837 max= 21163.932946
diag(all) min= 615.207837 max= 21163.932946
Trying gamma equal 0.084000
Convergence reached after 23 iterations with no gamma cycles
min(dx) = -0.003165700924476231
max(dx) = 0.003849495349467246
mean(dx)= 1.0153027108414268e-06
vdws = 77
atoms = 24
pairs = 140
 geom_x = 22.25039586223833
 geom_a = 0
 geom_q = 0
 geom_c = 0.0
f1, 0= 2.2250e+01
                          N restraints  r.m.s.d.  r.m.s.Z  Mn(sigma)
Bond distances, non H               11     0.005    0.400      0.013
Bond distances, H                   12     0.001    0.054      0.016
Bond angles, non H                  13     1.097    0.660      1.680
Bond angles, H                      27     0.822    0.322      2.069
Torsion angles, period 2             1     0.717    0.143      5.000
Torsion angles, period 3             1     1.874    0.187     10.000
Torsion angles, period 6             1     6.140    0.307     20.000
Chiral centres                       1     0.066    0.466      0.141
Planar groups                       12     0.000    0.011      0.020
VDW nonbonded                        3     0.123    0.616      0.200
VDW torsion                         12     0.156    0.782      0.200



====== CYCLE 20 ======

 weight = 1.0000e+00
 geom_x = 22.25039586223833
 geom_a = 0
 geom_q = 0
 geom_c = 0.0
f0= 2.2250e+01
using cgsolve in c++, ic=False
diag(geom) min= 617.191404 max= 21164.341723
diag(all) min= 617.191404 max= 21164.341723
Trying gamma equal 0.084000
Convergence reached after 23 iterations with no gamma cycles
min(dx) = -0.0033839904529425944
max(dx) = 0.0041154824670908835
mean(dx)= 6.768122475084567e-07
vdws = 77
atoms = 24
pairs = 140
 geom_x = 22.240595800031738
 geom_a = 0
 geom_q = 0
 geom_c = 0.0
f1, 0= 2.2241e+01
                          N restraints  r.m.s.d.  r.m.s.Z  Mn(sigma)
Bond distances, non H               11     0.005    0.399      0.013
Bond distances, H                   12     0.001    0.054      0.016
Bond angles, non H                  13     1.096    0.659      1.680
Bond angles, H                      27     0.821    0.321      2.069
Torsion angles, period 2             1     0.720    0.144      5.000
Torsion angles, period 3             1     1.875    0.187     10.000
Torsion angles, period 6             1     6.503    0.325     20.000
Chiral centres                       1     0.066    0.466      0.141
Planar groups                       12     0.000    0.011      0.020
VDW nonbonded                        3     0.123    0.614      0.200
VDW torsion                         12     0.156    0.782      0.200



====== CYCLE 21 ======

 weight = 1.0000e+00
 geom_x = 22.240595800031738
 geom_a = 0
 geom_q = 0
 geom_c = 0.0
f0= 2.2241e+01
using cgsolve in c++, ic=False
diag(geom) min= 619.377801 max= 21164.762123
diag(all) min= 619.377801 max= 21164.762123
Trying gamma equal 0.084000
Convergence reached after 23 iterations with no gamma cycles
min(dx) = -0.003612382826932208
max(dx) = 0.004390979937167577
mean(dx)= 3.155079844002246e-07
vdws = 77
atoms = 24
pairs = 140
 geom_x = 22.22994635156104
 geom_a = 0
 geom_q = 0
 geom_c = 0.0
f1, 0= 2.2230e+01
                          N restraints  r.m.s.d.  r.m.s.Z  Mn(sigma)
Bond distances, non H               11     0.005    0.399      0.013
Bond distances, H                   12     0.001    0.054      0.016
Bond angles, non H                  13     1.096    0.659      1.680
Bond angles, H                      27     0.821    0.321      2.069
Torsion angles, period 2             1     0.722    0.144      5.000
Torsion angles, period 3             1     1.874    0.187     10.000
Torsion angles, period 6             1     6.883    0.344     20.000
Chiral centres                       1     0.066    0.466      0.141
Planar groups                       12     0.000    0.010      0.020
VDW nonbonded                        3     0.123    0.613      0.200
VDW torsion                         12     0.156    0.782      0.200



====== CYCLE 22 ======

 weight = 1.0000e+00
 geom_x = 22.22994635156104
 geom_a = 0
 geom_q = 0
 geom_c = 0.0
f0= 2.2230e+01
using cgsolve in c++, ic=False
diag(geom) min= 621.786108 max= 21165.194237
diag(all) min= 621.786108 max= 21165.194237
Trying gamma equal 0.084000
Convergence reached after 23 iterations with no gamma cycles
min(dx) = -0.0038508423549754862
max(dx) = 0.0046755994879006104
mean(dx)= -8.214993981924327e-08
vdws = 77
atoms = 24
pairs = 140
 geom_x = 22.218366300359957
 geom_a = 0
 geom_q = 0
 geom_c = 0.0
f1, 0= 2.2218e+01
                          N restraints  r.m.s.d.  r.m.s.Z  Mn(sigma)
Bond distances, non H               11     0.005    0.399      0.013
Bond distances, H                   12     0.001    0.054      0.016
Bond angles, non H                  13     1.095    0.658      1.680
Bond angles, H                      27     0.820    0.321      2.069
Torsion angles, period 2             1     0.725    0.145      5.000
Torsion angles, period 3             1     1.873    0.187     10.000
Torsion angles, period 6             1     7.282    0.364     20.000
Chiral centres                       1     0.066    0.466      0.141
Planar groups                       12     0.000    0.010      0.020
VDW nonbonded                        3     0.122    0.611      0.200
VDW torsion                         12     0.156    0.782      0.200



====== CYCLE 23 ======

 weight = 1.0000e+00
 geom_x = 22.218366300359957
 geom_a = 0
 geom_q = 0
 geom_c = 0.0
f0= 2.2218e+01
using cgsolve in c++, ic=False
diag(geom) min= 624.436826 max= 21165.638205
diag(all) min= 624.436826 max= 21165.638205
Trying gamma equal 0.084000
Convergence reached after 23 iterations with no gamma cycles
min(dx) = -0.0040992091857123564
max(dx) = 0.0049687539608627585
mean(dx)= -5.290672471291062e-07
vdws = 77
atoms = 24
pairs = 140
 geom_x = 22.20577103167477
 geom_a = 0
 geom_q = 0
 geom_c = 0.0
f1, 0= 2.2206e+01
                          N restraints  r.m.s.d.  r.m.s.Z  Mn(sigma)
Bond distances, non H               11     0.005    0.398      0.013
Bond distances, H                   12     0.001    0.054      0.016
Bond angles, non H                  13     1.094    0.658      1.680
Bond angles, H                      27     0.819    0.320      2.069
Torsion angles, period 2             1     0.726    0.145      5.000
Torsion angles, period 3             1     1.872    0.187     10.000
Torsion angles, period 6             1     7.700    0.385     20.000
Chiral centres                       1     0.066    0.466      0.141
Planar groups                       12     0.000    0.011      0.020
VDW nonbonded                        3     0.122    0.609      0.200
VDW torsion                         12     0.156    0.782      0.200



====== CYCLE 24 ======

 weight = 1.0000e+00
 geom_x = 22.20577103167477
 geom_a = 0
 geom_q = 0
 geom_c = 0.0
f0= 2.2206e+01
using cgsolve in c++, ic=False
diag(geom) min= 627.351821 max= 21166.094144
diag(all) min= 627.351821 max= 21166.094144
Trying gamma equal 0.084000
Convergence reached after 23 iterations with no gamma cycles
min(dx) = -0.0043572000719815825
max(dx) = 0.00526969489965495
mean(dx)= -1.0386232534353422e-06
vdws = 76
atoms = 24
pairs = 139
 geom_x = 22.19207327653756
 geom_a = 0
 geom_q = 0
 geom_c = 0.0
f1, 0= 2.2192e+01
                          N restraints  r.m.s.d.  r.m.s.Z  Mn(sigma)
Bond distances, non H               11     0.005    0.398      0.013
Bond distances, H                   12     0.001    0.054      0.016
Bond angles, non H                  13     1.093    0.657      1.680
Bond angles, H                      27     0.818    0.320      2.069
Torsion angles, period 2             1     0.728    0.146      5.000
Torsion angles, period 3             1     1.870    0.187     10.000
Torsion angles, period 6             1     8.138    0.407     20.000
Chiral centres                       1     0.066    0.466      0.141
Planar groups                       12     0.000    0.011      0.020
VDW nonbonded                        3     0.121    0.607      0.200
VDW torsion                         12     0.156    0.782      0.200



====== CYCLE 25 ======

 weight = 1.0000e+00
 geom_x = 22.19207327653756
 geom_a = 0
 geom_q = 0
 geom_c = 0.0
f0= 2.2192e+01
using cgsolve in c++, ic=False
diag(geom) min= 630.554295 max= 21166.562186
diag(all) min= 630.554295 max= 21166.562186
Trying gamma equal 0.084000
Convergence reached after 23 iterations with no gamma cycles
min(dx) = -0.004624380302464828
max(dx) = 0.005577471235531368
mean(dx)= -1.6243706223215286e-06
vdws = 76
atoms = 24
pairs = 139
 geom_x = 22.17718412502558
 geom_a = 0
 geom_q = 0
 geom_c = 0.0
f1, 0= 2.2177e+01
                          N restraints  r.m.s.d.  r.m.s.Z  Mn(sigma)
Bond distances, non H               11     0.005    0.397      0.013
Bond distances, H                   12     0.001    0.054      0.016
Bond angles, non H                  13     1.092    0.656      1.680
Bond angles, H                      27     0.817    0.319      2.069
Torsion angles, period 2             1     0.729    0.146      5.000
Torsion angles, period 3             1     1.868    0.187     10.000
Torsion angles, period 6             1     8.597    0.430     20.000
Chiral centres                       1     0.066    0.466      0.141
Planar groups                       12     0.000    0.011      0.020
VDW nonbonded                        3     0.121    0.605      0.200
VDW torsion                         12     0.156    0.782      0.200



====== CYCLE 26 ======

 weight = 1.0000e+00
 geom_x = 22.17718412502558
 geom_a = 0
 geom_q = 0
 geom_c = 0.0
f0= 2.2177e+01
using cgsolve in c++, ic=False
diag(geom) min= 634.068685 max= 21167.042460
diag(all) min= 634.068685 max= 21167.042460
Trying gamma equal 0.084000
Convergence reached after 23 iterations with no gamma cycles
min(dx) = -0.004900143264415163
max(dx) = 0.005890916394393012
mean(dx)= -2.3001901145026047e-06
vdws = 76
atoms = 24
pairs = 139
 geom_x = 22.161010971144126
 geom_a = 0
 geom_q = 0
 geom_c = 0.0
f1, 0= 2.2161e+01
                          N restraints  r.m.s.d.  r.m.s.Z  Mn(sigma)
Bond distances, non H               11     0.005    0.397      0.013
Bond distances, H                   12     0.001    0.054      0.016
Bond angles, non H                  13     1.091    0.655      1.680
Bond angles, H                      27     0.816    0.319      2.069
Torsion angles, period 2             1     0.730    0.146      5.000
Torsion angles, period 3             1     1.865    0.187     10.000
Torsion angles, period 6             1     9.077    0.454     20.000
Chiral centres                       1     0.066    0.466      0.141
Planar groups                       12     0.000    0.011      0.020
VDW nonbonded                        3     0.121    0.603      0.200
VDW torsion                         11     0.163    0.817      0.200



====== CYCLE 27 ======

 weight = 1.0000e+00
 geom_x = 22.161010971144126
 geom_a = 0
 geom_q = 0
 geom_c = 0.0
f0= 2.2161e+01
using cgsolve in c++, ic=False
diag(geom) min= 637.920526 max= 21167.535102
diag(all) min= 637.920526 max= 21167.535102
Trying gamma equal 0.084000
Convergence reached after 23 iterations with no gamma cycles
min(dx) = -0.0051772182193775395
max(dx) = 0.006208733032292421
mean(dx)= -2.2145344327564132e-06
vdws = 76
atoms = 24
pairs = 139
 geom_x = 22.143435349115
 geom_a = 0
 geom_q = 0
 geom_c = 0.0
f1, 0= 2.2143e+01
                          N restraints  r.m.s.d.  r.m.s.Z  Mn(sigma)
Bond distances, non H               11     0.005    0.396      0.013
Bond distances, H                   12     0.001    0.054      0.016
Bond angles, non H                  13     1.089    0.654      1.680
Bond angles, H                      27     0.814    0.318      2.069
Torsion angles, period 2             1     0.731    0.146      5.000
Torsion angles, period 3             1     1.862    0.186     10.000
Torsion angles, period 6             1     9.579    0.479     20.000
Chiral centres                       1     0.066    0.466      0.141
Planar groups                       12     0.000    0.011      0.020
VDW nonbonded                        3     0.120    0.600      0.200
VDW torsion                         11     0.163    0.817      0.200



====== CYCLE 28 ======

 weight = 1.0000e+00
 geom_x = 22.143435349115
 geom_a = 0
 geom_q = 0
 geom_c = 0.0
f0= 2.2143e+01
using cgsolve in c++, ic=False
diag(geom) min= 642.136970 max= 21168.053575
diag(all) min= 642.136970 max= 21168.053575
Trying gamma equal 0.084000
Convergence reached after 23 iterations with no gamma cycles
min(dx) = -0.005466519703071879
max(dx) = 0.006527990240897151
mean(dx)= -3.1446165527099435e-06
vdws = 76
atoms = 24
pairs = 139
 geom_x = 22.12438263490417
 geom_a = 0
 geom_q = 0
 geom_c = 0.0
f1, 0= 2.2124e+01
                          N restraints  r.m.s.d.  r.m.s.Z  Mn(sigma)
Bond distances, non H               11     0.005    0.396      0.013
Bond distances, H                   12     0.001    0.054      0.016
Bond angles, non H                  13     1.088    0.653      1.680
Bond angles, H                      27     0.813    0.317      2.069
Torsion angles, period 2             1     0.731    0.146      5.000
Torsion angles, period 3             1     1.859    0.186     10.000
Torsion angles, period 6             1    10.102    0.505     20.000
Chiral centres                       1     0.066    0.466      0.141
Planar groups                       12     0.000    0.012      0.020
VDW nonbonded                        3     0.119    0.597      0.200
VDW torsion                         11     0.164    0.818      0.200



====== CYCLE 29 ======

 weight = 1.0000e+00
 geom_x = 22.12438263490417
 geom_a = 0
 geom_q = 0
 geom_c = 0.0
f0= 2.2124e+01
using cgsolve in c++, ic=False
diag(geom) min= 646.743952 max= 21168.589774
diag(all) min= 646.743952 max= 21168.589774
Trying gamma equal 0.084000
Convergence reached after 23 iterations with no gamma cycles
min(dx) = -0.005761659675680398
max(dx) = 0.006847564837168648
mean(dx)= -4.140767381736992e-06
vdws = 76
atoms = 24
pairs = 139
 geom_x = 22.10377245236191
 geom_a = 0
 geom_q = 0
 geom_c = 0.0
f1, 0= 2.2104e+01
                          N restraints  r.m.s.d.  r.m.s.Z  Mn(sigma)
Bond distances, non H               11     0.005    0.395      0.013
Bond distances, H                   12     0.001    0.054      0.016
Bond angles, non H                  13     1.086    0.652      1.680
Bond angles, H                      27     0.812    0.317      2.069
Torsion angles, period 2             1     0.731    0.146      5.000
Torsion angles, period 3             1     1.855    0.185     10.000
Torsion angles, period 6             1    10.648    0.532     20.000
Chiral centres                       1     0.066    0.466      0.141
Planar groups                       12     0.000    0.012      0.020
VDW nonbonded                        3     0.119    0.594      0.200
VDW torsion                         11     0.164    0.818      0.200



====== CYCLE 30 ======

 weight = 1.0000e+00
 geom_x = 22.10377245236191
 geom_a = 0
 geom_q = 0
 geom_c = 0.0
f0= 2.2104e+01
using cgsolve in c++, ic=False
diag(geom) min= 651.768940 max= 21169.140744
diag(all) min= 651.768940 max= 21169.140744
Trying gamma equal 0.084000
Convergence reached after 23 iterations with no gamma cycles
min(dx) = -0.006060738218079731
max(dx) = 0.007165557714714584
mean(dx)= -5.273641661392289e-06
vdws = 76
atoms = 24
pairs = 139
 geom_x = 22.081533140634125
 geom_a = 0
 geom_q = 0
 geom_c = 0.0
f1, 0= 2.2082e+01
                          N restraints  r.m.s.d.  r.m.s.Z  Mn(sigma)
Bond distances, non H               11     0.005    0.395      0.013
Bond distances, H                   12     0.001    0.053      0.016
Bond angles, non H                  13     1.085    0.651      1.680
Bond angles, H                      27     0.810    0.316      2.069
Torsion angles, period 2             1     0.731    0.146      5.000
Torsion angles, period 3             1     1.850    0.185     10.000
Torsion angles, period 6             1    11.215    0.561     20.000
Chiral centres                       1     0.066    0.466      0.141
Planar groups                       12     0.000    0.013      0.020
VDW nonbonded                        3     0.118    0.591      0.200
VDW torsion                         11     0.164    0.818      0.200


$TABLE: stats vs cycle :
$GRAPHS
: Geometry :A:1,4,2:
: Geometry Z :A:1,5,3:
$$
 Ncyc  rmsBOND  zBOND  rmsANGL  zANGL
$$
$$
    0   0.0052 0.4519   1.0528 0.6456
    1   0.0048 0.4034   1.0800 0.6554
    2   0.0048 0.4018   1.0910 0.6593
    3   0.0048 0.4024   1.0960 0.6610
    4   0.0048 0.4028   1.0984 0.6619
    5   0.0048 0.4029   1.0996 0.6623
    6   0.0048 0.4029   1.1002 0.6625
    7   0.0048 0.4028   1.1004 0.6625
    8   0.0048 0.4026   1.1004 0.6625
    9   0.0048 0.4024   1.1003 0.6624
   10   0.0048 0.4022   1.1002 0.6622
   11   0.0048 0.4020   1.1000 0.6621
   12   0.0048 0.4017   1.0998 0.6619
   13   0.0048 0.4015   1.0995 0.6617
   14   0.0048 0.4012   1.0992 0.6614
   15   0.0048 0.4009   1.0988 0.6612
   16   0.0048 0.4006   1.0984 0.6608
   17   0.0047 0.4003   1.0980 0.6605
   18   0.0047 0.4000   1.0975 0.6601
   19   0.0047 0.3997   1.0969 0.6597
   20   0.0047 0.3994   1.0963 0.6592
   21   0.0047 0.3990   1.0956 0.6587
   22   0.0047 0.3986   1.0948 0.6581
   23   0.0047 0.3982   1.0939 0.6575
   24   0.0047 0.3978   1.0929 0.6568
   25   0.0047 0.3974   1.0918 0.6560
   26   0.0047 0.3969   1.0906 0.6552
   27   0.0047 0.3965   1.0894 0.6543
   28   0.0047 0.3960   1.0880 0.6532
   29   0.0047 0.3955   1.0864 0.6521
   30   0.0047 0.3950   1.0847 0.6509
$$

Updated dictionary saved: cys-caa_link_TMP/LIG_for_link_TMP/mol_1_conf_16_updated.cif
Refinement statistics saved: cys-caa_link_TMP/LIG_for_link_TMP/mol_1_conf_16_stats.json

# Finished on 2026-06-14 11:39:50.605695

=========END OF PROCESS INFORMATION ==========
