
============ PROCESS INFORMATION =============
# Servalcat ver. 0.4.128 (Python 3.9.18)
# Library vers. gemmi 0.7.4, scipy 1.7.3, numpy 1.19.5, pandas 1.3.5
# Started on 2026-06-14 11:39:23.656115
# Host: Mac.lan User: hilgersmt
# Command-line:
# servalcat --logfile cys-caa_link_TMP/LIG_for_link_TMP/servalcat.log refine_geom --update_dictionary cys-caa_link_TMP/LIG_for_link_TMP/mol_1_conf_1_init.cif -o cys-caa_link_TMP/LIG_for_link_TMP/mol_1_conf_1 --randomize 0.01
Config loaded
--
refine:
  atom_selection:
    xyz:
      include:
      - '*'
      exclude: []
      exclude_restraint: []
    adp:
      include: []
      exclude: []
      exclude_restraint: []
    occ:
      include: []
      exclude: []
      exclude_restraint: []
    dfrac:
      include: []
      exclude: []
      exclude_restraint: []
  occ_groups: []
  occ_group_constraints: []
  occ_group_const_mu: 10.0
  occ_group_const_mu_update_factor: 1.1
  occ_group_const_mu_update_tol_rel: 0.25
  occ_group_const_mu_update_tol_abs: 0.01
  initialisation:
    adp: {}
    occ: {}
    dfrac: {}
  write_trajectory: false
--
Reading monomers from /Applications/ccp4-9/lib/data/monomers/
Monomer not in the library: LIG.
Reading monomer: cys-caa_link_TMP/LIG_for_link_TMP/mol_1_conf_1_init.cif
Monomer library loaded: 1 monomers, 109 links, 133 modifications
       loaded monomers: LIG

Checking if unknown atoms exist..
Creating restraints..

Chain info:
 chain 
  ligands: LIG (1 residues)

Number of refinement parameters:
       n_params  n_atoms  n_atoms_geom_only  n_atoms_data_only
xyz          12       12                  0                  0
adp           0        0                  0                  0
occ           0        0                  0                  0
dfrac         0        0                  0                  0

Randomizing structure with rmsd of 0.01
Torsion angle rules:
 include:
  {'group': 'peptide', 'tors_name': 'chi*'}
  {'link': '*', 'tors_name': 'omega'}
  {'residue': '*', 'tors_name': 'sp2_sp2*'}
  {'link': '*', 'tors_name': 'sp2_sp2*'}
 exclude:
  none
External restraints from Refmac instructions
 Number of distances          : 0
 Number of angles             : 0
 Number of torsions           : 0
 Number of chirals            : 0
 Number of planes             : 0
 Number of intervals          : 0
 Number of stackings          : 0
 Number of harmonics          : 0
 Number of special positions  : 0

Running 10 cycles with wchir=4 wvdw=2 without hydrogen
Geometry weights
vdws = 17
atoms = 12
pairs = 41
 *** Bond distances outliers (Z >= 5) ***

     atom1      atom2  value  ideal  sigma      z
/LIG 1/C15 /LIG 1/N17  1.445  1.330  0.010 11.473
 /LIG 1/C3  /LIG 1/O7  1.374  1.251  0.018  6.716

                          N restraints  r.m.s.d.  r.m.s.Z  Mn(sigma)
Bond distances, non H               11     0.054    4.386      0.013
Bond angles, non H                  13     3.276    2.137      1.680
Torsion angles, period 2             1     1.204    0.241      5.000
Chiral centres                       1     0.327    2.327      0.141
Planar groups                        8     0.007    0.362      0.020
VDW nonbonded                        2     0.122    0.611      0.200
VDW torsion                          4     0.202    1.012      0.200


====== CYCLE  1 ======

 weight = 1.0000e+00
 geom_x = 189.03100123275587
 geom_a = 0
 geom_q = 0
 geom_c = 0.0
f0= 1.8903e+02
using cgsolve in c++, ic=False
diag(geom) min= 466.886528 max= 21784.987305
diag(all) min= 466.886528 max= 21784.987305
Trying gamma equal 0.000000
Not converging with gamma equal 0.000000
Trying gamma equal 0.052500
Gamma decreased to 0.042000
min(dx) = -0.060672225122349335
max(dx) = 0.07059834027116829
mean(dx)= 0.0038742288293928157
vdws = 18
atoms = 12
pairs = 42
 geom_x = 12.40113897431343
 geom_a = 0
 geom_q = 0
 geom_c = 0.0
f1, 0= 1.2401e+01
                          N restraints  r.m.s.d.  r.m.s.Z  Mn(sigma)
Bond distances, non H               11     0.005    0.443      0.013
Bond angles, non H                  13     0.780    0.482      1.680
Torsion angles, period 2             1     0.007    0.001      5.000
Chiral centres                       1     0.016    0.113      0.141
Planar groups                        8     0.001    0.045      0.020
VDW nonbonded                        2     0.107    0.534      0.200
VDW torsion                          4     0.207    1.034      0.200



====== CYCLE  2 ======

 weight = 1.0000e+00
 geom_x = 12.40113897431343
 geom_a = 0
 geom_q = 0
 geom_c = 0.0
f0= 1.2401e+01
using cgsolve in c++, ic=False
diag(geom) min= 528.533540 max= 21696.592060
diag(all) min= 528.533540 max= 21696.592060
Trying gamma equal 0.042000
Convergence reached after 27 iterations with no gamma cycles
min(dx) = -0.0209676702931877
max(dx) = 0.0390014769184129
mean(dx)= 0.0007480579017128308
vdws = 18
atoms = 12
pairs = 42
 geom_x = 11.037543372154632
 geom_a = 0
 geom_q = 0
 geom_c = 0.0
f1, 0= 1.1038e+01
                          N restraints  r.m.s.d.  r.m.s.Z  Mn(sigma)
Bond distances, non H               11     0.003    0.266      0.013
Bond angles, non H                  13     0.739    0.452      1.680
Torsion angles, period 2             1     0.377    0.075      5.000
Chiral centres                       1     0.012    0.085      0.141
Planar groups                        8     0.000    0.019      0.020
VDW nonbonded                        2     0.082    0.412      0.200
VDW torsion                          4     0.207    1.036      0.200



====== CYCLE  3 ======

 weight = 1.0000e+00
 geom_x = 11.037543372154632
 geom_a = 0
 geom_q = 0
 geom_c = 0.0
f0= 1.1038e+01
using cgsolve in c++, ic=False
diag(geom) min= 528.556458 max= 21523.816370
diag(all) min= 528.556458 max= 21523.816370
Trying gamma equal 0.042000
Not converging with gamma equal 0.042000
Trying gamma equal 0.094500
Not converging with gamma equal 0.094500
Trying gamma equal 0.149625
Gamma decreased to 0.138600
min(dx) = -0.004960028096335247
max(dx) = 0.008688971975086859
mean(dx)= 0.00023688637477807441
vdws = 18
atoms = 12
pairs = 42
 geom_x = 10.90069146595176
 geom_a = 0
 geom_q = 0
 geom_c = 0.0
f1, 0= 1.0901e+01
                          N restraints  r.m.s.d.  r.m.s.Z  Mn(sigma)
Bond distances, non H               11     0.003    0.255      0.013
Bond angles, non H                  13     0.733    0.451      1.680
Torsion angles, period 2             1     0.421    0.084      5.000
Chiral centres                       1     0.012    0.083      0.141
Planar groups                        8     0.000    0.015      0.020
VDW nonbonded                        2     0.076    0.382      0.200
VDW torsion                          4     0.207    1.035      0.200



====== CYCLE  4 ======

 weight = 1.0000e+00
 geom_x = 10.90069146595176
 geom_a = 0
 geom_q = 0
 geom_c = 0.0
f0= 1.0901e+01
using cgsolve in c++, ic=False
diag(geom) min= 526.907638 max= 21488.952178
diag(all) min= 526.907638 max= 21488.952178
Trying gamma equal 0.138600
Convergence reached after 19 iterations with no gamma cycles
min(dx) = -0.0044080304289857
max(dx) = 0.007853375597933952
mean(dx)= 0.00022741948458000202
vdws = 18
atoms = 12
pairs = 42
 geom_x = 10.789362231532381
 geom_a = 0
 geom_q = 0
 geom_c = 0.0
f1, 0= 1.0789e+01
                          N restraints  r.m.s.d.  r.m.s.Z  Mn(sigma)
Bond distances, non H               11     0.003    0.253      0.013
Bond angles, non H                  13     0.725    0.449      1.680
Torsion angles, period 2             1     0.426    0.085      5.000
Chiral centres                       1     0.011    0.082      0.141
Planar groups                        8     0.000    0.012      0.020
VDW nonbonded                        2     0.071    0.354      0.200
VDW torsion                          4     0.207    1.035      0.200



====== CYCLE  5 ======

 weight = 1.0000e+00
 geom_x = 10.789362231532381
 geom_a = 0
 geom_q = 0
 geom_c = 0.0
f0= 1.0789e+01
using cgsolve in c++, ic=False
diag(geom) min= 525.226725 max= 21457.125640
diag(all) min= 525.226725 max= 21457.125640
Trying gamma equal 0.138600
Convergence reached after 18 iterations with no gamma cycles
min(dx) = -0.003687339500733459
max(dx) = 0.006738404285425381
mean(dx)= 0.0002027891335071529
vdws = 18
atoms = 12
pairs = 42
 geom_x = 10.701215053272739
 geom_a = 0
 geom_q = 0
 geom_c = 0.0
f1, 0= 1.0701e+01
                          N restraints  r.m.s.d.  r.m.s.Z  Mn(sigma)
Bond distances, non H               11     0.003    0.252      0.013
Bond angles, non H                  13     0.717    0.448      1.680
Torsion angles, period 2             1     0.410    0.082      5.000
Chiral centres                       1     0.011    0.080      0.141
Planar groups                        8     0.000    0.011      0.020
VDW nonbonded                        2     0.066    0.331      0.200
VDW torsion                          4     0.207    1.034      0.200



====== CYCLE  6 ======

 weight = 1.0000e+00
 geom_x = 10.701215053272739
 geom_a = 0
 geom_q = 0
 geom_c = 0.0
f0= 1.0701e+01
using cgsolve in c++, ic=False
diag(geom) min= 523.705897 max= 21427.661527
diag(all) min= 523.705897 max= 21427.661527
Trying gamma equal 0.138600
Convergence reached after 17 iterations with no gamma cycles
min(dx) = -0.0031371827911907844
max(dx) = 0.005910783828050781
mean(dx)= 0.00018325124624781562
vdws = 18
atoms = 12
pairs = 42
 geom_x = 10.63002488078152
 geom_a = 0
 geom_q = 0
 geom_c = 0.0
f1, 0= 1.0630e+01
                          N restraints  r.m.s.d.  r.m.s.Z  Mn(sigma)
Bond distances, non H               11     0.003    0.251      0.013
Bond angles, non H                  13     0.711    0.448      1.680
Torsion angles, period 2             1     0.385    0.077      5.000
Chiral centres                       1     0.011    0.078      0.141
Planar groups                        8     0.000    0.010      0.020
VDW nonbonded                        2     0.062    0.311      0.200
VDW torsion                          4     0.207    1.033      0.200



====== CYCLE  7 ======

 weight = 1.0000e+00
 geom_x = 10.63002488078152
 geom_a = 0
 geom_q = 0
 geom_c = 0.0
f0= 1.0630e+01
using cgsolve in c++, ic=False
diag(geom) min= 522.338554 max= 21399.934858
diag(all) min= 522.338554 max= 21399.934858
Trying gamma equal 0.138600
Convergence reached after 18 iterations with no gamma cycles
min(dx) = -0.0027041729499468793
max(dx) = 0.00526456976150936
mean(dx)= 0.00016716643378820103
vdws = 18
atoms = 12
pairs = 42
 geom_x = 10.571938659371039
 geom_a = 0
 geom_q = 0
 geom_c = 0.0
f1, 0= 1.0572e+01
                          N restraints  r.m.s.d.  r.m.s.Z  Mn(sigma)
Bond distances, non H               11     0.003    0.249      0.013
Bond angles, non H                  13     0.707    0.447      1.680
Torsion angles, period 2             1     0.357    0.071      5.000
Chiral centres                       1     0.011    0.077      0.141
Planar groups                        8     0.000    0.009      0.020
VDW nonbonded                        2     0.059    0.295      0.200
VDW torsion                          4     0.207    1.033      0.200



====== CYCLE  8 ======

 weight = 1.0000e+00
 geom_x = 10.571938659371039
 geom_a = 0
 geom_q = 0
 geom_c = 0.0
f0= 1.0572e+01
using cgsolve in c++, ic=False
diag(geom) min= 521.120406 max= 21373.763927
diag(all) min= 521.120406 max= 21373.763927
Trying gamma equal 0.138600
Convergence reached after 18 iterations with no gamma cycles
min(dx) = -0.002352650978608116
max(dx) = 0.0047768120596969575
mean(dx)= 0.00015323404612541737
vdws = 18
atoms = 12
pairs = 42
 geom_x = 10.52422790665661
 geom_a = 0
 geom_q = 0
 geom_c = 0.0
f1, 0= 1.0524e+01
                          N restraints  r.m.s.d.  r.m.s.Z  Mn(sigma)
Bond distances, non H               11     0.003    0.248      0.013
Bond angles, non H                  13     0.703    0.447      1.680
Torsion angles, period 2             1     0.329    0.066      5.000
Chiral centres                       1     0.011    0.076      0.141
Planar groups                        8     0.000    0.009      0.020
VDW nonbonded                        2     0.056    0.281      0.200
VDW torsion                          4     0.206    1.032      0.200



====== CYCLE  9 ======

 weight = 1.0000e+00
 geom_x = 10.52422790665661
 geom_a = 0
 geom_q = 0
 geom_c = 0.0
f0= 1.0524e+01
using cgsolve in c++, ic=False
diag(geom) min= 520.050297 max= 21349.042551
diag(all) min= 520.050297 max= 21349.042551
Trying gamma equal 0.138600
Convergence reached after 18 iterations with no gamma cycles
min(dx) = -0.0020599960430706075
max(dx) = 0.00459719546665089
mean(dx)= 0.00014078488797005748
vdws = 18
atoms = 12
pairs = 42
 geom_x = 10.484827408767023
 geom_a = 0
 geom_q = 0
 geom_c = 0.0
f1, 0= 1.0485e+01
                          N restraints  r.m.s.d.  r.m.s.Z  Mn(sigma)
Bond distances, non H               11     0.003    0.247      0.013
Bond angles, non H                  13     0.700    0.447      1.680
Torsion angles, period 2             1     0.303    0.061      5.000
Chiral centres                       1     0.011    0.075      0.141
Planar groups                        8     0.000    0.009      0.020
VDW nonbonded                        2     0.054    0.269      0.200
VDW torsion                          4     0.206    1.032      0.200



====== CYCLE 10 ======

 weight = 1.0000e+00
 geom_x = 10.484827408767023
 geom_a = 0
 geom_q = 0
 geom_c = 0.0
f0= 1.0485e+01
using cgsolve in c++, ic=False
diag(geom) min= 519.125907 max= 21325.677460
diag(all) min= 519.125907 max= 21325.677460
Trying gamma equal 0.138600
Convergence reached after 18 iterations with no gamma cycles
min(dx) = -0.0019262407278089076
max(dx) = 0.0044195123043500525
mean(dx)= 0.00012948049967779728
vdws = 18
atoms = 12
pairs = 42
 geom_x = 10.452123511905508
 geom_a = 0
 geom_q = 0
 geom_c = 0.0
f1, 0= 1.0452e+01
                          N restraints  r.m.s.d.  r.m.s.Z  Mn(sigma)
Bond distances, non H               11     0.003    0.246      0.013
Bond angles, non H                  13     0.698    0.447      1.680
Torsion angles, period 2             1     0.280    0.056      5.000
Chiral centres                       1     0.010    0.074      0.141
Planar groups                        8     0.000    0.009      0.020
VDW nonbonded                        2     0.052    0.259      0.200
VDW torsion                          4     0.206    1.031      0.200


$TABLE: stats vs cycle :
$GRAPHS
: Geometry :A:1,4,2:
: Geometry Z :A:1,5,3:
$$
 Ncyc  rmsBOND  zBOND  rmsANGL  zANGL
$$
$$
    0   0.0542 4.3863   3.2765 2.1367
    1   0.0053 0.4432   0.7796 0.4816
    2   0.0035 0.2656   0.7391 0.4521
    3   0.0034 0.2554   0.7329 0.4508
    4   0.0034 0.2533   0.7247 0.4494
    5   0.0033 0.2519   0.7173 0.4484
    6   0.0033 0.2506   0.7114 0.4478
    7   0.0033 0.2493   0.7066 0.4474
    8   0.0033 0.2482   0.7029 0.4473
    9   0.0033 0.2471   0.7000 0.4473
   10   0.0033 0.2462   0.6978 0.4474
$$

Running 30 cycles with wchir=1 wvdw=2 without hydrogen
Geometry weights
vdws = 18
atoms = 12
pairs = 42
                          N restraints  r.m.s.d.  r.m.s.Z  Mn(sigma)
Bond distances, non H               11     0.003    0.246      0.013
Bond angles, non H                  13     0.698    0.447      1.680
Torsion angles, period 2             1     0.280    0.056      5.000
Chiral centres                       1     0.010    0.074      0.141
Planar groups                        8     0.000    0.009      0.020
VDW nonbonded                        2     0.052    0.259      0.200
VDW torsion                          4     0.206    1.031      0.200


====== CYCLE  1 ======

 weight = 1.0000e+00
 geom_x = 10.411156774910076
 geom_a = 0
 geom_q = 0
 geom_c = 0.0
f0= 1.0411e+01
using cgsolve in c++, ic=False
diag(geom) min= 518.342859 max= 14853.912103
diag(all) min= 518.342859 max= 14853.912103
Trying gamma equal 0.138600
Convergence reached after 20 iterations with no gamma cycles
min(dx) = -0.004125652329463398
max(dx) = 0.013079574908351713
mean(dx)= 0.0006826672575055029
vdws = 17
atoms = 12
pairs = 41
 geom_x = 10.185731945289714
 geom_a = 0
 geom_q = 0
 geom_c = 0.0
f1, 0= 1.0186e+01
                          N restraints  r.m.s.d.  r.m.s.Z  Mn(sigma)
Bond distances, non H               11     0.003    0.209      0.013
Bond angles, non H                  13     0.720    0.450      1.680
Torsion angles, period 2             1     0.266    0.053      5.000
Chiral centres                       1     0.051    0.360      0.141
Planar groups                        8     0.000    0.020      0.020
VDW nonbonded                        2     0.045    0.227      0.200
VDW torsion                          4     0.204    1.022      0.200



====== CYCLE  2 ======

 weight = 1.0000e+00
 geom_x = 10.185731945289714
 geom_a = 0
 geom_q = 0
 geom_c = 0.0
f0= 1.0186e+01
using cgsolve in c++, ic=False
diag(geom) min= 514.743397 max= 14861.421123
diag(all) min= 514.743397 max= 14861.421123
Trying gamma equal 0.138600
Convergence reached after 20 iterations with no gamma cycles
min(dx) = -0.0028489263881257944
max(dx) = 0.010403554841638353
mean(dx)= 0.0003725271431250764
vdws = 17
atoms = 12
pairs = 41
 geom_x = 10.141491961735607
 geom_a = 0
 geom_q = 0
 geom_c = 0.0
f1, 0= 1.0141e+01
                          N restraints  r.m.s.d.  r.m.s.Z  Mn(sigma)
Bond distances, non H               11     0.003    0.208      0.013
Bond angles, non H                  13     0.738    0.455      1.680
Torsion angles, period 2             1     0.251    0.050      5.000
Chiral centres                       1     0.062    0.439      0.141
Planar groups                        8     0.000    0.019      0.020
VDW nonbonded                        2     0.042    0.210      0.200
VDW torsion                          4     0.204    1.018      0.200



====== CYCLE  3 ======

 weight = 1.0000e+00
 geom_x = 10.141491961735607
 geom_a = 0
 geom_q = 0
 geom_c = 0.0
f0= 1.0141e+01
using cgsolve in c++, ic=False
diag(geom) min= 512.909842 max= 14867.790306
diag(all) min= 512.909842 max= 14867.790306
Trying gamma equal 0.138600
Convergence reached after 20 iterations with no gamma cycles
min(dx) = -0.0020972265956306297
max(dx) = 0.008639214805892947
mean(dx)= 0.00025332065848209027
vdws = 17
atoms = 12
pairs = 41
 geom_x = 10.118739144535025
 geom_a = 0
 geom_q = 0
 geom_c = 0.0
f1, 0= 1.0119e+01
                          N restraints  r.m.s.d.  r.m.s.Z  Mn(sigma)
Bond distances, non H               11     0.003    0.209      0.013
Bond angles, non H                  13     0.748    0.458      1.680
Torsion angles, period 2             1     0.232    0.046      5.000
Chiral centres                       1     0.066    0.469      0.141
Planar groups                        8     0.000    0.017      0.020
VDW nonbonded                        2     0.040    0.202      0.200
VDW torsion                          4     0.203    1.015      0.200



====== CYCLE  4 ======

 weight = 1.0000e+00
 geom_x = 10.118739144535025
 geom_a = 0
 geom_q = 0
 geom_c = 0.0
f0= 1.0119e+01
using cgsolve in c++, ic=False
diag(geom) min= 512.173109 max= 14873.259000
diag(all) min= 512.173109 max= 14873.259000
Trying gamma equal 0.138600
Convergence reached after 19 iterations with no gamma cycles
min(dx) = -0.0017302995813184292
max(dx) = 0.0074811541395310875
mean(dx)= 0.00019149680393213862
vdws = 17
atoms = 12
pairs = 41
 geom_x = 10.102391439571287
 geom_a = 0
 geom_q = 0
 geom_c = 0.0
f1, 0= 1.0102e+01
                          N restraints  r.m.s.d.  r.m.s.Z  Mn(sigma)
Bond distances, non H               11     0.003    0.209      0.013
Bond angles, non H                  13     0.753    0.460      1.680
Torsion angles, period 2             1     0.211    0.042      5.000
Chiral centres                       1     0.068    0.483      0.141
Planar groups                        8     0.000    0.014      0.020
VDW nonbonded                        2     0.040    0.198      0.200
VDW torsion                          4     0.203    1.013      0.200



====== CYCLE  5 ======

 weight = 1.0000e+00
 geom_x = 10.102391439571287
 geom_a = 0
 geom_q = 0
 geom_c = 0.0
f0= 1.0102e+01
using cgsolve in c++, ic=False
diag(geom) min= 512.043151 max= 14878.029778
diag(all) min= 512.043151 max= 14878.029778
Trying gamma equal 0.138600
Convergence reached after 19 iterations with no gamma cycles
min(dx) = -0.0017058552888353721
max(dx) = 0.006627374641890538
mean(dx)= 0.00015399007320762817
vdws = 17
atoms = 12
pairs = 41
 geom_x = 10.089244595050541
 geom_a = 0
 geom_q = 0
 geom_c = 0.0
f1, 0= 1.0089e+01
                          N restraints  r.m.s.d.  r.m.s.Z  Mn(sigma)
Bond distances, non H               11     0.003    0.209      0.013
Bond angles, non H                  13     0.757    0.461      1.680
Torsion angles, period 2             1     0.192    0.038      5.000
Chiral centres                       1     0.069    0.490      0.141
Planar groups                        8     0.000    0.013      0.020
VDW nonbonded                        2     0.040    0.198      0.200
VDW torsion                          4     0.202    1.012      0.200



====== CYCLE  6 ======

 weight = 1.0000e+00
 geom_x = 10.089244595050541
 geom_a = 0
 geom_q = 0
 geom_c = 0.0
f0= 1.0089e+01
using cgsolve in c++, ic=False
diag(geom) min= 512.270411 max= 14882.239700
diag(all) min= 512.270411 max= 14882.239700
Trying gamma equal 0.138600
Convergence reached after 19 iterations with no gamma cycles
min(dx) = -0.0018059084437883044
max(dx) = 0.005951162307102948
mean(dx)= 0.00012916037194160844
vdws = 17
atoms = 12
pairs = 41
 geom_x = 10.078207249303116
 geom_a = 0
 geom_q = 0
 geom_c = 0.0
f1, 0= 1.0078e+01
                          N restraints  r.m.s.d.  r.m.s.Z  Mn(sigma)
Bond distances, non H               11     0.003    0.209      0.013
Bond angles, non H                  13     0.758    0.461      1.680
Torsion angles, period 2             1     0.174    0.035      5.000
Chiral centres                       1     0.069    0.493      0.141
Planar groups                        8     0.000    0.011      0.020
VDW nonbonded                        2     0.040    0.199      0.200
VDW torsion                          4     0.202    1.011      0.200



====== CYCLE  7 ======

 weight = 1.0000e+00
 geom_x = 10.078207249303116
 geom_a = 0
 geom_q = 0
 geom_c = 0.0
f0= 1.0078e+01
using cgsolve in c++, ic=False
diag(geom) min= 512.717942 max= 14885.983174
diag(all) min= 512.717942 max= 14885.983174
Trying gamma equal 0.138600
Convergence reached after 19 iterations with no gamma cycles
min(dx) = -0.0018415029362120192
max(dx) = 0.005393056410734804
mean(dx)= 0.0001115352161734643
vdws = 17
atoms = 12
pairs = 41
 geom_x = 10.0687327993027
 geom_a = 0
 geom_q = 0
 geom_c = 0.0
f1, 0= 1.0069e+01
                          N restraints  r.m.s.d.  r.m.s.Z  Mn(sigma)
Bond distances, non H               11     0.003    0.209      0.013
Bond angles, non H                  13     0.759    0.462      1.680
Torsion angles, period 2             1     0.160    0.032      5.000
Chiral centres                       1     0.070    0.495      0.141
Planar groups                        8     0.000    0.010      0.020
VDW nonbonded                        2     0.040    0.200      0.200
VDW torsion                          4     0.202    1.010      0.200



====== CYCLE  8 ======

 weight = 1.0000e+00
 geom_x = 10.0687327993027
 geom_a = 0
 geom_q = 0
 geom_c = 0.0
f0= 1.0069e+01
using cgsolve in c++, ic=False
diag(geom) min= 513.306295 max= 14889.330645
diag(all) min= 513.306295 max= 14889.330645
Trying gamma equal 0.138600
Convergence reached after 18 iterations with no gamma cycles
min(dx) = -0.0018425664372648716
max(dx) = 0.004921101466217558
mean(dx)= 9.826930926626702e-05
vdws = 17
atoms = 12
pairs = 41
 geom_x = 10.060475287414135
 geom_a = 0
 geom_q = 0
 geom_c = 0.0
f1, 0= 1.0060e+01
                          N restraints  r.m.s.d.  r.m.s.Z  Mn(sigma)
Bond distances, non H               11     0.003    0.209      0.013
Bond angles, non H                  13     0.760    0.462      1.680
Torsion angles, period 2             1     0.147    0.029      5.000
Chiral centres                       1     0.070    0.496      0.141
Planar groups                        8     0.000    0.009      0.020
VDW nonbonded                        2     0.040    0.201      0.200
VDW torsion                          4     0.202    1.009      0.200



====== CYCLE  9 ======

 weight = 1.0000e+00
 geom_x = 10.060475287414135
 geom_a = 0
 geom_q = 0
 geom_c = 0.0
f0= 1.0060e+01
using cgsolve in c++, ic=False
diag(geom) min= 513.987353 max= 14892.338018
diag(all) min= 513.987353 max= 14892.338018
Trying gamma equal 0.138600
Convergence reached after 18 iterations with no gamma cycles
min(dx) = -0.001825845184693228
max(dx) = 0.004515936310900589
mean(dx)= 8.780112986408208e-05
vdws = 17
atoms = 12
pairs = 41
 geom_x = 10.053189273594356
 geom_a = 0
 geom_q = 0
 geom_c = 0.0
f1, 0= 1.0053e+01
                          N restraints  r.m.s.d.  r.m.s.Z  Mn(sigma)
Bond distances, non H               11     0.003    0.209      0.013
Bond angles, non H                  13     0.760    0.462      1.680
Torsion angles, period 2             1     0.137    0.027      5.000
Chiral centres                       1     0.070    0.497      0.141
Planar groups                        8     0.000    0.009      0.020
VDW nonbonded                        2     0.041    0.203      0.200
VDW torsion                          4     0.202    1.008      0.200



====== CYCLE 10 ======

 weight = 1.0000e+00
 geom_x = 10.053189273594356
 geom_a = 0
 geom_q = 0
 geom_c = 0.0
f0= 1.0053e+01
using cgsolve in c++, ic=False
diag(geom) min= 514.730921 max= 14895.051197
diag(all) min= 514.730921 max= 14895.051197
Trying gamma equal 0.138600
Convergence reached after 17 iterations with no gamma cycles
min(dx) = -0.0018003789637618022
max(dx) = 0.004164503243662467
mean(dx)= 7.924170225911603e-05
vdws = 17
atoms = 12
pairs = 41
 geom_x = 10.046691195109723
 geom_a = 0
 geom_q = 0
 geom_c = 0.0
f1, 0= 1.0047e+01
                          N restraints  r.m.s.d.  r.m.s.Z  Mn(sigma)
Bond distances, non H               11     0.003    0.208      0.013
Bond angles, non H                  13     0.760    0.463      1.680
Torsion angles, period 2             1     0.128    0.026      5.000
Chiral centres                       1     0.070    0.497      0.141
Planar groups                        8     0.000    0.008      0.020
VDW nonbonded                        2     0.041    0.204      0.200
VDW torsion                          4     0.202    1.008      0.200



====== CYCLE 11 ======

 weight = 1.0000e+00
 geom_x = 10.046691195109723
 geom_a = 0
 geom_q = 0
 geom_c = 0.0
f0= 1.0047e+01
using cgsolve in c++, ic=False
diag(geom) min= 515.517443 max= 14897.508684
diag(all) min= 515.517443 max= 14897.508684
Trying gamma equal 0.138600
Convergence reached after 17 iterations with no gamma cycles
min(dx) = -0.0017712872517460995
max(dx) = 0.0038575540429310585
mean(dx)= 7.205642409213645e-05
vdws = 17
atoms = 12
pairs = 41
 geom_x = 10.040840177068247
 geom_a = 0
 geom_q = 0
 geom_c = 0.0
f1, 0= 1.0041e+01
                          N restraints  r.m.s.d.  r.m.s.Z  Mn(sigma)
Bond distances, non H               11     0.003    0.208      0.013
Bond angles, non H                  13     0.760    0.463      1.680
Torsion angles, period 2             1     0.121    0.024      5.000
Chiral centres                       1     0.070    0.497      0.141
Planar groups                        8     0.000    0.008      0.020
VDW nonbonded                        2     0.041    0.206      0.200
VDW torsion                          4     0.201    1.007      0.200



====== CYCLE 12 ======

 weight = 1.0000e+00
 geom_x = 10.040840177068247
 geom_a = 0
 geom_q = 0
 geom_c = 0.0
f0= 1.0041e+01
using cgsolve in c++, ic=False
diag(geom) min= 516.333883 max= 14899.742993
diag(all) min= 516.333883 max= 14899.742993
Trying gamma equal 0.138600
Convergence reached after 17 iterations with no gamma cycles
min(dx) = -0.0017408514926438461
max(dx) = 0.003587847747907502
mean(dx)= 6.591272973310755e-05
vdws = 16
atoms = 12
pairs = 40
 geom_x = 10.035526544148386
 geom_a = 0
 geom_q = 0
 geom_c = 0.0
f1, 0= 1.0036e+01
                          N restraints  r.m.s.d.  r.m.s.Z  Mn(sigma)
Bond distances, non H               11     0.003    0.208      0.013
Bond angles, non H                  13     0.760    0.463      1.680
Torsion angles, period 2             1     0.115    0.023      5.000
Chiral centres                       1     0.070    0.497      0.141
Planar groups                        8     0.000    0.007      0.020
VDW nonbonded                        2     0.041    0.207      0.200
VDW torsion                          4     0.201    1.007      0.200



====== CYCLE 13 ======

 weight = 1.0000e+00
 geom_x = 10.035526544148386
 geom_a = 0
 geom_q = 0
 geom_c = 0.0
f0= 1.0036e+01
using cgsolve in c++, ic=False
diag(geom) min= 517.171200 max= 14901.781664
diag(all) min= 517.171200 max= 14901.781664
Trying gamma equal 0.138600
Convergence reached after 17 iterations with no gamma cycles
min(dx) = -0.0017103849471645151
max(dx) = 0.003349767913829713
mean(dx)= 6.058787560920724e-05
vdws = 16
atoms = 12
pairs = 40
 geom_x = 10.030661770686356
 geom_a = 0
 geom_q = 0
 geom_c = 0.0
f1, 0= 1.0031e+01
                          N restraints  r.m.s.d.  r.m.s.Z  Mn(sigma)
Bond distances, non H               11     0.003    0.208      0.013
Bond angles, non H                  13     0.760    0.463      1.680
Torsion angles, period 2             1     0.110    0.022      5.000
Chiral centres                       1     0.070    0.497      0.141
Planar groups                        8     0.000    0.007      0.020
VDW nonbonded                        1     0.059    0.295      0.200
VDW torsion                          4     0.201    1.006      0.200



====== CYCLE 14 ======

 weight = 1.0000e+00
 geom_x = 10.030661770686356
 geom_a = 0
 geom_q = 0
 geom_c = 0.0
f0= 1.0031e+01
using cgsolve in c++, ic=False
diag(geom) min= 518.022973 max= 14903.648213
diag(all) min= 518.022973 max= 14903.648213
Trying gamma equal 0.138600
Convergence reached after 17 iterations with no gamma cycles
min(dx) = -0.001609718497230382
max(dx) = 0.003258940019901171
mean(dx)= 6.168457869121879e-05
vdws = 16
atoms = 12
pairs = 40
 geom_x = 10.026049014574827
 geom_a = 0
 geom_q = 0
 geom_c = 0.0
f1, 0= 1.0026e+01
                          N restraints  r.m.s.d.  r.m.s.Z  Mn(sigma)
Bond distances, non H               11     0.003    0.208      0.013
Bond angles, non H                  13     0.760    0.463      1.680
Torsion angles, period 2             1     0.106    0.021      5.000
Chiral centres                       1     0.070    0.498      0.141
Planar groups                        8     0.000    0.006      0.020
VDW nonbonded                        1     0.059    0.297      0.200
VDW torsion                          4     0.201    1.006      0.200



====== CYCLE 15 ======

 weight = 1.0000e+00
 geom_x = 10.026049014574827
 geom_a = 0
 geom_q = 0
 geom_c = 0.0
f0= 1.0026e+01
using cgsolve in c++, ic=False
diag(geom) min= 518.858981 max= 14905.557819
diag(all) min= 518.858981 max= 14905.557819
Trying gamma equal 0.138600
Convergence reached after 17 iterations with no gamma cycles
min(dx) = -0.0015399592294348644
max(dx) = 0.0031521505429033324
mean(dx)= 6.024878491771409e-05
vdws = 16
atoms = 12
pairs = 40
 geom_x = 10.021675348221752
 geom_a = 0
 geom_q = 0
 geom_c = 0.0
f1, 0= 1.0022e+01
                          N restraints  r.m.s.d.  r.m.s.Z  Mn(sigma)
Bond distances, non H               11     0.003    0.208      0.013
Bond angles, non H                  13     0.759    0.463      1.680
Torsion angles, period 2             1     0.102    0.020      5.000
Chiral centres                       1     0.070    0.498      0.141
Planar groups                        8     0.000    0.006      0.020
VDW nonbonded                        1     0.060    0.298      0.200
VDW torsion                          4     0.201    1.006      0.200



====== CYCLE 16 ======

 weight = 1.0000e+00
 geom_x = 10.021675348221752
 geom_a = 0
 geom_q = 0
 geom_c = 0.0
f0= 1.0022e+01
using cgsolve in c++, ic=False
diag(geom) min= 519.682448 max= 14907.416721
diag(all) min= 519.682448 max= 14907.416721
Trying gamma equal 0.138600
Convergence reached after 17 iterations with no gamma cycles
min(dx) = -0.0014792153347975498
max(dx) = 0.003049579289793946
mean(dx)= 5.86863960646231e-05
vdws = 16
atoms = 12
pairs = 40
 geom_x = 10.017526867414743
 geom_a = 0
 geom_q = 0
 geom_c = 0.0
f1, 0= 1.0018e+01
                          N restraints  r.m.s.d.  r.m.s.Z  Mn(sigma)
Bond distances, non H               11     0.003    0.208      0.013
Bond angles, non H                  13     0.759    0.463      1.680
Torsion angles, period 2             1     0.099    0.020      5.000
Chiral centres                       1     0.070    0.498      0.141
Planar groups                        8     0.000    0.006      0.020
VDW nonbonded                        1     0.060    0.300      0.200
VDW torsion                          4     0.201    1.005      0.200



====== CYCLE 17 ======

 weight = 1.0000e+00
 geom_x = 10.017526867414743
 geom_a = 0
 geom_q = 0
 geom_c = 0.0
f0= 1.0018e+01
using cgsolve in c++, ic=False
diag(geom) min= 520.496978 max= 14909.225171
diag(all) min= 520.496978 max= 14909.225171
Trying gamma equal 0.138600
Convergence reached after 16 iterations with no gamma cycles
min(dx) = -0.0014243404505565591
max(dx) = 0.0029527575268424866
mean(dx)= 5.711477514898977e-05
vdws = 16
atoms = 12
pairs = 40
 geom_x = 10.013590989752874
 geom_a = 0
 geom_q = 0
 geom_c = 0.0
f1, 0= 1.0014e+01
                          N restraints  r.m.s.d.  r.m.s.Z  Mn(sigma)
Bond distances, non H               11     0.003    0.208      0.013
Bond angles, non H                  13     0.759    0.463      1.680
Torsion angles, period 2             1     0.096    0.019      5.000
Chiral centres                       1     0.070    0.498      0.141
Planar groups                        8     0.000    0.006      0.020
VDW nonbonded                        1     0.060    0.301      0.200
VDW torsion                          4     0.201    1.005      0.200



====== CYCLE 18 ======

 weight = 1.0000e+00
 geom_x = 10.013590989752874
 geom_a = 0
 geom_q = 0
 geom_c = 0.0
f0= 1.0014e+01
using cgsolve in c++, ic=False
diag(geom) min= 521.303566 max= 14910.984484
diag(all) min= 521.303566 max= 14910.984484
Trying gamma equal 0.138600
Convergence reached after 16 iterations with no gamma cycles
min(dx) = -0.0013739826211194163
max(dx) = 0.002861291097612656
mean(dx)= 5.556879150463802e-05
vdws = 16
atoms = 12
pairs = 40
 geom_x = 10.009856098043533
 geom_a = 0
 geom_q = 0
 geom_c = 0.0
f1, 0= 1.0010e+01
                          N restraints  r.m.s.d.  r.m.s.Z  Mn(sigma)
Bond distances, non H               11     0.003    0.208      0.013
Bond angles, non H                  13     0.759    0.463      1.680
Torsion angles, period 2             1     0.093    0.019      5.000
Chiral centres                       1     0.070    0.499      0.141
Planar groups                        8     0.000    0.006      0.020
VDW nonbonded                        1     0.060    0.302      0.200
VDW torsion                          4     0.201    1.005      0.200



====== CYCLE 19 ======

 weight = 1.0000e+00
 geom_x = 10.009856098043533
 geom_a = 0
 geom_q = 0
 geom_c = 0.0
f0= 1.0010e+01
using cgsolve in c++, ic=False
diag(geom) min= 522.102580 max= 14912.696335
diag(all) min= 522.102580 max= 14912.696335
Trying gamma equal 0.138600
Convergence reached after 16 iterations with no gamma cycles
min(dx) = -0.001327318266461021
max(dx) = 0.0027747701215003716
mean(dx)= 5.406291736027309e-05
vdws = 16
atoms = 12
pairs = 40
 geom_x = 10.006311376430169
 geom_a = 0
 geom_q = 0
 geom_c = 0.0
f1, 0= 1.0006e+01
                          N restraints  r.m.s.d.  r.m.s.Z  Mn(sigma)
Bond distances, non H               11     0.003    0.208      0.013
Bond angles, non H                  13     0.758    0.463      1.680
Torsion angles, period 2             1     0.091    0.018      5.000
Chiral centres                       1     0.070    0.499      0.141
Planar groups                        8     0.000    0.006      0.020
VDW nonbonded                        1     0.061    0.303      0.200
VDW torsion                          4     0.201    1.004      0.200



====== CYCLE 20 ======

 weight = 1.0000e+00
 geom_x = 10.006311376430169
 geom_a = 0
 geom_q = 0
 geom_c = 0.0
f0= 1.0006e+01
using cgsolve in c++, ic=False
diag(geom) min= 522.894096 max= 14914.362386
diag(all) min= 522.894096 max= 14914.362386
Trying gamma equal 0.138600
Convergence reached after 16 iterations with no gamma cycles
min(dx) = -0.0012837622893476315
max(dx) = 0.0026927083957341354
mean(dx)= 5.260224315608298e-05
vdws = 16
atoms = 12
pairs = 40
 geom_x = 10.002946706281014
 geom_a = 0
 geom_q = 0
 geom_c = 0.0
f1, 0= 1.0003e+01
                          N restraints  r.m.s.d.  r.m.s.Z  Mn(sigma)
Bond distances, non H               11     0.003    0.208      0.013
Bond angles, non H                  13     0.758    0.463      1.680
Torsion angles, period 2             1     0.089    0.018      5.000
Chiral centres                       1     0.070    0.499      0.141
Planar groups                        8     0.000    0.005      0.020
VDW nonbonded                        1     0.061    0.304      0.200
VDW torsion                          4     0.201    1.004      0.200



====== CYCLE 21 ======

 weight = 1.0000e+00
 geom_x = 10.002946706281014
 geom_a = 0
 geom_q = 0
 geom_c = 0.0
f0= 1.0003e+01
using cgsolve in c++, ic=False
diag(geom) min= 523.678067 max= 14915.984150
diag(all) min= 523.678067 max= 14915.984150
Trying gamma equal 0.138600
Convergence reached after 16 iterations with no gamma cycles
min(dx) = -0.0012428881705682222
max(dx) = 0.0026146741420445753
mean(dx)= 5.118743494119184e-05
vdws = 16
atoms = 12
pairs = 40
 geom_x = 9.999752590564501
 geom_a = 0
 geom_q = 0
 geom_c = 0.0
f1, 0= 9.9998e+00
                          N restraints  r.m.s.d.  r.m.s.Z  Mn(sigma)
Bond distances, non H               11     0.003    0.208      0.013
Bond angles, non H                  13     0.758    0.463      1.680
Torsion angles, period 2             1     0.086    0.017      5.000
Chiral centres                       1     0.070    0.499      0.141
Planar groups                        8     0.000    0.005      0.020
VDW nonbonded                        1     0.061    0.305      0.200
VDW torsion                          4     0.201    1.004      0.200



====== CYCLE 22 ======

 weight = 1.0000e+00
 geom_x = 9.999752590564501
 geom_a = 0
 geom_q = 0
 geom_c = 0.0
f0= 9.9998e+00
using cgsolve in c++, ic=False
diag(geom) min= 524.454378 max= 14917.562999
diag(all) min= 524.454378 max= 14917.562999
Trying gamma equal 0.138600
Convergence reached after 16 iterations with no gamma cycles
min(dx) = -0.0012043639710027823
max(dx) = 0.0025402838636330582
mean(dx)= 4.981734157593555e-05
vdws = 16
atoms = 12
pairs = 40
 geom_x = 9.996720094555325
 geom_a = 0
 geom_q = 0
 geom_c = 0.0
f1, 0= 9.9967e+00
                          N restraints  r.m.s.d.  r.m.s.Z  Mn(sigma)
Bond distances, non H               11     0.003    0.208      0.013
Bond angles, non H                  13     0.758    0.463      1.680
Torsion angles, period 2             1     0.084    0.017      5.000
Chiral centres                       1     0.070    0.499      0.141
Planar groups                        8     0.000    0.005      0.020
VDW nonbonded                        1     0.061    0.306      0.200
VDW torsion                          4     0.201    1.004      0.200



====== CYCLE 23 ======

 weight = 1.0000e+00
 geom_x = 9.996720094555325
 geom_a = 0
 geom_q = 0
 geom_c = 0.0
f0= 9.9967e+00
using cgsolve in c++, ic=False
diag(geom) min= 525.222890 max= 14919.100195
diag(all) min= 525.222890 max= 14919.100195
Trying gamma equal 0.138600
Convergence reached after 16 iterations with no gamma cycles
min(dx) = -0.0011679214095865682
max(dx) = 0.0024692004090077773
mean(dx)= 4.849012194648296e-05
vdws = 16
atoms = 12
pairs = 40
 geom_x = 9.993840797571423
 geom_a = 0
 geom_q = 0
 geom_c = 0.0
f1, 0= 9.9938e+00
                          N restraints  r.m.s.d.  r.m.s.Z  Mn(sigma)
Bond distances, non H               11     0.003    0.207      0.013
Bond angles, non H                  13     0.757    0.462      1.680
Torsion angles, period 2             1     0.082    0.016      5.000
Chiral centres                       1     0.070    0.499      0.141
Planar groups                        8     0.000    0.005      0.020
VDW nonbonded                        1     0.061    0.306      0.200
VDW torsion                          4     0.201    1.003      0.200



====== CYCLE 24 ======

 weight = 1.0000e+00
 geom_x = 9.993840797571423
 geom_a = 0
 geom_q = 0
 geom_c = 0.0
f0= 9.9938e+00
using cgsolve in c++, ic=False
diag(geom) min= 525.983449 max= 14920.596909
diag(all) min= 525.983449 max= 14920.596909
Trying gamma equal 0.138600
Convergence reached after 16 iterations with no gamma cycles
min(dx) = -0.0011333381174251675
max(dx) = 0.002401129054926199
mean(dx)= 4.7203758410087636e-05
vdws = 16
atoms = 12
pairs = 40
 geom_x = 9.991106752624006
 geom_a = 0
 geom_q = 0
 geom_c = 0.0
f1, 0= 9.9911e+00
                          N restraints  r.m.s.d.  r.m.s.Z  Mn(sigma)
Bond distances, non H               11     0.003    0.207      0.013
Bond angles, non H                  13     0.757    0.462      1.680
Torsion angles, period 2             1     0.080    0.016      5.000
Chiral centres                       1     0.070    0.499      0.141
Planar groups                        8     0.000    0.005      0.020
VDW nonbonded                        1     0.061    0.307      0.200
VDW torsion                          4     0.201    1.003      0.200



====== CYCLE 25 ======

 weight = 1.0000e+00
 geom_x = 9.991106752624006
 geom_a = 0
 geom_q = 0
 geom_c = 0.0
f0= 9.9911e+00
using cgsolve in c++, ic=False
diag(geom) min= 526.735898 max= 14922.054246
diag(all) min= 526.735898 max= 14922.054246
Trying gamma equal 0.138600
Convergence reached after 16 iterations with no gamma cycles
min(dx) = -0.0011004266282918956
max(dx) = 0.0023358127281633695
mean(dx)= 4.595628303164395e-05
vdws = 16
atoms = 12
pairs = 40
 geom_x = 9.988510451948212
 geom_a = 0
 geom_q = 0
 geom_c = 0.0
f1, 0= 9.9885e+00
                          N restraints  r.m.s.d.  r.m.s.Z  Mn(sigma)
Bond distances, non H               11     0.003    0.207      0.013
Bond angles, non H                  13     0.757    0.462      1.680
Torsion angles, period 2             1     0.078    0.016      5.000
Chiral centres                       1     0.070    0.499      0.141
Planar groups                        8     0.000    0.005      0.020
VDW nonbonded                        1     0.062    0.308      0.200
VDW torsion                          4     0.201    1.003      0.200



====== CYCLE 26 ======

 weight = 1.0000e+00
 geom_x = 9.988510451948212
 geom_a = 0
 geom_q = 0
 geom_c = 0.0
f0= 9.9885e+00
using cgsolve in c++, ic=False
diag(geom) min= 527.480081 max= 14923.473258
diag(all) min= 527.480081 max= 14923.473258
Trying gamma equal 0.138600
Convergence reached after 16 iterations with no gamma cycles
min(dx) = -0.0010690270690762798
max(dx) = 0.00227302719436291
mean(dx)= 4.4745866201364656e-05
vdws = 16
atoms = 12
pairs = 40
 geom_x = 9.986044797010655
 geom_a = 0
 geom_q = 0
 geom_c = 0.0
f1, 0= 9.9860e+00
                          N restraints  r.m.s.d.  r.m.s.Z  Mn(sigma)
Bond distances, non H               11     0.003    0.207      0.013
Bond angles, non H                  13     0.756    0.462      1.680
Torsion angles, period 2             1     0.076    0.015      5.000
Chiral centres                       1     0.070    0.499      0.141
Planar groups                        8     0.000    0.005      0.020
VDW nonbonded                        1     0.062    0.309      0.200
VDW torsion                          4     0.201    1.003      0.200



====== CYCLE 27 ======

 weight = 1.0000e+00
 geom_x = 9.986044797010655
 geom_a = 0
 geom_q = 0
 geom_c = 0.0
f0= 9.9860e+00
using cgsolve in c++, ic=False
diag(geom) min= 528.215848 max= 14924.854952
diag(all) min= 528.215848 max= 14924.854952
Trying gamma equal 0.138600
Convergence reached after 16 iterations with no gamma cycles
min(dx) = -0.0010390019884794317
max(dx) = 0.0022125765950231674
mean(dx)= 4.357084055375138e-05
vdws = 16
atoms = 12
pairs = 40
 geom_x = 9.983692792872679
 geom_a = 0
 geom_q = 0
 geom_c = 0.0
f1, 0= 9.9837e+00
                          N restraints  r.m.s.d.  r.m.s.Z  Mn(sigma)
Bond distances, non H               11     0.003    0.207      0.013
Bond angles, non H                  13     0.756    0.462      1.680
Torsion angles, period 2             1     0.074    0.015      5.000
Chiral centres                       1     0.070    0.499      0.141
Planar groups                        8     0.000    0.004      0.020
VDW nonbonded                        1     0.062    0.309      0.200
VDW torsion                          3     0.232    1.158      0.200



====== CYCLE 28 ======

 weight = 1.0000e+00
 geom_x = 9.983692792872679
 geom_a = 0
 geom_q = 0
 geom_c = 0.0
f0= 9.9837e+00
using cgsolve in c++, ic=False
diag(geom) min= 528.943055 max= 14926.200306
diag(all) min= 528.943055 max= 14926.200306
Trying gamma equal 0.138600
Convergence reached after 16 iterations with no gamma cycles
min(dx) = -0.001009923675994851
max(dx) = 0.0022579216986094853
mean(dx)= 4.776922594444817e-05
vdws = 16
atoms = 12
pairs = 40
 geom_x = 9.981351351727437
 geom_a = 0
 geom_q = 0
 geom_c = 0.0
f1, 0= 9.9814e+00
                          N restraints  r.m.s.d.  r.m.s.Z  Mn(sigma)
Bond distances, non H               11     0.003    0.207      0.013
Bond angles, non H                  13     0.756    0.462      1.680
Torsion angles, period 2             1     0.072    0.014      5.000
Chiral centres                       1     0.070    0.500      0.141
Planar groups                        8     0.000    0.004      0.020
VDW nonbonded                        1     0.062    0.309      0.200
VDW torsion                          3     0.232    1.158      0.200



====== CYCLE 29 ======

 weight = 1.0000e+00
 geom_x = 9.981351351727437
 geom_a = 0
 geom_q = 0
 geom_c = 0.0
f0= 9.9814e+00
using cgsolve in c++, ic=False
diag(geom) min= 529.668325 max= 14927.543086
diag(all) min= 529.668325 max= 14927.543086
Trying gamma equal 0.138600
Convergence reached after 16 iterations with no gamma cycles
min(dx) = -0.0010035344538367502
max(dx) = 0.0022637770984132934
mean(dx)= 4.7346235445824794e-05
vdws = 16
atoms = 12
pairs = 40
 geom_x = 9.979050317578322
 geom_a = 0
 geom_q = 0
 geom_c = 0.0
f1, 0= 9.9791e+00
                          N restraints  r.m.s.d.  r.m.s.Z  Mn(sigma)
Bond distances, non H               11     0.003    0.207      0.013
Bond angles, non H                  13     0.756    0.462      1.680
Torsion angles, period 2             1     0.071    0.014      5.000
Chiral centres                       1     0.070    0.500      0.141
Planar groups                        8     0.000    0.004      0.020
VDW nonbonded                        1     0.062    0.309      0.200
VDW torsion                          3     0.231    1.157      0.200



====== CYCLE 30 ======

 weight = 1.0000e+00
 geom_x = 9.979050317578322
 geom_a = 0
 geom_q = 0
 geom_c = 0.0
f0= 9.9791e+00
using cgsolve in c++, ic=False
diag(geom) min= 530.395089 max= 14928.864381
diag(all) min= 530.395089 max= 14928.864381
Trying gamma equal 0.138600
Convergence reached after 16 iterations with no gamma cycles
min(dx) = -0.0009993945615342273
max(dx) = 0.002261702625241154
mean(dx)= 4.703178067169911e-05
vdws = 16
atoms = 12
pairs = 40
 geom_x = 9.976788077655447
 geom_a = 0
 geom_q = 0
 geom_c = 0.0
f1, 0= 9.9768e+00
                          N restraints  r.m.s.d.  r.m.s.Z  Mn(sigma)
Bond distances, non H               11     0.003    0.207      0.013
Bond angles, non H                  13     0.757    0.462      1.680
Torsion angles, period 2             1     0.069    0.014      5.000
Chiral centres                       1     0.070    0.501      0.141
Planar groups                        8     0.000    0.004      0.020
VDW nonbonded                        1     0.062    0.309      0.200
VDW torsion                          3     0.231    1.157      0.200


$TABLE: stats vs cycle :
$GRAPHS
: Geometry :A:1,4,2:
: Geometry Z :A:1,5,3:
$$
 Ncyc  rmsBOND  zBOND  rmsANGL  zANGL
$$
$$
    0   0.0033 0.2462   0.6978 0.4474
    1   0.0030 0.2094   0.7198 0.4502
    2   0.0030 0.2080   0.7378 0.4551
    3   0.0030 0.2085   0.7479 0.4579
    4   0.0030 0.2088   0.7535 0.4595
    5   0.0030 0.2089   0.7566 0.4606
    6   0.0030 0.2088   0.7584 0.4613
    7   0.0030 0.2088   0.7594 0.4618
    8   0.0030 0.2087   0.7600 0.4621
    9   0.0030 0.2086   0.7602 0.4624
   10   0.0030 0.2085   0.7603 0.4626
   11   0.0030 0.2084   0.7603 0.4628
   12   0.0030 0.2083   0.7601 0.4629
   13   0.0030 0.2082   0.7599 0.4630
   14   0.0030 0.2081   0.7597 0.4630
   15   0.0030 0.2080   0.7594 0.4630
   16   0.0030 0.2079   0.7592 0.4629
   17   0.0030 0.2079   0.7589 0.4628
   18   0.0030 0.2078   0.7586 0.4628
   19   0.0030 0.2077   0.7584 0.4627
   20   0.0030 0.2077   0.7581 0.4626
   21   0.0030 0.2076   0.7578 0.4626
   22   0.0030 0.2075   0.7575 0.4625
   23   0.0030 0.2075   0.7573 0.4625
   24   0.0030 0.2074   0.7570 0.4624
   25   0.0030 0.2073   0.7567 0.4624
   26   0.0030 0.2073   0.7565 0.4623
   27   0.0030 0.2072   0.7562 0.4623
   28   0.0030 0.2072   0.7563 0.4623
   29   0.0030 0.2072   0.7564 0.4624
   30   0.0030 0.2073   0.7566 0.4624
$$

Creating restraints..

Chain info:
 chain 
  ligands: LIG (1 residues)

Number of refinement parameters:
       n_params  n_atoms  n_atoms_geom_only  n_atoms_data_only
xyz          24       24                 12                  0
adp           0        0                  0                  0
occ           0        0                  0                  0
dfrac         0        0                  0                  0

Randomizing structure with rmsd of 0.01
Torsion angle rules:
 include:
  {'group': 'peptide', 'tors_name': 'chi*'}
  {'link': '*', 'tors_name': 'omega'}
  {'residue': '*', 'tors_name': 'sp2_sp2*'}
  {'link': '*', 'tors_name': 'sp2_sp2*'}
 exclude:
  none
External restraints from Refmac instructions
 Number of distances          : 0
 Number of angles             : 0
 Number of torsions           : 0
 Number of chirals            : 0
 Number of planes             : 0
 Number of intervals          : 0
 Number of stackings          : 0
 Number of harmonics          : 0
 Number of special positions  : 0

Running 10 cycles with wchir=4 wvdw=2 with hydrogen
Geometry weights
vdws = 77
atoms = 24
pairs = 140
                          N restraints  r.m.s.d.  r.m.s.Z  Mn(sigma)
Bond distances, non H               11     0.009    0.755      0.013
Bond distances, H                   12     0.010    0.757      0.016
Bond angles, non H                  13     0.936    0.559      1.680
Bond angles, H                      27     0.655    0.357      2.069
Torsion angles, period 2             1     0.226    0.045      5.000
Torsion angles, period 3             1     0.251    0.025     10.000
Torsion angles, period 6             1     0.471    0.024     20.000
Chiral centres                       1     0.152    1.084      0.141
Planar groups                       12     0.001    0.052      0.020
VDW nonbonded                        3     0.177    0.885      0.200
VDW torsion                         11     0.196    0.981      0.200


====== CYCLE  1 ======

 weight = 1.0000e+00
 geom_x = 45.63103130462247
 geom_a = 0
 geom_q = 0
 geom_c = 0.0
f0= 4.5631e+01
using cgsolve in c++, ic=False
diag(geom) min= 561.919930 max= 25144.963766
diag(all) min= 561.919930 max= 25144.963766
Trying gamma equal 0.000000
Not converging with gamma equal 0.000000
Trying gamma equal 0.052500
Gamma decreased to 0.042000
min(dx) = -0.03074113748764747
max(dx) = 0.03578018058435386
mean(dx)= -0.001449505395593771
vdws = 76
atoms = 24
pairs = 139
 geom_x = 24.57183568239762
 geom_a = 0
 geom_q = 0
 geom_c = 0.0
f1, 0= 2.4572e+01
                          N restraints  r.m.s.d.  r.m.s.Z  Mn(sigma)
Bond distances, non H               11     0.005    0.430      0.013
Bond distances, H                   12     0.001    0.070      0.016
Bond angles, non H                  13     0.895    0.576      1.680
Bond angles, H                      27     0.831    0.331      2.069
Torsion angles, period 2             1     0.119    0.024      5.000
Torsion angles, period 3             1     0.065    0.006     10.000
Torsion angles, period 6             1     1.382    0.069     20.000
Chiral centres                       1     0.022    0.155      0.141
Planar groups                       12     0.001    0.028      0.020
VDW nonbonded                        3     0.140    0.702      0.200
VDW torsion                         12     0.167    0.835      0.200



====== CYCLE  2 ======

 weight = 1.0000e+00
 geom_x = 24.57183568239762
 geom_a = 0
 geom_q = 0
 geom_c = 0.0
f0= 2.4572e+01
using cgsolve in c++, ic=False
diag(geom) min= 536.508785 max= 25375.125165
diag(all) min= 536.508785 max= 25375.125165
Trying gamma equal 0.042000
Convergence reached after 36 iterations with no gamma cycles
min(dx) = -0.01356992467703971
max(dx) = 0.013082799345002566
mean(dx)= -0.00028897317721794126
vdws = 76
atoms = 24
pairs = 139
 geom_x = 24.18390597553123
 geom_a = 0
 geom_q = 0
 geom_c = 0.0
f1, 0= 2.4184e+01
                          N restraints  r.m.s.d.  r.m.s.Z  Mn(sigma)
Bond distances, non H               11     0.005    0.460      0.013
Bond distances, H                   12     0.001    0.058      0.016
Bond angles, non H                  13     0.957    0.613      1.680
Bond angles, H                      27     0.865    0.344      2.069
Torsion angles, period 2             1     0.403    0.081      5.000
Torsion angles, period 3             1     0.011    0.001     10.000
Torsion angles, period 6             1     2.006    0.100     20.000
Chiral centres                       1     0.018    0.131      0.141
Planar groups                       12     0.000    0.018      0.020
VDW nonbonded                        3     0.136    0.681      0.200
VDW torsion                         12     0.163    0.817      0.200



====== CYCLE  3 ======

 weight = 1.0000e+00
 geom_x = 24.18390597553123
 geom_a = 0
 geom_q = 0
 geom_c = 0.0
f0= 2.4184e+01
using cgsolve in c++, ic=False
diag(geom) min= 537.183798 max= 25370.286854
diag(all) min= 537.183798 max= 25370.286854
Trying gamma equal 0.042000
Convergence reached after 37 iterations with no gamma cycles
min(dx) = -0.007472469562283697
max(dx) = 0.008598776357525501
mean(dx)= -0.0001063663470668407
vdws = 76
atoms = 24
pairs = 139
 geom_x = 24.068015571854552
 geom_a = 0
 geom_q = 0
 geom_c = 0.0
f1, 0= 2.4068e+01
                          N restraints  r.m.s.d.  r.m.s.Z  Mn(sigma)
Bond distances, non H               11     0.005    0.467      0.013
Bond distances, H                   12     0.001    0.056      0.016
Bond angles, non H                  13     0.993    0.629      1.680
Bond angles, H                      27     0.861    0.342      2.069
Torsion angles, period 2             1     0.612    0.122      5.000
Torsion angles, period 3             1     0.071    0.007     10.000
Torsion angles, period 6             1     2.516    0.126     20.000
Chiral centres                       1     0.018    0.128      0.141
Planar groups                       12     0.000    0.017      0.020
VDW nonbonded                        3     0.135    0.676      0.200
VDW torsion                         12     0.162    0.812      0.200



====== CYCLE  4 ======

 weight = 1.0000e+00
 geom_x = 24.068015571854552
 geom_a = 0
 geom_q = 0
 geom_c = 0.0
f0= 2.4068e+01
using cgsolve in c++, ic=False
diag(geom) min= 537.119376 max= 25355.980486
diag(all) min= 537.119376 max= 25355.980486
Trying gamma equal 0.042000
Convergence reached after 37 iterations with no gamma cycles
min(dx) = -0.004152600269672245
max(dx) = 0.006930953594006399
mean(dx)= -2.368215712334227e-05
vdws = 76
atoms = 24
pairs = 139
 geom_x = 24.016740821182186
 geom_a = 0
 geom_q = 0
 geom_c = 0.0
f1, 0= 2.4017e+01
                          N restraints  r.m.s.d.  r.m.s.Z  Mn(sigma)
Bond distances, non H               11     0.005    0.469      0.013
Bond distances, H                   12     0.001    0.055      0.016
Bond angles, non H                  13     1.017    0.638      1.680
Bond angles, H                      27     0.857    0.341      2.069
Torsion angles, period 2             1     0.769    0.154      5.000
Torsion angles, period 3             1     0.169    0.017     10.000
Torsion angles, period 6             1     2.988    0.149     20.000
Chiral centres                       1     0.018    0.127      0.141
Planar groups                       12     0.000    0.017      0.020
VDW nonbonded                        3     0.134    0.672      0.200
VDW torsion                         12     0.162    0.809      0.200



====== CYCLE  5 ======

 weight = 1.0000e+00
 geom_x = 24.016740821182186
 geom_a = 0
 geom_q = 0
 geom_c = 0.0
f0= 2.4017e+01
using cgsolve in c++, ic=False
diag(geom) min= 536.657242 max= 25338.334183
diag(all) min= 536.657242 max= 25338.334183
Trying gamma equal 0.042000
Not converging with gamma equal 0.042000
Trying gamma equal 0.094500
Gamma decreased to 0.084000
min(dx) = -0.0017020575798304357
max(dx) = 0.0030477881002869685
mean(dx)= 3.9018794941746355e-06
vdws = 76
atoms = 24
pairs = 139
 geom_x = 24.00065641981719
 geom_a = 0
 geom_q = 0
 geom_c = 0.0
f1, 0= 2.4001e+01
                          N restraints  r.m.s.d.  r.m.s.Z  Mn(sigma)
Bond distances, non H               11     0.005    0.470      0.013
Bond distances, H                   12     0.001    0.054      0.016
Bond angles, non H                  13     1.026    0.642      1.680
Bond angles, H                      27     0.856    0.340      2.069
Torsion angles, period 2             1     0.834    0.167      5.000
Torsion angles, period 3             1     0.213    0.021     10.000
Torsion angles, period 6             1     3.222    0.161     20.000
Chiral centres                       1     0.018    0.126      0.141
Planar groups                       12     0.000    0.018      0.020
VDW nonbonded                        3     0.134    0.670      0.200
VDW torsion                         12     0.162    0.808      0.200



====== CYCLE  6 ======

 weight = 1.0000e+00
 geom_x = 24.00065641981719
 geom_a = 0
 geom_q = 0
 geom_c = 0.0
f0= 2.4001e+01
using cgsolve in c++, ic=False
diag(geom) min= 536.357839 max= 25329.882815
diag(all) min= 536.357839 max= 25329.882815
Trying gamma equal 0.084000
Convergence reached after 26 iterations with no gamma cycles
min(dx) = -0.0020136606648271365
max(dx) = 0.0031176106231857246
mean(dx)= 1.1134542402102008e-05
vdws = 76
atoms = 24
pairs = 139
 geom_x = 23.986079586712165
 geom_a = 0
 geom_q = 0
 geom_c = 0.0
f1, 0= 2.3986e+01
                          N restraints  r.m.s.d.  r.m.s.Z  Mn(sigma)
Bond distances, non H               11     0.005    0.470      0.013
Bond distances, H                   12     0.001    0.054      0.016
Bond angles, non H                  13     1.034    0.644      1.680
Bond angles, H                      27     0.854    0.340      2.069
Torsion angles, period 2             1     0.896    0.179      5.000
Torsion angles, period 3             1     0.262    0.026     10.000
Torsion angles, period 6             1     3.475    0.174     20.000
Chiral centres                       1     0.018    0.126      0.141
Planar groups                       12     0.000    0.018      0.020
VDW nonbonded                        3     0.134    0.668      0.200
VDW torsion                         12     0.162    0.808      0.200



====== CYCLE  7 ======

 weight = 1.0000e+00
 geom_x = 23.986079586712165
 geom_a = 0
 geom_q = 0
 geom_c = 0.0
f0= 2.3986e+01
using cgsolve in c++, ic=False
diag(geom) min= 536.027691 max= 25319.938959
diag(all) min= 536.027691 max= 25319.938959
Trying gamma equal 0.084000
Convergence reached after 26 iterations with no gamma cycles
min(dx) = -0.002097961851112591
max(dx) = 0.0029145400118426043
mean(dx)= 1.7826892468266154e-05
vdws = 76
atoms = 24
pairs = 139
 geom_x = 23.973495509419788
 geom_a = 0
 geom_q = 0
 geom_c = 0.0
f1, 0= 2.3973e+01
                          N restraints  r.m.s.d.  r.m.s.Z  Mn(sigma)
Bond distances, non H               11     0.005    0.470      0.013
Bond distances, H                   12     0.001    0.054      0.016
Bond angles, non H                  13     1.040    0.647      1.680
Bond angles, H                      27     0.853    0.339      2.069
Torsion angles, period 2             1     0.949    0.190      5.000
Torsion angles, period 3             1     0.308    0.031     10.000
Torsion angles, period 6             1     3.729    0.186     20.000
Chiral centres                       1     0.018    0.125      0.141
Planar groups                       12     0.000    0.018      0.020
VDW nonbonded                        3     0.133    0.666      0.200
VDW torsion                         12     0.161    0.807      0.200



====== CYCLE  8 ======

 weight = 1.0000e+00
 geom_x = 23.973495509419788
 geom_a = 0
 geom_q = 0
 geom_c = 0.0
f0= 2.3973e+01
using cgsolve in c++, ic=False
diag(geom) min= 535.712549 max= 25309.645538
diag(all) min= 535.712549 max= 25309.645538
Trying gamma equal 0.084000
Convergence reached after 25 iterations with no gamma cycles
min(dx) = -0.0021759596388966017
max(dx) = 0.0027524406123276657
mean(dx)= 2.2487481203650118e-05
vdws = 76
atoms = 24
pairs = 139
 geom_x = 23.962014847109725
 geom_a = 0
 geom_q = 0
 geom_c = 0.0
f1, 0= 2.3962e+01
                          N restraints  r.m.s.d.  r.m.s.Z  Mn(sigma)
Bond distances, non H               11     0.005    0.470      0.013
Bond distances, H                   12     0.001    0.054      0.016
Bond angles, non H                  13     1.044    0.648      1.680
Bond angles, H                      27     0.852    0.339      2.069
Torsion angles, period 2             1     0.995    0.199      5.000
Torsion angles, period 3             1     0.350    0.035     10.000
Torsion angles, period 6             1     3.988    0.199     20.000
Chiral centres                       1     0.018    0.125      0.141
Planar groups                       12     0.000    0.018      0.020
VDW nonbonded                        3     0.133    0.665      0.200
VDW torsion                         12     0.161    0.807      0.200



====== CYCLE  9 ======

 weight = 1.0000e+00
 geom_x = 23.962014847109725
 geom_a = 0
 geom_q = 0
 geom_c = 0.0
f0= 2.3962e+01
using cgsolve in c++, ic=False
diag(geom) min= 535.424836 max= 25299.108901
diag(all) min= 535.424836 max= 25299.108901
Trying gamma equal 0.084000
Convergence reached after 25 iterations with no gamma cycles
min(dx) = -0.002246422665073635
max(dx) = 0.0026205787071140324
mean(dx)= 2.5673209408606727e-05
vdws = 76
atoms = 24
pairs = 139
 geom_x = 23.95111867807231
 geom_a = 0
 geom_q = 0
 geom_c = 0.0
f1, 0= 2.3951e+01
                          N restraints  r.m.s.d.  r.m.s.Z  Mn(sigma)
Bond distances, non H               11     0.005    0.470      0.013
Bond distances, H                   12     0.001    0.054      0.016
Bond angles, non H                  13     1.047    0.649      1.680
Bond angles, H                      27     0.851    0.338      2.069
Torsion angles, period 2             1     1.034    0.207      5.000
Torsion angles, period 3             1     0.389    0.039     10.000
Torsion angles, period 6             1     4.251    0.213     20.000
Chiral centres                       1     0.018    0.125      0.141
Planar groups                       12     0.000    0.018      0.020
VDW nonbonded                        3     0.133    0.663      0.200
VDW torsion                         12     0.161    0.807      0.200



====== CYCLE 10 ======

 weight = 1.0000e+00
 geom_x = 23.95111867807231
 geom_a = 0
 geom_q = 0
 geom_c = 0.0
f0= 2.3951e+01
using cgsolve in c++, ic=False
diag(geom) min= 535.171061 max= 25288.416143
diag(all) min= 535.171061 max= 25288.416143
Trying gamma equal 0.084000
Convergence reached after 24 iterations with no gamma cycles
min(dx) = -0.00230993262094963
max(dx) = 0.002512050107663572
mean(dx)= 2.7811674101642753e-05
vdws = 76
atoms = 24
pairs = 139
 geom_x = 23.940486665610013
 geom_a = 0
 geom_q = 0
 geom_c = 0.0
f1, 0= 2.3940e+01
                          N restraints  r.m.s.d.  r.m.s.Z  Mn(sigma)
Bond distances, non H               11     0.005    0.470      0.013
Bond distances, H                   12     0.001    0.054      0.016
Bond angles, non H                  13     1.050    0.650      1.680
Bond angles, H                      27     0.850    0.338      2.069
Torsion angles, period 2             1     1.067    0.213      5.000
Torsion angles, period 3             1     0.424    0.042     10.000
Torsion angles, period 6             1     4.521    0.226     20.000
Chiral centres                       1     0.017    0.124      0.141
Planar groups                       12     0.000    0.018      0.020
VDW nonbonded                        3     0.132    0.662      0.200
VDW torsion                         12     0.161    0.807      0.200


$TABLE: stats vs cycle :
$GRAPHS
: Geometry :A:1,4,2:
: Geometry Z :A:1,5,3:
$$
 Ncyc  rmsBOND  zBOND  rmsANGL  zANGL
$$
$$
    0   0.0094 0.7552   0.9362 0.5593
    1   0.0049 0.4297   0.8945 0.5765
    2   0.0053 0.4597   0.9574 0.6127
    3   0.0054 0.4668   0.9934 0.6286
    4   0.0054 0.4695   1.0175 0.6382
    5   0.0054 0.4700   1.0262 0.6416
    6   0.0054 0.4704   1.0337 0.6444
    7   0.0054 0.4705   1.0395 0.6465
    8   0.0054 0.4704   1.0440 0.6481
    9   0.0054 0.4702   1.0474 0.6492
   10   0.0054 0.4700   1.0500 0.6500
$$

Running 30 cycles with wchir=1 wvdw=2 with hydrogen
Geometry weights
vdws = 76
atoms = 24
pairs = 139
                          N restraints  r.m.s.d.  r.m.s.Z  Mn(sigma)
Bond distances, non H               11     0.005    0.470      0.013
Bond distances, H                   12     0.001    0.054      0.016
Bond angles, non H                  13     1.050    0.650      1.680
Bond angles, H                      27     0.850    0.338      2.069
Torsion angles, period 2             1     1.067    0.213      5.000
Torsion angles, period 3             1     0.424    0.042     10.000
Torsion angles, period 6             1     4.521    0.226     20.000
Chiral centres                       1     0.017    0.124      0.141
Planar groups                       12     0.000    0.018      0.020
VDW nonbonded                        3     0.132    0.662      0.200
VDW torsion                         12     0.161    0.807      0.200


====== CYCLE  1 ======

 weight = 1.0000e+00
 geom_x = 23.82440782421622
 geom_a = 0
 geom_q = 0
 geom_c = 0.0
f0= 2.3824e+01
using cgsolve in c++, ic=False
diag(geom) min= 534.953750 max= 20252.234862
diag(all) min= 534.953750 max= 20252.234862
Trying gamma equal 0.084000
Convergence reached after 26 iterations with no gamma cycles
min(dx) = -0.0065719043645177345
max(dx) = 0.014514828476508215
mean(dx)= 0.000210969400458673
vdws = 76
atoms = 24
pairs = 139
 geom_x = 23.455396073670816
 geom_a = 0
 geom_q = 0
 geom_c = 0.0
f1, 0= 2.3455e+01
                          N restraints  r.m.s.d.  r.m.s.Z  Mn(sigma)
Bond distances, non H               11     0.005    0.410      0.013
Bond distances, H                   12     0.001    0.055      0.016
Bond angles, non H                  13     1.080    0.662      1.680
Bond angles, H                      27     0.838    0.330      2.069
Torsion angles, period 2             1     1.109    0.222      5.000
Torsion angles, period 3             1     0.901    0.090     10.000
Torsion angles, period 6             1     4.789    0.239     20.000
Chiral centres                       1     0.063    0.450      0.141
Planar groups                       12     0.000    0.020      0.020
VDW nonbonded                        3     0.131    0.655      0.200
VDW torsion                         12     0.161    0.803      0.200



====== CYCLE  2 ======

 weight = 1.0000e+00
 geom_x = 23.455396073670816
 geom_a = 0
 geom_q = 0
 geom_c = 0.0
f0= 2.3455e+01
using cgsolve in c++, ic=False
diag(geom) min= 532.698683 max= 20238.104346
diag(all) min= 532.698683 max= 20238.104346
Trying gamma equal 0.084000
Convergence reached after 28 iterations with no gamma cycles
min(dx) = -0.003513358799071809
max(dx) = 0.008546392072262892
mean(dx)= 8.880236175044177e-05
vdws = 76
atoms = 24
pairs = 139
 geom_x = 23.419365403533224
 geom_a = 0
 geom_q = 0
 geom_c = 0.0
f1, 0= 2.3419e+01
                          N restraints  r.m.s.d.  r.m.s.Z  Mn(sigma)
Bond distances, non H               11     0.005    0.407      0.013
Bond distances, H                   12     0.001    0.054      0.016
Bond angles, non H                  13     1.092    0.667      1.680
Bond angles, H                      27     0.839    0.331      2.069
Torsion angles, period 2             1     1.143    0.229      5.000
Torsion angles, period 3             1     1.052    0.105     10.000
Torsion angles, period 6             1     5.071    0.254     20.000
Chiral centres                       1     0.072    0.512      0.141
Planar groups                       12     0.000    0.019      0.020
VDW nonbonded                        3     0.130    0.652      0.200
VDW torsion                         11     0.167    0.836      0.200



====== CYCLE  3 ======

 weight = 1.0000e+00
 geom_x = 23.419365403533224
 geom_a = 0
 geom_q = 0
 geom_c = 0.0
f0= 2.3419e+01
using cgsolve in c++, ic=False
diag(geom) min= 533.180112 max= 20238.817380
diag(all) min= 533.180112 max= 20238.817380
Trying gamma equal 0.084000
Convergence reached after 28 iterations with no gamma cycles
min(dx) = -0.0026200250697074492
max(dx) = 0.006185969711894525
mean(dx)= 6.02670554834767e-05
vdws = 76
atoms = 24
pairs = 139
 geom_x = 23.402484522619346
 geom_a = 0
 geom_q = 0
 geom_c = 0.0
f1, 0= 2.3402e+01
                          N restraints  r.m.s.d.  r.m.s.Z  Mn(sigma)
Bond distances, non H               11     0.005    0.408      0.013
Bond distances, H                   12     0.001    0.054      0.016
Bond angles, non H                  13     1.097    0.669      1.680
Bond angles, H                      27     0.840    0.332      2.069
Torsion angles, period 2             1     1.168    0.234      5.000
Torsion angles, period 3             1     1.112    0.111     10.000
Torsion angles, period 6             1     5.366    0.268     20.000
Chiral centres                       1     0.075    0.532      0.141
Planar groups                       12     0.000    0.019      0.020
VDW nonbonded                        3     0.130    0.651      0.200
VDW torsion                         11     0.167    0.834      0.200



====== CYCLE  4 ======

 weight = 1.0000e+00
 geom_x = 23.402484522619346
 geom_a = 0
 geom_q = 0
 geom_c = 0.0
f0= 2.3402e+01
using cgsolve in c++, ic=False
diag(geom) min= 534.408076 max= 20241.152317
diag(all) min= 534.408076 max= 20241.152317
Trying gamma equal 0.084000
Convergence reached after 27 iterations with no gamma cycles
min(dx) = -0.002690937856326817
max(dx) = 0.004983843193366116
mean(dx)= 4.842549146893347e-05
vdws = 76
atoms = 24
pairs = 139
 geom_x = 23.38889611596796
 geom_a = 0
 geom_q = 0
 geom_c = 0.0
f1, 0= 2.3389e+01
                          N restraints  r.m.s.d.  r.m.s.Z  Mn(sigma)
Bond distances, non H               11     0.005    0.409      0.013
Bond distances, H                   12     0.001    0.054      0.016
Bond angles, non H                  13     1.100    0.669      1.680
Bond angles, H                      27     0.840    0.333      2.069
Torsion angles, period 2             1     1.187    0.237      5.000
Torsion angles, period 3             1     1.136    0.114     10.000
Torsion angles, period 6             1     5.673    0.284     20.000
Chiral centres                       1     0.076    0.541      0.141
Planar groups                       12     0.000    0.019      0.020
VDW nonbonded                        3     0.130    0.651      0.200
VDW torsion                         12     0.160    0.798      0.200



====== CYCLE  5 ======

 weight = 1.0000e+00
 geom_x = 23.38889611596796
 geom_a = 0
 geom_q = 0
 geom_c = 0.0
f0= 2.3389e+01
using cgsolve in c++, ic=False
diag(geom) min= 560.893262 max= 20243.454124
diag(all) min= 560.893262 max= 20243.454124
Trying gamma equal 0.084000
Convergence reached after 26 iterations with no gamma cycles
min(dx) = -0.0028315153690857465
max(dx) = 0.0040018364856105925
mean(dx)= 4.13102970558063e-05
vdws = 76
atoms = 24
pairs = 139
 geom_x = 23.376094781594524
 geom_a = 0
 geom_q = 0
 geom_c = 0.0
f1, 0= 2.3376e+01
                          N restraints  r.m.s.d.  r.m.s.Z  Mn(sigma)
Bond distances, non H               11     0.005    0.409      0.013
Bond distances, H                   12     0.001    0.054      0.016
Bond angles, non H                  13     1.100    0.669      1.680
Bond angles, H                      27     0.839    0.333      2.069
Torsion angles, period 2             1     1.201    0.240      5.000
Torsion angles, period 3             1     1.144    0.114     10.000
Torsion angles, period 6             1     5.993    0.300     20.000
Chiral centres                       1     0.077    0.546      0.141
Planar groups                       12     0.000    0.019      0.020
VDW nonbonded                        3     0.130    0.650      0.200
VDW torsion                         12     0.160    0.798      0.200



====== CYCLE  6 ======

 weight = 1.0000e+00
 geom_x = 23.376094781594524
 geom_a = 0
 geom_q = 0
 geom_c = 0.0
f0= 2.3376e+01
using cgsolve in c++, ic=False
diag(geom) min= 561.911351 max= 20245.530826
diag(all) min= 561.911351 max= 20245.530826
Trying gamma equal 0.084000
Convergence reached after 26 iterations with no gamma cycles
min(dx) = -0.002926429824955433
max(dx) = 0.0034377239746213235
mean(dx)= 3.857842765809299e-05
vdws = 76
atoms = 24
pairs = 139
 geom_x = 23.363306246951428
 geom_a = 0
 geom_q = 0
 geom_c = 0.0
f1, 0= 2.3363e+01
                          N restraints  r.m.s.d.  r.m.s.Z  Mn(sigma)
Bond distances, non H               11     0.005    0.408      0.013
Bond distances, H                   12     0.001    0.054      0.016
Bond angles, non H                  13     1.101    0.669      1.680
Bond angles, H                      27     0.839    0.333      2.069
Torsion angles, period 2             1     1.213    0.243      5.000
Torsion angles, period 3             1     1.144    0.114     10.000
Torsion angles, period 6             1     6.324    0.316     20.000
Chiral centres                       1     0.077    0.548      0.141
Planar groups                       12     0.000    0.018      0.020
VDW nonbonded                        3     0.130    0.649      0.200
VDW torsion                         12     0.159    0.797      0.200



====== CYCLE  7 ======

 weight = 1.0000e+00
 geom_x = 23.363306246951428
 geom_a = 0
 geom_q = 0
 geom_c = 0.0
f0= 2.3363e+01
using cgsolve in c++, ic=False
diag(geom) min= 562.789666 max= 20247.404620
diag(all) min= 562.789666 max= 20247.404620
Trying gamma equal 0.084000
Convergence reached after 24 iterations with no gamma cycles
min(dx) = -0.002994479401554129
max(dx) = 0.0035860160731777994
mean(dx)= 3.6950069864131966e-05
vdws = 76
atoms = 24
pairs = 139
 geom_x = 23.350234943048147
 geom_a = 0
 geom_q = 0
 geom_c = 0.0
f1, 0= 2.3350e+01
                          N restraints  r.m.s.d.  r.m.s.Z  Mn(sigma)
Bond distances, non H               11     0.005    0.408      0.013
Bond distances, H                   12     0.001    0.054      0.016
Bond angles, non H                  13     1.101    0.669      1.680
Bond angles, H                      27     0.838    0.332      2.069
Torsion angles, period 2             1     1.222    0.244      5.000
Torsion angles, period 3             1     1.141    0.114     10.000
Torsion angles, period 6             1     6.668    0.333     20.000
Chiral centres                       1     0.077    0.550      0.141
Planar groups                       12     0.000    0.018      0.020
VDW nonbonded                        3     0.130    0.648      0.200
VDW torsion                         12     0.159    0.797      0.200



====== CYCLE  8 ======

 weight = 1.0000e+00
 geom_x = 23.350234943048147
 geom_a = 0
 geom_q = 0
 geom_c = 0.0
f0= 2.3350e+01
using cgsolve in c++, ic=False
diag(geom) min= 563.533522 max= 20249.138893
diag(all) min= 563.533522 max= 20249.138893
Trying gamma equal 0.084000
Convergence reached after 25 iterations with no gamma cycles
min(dx) = -0.003048417018797649
max(dx) = 0.00376728806317574
mean(dx)= 3.591562889807266e-05
vdws = 76
atoms = 24
pairs = 139
 geom_x = 23.336706941137322
 geom_a = 0
 geom_q = 0
 geom_c = 0.0
f1, 0= 2.3337e+01
                          N restraints  r.m.s.d.  r.m.s.Z  Mn(sigma)
Bond distances, non H               11     0.005    0.408      0.013
Bond distances, H                   12     0.001    0.054      0.016
Bond angles, non H                  13     1.101    0.669      1.680
Bond angles, H                      27     0.837    0.332      2.069
Torsion angles, period 2             1     1.229    0.246      5.000
Torsion angles, period 3             1     1.136    0.114     10.000
Torsion angles, period 6             1     7.025    0.351     20.000
Chiral centres                       1     0.077    0.551      0.141
Planar groups                       12     0.000    0.018      0.020
VDW nonbonded                        3     0.129    0.647      0.200
VDW torsion                         12     0.159    0.797      0.200



====== CYCLE  9 ======

 weight = 1.0000e+00
 geom_x = 23.336706941137322
 geom_a = 0
 geom_q = 0
 geom_c = 0.0
f0= 2.3337e+01
using cgsolve in c++, ic=False
diag(geom) min= 564.159411 max= 20250.780344
diag(all) min= 564.159411 max= 20250.780344
Trying gamma equal 0.084000
Convergence reached after 24 iterations with no gamma cycles
min(dx) = -0.003095711739450977
max(dx) = 0.003951376075150996
mean(dx)= 3.518826078124739e-05
vdws = 76
atoms = 24
pairs = 139
 geom_x = 23.32259786302809
 geom_a = 0
 geom_q = 0
 geom_c = 0.0
f1, 0= 2.3323e+01
                          N restraints  r.m.s.d.  r.m.s.Z  Mn(sigma)
Bond distances, non H               11     0.005    0.408      0.013
Bond distances, H                   12     0.001    0.054      0.016
Bond angles, non H                  13     1.100    0.668      1.680
Bond angles, H                      27     0.836    0.332      2.069
Torsion angles, period 2             1     1.235    0.247      5.000
Torsion angles, period 3             1     1.131    0.113     10.000
Torsion angles, period 6             1     7.395    0.370     20.000
Chiral centres                       1     0.077    0.551      0.141
Planar groups                       12     0.000    0.018      0.020
VDW nonbonded                        3     0.129    0.646      0.200
VDW torsion                         12     0.159    0.797      0.200



====== CYCLE 10 ======

 weight = 1.0000e+00
 geom_x = 23.32259786302809
 geom_a = 0
 geom_q = 0
 geom_c = 0.0
f0= 2.3323e+01
using cgsolve in c++, ic=False
diag(geom) min= 564.686309 max= 20252.360956
diag(all) min= 564.686309 max= 20252.360956
Trying gamma equal 0.084000
Convergence reached after 24 iterations with no gamma cycles
min(dx) = -0.0031406461953904724
max(dx) = 0.004138021583228361
mean(dx)= 3.463479904418469e-05
vdws = 76
atoms = 24
pairs = 139
 geom_x = 23.307808556857346
 geom_a = 0
 geom_q = 0
 geom_c = 0.0
f1, 0= 2.3308e+01
                          N restraints  r.m.s.d.  r.m.s.Z  Mn(sigma)
Bond distances, non H               11     0.005    0.407      0.013
Bond distances, H                   12     0.001    0.054      0.016
Bond angles, non H                  13     1.100    0.668      1.680
Bond angles, H                      27     0.835    0.331      2.069
Torsion angles, period 2             1     1.240    0.248      5.000
Torsion angles, period 3             1     1.125    0.112     10.000
Torsion angles, period 6             1     7.779    0.389     20.000
Chiral centres                       1     0.078    0.552      0.141
Planar groups                       12     0.000    0.017      0.020
VDW nonbonded                        3     0.129    0.644      0.200
VDW torsion                         12     0.159    0.797      0.200



====== CYCLE 11 ======

 weight = 1.0000e+00
 geom_x = 23.307808556857346
 geom_a = 0
 geom_q = 0
 geom_c = 0.0
f0= 2.3308e+01
using cgsolve in c++, ic=False
diag(geom) min= 565.131806 max= 20253.901768
diag(all) min= 565.131806 max= 20253.901768
Trying gamma equal 0.084000
Convergence reached after 24 iterations with no gamma cycles
min(dx) = -0.003185233395406052
max(dx) = 0.004326902026571615
mean(dx)= 3.4192369367157575e-05
vdws = 76
atoms = 24
pairs = 139
 geom_x = 23.29225434751278
 geom_a = 0
 geom_q = 0
 geom_c = 0.0
f1, 0= 2.3292e+01
                          N restraints  r.m.s.d.  r.m.s.Z  Mn(sigma)
Bond distances, non H               11     0.005    0.407      0.013
Bond distances, H                   12     0.001    0.054      0.016
Bond angles, non H                  13     1.099    0.667      1.680
Bond angles, H                      27     0.834    0.331      2.069
Torsion angles, period 2             1     1.243    0.249      5.000
Torsion angles, period 3             1     1.118    0.112     10.000
Torsion angles, period 6             1     8.177    0.409     20.000
Chiral centres                       1     0.078    0.553      0.141
Planar groups                       12     0.000    0.017      0.020
VDW nonbonded                        3     0.129    0.643      0.200
VDW torsion                         12     0.159    0.797      0.200



====== CYCLE 12 ======

 weight = 1.0000e+00
 geom_x = 23.29225434751278
 geom_a = 0
 geom_q = 0
 geom_c = 0.0
f0= 2.3292e+01
using cgsolve in c++, ic=False
diag(geom) min= 565.510919 max= 20255.417083
diag(all) min= 565.510919 max= 20255.417083
Trying gamma equal 0.084000
Convergence reached after 25 iterations with no gamma cycles
min(dx) = -0.0032664464091059085
max(dx) = 0.004517532251231967
mean(dx)= 3.382963569352026e-05
vdws = 76
atoms = 24
pairs = 139
 geom_x = 23.275859582111494
 geom_a = 0
 geom_q = 0
 geom_c = 0.0
f1, 0= 2.3276e+01
                          N restraints  r.m.s.d.  r.m.s.Z  Mn(sigma)
Bond distances, non H               11     0.005    0.407      0.013
Bond distances, H                   12     0.001    0.054      0.016
Bond angles, non H                  13     1.098    0.667      1.680
Bond angles, H                      27     0.833    0.330      2.069
Torsion angles, period 2             1     1.245    0.249      5.000
Torsion angles, period 3             1     1.112    0.111     10.000
Torsion angles, period 6             1     8.589    0.429     20.000
Chiral centres                       1     0.078    0.553      0.141
Planar groups                       12     0.000    0.017      0.020
VDW nonbonded                        3     0.128    0.641      0.200
VDW torsion                         12     0.159    0.797      0.200



====== CYCLE 13 ======

 weight = 1.0000e+00
 geom_x = 23.275859582111494
 geom_a = 0
 geom_q = 0
 geom_c = 0.0
f0= 2.3276e+01
using cgsolve in c++, ic=False
diag(geom) min= 565.836094 max= 20256.916698
diag(all) min= 565.836094 max= 20256.916698
Trying gamma equal 0.084000
Convergence reached after 25 iterations with no gamma cycles
min(dx) = -0.0034141519020736465
max(dx) = 0.004709426527300167
mean(dx)= 3.353024725972404e-05
vdws = 76
atoms = 24
pairs = 139
 geom_x = 23.258554813404594
 geom_a = 0
 geom_q = 0
 geom_c = 0.0
f1, 0= 2.3259e+01
                          N restraints  r.m.s.d.  r.m.s.Z  Mn(sigma)
Bond distances, non H               11     0.005    0.406      0.013
Bond distances, H                   12     0.001    0.054      0.016
Bond angles, non H                  13     1.097    0.666      1.680
Bond angles, H                      27     0.832    0.330      2.069
Torsion angles, period 2             1     1.247    0.249      5.000
Torsion angles, period 3             1     1.106    0.111     10.000
Torsion angles, period 6             1     9.016    0.451     20.000
Chiral centres                       1     0.078    0.553      0.141
Planar groups                       12     0.000    0.017      0.020
VDW nonbonded                        3     0.128    0.639      0.200
VDW torsion                         12     0.159    0.797      0.200



====== CYCLE 14 ======

 weight = 1.0000e+00
 geom_x = 23.258554813404594
 geom_a = 0
 geom_q = 0
 geom_c = 0.0
f0= 2.3259e+01
using cgsolve in c++, ic=False
diag(geom) min= 566.117454 max= 20258.407583
diag(all) min= 566.117454 max= 20258.407583
Trying gamma equal 0.084000
Convergence reached after 25 iterations with no gamma cycles
min(dx) = -0.0035628356147703656
max(dx) = 0.004901925603442832
mean(dx)= 3.328460512475016e-05
vdws = 76
atoms = 24
pairs = 139
 geom_x = 23.240275500022964
 geom_a = 0
 geom_q = 0
 geom_c = 0.0
f1, 0= 2.3240e+01
                          N restraints  r.m.s.d.  r.m.s.Z  Mn(sigma)
Bond distances, non H               11     0.005    0.406      0.013
Bond distances, H                   12     0.001    0.054      0.016
Bond angles, non H                  13     1.097    0.665      1.680
Bond angles, H                      27     0.831    0.329      2.069
Torsion angles, period 2             1     1.247    0.249      5.000
Torsion angles, period 3             1     1.100    0.110     10.000
Torsion angles, period 6             1     9.457    0.473     20.000
Chiral centres                       1     0.078    0.553      0.141
Planar groups                       12     0.000    0.017      0.020
VDW nonbonded                        3     0.127    0.637      0.200
VDW torsion                         12     0.159    0.797      0.200



====== CYCLE 15 ======

 weight = 1.0000e+00
 geom_x = 23.240275500022964
 geom_a = 0
 geom_q = 0
 geom_c = 0.0
f0= 2.3240e+01
using cgsolve in c++, ic=False
diag(geom) min= 566.363215 max= 20259.894601
diag(all) min= 566.363215 max= 20259.894601
Trying gamma equal 0.084000
Convergence reached after 25 iterations with no gamma cycles
min(dx) = -0.003711771892810898
max(dx) = 0.00509432530607425
mean(dx)= 3.3087496693151754e-05
vdws = 76
atoms = 24
pairs = 139
 geom_x = 23.220961664692975
 geom_a = 0
 geom_q = 0
 geom_c = 0.0
f1, 0= 2.3221e+01
                          N restraints  r.m.s.d.  r.m.s.Z  Mn(sigma)
Bond distances, non H               11     0.005    0.405      0.013
Bond distances, H                   12     0.001    0.054      0.016
Bond angles, non H                  13     1.095    0.665      1.680
Bond angles, H                      27     0.829    0.328      2.069
Torsion angles, period 2             1     1.246    0.249      5.000
Torsion angles, period 3             1     1.094    0.109     10.000
Torsion angles, period 6             1     9.914    0.496     20.000
Chiral centres                       1     0.078    0.554      0.141
Planar groups                       12     0.000    0.016      0.020
VDW nonbonded                        3     0.127    0.634      0.200
VDW torsion                         12     0.159    0.797      0.200



====== CYCLE 16 ======

 weight = 1.0000e+00
 geom_x = 23.220961664692975
 geom_a = 0
 geom_q = 0
 geom_c = 0.0
f0= 2.3221e+01
using cgsolve in c++, ic=False
diag(geom) min= 566.580021 max= 20261.381239
diag(all) min= 566.580021 max= 20261.381239
Trying gamma equal 0.084000
Convergence reached after 25 iterations with no gamma cycles
min(dx) = -0.003860179047010597
max(dx) = 0.005285829003596807
mean(dx)= 3.293536194364053e-05
vdws = 76
atoms = 24
pairs = 139
 geom_x = 23.200558180009388
 geom_a = 0
 geom_q = 0
 geom_c = 0.0
f1, 0= 2.3201e+01
                          N restraints  r.m.s.d.  r.m.s.Z  Mn(sigma)
Bond distances, non H               11     0.005    0.405      0.013
Bond distances, H                   12     0.001    0.054      0.016
Bond angles, non H                  13     1.094    0.664      1.680
Bond angles, H                      27     0.828    0.328      2.069
Torsion angles, period 2             1     1.244    0.249      5.000
Torsion angles, period 3             1     1.089    0.109     10.000
Torsion angles, period 6             1    10.386    0.519     20.000
Chiral centres                       1     0.078    0.554      0.141
Planar groups                       12     0.000    0.016      0.020
VDW nonbonded                        3     0.126    0.632      0.200
VDW torsion                         12     0.159    0.797      0.200



====== CYCLE 17 ======

 weight = 1.0000e+00
 geom_x = 23.200558180009388
 geom_a = 0
 geom_q = 0
 geom_c = 0.0
f0= 2.3201e+01
using cgsolve in c++, ic=False
diag(geom) min= 566.773256 max= 20262.869994
diag(all) min= 566.773256 max= 20262.869994
Trying gamma equal 0.084000
Convergence reached after 25 iterations with no gamma cycles
min(dx) = -0.004007211291013904
max(dx) = 0.005475551496679814
mean(dx)= 3.28256509398138e-05
vdws = 76
atoms = 24
pairs = 139
 geom_x = 23.17901549618664
 geom_a = 0
 geom_q = 0
 geom_c = 0.0
f1, 0= 2.3179e+01
                          N restraints  r.m.s.d.  r.m.s.Z  Mn(sigma)
Bond distances, non H               11     0.005    0.404      0.013
Bond distances, H                   12     0.001    0.054      0.016
Bond angles, non H                  13     1.093    0.663      1.680
Bond angles, H                      27     0.827    0.327      2.069
Torsion angles, period 2             1     1.242    0.248      5.000
Torsion angles, period 3             1     1.083    0.108     10.000
Torsion angles, period 6             1    10.873    0.544     20.000
Chiral centres                       1     0.078    0.554      0.141
Planar groups                       12     0.000    0.016      0.020
VDW nonbonded                        3     0.126    0.629      0.200
VDW torsion                         12     0.159    0.797      0.200



====== CYCLE 18 ======

 weight = 1.0000e+00
 geom_x = 23.17901549618664
 geom_a = 0
 geom_q = 0
 geom_c = 0.0
f0= 2.3179e+01
using cgsolve in c++, ic=False
diag(geom) min= 566.947297 max= 20264.362622
diag(all) min= 566.947297 max= 20264.362622
Trying gamma equal 0.084000
Convergence reached after 25 iterations with no gamma cycles
min(dx) = -0.004151957626345317
max(dx) = 0.005662519103039857
mean(dx)= 3.2756424490724116e-05
vdws = 76
atoms = 24
pairs = 139
 geom_x = 23.156290687207875
 geom_a = 0
 geom_q = 0
 geom_c = 0.0
f1, 0= 2.3156e+01
                          N restraints  r.m.s.d.  r.m.s.Z  Mn(sigma)
Bond distances, non H               11     0.005    0.404      0.013
Bond distances, H                   12     0.001    0.054      0.016
Bond angles, non H                  13     1.092    0.662      1.680
Bond angles, H                      27     0.825    0.327      2.069
Torsion angles, period 2             1     1.238    0.248      5.000
Torsion angles, period 3             1     1.078    0.108     10.000
Torsion angles, period 6             1    11.375    0.569     20.000
Chiral centres                       1     0.078    0.554      0.141
Planar groups                       12     0.000    0.017      0.020
VDW nonbonded                        3     0.125    0.626      0.200
VDW torsion                         12     0.159    0.797      0.200



====== CYCLE 19 ======

 weight = 1.0000e+00
 geom_x = 23.156290687207875
 geom_a = 0
 geom_q = 0
 geom_c = 0.0
f0= 2.3156e+01
using cgsolve in c++, ic=False
diag(geom) min= 567.105720 max= 20265.860317
diag(all) min= 567.105720 max= 20265.860317
Trying gamma equal 0.084000
Convergence reached after 25 iterations with no gamma cycles
min(dx) = -0.004293444156011829
max(dx) = 0.005845671991568831
mean(dx)= 3.2726102384732865e-05
vdws = 76
atoms = 24
pairs = 139
 geom_x = 23.132348727090413
 geom_a = 0
 geom_q = 0
 geom_c = 0.0
f1, 0= 2.3132e+01
                          N restraints  r.m.s.d.  r.m.s.Z  Mn(sigma)
Bond distances, non H               11     0.005    0.403      0.013
Bond distances, H                   12     0.001    0.054      0.016
Bond angles, non H                  13     1.090    0.661      1.680
Bond angles, H                      27     0.824    0.326      2.069
Torsion angles, period 2             1     1.233    0.247      5.000
Torsion angles, period 3             1     1.073    0.107     10.000
Torsion angles, period 6             1    11.893    0.595     20.000
Chiral centres                       1     0.078    0.554      0.141
Planar groups                       12     0.000    0.017      0.020
VDW nonbonded                        3     0.125    0.623      0.200
VDW torsion                         12     0.159    0.797      0.200



====== CYCLE 20 ======

 weight = 1.0000e+00
 geom_x = 23.132348727090413
 geom_a = 0
 geom_q = 0
 geom_c = 0.0
f0= 2.3132e+01
using cgsolve in c++, ic=False
diag(geom) min= 567.251465 max= 20267.363823
diag(all) min= 567.251465 max= 20267.363823
Trying gamma equal 0.084000
Convergence reached after 25 iterations with no gamma cycles
min(dx) = -0.004430639379298735
max(dx) = 0.006023869414873306
mean(dx)= 3.27332879103043e-05
vdws = 76
atoms = 24
pairs = 139
 geom_x = 23.10716392449433
 geom_a = 0
 geom_q = 0
 geom_c = 0.0
f1, 0= 2.3107e+01
                          N restraints  r.m.s.d.  r.m.s.Z  Mn(sigma)
Bond distances, non H               11     0.005    0.403      0.013
Bond distances, H                   12     0.001    0.054      0.016
Bond angles, non H                  13     1.089    0.659      1.680
Bond angles, H                      27     0.822    0.325      2.069
Torsion angles, period 2             1     1.228    0.246      5.000
Torsion angles, period 3             1     1.069    0.107     10.000
Torsion angles, period 6             1    12.424    0.621     20.000
Chiral centres                       1     0.078    0.554      0.141
Planar groups                       12     0.000    0.017      0.020
VDW nonbonded                        3     0.124    0.619      0.200
VDW torsion                         12     0.159    0.797      0.200



====== CYCLE 21 ======

 weight = 1.0000e+00
 geom_x = 23.10716392449433
 geom_a = 0
 geom_q = 0
 geom_c = 0.0
f0= 2.3107e+01
using cgsolve in c++, ic=False
diag(geom) min= 567.386969 max= 20268.873521
diag(all) min= 567.386969 max= 20268.873521
Trying gamma equal 0.084000
Convergence reached after 25 iterations with no gamma cycles
min(dx) = -0.004562462410019412
max(dx) = 0.006195898111464801
mean(dx)= 3.2776629931321596e-05
vdws = 76
atoms = 24
pairs = 139
 geom_x = 23.080721449350015
 geom_a = 0
 geom_q = 0
 geom_c = 0.0
f1, 0= 2.3081e+01
                          N restraints  r.m.s.d.  r.m.s.Z  Mn(sigma)
Bond distances, non H               11     0.005    0.402      0.013
Bond distances, H                   12     0.001    0.053      0.016
Bond angles, non H                  13     1.087    0.658      1.680
Bond angles, H                      27     0.821    0.324      2.069
Torsion angles, period 2             1     1.221    0.244      5.000
Torsion angles, period 3             1     1.065    0.106     10.000
Torsion angles, period 6             1    12.971    0.649     20.000
Chiral centres                       1     0.078    0.555      0.141
Planar groups                       12     0.000    0.017      0.020
VDW nonbonded                        3     0.123    0.615      0.200
VDW torsion                         12     0.160    0.798      0.200



====== CYCLE 22 ======

 weight = 1.0000e+00
 geom_x = 23.080721449350015
 geom_a = 0
 geom_q = 0
 geom_c = 0.0
f0= 2.3081e+01
using cgsolve in c++, ic=False
diag(geom) min= 567.514277 max= 20270.389476
diag(all) min= 567.514277 max= 20270.389476
Trying gamma equal 0.084000
Convergence reached after 25 iterations with no gamma cycles
min(dx) = -0.004687794124178201
max(dx) = 0.006360484053879814
mean(dx)= 3.285470501972394e-05
vdws = 76
atoms = 24
pairs = 139
 geom_x = 23.05301888417007
 geom_a = 0
 geom_q = 0
 geom_c = 0.0
f1, 0= 2.3053e+01
                          N restraints  r.m.s.d.  r.m.s.Z  Mn(sigma)
Bond distances, non H               11     0.005    0.401      0.013
Bond distances, H                   12     0.001    0.053      0.016
Bond angles, non H                  13     1.085    0.657      1.680
Bond angles, H                      27     0.819    0.323      2.069
Torsion angles, period 2             1     1.214    0.243      5.000
Torsion angles, period 3             1     1.060    0.106     10.000
Torsion angles, period 6             1    13.530    0.677     20.000
Chiral centres                       1     0.078    0.555      0.141
Planar groups                       12     0.000    0.017      0.020
VDW nonbonded                        3     0.122    0.611      0.200
VDW torsion                         12     0.160    0.798      0.200



====== CYCLE 23 ======

 weight = 1.0000e+00
 geom_x = 23.05301888417007
 geom_a = 0
 geom_q = 0
 geom_c = 0.0
f0= 2.3053e+01
using cgsolve in c++, ic=False
diag(geom) min= 567.635122 max= 20271.911481
diag(all) min= 567.635122 max= 20271.911481
Trying gamma equal 0.084000
Convergence reached after 25 iterations with no gamma cycles
min(dx) = -0.004805491262741222
max(dx) = 0.0065163076059128805
mean(dx)= 3.296591317346599e-05
vdws = 76
atoms = 24
pairs = 139
 geom_x = 23.024067728331055
 geom_a = 0
 geom_q = 0
 geom_c = 0.0
f1, 0= 2.3024e+01
                          N restraints  r.m.s.d.  r.m.s.Z  Mn(sigma)
Bond distances, non H               11     0.005    0.401      0.013
Bond distances, H                   12     0.001    0.053      0.016
Bond angles, non H                  13     1.083    0.655      1.680
Bond angles, H                      27     0.817    0.323      2.069
Torsion angles, period 2             1     1.205    0.241      5.000
Torsion angles, period 3             1     1.057    0.106     10.000
Torsion angles, period 6             1    14.103    0.705     20.000
Chiral centres                       1     0.078    0.555      0.141
Planar groups                       12     0.000    0.018      0.020
VDW nonbonded                        3     0.121    0.607      0.200
VDW torsion                         12     0.160    0.798      0.200



====== CYCLE 24 ======

 weight = 1.0000e+00
 geom_x = 23.024067728331055
 geom_a = 0
 geom_q = 0
 geom_c = 0.0
f0= 2.3024e+01
using cgsolve in c++, ic=False
diag(geom) min= 567.751000 max= 20273.439076
diag(all) min= 567.751000 max= 20273.439076
Trying gamma equal 0.084000
Convergence reached after 25 iterations with no gamma cycles
min(dx) = -0.004914404265697965
max(dx) = 0.00666202162754421
mean(dx)= 3.3108377311231564e-05
vdws = 76
atoms = 24
pairs = 139
 geom_x = 22.993894778211192
 geom_a = 0
 geom_q = 0
 geom_c = 0.0
f1, 0= 2.2994e+01
                          N restraints  r.m.s.d.  r.m.s.Z  Mn(sigma)
Bond distances, non H               11     0.005    0.400      0.013
Bond distances, H                   12     0.001    0.053      0.016
Bond angles, non H                  13     1.081    0.654      1.680
Bond angles, H                      27     0.816    0.322      2.069
Torsion angles, period 2             1     1.195    0.239      5.000
Torsion angles, period 3             1     1.053    0.105     10.000
Torsion angles, period 6             1    14.689    0.734     20.000
Chiral centres                       1     0.078    0.555      0.141
Planar groups                       12     0.000    0.018      0.020
VDW nonbonded                        3     0.121    0.603      0.200
VDW torsion                         12     0.160    0.798      0.200



====== CYCLE 25 ======

 weight = 1.0000e+00
 geom_x = 22.993894778211192
 geom_a = 0
 geom_q = 0
 geom_c = 0.0
f0= 2.2994e+01
using cgsolve in c++, ic=False
diag(geom) min= 567.863220 max= 20274.971574
diag(all) min= 567.863220 max= 20274.971574
Trying gamma equal 0.084000
Convergence reached after 25 iterations with no gamma cycles
min(dx) = -0.0050133873286304816
max(dx) = 0.006796270339899033
mean(dx)= 3.327974368298691e-05
vdws = 76
atoms = 24
pairs = 139
 geom_x = 22.962543301208473
 geom_a = 0
 geom_q = 0
 geom_c = 0.0
f1, 0= 2.2963e+01
                          N restraints  r.m.s.d.  r.m.s.Z  Mn(sigma)
Bond distances, non H               11     0.005    0.399      0.013
Bond distances, H                   12     0.001    0.053      0.016
Bond angles, non H                  13     1.079    0.652      1.680
Bond angles, H                      27     0.814    0.321      2.069
Torsion angles, period 2             1     1.184    0.237      5.000
Torsion angles, period 3             1     1.049    0.105     10.000
Torsion angles, period 6             1    15.285    0.764     20.000
Chiral centres                       1     0.078    0.555      0.141
Planar groups                       12     0.000    0.019      0.020
VDW nonbonded                        3     0.120    0.598      0.200
VDW torsion                         12     0.160    0.798      0.200



====== CYCLE 26 ======

 weight = 1.0000e+00
 geom_x = 22.962543301208473
 geom_a = 0
 geom_q = 0
 geom_c = 0.0
f0= 2.2963e+01
using cgsolve in c++, ic=False
diag(geom) min= 567.972951 max= 20276.508066
diag(all) min= 567.972951 max= 20276.508066
Trying gamma equal 0.084000
Convergence reached after 25 iterations with no gamma cycles
min(dx) = -0.005101352083605562
max(dx) = 0.006917730808045094
mean(dx)= 3.3477943748000394e-05
vdws = 76
atoms = 24
pairs = 139
 geom_x = 22.930073921112193
 geom_a = 0
 geom_q = 0
 geom_c = 0.0
f1, 0= 2.2930e+01
                          N restraints  r.m.s.d.  r.m.s.Z  Mn(sigma)
Bond distances, non H               11     0.005    0.398      0.013
Bond distances, H                   12     0.001    0.053      0.016
Bond angles, non H                  13     1.076    0.650      1.680
Bond angles, H                      27     0.812    0.320      2.069
Torsion angles, period 2             1     1.172    0.234      5.000
Torsion angles, period 3             1     1.045    0.105     10.000
Torsion angles, period 6             1    15.892    0.795     20.000
Chiral centres                       1     0.078    0.555      0.141
Planar groups                       12     0.000    0.019      0.020
VDW nonbonded                        3     0.119    0.593      0.200
VDW torsion                         12     0.160    0.798      0.200



====== CYCLE 27 ======

 weight = 1.0000e+00
 geom_x = 22.930073921112193
 geom_a = 0
 geom_q = 0
 geom_c = 0.0
f0= 2.2930e+01
using cgsolve in c++, ic=False
diag(geom) min= 568.081255 max= 20278.047418
diag(all) min= 568.081255 max= 20278.047418
Trying gamma equal 0.084000
Convergence reached after 25 iterations with no gamma cycles
min(dx) = -0.005177217520957601
max(dx) = 0.007025110980037362
mean(dx)= 3.369951659691236e-05
vdws = 76
atoms = 24
pairs = 139
 geom_x = 22.89656512754315
 geom_a = 0
 geom_q = 0
 geom_c = 0.0
f1, 0= 2.2897e+01
                          N restraints  r.m.s.d.  r.m.s.Z  Mn(sigma)
Bond distances, non H               11     0.005    0.397      0.013
Bond distances, H                   12     0.001    0.053      0.016
Bond angles, non H                  13     1.074    0.648      1.680
Bond angles, H                      27     0.810    0.319      2.069
Torsion angles, period 2             1     1.159    0.232      5.000
Torsion angles, period 3             1     1.042    0.104     10.000
Torsion angles, period 6             1    16.509    0.825     20.000
Chiral centres                       1     0.078    0.555      0.141
Planar groups                       12     0.000    0.020      0.020
VDW nonbonded                        3     0.118    0.588      0.200
VDW torsion                         12     0.160    0.798      0.200



====== CYCLE 28 ======

 weight = 1.0000e+00
 geom_x = 22.89656512754315
 geom_a = 0
 geom_q = 0
 geom_c = 0.0
f0= 2.2897e+01
using cgsolve in c++, ic=False
diag(geom) min= 568.189101 max= 20279.588267
diag(all) min= 568.189101 max= 20279.588267
Trying gamma equal 0.084000
Convergence reached after 25 iterations with no gamma cycles
min(dx) = -0.00524004915827771
max(dx) = 0.007117201421409644
mean(dx)= 3.394037089788628e-05
vdws = 76
atoms = 24
pairs = 139
 geom_x = 22.862113346280648
 geom_a = 0
 geom_q = 0
 geom_c = 0.0
f1, 0= 2.2862e+01
                          N restraints  r.m.s.d.  r.m.s.Z  Mn(sigma)
Bond distances, non H               11     0.005    0.396      0.013
Bond distances, H                   12     0.001    0.053      0.016
Bond angles, non H                  13     1.071    0.646      1.680
Bond angles, H                      27     0.808    0.318      2.069
Torsion angles, period 2             1     1.145    0.229      5.000
Torsion angles, period 3             1     1.039    0.104     10.000
Torsion angles, period 6             1    17.133    0.857     20.000
Chiral centres                       1     0.078    0.555      0.141
Planar groups                       12     0.000    0.021      0.020
VDW nonbonded                        3     0.117    0.583      0.200
VDW torsion                         12     0.160    0.799      0.200



====== CYCLE 29 ======

 weight = 1.0000e+00
 geom_x = 22.862113346280648
 geom_a = 0
 geom_q = 0
 geom_c = 0.0
f0= 2.2862e+01
using cgsolve in c++, ic=False
diag(geom) min= 568.297422 max= 20281.129112
diag(all) min= 568.297422 max= 20281.129112
Trying gamma equal 0.084000
Convergence reached after 25 iterations with no gamma cycles
min(dx) = -0.00528898164682751
max(dx) = 0.0071928954492933095
mean(dx)= 3.41967155544494e-05
vdws = 76
atoms = 24
pairs = 139
 geom_x = 22.826832493132926
 geom_a = 0
 geom_q = 0
 geom_c = 0.0
f1, 0= 2.2827e+01
                          N restraints  r.m.s.d.  r.m.s.Z  Mn(sigma)
Bond distances, non H               11     0.005    0.395      0.013
Bond distances, H                   12     0.001    0.053      0.016
Bond angles, non H                  13     1.068    0.644      1.680
Bond angles, H                      27     0.806    0.317      2.069
Torsion angles, period 2             1     1.129    0.226      5.000
Torsion angles, period 3             1     1.035    0.104     10.000
Torsion angles, period 6             1    17.764    0.888     20.000
Chiral centres                       1     0.078    0.555      0.141
Planar groups                       12     0.000    0.021      0.020
VDW nonbonded                        3     0.115    0.577      0.200
VDW torsion                         12     0.160    0.799      0.200



====== CYCLE 30 ======

 weight = 1.0000e+00
 geom_x = 22.826832493132926
 geom_a = 0
 geom_q = 0
 geom_c = 0.0
f0= 2.2827e+01
using cgsolve in c++, ic=False
diag(geom) min= 568.407092 max= 20282.668256
diag(all) min= 568.407092 max= 20282.668256
Trying gamma equal 0.084000
Convergence reached after 25 iterations with no gamma cycles
min(dx) = -0.005323236993022767
max(dx) = 0.00725121398919139
mean(dx)= 3.446547669703228e-05
vdws = 76
atoms = 24
pairs = 139
 geom_x = 22.790852978709555
 geom_a = 0
 geom_q = 0
 geom_c = 0.0
f1, 0= 2.2791e+01
                          N restraints  r.m.s.d.  r.m.s.Z  Mn(sigma)
Bond distances, non H               11     0.005    0.395      0.013
Bond distances, H                   12     0.001    0.053      0.016
Bond angles, non H                  13     1.065    0.642      1.680
Bond angles, H                      27     0.804    0.316      2.069
Torsion angles, period 2             1     1.112    0.222      5.000
Torsion angles, period 3             1     1.032    0.103     10.000
Torsion angles, period 6             1    18.400    0.920     20.000
Chiral centres                       1     0.078    0.556      0.141
Planar groups                       12     0.000    0.022      0.020
VDW nonbonded                        3     0.114    0.571      0.200
VDW torsion                         12     0.160    0.799      0.200


$TABLE: stats vs cycle :
$GRAPHS
: Geometry :A:1,4,2:
: Geometry Z :A:1,5,3:
$$
 Ncyc  rmsBOND  zBOND  rmsANGL  zANGL
$$
$$
    0   0.0054 0.4700   1.0500 0.6500
    1   0.0048 0.4097   1.0799 0.6618
    2   0.0048 0.4075   1.0924 0.6669
    3   0.0048 0.4082   1.0973 0.6687
    4   0.0048 0.4085   1.0995 0.6693
    5   0.0048 0.4086   1.1005 0.6695
    6   0.0048 0.4085   1.1008 0.6693
    7   0.0048 0.4083   1.1008 0.6691
    8   0.0048 0.4081   1.1005 0.6687
    9   0.0048 0.4078   1.1001 0.6683
   10   0.0048 0.4075   1.0996 0.6678
   11   0.0048 0.4071   1.0990 0.6673
   12   0.0048 0.4067   1.0982 0.6667
   13   0.0048 0.4063   1.0974 0.6660
   14   0.0048 0.4059   1.0965 0.6653
   15   0.0048 0.4054   1.0955 0.6645
   16   0.0048 0.4050   1.0944 0.6637
   17   0.0048 0.4044   1.0932 0.6627
   18   0.0048 0.4039   1.0918 0.6617
   19   0.0048 0.4033   1.0904 0.6606
   20   0.0048 0.4027   1.0888 0.6594
   21   0.0047 0.4020   1.0871 0.6581
   22   0.0047 0.4013   1.0853 0.6567
   23   0.0047 0.4006   1.0833 0.6552
   24   0.0047 0.3999   1.0812 0.6536
   25   0.0047 0.3991   1.0789 0.6519
   26   0.0047 0.3982   1.0765 0.6501
   27   0.0047 0.3973   1.0739 0.6482
   28   0.0047 0.3964   1.0712 0.6462
   29   0.0047 0.3955   1.0683 0.6441
   30   0.0047 0.3945   1.0653 0.6418
$$

Updated dictionary saved: cys-caa_link_TMP/LIG_for_link_TMP/mol_1_conf_1_updated.cif
Refinement statistics saved: cys-caa_link_TMP/LIG_for_link_TMP/mol_1_conf_1_stats.json

# Finished on 2026-06-14 11:39:23.806738

=========END OF PROCESS INFORMATION ==========
