
============ PROCESS INFORMATION =============
# Servalcat ver. 0.4.128 (Python 3.9.18)
# Library vers. gemmi 0.7.4, scipy 1.7.3, numpy 1.19.5, pandas 1.3.5
# Started on 2026-06-14 11:38:27.155887
# Host: Mac.lan User: hilgersmt
# Command-line:
# servalcat --logfile CAA_MODEL_TMP/servalcat.log refine_geom --update_dictionary CAA_MODEL_TMP/mol_1_conf_2_init.cif -o CAA_MODEL_TMP/mol_1_conf_2 --randomize 0.01
Config loaded
--
refine:
  atom_selection:
    xyz:
      include:
      - '*'
      exclude: []
      exclude_restraint: []
    adp:
      include: []
      exclude: []
      exclude_restraint: []
    occ:
      include: []
      exclude: []
      exclude_restraint: []
    dfrac:
      include: []
      exclude: []
      exclude_restraint: []
  occ_groups: []
  occ_group_constraints: []
  occ_group_const_mu: 10.0
  occ_group_const_mu_update_factor: 1.1
  occ_group_const_mu_update_tol_rel: 0.25
  occ_group_const_mu_update_tol_abs: 0.01
  initialisation:
    adp: {}
    occ: {}
    dfrac: {}
  write_trajectory: false
--
Reading monomers from /Applications/ccp4-9/lib/data/monomers/
Reading monomer: CAA_MODEL_TMP/mol_1_conf_2_init.cif
WARNING:: updating monomer CAA using CAA_MODEL_TMP/mol_1_conf_2_init.cif
Monomer library loaded: 1 monomers, 109 links, 133 modifications
       loaded monomers: CAA

Checking if unknown atoms exist..
Creating restraints..

Chain info:
 chain 
  ligands: CAA (1 residues)

Number of refinement parameters:
       n_params  n_atoms  n_atoms_geom_only  n_atoms_data_only
xyz           6        6                  0                  0
adp           0        0                  0                  0
occ           0        0                  0                  0
dfrac         0        0                  0                  0

Randomizing structure with rmsd of 0.01
Torsion angle rules:
 include:
  {'group': 'peptide', 'tors_name': 'chi*'}
  {'link': '*', 'tors_name': 'omega'}
  {'residue': '*', 'tors_name': 'sp2_sp2*'}
  {'link': '*', 'tors_name': 'sp2_sp2*'}
 exclude:
  none
External restraints from Refmac instructions
 Number of distances          : 0
 Number of angles             : 0
 Number of torsions           : 0
 Number of chirals            : 0
 Number of planes             : 0
 Number of intervals          : 0
 Number of stackings          : 0
 Number of harmonics          : 0
 Number of special positions  : 0

Running 10 cycles with wchir=4 wvdw=2 without hydrogen
Geometry weights
vdws = 4
atoms = 6
pairs = 14
 *** Bond distances outliers (Z >= 5) ***

    atom1     atom2  value  ideal  sigma     z
/CAA 1/C2 /CAA 1/N1  1.431  1.335  0.016 5.893

                          N restraints  r.m.s.d.  r.m.s.Z  Mn(sigma)
Bond distances, non H                5     0.046    2.774      0.016
Bond angles, non H                   5     2.765    1.123      2.428
Torsion angles, period 2             1     1.526    0.305      5.000
Planar groups                        4     0.008    0.422      0.020
VDW torsion                          1     0.362    1.808      0.200


====== CYCLE  1 ======

 weight = 1.0000e+00
 geom_x = 29.333255847071456
 geom_a = 0
 geom_q = 0
 geom_c = 0.0
f0= 2.9333e+01
using cgsolve in c++, ic=False
diag(geom) min= 15.906175 max= 11744.758844
diag(all) min= 15.906175 max= 11744.758844
Trying gamma equal 0.000000
Convergence reached after 10 iterations with no gamma cycles
min(dx) = -0.055572523159513776
max(dx) = 0.3575053452865797
mean(dx)= 0.03336512850211173
vdws = 4
atoms = 6
pairs = 14
 geom_x = 8.977036960853455
 geom_a = 0
 geom_q = 0
 geom_c = 0.0
f1, 0= 8.9770e+00
                          N restraints  r.m.s.d.  r.m.s.Z  Mn(sigma)
Bond distances, non H                5     0.013    0.899      0.016
Bond angles, non H                   5     1.162    0.685      2.428
Torsion angles, period 2             1     0.085    0.017      5.000
Planar groups                        4     0.000    0.020      0.020
VDW torsion                          1     0.340    1.700      0.200



====== CYCLE  2 ======

 weight = 1.0000e+00
 geom_x = 8.977036960853455
 geom_a = 0
 geom_q = 0
 geom_c = 0.0
f0= 8.9770e+00
using cgsolve in c++, ic=False
diag(geom) min= 115.237145 max= 12018.120298
diag(all) min= 115.237145 max= 12018.120298
Trying gamma equal 0.000000
Convergence reached after 11 iterations with no gamma cycles
min(dx) = -0.029249938708970885
max(dx) = 0.01273629497361026
mean(dx)= 9.677098463925824e-05
vdws = 4
atoms = 6
pairs = 14
 geom_x = 7.309197517215522
 geom_a = 0
 geom_q = 0
 geom_c = 0.0
f1, 0= 7.3092e+00
                          N restraints  r.m.s.d.  r.m.s.Z  Mn(sigma)
Bond distances, non H                5     0.005    0.314      0.016
Bond angles, non H                   5     1.088    0.645      2.428
Torsion angles, period 2             1     0.026    0.005      5.000
Planar groups                        4     0.000    0.001      0.020
VDW torsion                          1     0.347    1.735      0.200



====== CYCLE  3 ======

 weight = 1.0000e+00
 geom_x = 7.309197517215522
 geom_a = 0
 geom_q = 0
 geom_c = 0.0
f0= 7.3092e+00
using cgsolve in c++, ic=False
diag(geom) min= 118.952225 max= 12011.471035
diag(all) min= 118.952225 max= 12011.471035
Trying gamma equal 0.000000
Convergence reached after 11 iterations with no gamma cycles
min(dx) = -0.00011520181984713886
max(dx) = 0.0005009672951638885
mean(dx)= 2.4799061882439766e-05
vdws = 4
atoms = 6
pairs = 14
 geom_x = 7.309072688894872
 geom_a = 0
 geom_q = 0
 geom_c = 0.0
f1, 0= 7.3091e+00
                          N restraints  r.m.s.d.  r.m.s.Z  Mn(sigma)
Bond distances, non H                5     0.005    0.313      0.016
Bond angles, non H                   5     1.088    0.645      2.428
Torsion angles, period 2             1     0.004    0.001      5.000
Planar groups                        4     0.000    0.000      0.020
VDW torsion                          1     0.347    1.735      0.200



====== CYCLE  4 ======

 weight = 1.0000e+00
 geom_x = 7.309072688894872
 geom_a = 0
 geom_q = 0
 geom_c = 0.0
f0= 7.3091e+00
using cgsolve in c++, ic=False
diag(geom) min= 119.258880 max= 12011.494025
diag(all) min= 119.258880 max= 12011.494025
Trying gamma equal 0.000000
Convergence reached after 11 iterations with no gamma cycles
min(dx) = -1.821181357753606e-05
max(dx) = 4.984296766608654e-05
mean(dx)= 1.670058753060185e-06
vdws = 4
atoms = 6
pairs = 14
 geom_x = 7.309072311282511
 geom_a = 0
 geom_q = 0
 geom_c = 0.0
f1, 0= 7.3091e+00
                          N restraints  r.m.s.d.  r.m.s.Z  Mn(sigma)
Bond distances, non H                5     0.005    0.313      0.016
Bond angles, non H                   5     1.088    0.645      2.428
Torsion angles, period 2             1     0.001    0.000      5.000
Planar groups                        4     0.000    0.000      0.020
VDW torsion                          1     0.347    1.735      0.200



====== CYCLE  5 ======

 weight = 1.0000e+00
 geom_x = 7.309072311282511
 geom_a = 0
 geom_q = 0
 geom_c = 0.0
f0= 7.3091e+00
using cgsolve in c++, ic=False
diag(geom) min= 119.297914 max= 12011.500204
diag(all) min= 119.297914 max= 12011.500204
Trying gamma equal 0.000000
Convergence reached after 11 iterations with no gamma cycles
min(dx) = -3.0270191010053348e-06
max(dx) = 8.206554305803769e-06
mean(dx)= 2.765916642912785e-07
vdws = 4
atoms = 6
pairs = 14
 geom_x = 7.309072301015066
 geom_a = 0
 geom_q = 0
 geom_c = 0.0
f1, 0= 7.3091e+00
                          N restraints  r.m.s.d.  r.m.s.Z  Mn(sigma)
Bond distances, non H                5     0.005    0.313      0.016
Bond angles, non H                   5     1.088    0.645      2.428
Torsion angles, period 2             1     0.000    0.000      5.000
Planar groups                        4     0.000    0.000      0.020
VDW torsion                          1     0.347    1.735      0.200



====== CYCLE  6 ======

 weight = 1.0000e+00
 geom_x = 7.309072301015066
 geom_a = 0
 geom_q = 0
 geom_c = 0.0
f0= 7.3091e+00
using cgsolve in c++, ic=False
diag(geom) min= 119.304373 max= 12011.501617
diag(all) min= 119.304373 max= 12011.501617
Trying gamma equal 0.000000
Convergence reached after 11 iterations with no gamma cycles
min(dx) = -4.99469015234799e-07
max(dx) = 1.3539979270639015e-06
mean(dx)= 4.5607432536119516e-08
vdws = 4
atoms = 6
pairs = 14
 geom_x = 7.309072300735579
 geom_a = 0
 geom_q = 0
 geom_c = 0.0
f1, 0= 7.3091e+00
                          N restraints  r.m.s.d.  r.m.s.Z  Mn(sigma)
Bond distances, non H                5     0.005    0.313      0.016
Bond angles, non H                   5     1.088    0.645      2.428
Torsion angles, period 2             1     0.000    0.000      5.000
Planar groups                        4     0.000    0.000      0.020
VDW torsion                          1     0.347    1.735      0.200



====== CYCLE  7 ======

 weight = 1.0000e+00
 geom_x = 7.309072300735579
 geom_a = 0
 geom_q = 0
 geom_c = 0.0
f0= 7.3091e+00
using cgsolve in c++, ic=False
diag(geom) min= 119.305438 max= 12011.501843
diag(all) min= 119.305438 max= 12011.501843
Trying gamma equal 0.000000
Convergence reached after 11 iterations with no gamma cycles
min(dx) = -8.240765430127082e-08
max(dx) = 2.2337119873514717e-07
mean(dx)= 7.52389884878919e-09
vdws = 4
atoms = 6
pairs = 14
 geom_x = 7.309072300728006
 geom_a = 0
 geom_q = 0
 geom_c = 0.0
f1, 0= 7.3091e+00
                          N restraints  r.m.s.d.  r.m.s.Z  Mn(sigma)
Bond distances, non H                5     0.005    0.313      0.016
Bond angles, non H                   5     1.088    0.645      2.428
Torsion angles, period 2             1     0.000    0.000      5.000
Planar groups                        4     0.000    0.000      0.020
VDW torsion                          1     0.347    1.735      0.200



====== CYCLE  8 ======

 weight = 1.0000e+00
 geom_x = 7.309072300728006
 geom_a = 0
 geom_q = 0
 geom_c = 0.0
f0= 7.3091e+00
using cgsolve in c++, ic=False
diag(geom) min= 119.305614 max= 12011.501880
diag(all) min= 119.305614 max= 12011.501880
Trying gamma equal 0.000000
Convergence reached after 11 iterations with no gamma cycles
min(dx) = -1.3595655432115101e-08
max(dx) = 3.685231078855526e-08
mean(dx)= 1.2413038796785836e-09
vdws = 4
atoms = 6
pairs = 14
 geom_x = 7.309072300727778
 geom_a = 0
 geom_q = 0
 geom_c = 0.0
f1, 0= 7.3091e+00
                          N restraints  r.m.s.d.  r.m.s.Z  Mn(sigma)
Bond distances, non H                5     0.005    0.313      0.016
Bond angles, non H                   5     1.088    0.645      2.428
Torsion angles, period 2             1     0.000    0.000      5.000
Planar groups                        4     0.000    0.000      0.020
VDW torsion                          1     0.347    1.735      0.200



====== CYCLE  9 ======

 weight = 1.0000e+00
 geom_x = 7.309072300727778
 geom_a = 0
 geom_q = 0
 geom_c = 0.0
f0= 7.3091e+00
using cgsolve in c++, ic=False
diag(geom) min= 119.305643 max= 12011.501886
diag(all) min= 119.305643 max= 12011.501886
Trying gamma equal 0.000000
Convergence reached after 11 iterations with no gamma cycles
min(dx) = -2.2430275840227185e-09
max(dx) = 6.079925800362652e-09
mean(dx)= 2.047912354894962e-10
vdws = 4
atoms = 6
pairs = 14
 geom_x = 7.309072300727806
 geom_a = 0
 geom_q = 0
 geom_c = 0.0
f1, 0= 7.3091e+00
min(dx) = -1.1215137920113593e-09
max(dx) = 3.039962900181326e-09
mean(dx)= 1.023956177447481e-10
vdws = 4
atoms = 6
pairs = 14
 geom_x = 7.309072300727816
 geom_a = 0
 geom_q = 0
 geom_c = 0.0
f1, 1= 7.3091e+00
min(dx) = -5.607568960056796e-10
max(dx) = 1.519981450090663e-09
mean(dx)= 5.119780887237405e-11
vdws = 4
atoms = 6
pairs = 14
 geom_x = 7.309072300727811
 geom_a = 0
 geom_q = 0
 geom_c = 0.0
f1, 2= 7.3091e+00
WARNING: function not minimised
                          N restraints  r.m.s.d.  r.m.s.Z  Mn(sigma)
Bond distances, non H                5     0.005    0.313      0.016
Bond angles, non H                   5     1.088    0.645      2.428
Torsion angles, period 2             1     0.000    0.000      5.000
Planar groups                        4     0.000    0.000      0.020
VDW torsion                          1     0.347    1.735      0.200



====== CYCLE 10 ======

 weight = 1.0000e+00
 geom_x = 7.309072300727811
 geom_a = 0
 geom_q = 0
 geom_c = 0.0
f0= 7.3091e+00
using cgsolve in c++, ic=False
diag(geom) min= 119.305644 max= 12011.501886
diag(all) min= 119.305644 max= 12011.501886
Trying gamma equal 0.000000
Convergence reached after 11 iterations with no gamma cycles
min(dx) = -1.7747852293602125e-09
max(dx) = 4.8107137789865426e-09
mean(dx)= 1.6204013163764003e-10
vdws = 4
atoms = 6
pairs = 14
 geom_x = 7.309072300727775
 geom_a = 0
 geom_q = 0
 geom_c = 0.0
f1, 0= 7.3091e+00
                          N restraints  r.m.s.d.  r.m.s.Z  Mn(sigma)
Bond distances, non H                5     0.005    0.313      0.016
Bond angles, non H                   5     1.088    0.645      2.428
Torsion angles, period 2             1     0.000    0.000      5.000
Planar groups                        4     0.000    0.000      0.020
VDW torsion                          1     0.347    1.735      0.200


$TABLE: stats vs cycle :
$GRAPHS
: Geometry :A:1,2,4:
: Geometry Z :A:1,3,5:
$$
 Ncyc  rmsBOND  zBOND  rmsANGL  zANGL
$$
$$
    0   0.0457 2.7741   2.7647 1.1230
    1   0.0126 0.8993   1.1623 0.6854
    2   0.0053 0.3140   1.0882 0.6453
    3   0.0053 0.3130   1.0880 0.6451
    4   0.0053 0.3130   1.0879 0.6451
    5   0.0053 0.3130   1.0879 0.6451
    6   0.0053 0.3130   1.0879 0.6451
    7   0.0053 0.3130   1.0879 0.6451
    8   0.0053 0.3130   1.0879 0.6451
    9   0.0053 0.3130   1.0879 0.6451
   10   0.0053 0.3130   1.0879 0.6451
$$

Running 30 cycles with wchir=1 wvdw=2 without hydrogen
Geometry weights
vdws = 4
atoms = 6
pairs = 14
                          N restraints  r.m.s.d.  r.m.s.Z  Mn(sigma)
Bond distances, non H                5     0.005    0.313      0.016
Bond angles, non H                   5     1.088    0.645      2.428
Torsion angles, period 2             1     0.000    0.000      5.000
Planar groups                        4     0.000    0.000      0.020
VDW torsion                          1     0.347    1.735      0.200


====== CYCLE  1 ======

 weight = 1.0000e+00
 geom_x = 7.309072300727775
 geom_a = 0
 geom_q = 0
 geom_c = 0.0
f0= 7.3091e+00
using cgsolve in c++, ic=False
diag(geom) min= 119.305648 max= 12011.501887
diag(all) min= 119.305648 max= 12011.501887
Trying gamma equal 0.000000
Convergence reached after 11 iterations with no gamma cycles
min(dx) = -2.928056532326298e-10
max(dx) = 7.936761160827335e-10
mean(dx)= 2.6733543301861888e-11
vdws = 4
atoms = 6
pairs = 14
 geom_x = 7.309072300727783
 geom_a = 0
 geom_q = 0
 geom_c = 0.0
f1, 0= 7.3091e+00
min(dx) = -1.464028266163149e-10
max(dx) = 3.9683805804136673e-10
mean(dx)= 1.3366771650930944e-11
vdws = 4
atoms = 6
pairs = 14
 geom_x = 7.309072300727786
 geom_a = 0
 geom_q = 0
 geom_c = 0.0
f1, 1= 7.3091e+00
min(dx) = -7.320141330815745e-11
max(dx) = 1.9841902902068337e-10
mean(dx)= 6.683385825465472e-12
vdws = 4
atoms = 6
pairs = 14
 geom_x = 7.309072300727781
 geom_a = 0
 geom_q = 0
 geom_c = 0.0
f1, 2= 7.3091e+00
WARNING: function not minimised
                          N restraints  r.m.s.d.  r.m.s.Z  Mn(sigma)
Bond distances, non H                5     0.005    0.313      0.016
Bond angles, non H                   5     1.088    0.645      2.428
Torsion angles, period 2             1     0.000    0.000      5.000
Planar groups                        4     0.000    0.000      0.020
VDW torsion                          1     0.347    1.735      0.200



====== CYCLE  2 ======

 weight = 1.0000e+00
 geom_x = 7.309072300727781
 geom_a = 0
 geom_q = 0
 geom_c = 0.0
f0= 7.3091e+00
using cgsolve in c++, ic=False
diag(geom) min= 119.305648 max= 12011.501887
diag(all) min= 119.305648 max= 12011.501887
Trying gamma equal 0.000000
Convergence reached after 11 iterations with no gamma cycles
min(dx) = -2.3168103175657672e-10
max(dx) = 6.279913793805803e-10
mean(dx)= 2.1152756526019326e-11
vdws = 4
atoms = 6
pairs = 14
 geom_x = 7.309072300727765
 geom_a = 0
 geom_q = 0
 geom_c = 0.0
f1, 0= 7.3091e+00
                          N restraints  r.m.s.d.  r.m.s.Z  Mn(sigma)
Bond distances, non H                5     0.005    0.313      0.016
Bond angles, non H                   5     1.088    0.645      2.428
Torsion angles, period 2             1     0.000    0.000      5.000
Planar groups                        4     0.000    0.000      0.020
VDW torsion                          1     0.347    1.735      0.200



====== CYCLE  3 ======

 weight = 1.0000e+00
 geom_x = 7.309072300727765
 geom_a = 0
 geom_q = 0
 geom_c = 0.0
f0= 7.3091e+00
using cgsolve in c++, ic=False
diag(geom) min= 119.305648 max= 12011.501887
diag(all) min= 119.305648 max= 12011.501887
Trying gamma equal 0.000000
Convergence reached after 11 iterations with no gamma cycles
min(dx) = -3.8222704505932745e-11
max(dx) = 1.0360710582586953e-10
mean(dx)= 3.489817500662666e-12
vdws = 4
atoms = 6
pairs = 14
 geom_x = 7.309072300727778
 geom_a = 0
 geom_q = 0
 geom_c = 0.0
f1, 0= 7.3091e+00
min(dx) = -1.9111352252966373e-11
max(dx) = 5.180355291293476e-11
mean(dx)= 1.744908750331333e-12
vdws = 4
atoms = 6
pairs = 14
 geom_x = 7.3090723007278005
 geom_a = 0
 geom_q = 0
 geom_c = 0.0
f1, 1= 7.3091e+00
min(dx) = -9.555676126483186e-12
max(dx) = 2.590177645646738e-11
mean(dx)= 8.724543751656665e-13
vdws = 4
atoms = 6
pairs = 14
 geom_x = 7.3090723007277685
 geom_a = 0
 geom_q = 0
 geom_c = 0.0
f1, 2= 7.3091e+00
WARNING: function not minimised
                          N restraints  r.m.s.d.  r.m.s.Z  Mn(sigma)
Bond distances, non H                5     0.005    0.313      0.016
Bond angles, non H                   5     1.088    0.645      2.428
Torsion angles, period 2             1     0.000    0.000      5.000
Planar groups                        4     0.000    0.000      0.020
VDW torsion                          1     0.347    1.735      0.200



====== CYCLE  4 ======

 weight = 1.0000e+00
 geom_x = 7.3090723007277685
 geom_a = 0
 geom_q = 0
 geom_c = 0.0
f0= 7.3091e+00
using cgsolve in c++, ic=False
diag(geom) min= 119.305648 max= 12011.501887
diag(all) min= 119.305648 max= 12011.501887
Trying gamma equal 0.000000
Convergence reached after 11 iterations with no gamma cycles
min(dx) = -3.024355208227041e-11
max(dx) = 8.197814451126621e-11
mean(dx)= 2.761283939742687e-12
vdws = 4
atoms = 6
pairs = 14
 geom_x = 7.309072300727774
 geom_a = 0
 geom_q = 0
 geom_c = 0.0
f1, 0= 7.3091e+00
min(dx) = -1.5121776041135203e-11
max(dx) = 4.0989072255633104e-11
mean(dx)= 1.3806419698713435e-12
vdws = 4
atoms = 6
pairs = 14
 geom_x = 7.309072300727797
 geom_a = 0
 geom_q = 0
 geom_c = 0.0
f1, 1= 7.3091e+00
min(dx) = -7.560888020567602e-12
max(dx) = 2.0494536127816552e-11
mean(dx)= 6.903209849356717e-13
vdws = 4
atoms = 6
pairs = 14
 geom_x = 7.309072300727795
 geom_a = 0
 geom_q = 0
 geom_c = 0.0
f1, 2= 7.3091e+00
WARNING: function not minimised
                          N restraints  r.m.s.d.  r.m.s.Z  Mn(sigma)
Bond distances, non H                5     0.005    0.313      0.016
Bond angles, non H                   5     1.088    0.645      2.428
Torsion angles, period 2             1     0.000    0.000      5.000
Planar groups                        4     0.000    0.000      0.020
VDW torsion                          1     0.347    1.735      0.200



====== CYCLE  5 ======

 weight = 1.0000e+00
 geom_x = 7.309072300727795
 geom_a = 0
 geom_q = 0
 geom_c = 0.0
f0= 7.3091e+00
using cgsolve in c++, ic=False
diag(geom) min= 119.305648 max= 12011.501887
diag(all) min= 119.305648 max= 12011.501887
Trying gamma equal 0.000000
Convergence reached after 11 iterations with no gamma cycles
min(dx) = -2.393026416526542e-11
max(dx) = 6.486550121234088e-11
mean(dx)= 2.184869570809426e-12
vdws = 4
atoms = 6
pairs = 14
 geom_x = 7.309072300727791
 geom_a = 0
 geom_q = 0
 geom_c = 0.0
f1, 0= 7.3091e+00
                          N restraints  r.m.s.d.  r.m.s.Z  Mn(sigma)
Bond distances, non H                5     0.005    0.313      0.016
Bond angles, non H                   5     1.088    0.645      2.428
Torsion angles, period 2             1     0.000    0.000      5.000
Planar groups                        4     0.000    0.000      0.020
VDW torsion                          1     0.347    1.735      0.200



====== CYCLE  6 ======

 weight = 1.0000e+00
 geom_x = 7.309072300727791
 geom_a = 0
 geom_q = 0
 geom_c = 0.0
f0= 7.3091e+00
using cgsolve in c++, ic=False
diag(geom) min= 119.305649 max= 12011.501887
diag(all) min= 119.305649 max= 12011.501887
Trying gamma equal 0.000000
Convergence reached after 11 iterations with no gamma cycles
min(dx) = -3.9482704336646094e-12
max(dx) = 1.070179953301287e-11
mean(dx)= 3.6047170907693554e-13
vdws = 4
atoms = 6
pairs = 14
 geom_x = 7.309072300727762
 geom_a = 0
 geom_q = 0
 geom_c = 0.0
f1, 0= 7.3091e+00
                          N restraints  r.m.s.d.  r.m.s.Z  Mn(sigma)
Bond distances, non H                5     0.005    0.313      0.016
Bond angles, non H                   5     1.088    0.645      2.428
Torsion angles, period 2             1     0.000    0.000      5.000
Planar groups                        4     0.000    0.000      0.020
VDW torsion                          1     0.347    1.735      0.200



====== CYCLE  7 ======

 weight = 1.0000e+00
 geom_x = 7.309072300727762
 geom_a = 0
 geom_q = 0
 geom_c = 0.0
f0= 7.3091e+00
using cgsolve in c++, ic=False
diag(geom) min= 119.305649 max= 12011.501887
diag(all) min= 119.305649 max= 12011.501887
Trying gamma equal 0.000000
Convergence reached after 11 iterations with no gamma cycles
min(dx) = -6.512942043529931e-13
max(dx) = 1.7657783372724462e-12
mean(dx)= 5.948801575201098e-14
vdws = 4
atoms = 6
pairs = 14
 geom_x = 7.309072300727786
 geom_a = 0
 geom_q = 0
 geom_c = 0.0
f1, 0= 7.3091e+00
min(dx) = -3.2564710217649654e-13
max(dx) = 8.828891686362231e-13
mean(dx)= 2.974400787600549e-14
vdws = 4
atoms = 6
pairs = 14
 geom_x = 7.309072300727789
 geom_a = 0
 geom_q = 0
 geom_c = 0.0
f1, 1= 7.3091e+00
min(dx) = -1.6282355108824827e-13
max(dx) = 4.4144458431811155e-13
mean(dx)= 1.4872003938002746e-14
vdws = 4
atoms = 6
pairs = 14
 geom_x = 7.309072300727788
 geom_a = 0
 geom_q = 0
 geom_c = 0.0
f1, 2= 7.3091e+00
WARNING: function not minimised
                          N restraints  r.m.s.d.  r.m.s.Z  Mn(sigma)
Bond distances, non H                5     0.005    0.313      0.016
Bond angles, non H                   5     1.088    0.645      2.428
Torsion angles, period 2             1     0.000    0.000      5.000
Planar groups                        4     0.000    0.000      0.020
VDW torsion                          1     0.347    1.735      0.200



====== CYCLE  8 ======

 weight = 1.0000e+00
 geom_x = 7.309072300727788
 geom_a = 0
 geom_q = 0
 geom_c = 0.0
f0= 7.3091e+00
using cgsolve in c++, ic=False
diag(geom) min= 119.305649 max= 12011.501887
diag(all) min= 119.305649 max= 12011.501887
Trying gamma equal 0.000000
Convergence reached after 11 iterations with no gamma cycles
min(dx) = -5.153267576458966e-13
max(dx) = 1.3972260120618671e-12
mean(dx)= 4.707920149691931e-14
vdws = 4
atoms = 6
pairs = 14
 geom_x = 7.3090723007277925
 geom_a = 0
 geom_q = 0
 geom_c = 0.0
f1, 0= 7.3091e+00
min(dx) = -2.576633788229483e-13
max(dx) = 6.986130060309336e-13
mean(dx)= 2.3539600748459655e-14
vdws = 4
atoms = 6
pairs = 14
 geom_x = 7.309072300727775
 geom_a = 0
 geom_q = 0
 geom_c = 0.0
f1, 1= 7.3091e+00
                          N restraints  r.m.s.d.  r.m.s.Z  Mn(sigma)
Bond distances, non H                5     0.005    0.313      0.016
Bond angles, non H                   5     1.088    0.645      2.428
Torsion angles, period 2             1     0.000    0.000      5.000
Planar groups                        4     0.000    0.000      0.020
VDW torsion                          1     0.347    1.735      0.200



====== CYCLE  9 ======

 weight = 1.0000e+00
 geom_x = 7.309072300727775
 geom_a = 0
 geom_q = 0
 geom_c = 0.0
f0= 7.3091e+00
using cgsolve in c++, ic=False
diag(geom) min= 119.305649 max= 12011.501887
diag(all) min= 119.305649 max= 12011.501887
Trying gamma equal 0.000000
Convergence reached after 11 iterations with no gamma cycles
min(dx) = -3.000591891620382e-13
max(dx) = 8.137572509378176e-13
mean(dx)= 2.7432316906132903e-14
vdws = 4
atoms = 6
pairs = 14
 geom_x = 7.309072300727779
 geom_a = 0
 geom_q = 0
 geom_c = 0.0
f1, 0= 7.3091e+00
min(dx) = -1.500295945810191e-13
max(dx) = 4.068786254689088e-13
mean(dx)= 1.3716158453066452e-14
vdws = 4
atoms = 6
pairs = 14
 geom_x = 7.309072300727796
 geom_a = 0
 geom_q = 0
 geom_c = 0.0
f1, 1= 7.3091e+00
min(dx) = -7.501479729050955e-14
max(dx) = 2.034393127344544e-13
mean(dx)= 6.858079226533226e-15
vdws = 4
atoms = 6
pairs = 14
 geom_x = 7.3090723007277845
 geom_a = 0
 geom_q = 0
 geom_c = 0.0
f1, 2= 7.3091e+00
WARNING: function not minimised
                          N restraints  r.m.s.d.  r.m.s.Z  Mn(sigma)
Bond distances, non H                5     0.005    0.313      0.016
Bond angles, non H                   5     1.088    0.645      2.428
Torsion angles, period 2             1     0.000    0.000      5.000
Planar groups                        4     0.000    0.000      0.020
VDW torsion                          1     0.347    1.735      0.200



====== CYCLE 10 ======

 weight = 1.0000e+00
 geom_x = 7.3090723007277845
 geom_a = 0
 geom_q = 0
 geom_c = 0.0
f0= 7.3091e+00
using cgsolve in c++, ic=False
diag(geom) min= 119.305649 max= 12011.501887
diag(all) min= 119.305649 max= 12011.501887
Trying gamma equal 0.000000
Convergence reached after 11 iterations with no gamma cycles
min(dx) = -2.376611838524361e-13
max(dx) = 6.442050016968127e-13
mean(dx)= 2.1689060847500526e-14
vdws = 4
atoms = 6
pairs = 14
 geom_x = 7.309072300727788
 geom_a = 0
 geom_q = 0
 geom_c = 0.0
f1, 0= 7.3091e+00
min(dx) = -1.1883059192621806e-13
max(dx) = 3.2210250084840634e-13
mean(dx)= 1.0844530423750263e-14
vdws = 4
atoms = 6
pairs = 14
 geom_x = 7.309072300727814
 geom_a = 0
 geom_q = 0
 geom_c = 0.0
f1, 1= 7.3091e+00
min(dx) = -5.941529596310903e-14
max(dx) = 1.6105125042420317e-13
mean(dx)= 5.4222652118751316e-15
vdws = 4
atoms = 6
pairs = 14
 geom_x = 7.3090723007277925
 geom_a = 0
 geom_q = 0
 geom_c = 0.0
f1, 2= 7.3091e+00
WARNING: function not minimised
                          N restraints  r.m.s.d.  r.m.s.Z  Mn(sigma)
Bond distances, non H                5     0.005    0.313      0.016
Bond angles, non H                   5     1.088    0.645      2.428
Torsion angles, period 2             1     0.000    0.000      5.000
Planar groups                        4     0.000    0.000      0.020
VDW torsion                          1     0.347    1.735      0.200



====== CYCLE 11 ======

 weight = 1.0000e+00
 geom_x = 7.3090723007277925
 geom_a = 0
 geom_q = 0
 geom_c = 0.0
f0= 7.3091e+00
using cgsolve in c++, ic=False
diag(geom) min= 119.305649 max= 12011.501887
diag(all) min= 119.305649 max= 12011.501887
Trying gamma equal 0.000000
Convergence reached after 11 iterations with no gamma cycles
min(dx) = -1.8775125352116521e-13
max(dx) = 5.092979575782154e-13
mean(dx)= 1.713460734654028e-14
vdws = 4
atoms = 6
pairs = 14
 geom_x = 7.3090723007277925
 geom_a = 0
 geom_q = 0
 geom_c = 0.0
f1, 0= 7.3091e+00
min(dx) = -9.387562676058261e-14
max(dx) = 2.546489787891077e-13
mean(dx)= 8.56730367327014e-15
vdws = 4
atoms = 6
pairs = 14
 geom_x = 7.309072300727785
 geom_a = 0
 geom_q = 0
 geom_c = 0.0
f1, 1= 7.3091e+00
                          N restraints  r.m.s.d.  r.m.s.Z  Mn(sigma)
Bond distances, non H                5     0.005    0.313      0.016
Bond angles, non H                   5     1.088    0.645      2.428
Torsion angles, period 2             1     0.000    0.000      5.000
Planar groups                        4     0.000    0.000      0.020
VDW torsion                          1     0.347    1.735      0.200



====== CYCLE 12 ======

 weight = 1.0000e+00
 geom_x = 7.309072300727785
 geom_a = 0
 geom_q = 0
 geom_c = 0.0
f0= 7.3091e+00
using cgsolve in c++, ic=False
diag(geom) min= 119.305649 max= 12011.501887
diag(all) min= 119.305649 max= 12011.501887
Trying gamma equal 0.000000
Convergence reached after 11 iterations with no gamma cycles
min(dx) = -1.0957951680372631e-13
max(dx) = 2.9621417652442475e-13
mean(dx)= 9.972186095066866e-15
vdws = 4
atoms = 6
pairs = 14
 geom_x = 7.309072300727795
 geom_a = 0
 geom_q = 0
 geom_c = 0.0
f1, 0= 7.3091e+00
min(dx) = -5.4789758401863156e-14
max(dx) = 1.4810708826221237e-13
mean(dx)= 4.986093047533433e-15
vdws = 4
atoms = 6
pairs = 14
 geom_x = 7.309072300727786
 geom_a = 0
 geom_q = 0
 geom_c = 0.0
f1, 1= 7.3091e+00
min(dx) = -2.7394879200931578e-14
max(dx) = 7.405354413110619e-14
mean(dx)= 2.4930465237667165e-15
vdws = 4
atoms = 6
pairs = 14
 geom_x = 7.309072300727782
 geom_a = 0
 geom_q = 0
 geom_c = 0.0
f1, 2= 7.3091e+00
                          N restraints  r.m.s.d.  r.m.s.Z  Mn(sigma)
Bond distances, non H                5     0.005    0.313      0.016
Bond angles, non H                   5     1.088    0.645      2.428
Torsion angles, period 2             1     0.000    0.000      5.000
Planar groups                        4     0.000    0.000      0.020
VDW torsion                          1     0.347    1.735      0.200



====== CYCLE 13 ======

 weight = 1.0000e+00
 geom_x = 7.309072300727782
 geom_a = 0
 geom_q = 0
 geom_c = 0.0
f0= 7.3091e+00
using cgsolve in c++, ic=False
diag(geom) min= 119.305649 max= 12011.501887
diag(all) min= 119.305649 max= 12011.501887
Trying gamma equal 0.000000
Convergence reached after 11 iterations with no gamma cycles
min(dx) = -8.653922814088886e-14
max(dx) = 2.354426453168651e-13
mean(dx)= 7.941270826079258e-15
vdws = 4
atoms = 6
pairs = 14
 geom_x = 7.309072300727781
 geom_a = 0
 geom_q = 0
 geom_c = 0.0
f1, 0= 7.3091e+00
                          N restraints  r.m.s.d.  r.m.s.Z  Mn(sigma)
Bond distances, non H                5     0.005    0.313      0.016
Bond angles, non H                   5     1.088    0.645      2.428
Torsion angles, period 2             1     0.000    0.000      5.000
Planar groups                        4     0.000    0.000      0.020
VDW torsion                          1     0.347    1.735      0.200



====== CYCLE 14 ======

 weight = 1.0000e+00
 geom_x = 7.309072300727781
 geom_a = 0
 geom_q = 0
 geom_c = 0.0
f0= 7.3091e+00
using cgsolve in c++, ic=False
diag(geom) min= 119.305649 max= 12011.501887
diag(all) min= 119.305649 max= 12011.501887
Trying gamma equal 0.000000
Not converging with gamma equal 0.000000
Trying gamma equal 0.052500
Gamma decreased to 0.042000
min(dx) = -1.3613395979312963e-14
max(dx) = 3.5402064828011933e-14
mean(dx)= 1.1430922127030538e-15
vdws = 4
atoms = 6
pairs = 14
 geom_x = 7.30907230072779
 geom_a = 0
 geom_q = 0
 geom_c = 0.0
f1, 0= 7.3091e+00
min(dx) = -6.806697989656481e-15
max(dx) = 1.7701032414005967e-14
mean(dx)= 5.715461063515269e-16
vdws = 4
atoms = 6
pairs = 14
 geom_x = 7.309072300727775
 geom_a = 0
 geom_q = 0
 geom_c = 0.0
f1, 1= 7.3091e+00
                          N restraints  r.m.s.d.  r.m.s.Z  Mn(sigma)
Bond distances, non H                5     0.005    0.313      0.016
Bond angles, non H                   5     1.088    0.645      2.428
Torsion angles, period 2             1     0.000    0.000      5.000
Planar groups                        4     0.000    0.000      0.020
VDW torsion                          1     0.347    1.735      0.200



====== CYCLE 15 ======

 weight = 1.0000e+00
 geom_x = 7.309072300727775
 geom_a = 0
 geom_q = 0
 geom_c = 0.0
f0= 7.3091e+00
using cgsolve in c++, ic=False
diag(geom) min= 119.305649 max= 12011.501887
diag(all) min= 119.305649 max= 12011.501887
Trying gamma equal 0.042000
Convergence reached after 12 iterations with no gamma cycles
min(dx) = -8.337121998966216e-15
max(dx) = 2.2908749750099535e-14
mean(dx)= 7.826014611951471e-16
vdws = 4
atoms = 6
pairs = 14
 geom_x = 7.309072300727793
 geom_a = 0
 geom_q = 0
 geom_c = 0.0
f1, 0= 7.3091e+00
min(dx) = -4.168560999483108e-15
max(dx) = 1.1454374875049768e-14
mean(dx)= 3.9130073059757356e-16
vdws = 4
atoms = 6
pairs = 14
 geom_x = 7.309072300727804
 geom_a = 0
 geom_q = 0
 geom_c = 0.0
f1, 1= 7.3091e+00
min(dx) = -2.084280499741554e-15
max(dx) = 5.727187437524884e-15
mean(dx)= 1.9565036529878678e-16
vdws = 4
atoms = 6
pairs = 14
 geom_x = 7.30907230072779
 geom_a = 0
 geom_q = 0
 geom_c = 0.0
f1, 2= 7.3091e+00
WARNING: function not minimised
                          N restraints  r.m.s.d.  r.m.s.Z  Mn(sigma)
Bond distances, non H                5     0.005    0.313      0.016
Bond angles, non H                   5     1.088    0.645      2.428
Torsion angles, period 2             1     0.000    0.000      5.000
Planar groups                        4     0.000    0.000      0.020
VDW torsion                          1     0.347    1.735      0.200



====== CYCLE 16 ======

 weight = 1.0000e+00
 geom_x = 7.30907230072779
 geom_a = 0
 geom_q = 0
 geom_c = 0.0
f0= 7.3091e+00
using cgsolve in c++, ic=False
diag(geom) min= 119.305649 max= 12011.501887
diag(all) min= 119.305649 max= 12011.501887
Trying gamma equal 0.042000
Convergence reached after 12 iterations with no gamma cycles
min(dx) = -6.710311116053025e-15
max(dx) = 1.7989775529803342e-14
mean(dx)= 6.183983058764719e-16
vdws = 4
atoms = 6
pairs = 14
 geom_x = 7.309072300727791
 geom_a = 0
 geom_q = 0
 geom_c = 0.0
f1, 0= 7.3091e+00
min(dx) = -3.3551555580265125e-15
max(dx) = 8.994887764901671e-15
mean(dx)= 3.0919915293823593e-16
vdws = 4
atoms = 6
pairs = 14
 geom_x = 7.30907230072779
 geom_a = 0
 geom_q = 0
 geom_c = 0.0
f1, 1= 7.3091e+00
min(dx) = -1.6775777790132562e-15
max(dx) = 4.4974438824508355e-15
mean(dx)= 1.5459957646911796e-16
vdws = 4
atoms = 6
pairs = 14
 geom_x = 7.309072300727793
 geom_a = 0
 geom_q = 0
 geom_c = 0.0
f1, 2= 7.3091e+00
WARNING: function not minimised
                          N restraints  r.m.s.d.  r.m.s.Z  Mn(sigma)
Bond distances, non H                5     0.005    0.313      0.016
Bond angles, non H                   5     1.088    0.645      2.428
Torsion angles, period 2             1     0.000    0.000      5.000
Planar groups                        4     0.000    0.000      0.020
VDW torsion                          1     0.347    1.735      0.200



====== CYCLE 17 ======

 weight = 1.0000e+00
 geom_x = 7.309072300727793
 geom_a = 0
 geom_q = 0
 geom_c = 0.0
f0= 7.3091e+00
using cgsolve in c++, ic=False
diag(geom) min= 119.305649 max= 12011.501887
diag(all) min= 119.305649 max= 12011.501887
Trying gamma equal 0.042000
Convergence reached after 12 iterations with no gamma cycles
min(dx) = -5.323856772395857e-15
max(dx) = 1.451088060885216e-14
mean(dx)= 5.109169040086745e-16
vdws = 4
atoms = 6
pairs = 14
 geom_x = 7.3090723007277765
 geom_a = 0
 geom_q = 0
 geom_c = 0.0
f1, 0= 7.3091e+00
                          N restraints  r.m.s.d.  r.m.s.Z  Mn(sigma)
Bond distances, non H                5     0.005    0.313      0.016
Bond angles, non H                   5     1.088    0.645      2.428
Torsion angles, period 2             1     0.000    0.000      5.000
Planar groups                        4     0.000    0.000      0.020
VDW torsion                          1     0.347    1.735      0.200



====== CYCLE 18 ======

 weight = 1.0000e+00
 geom_x = 7.3090723007277765
 geom_a = 0
 geom_q = 0
 geom_c = 0.0
f0= 7.3091e+00
using cgsolve in c++, ic=False
diag(geom) min= 119.305649 max= 12011.501887
diag(all) min= 119.305649 max= 12011.501887
Trying gamma equal 0.042000
Convergence reached after 12 iterations with no gamma cycles
min(dx) = -1.0228304141711735e-15
max(dx) = 2.404266677719011e-15
mean(dx)= 5.085394335985467e-17
vdws = 4
atoms = 6
pairs = 14
 geom_x = 7.309072300727797
 geom_a = 0
 geom_q = 0
 geom_c = 0.0
f1, 0= 7.3091e+00
min(dx) = -5.114152070855867e-16
max(dx) = 1.2021333388595056e-15
mean(dx)= 2.5426971679927336e-17
vdws = 4
atoms = 6
pairs = 14
 geom_x = 7.3090723007277765
 geom_a = 0
 geom_q = 0
 geom_c = 0.0
f1, 1= 7.3091e+00
min(dx) = -2.5570760354279336e-16
max(dx) = 6.010666694297528e-16
mean(dx)= 1.2713485839963668e-17
vdws = 4
atoms = 6
pairs = 14
 geom_x = 7.309072300727792
 geom_a = 0
 geom_q = 0
 geom_c = 0.0
f1, 2= 7.3091e+00
WARNING: function not minimised
                          N restraints  r.m.s.d.  r.m.s.Z  Mn(sigma)
Bond distances, non H                5     0.005    0.313      0.016
Bond angles, non H                   5     1.088    0.645      2.428
Torsion angles, period 2             1     0.000    0.000      5.000
Planar groups                        4     0.000    0.000      0.020
VDW torsion                          1     0.347    1.735      0.200



====== CYCLE 19 ======

 weight = 1.0000e+00
 geom_x = 7.309072300727792
 geom_a = 0
 geom_q = 0
 geom_c = 0.0
f0= 7.3091e+00
using cgsolve in c++, ic=False
diag(geom) min= 119.305649 max= 12011.501887
diag(all) min= 119.305649 max= 12011.501887
Trying gamma equal 0.042000
Convergence reached after 12 iterations with no gamma cycles
min(dx) = -8.465547181060069e-16
max(dx) = 1.7292329535363973e-15
mean(dx)= 2.900013425758525e-17
vdws = 4
atoms = 6
pairs = 14
 geom_x = 7.309072300727797
 geom_a = 0
 geom_q = 0
 geom_c = 0.0
f1, 0= 7.3091e+00
min(dx) = -4.2327735905300343e-16
max(dx) = 8.646164767681987e-16
mean(dx)= 1.4500067128792625e-17
vdws = 4
atoms = 6
pairs = 14
 geom_x = 7.3090723007277845
 geom_a = 0
 geom_q = 0
 geom_c = 0.0
f1, 1= 7.3091e+00
                          N restraints  r.m.s.d.  r.m.s.Z  Mn(sigma)
Bond distances, non H                5     0.005    0.313      0.016
Bond angles, non H                   5     1.088    0.645      2.428
Torsion angles, period 2             1     0.000    0.000      5.000
Planar groups                        4     0.000    0.000      0.020
VDW torsion                          1     0.347    1.735      0.200



====== CYCLE 20 ======

 weight = 1.0000e+00
 geom_x = 7.3090723007277845
 geom_a = 0
 geom_q = 0
 geom_c = 0.0
f0= 7.3091e+00
using cgsolve in c++, ic=False
diag(geom) min= 119.305649 max= 12011.501887
diag(all) min= 119.305649 max= 12011.501887
Trying gamma equal 0.042000
Convergence reached after 12 iterations with no gamma cycles
min(dx) = -3.5665129769160924e-16
max(dx) = 1.5029026209501794e-15
mean(dx)= 7.63499717436378e-17
vdws = 4
atoms = 6
pairs = 14
 geom_x = 7.309072300727763
 geom_a = 0
 geom_q = 0
 geom_c = 0.0
f1, 0= 7.3091e+00
                          N restraints  r.m.s.d.  r.m.s.Z  Mn(sigma)
Bond distances, non H                5     0.005    0.313      0.016
Bond angles, non H                   5     1.088    0.645      2.428
Torsion angles, period 2             1     0.000    0.000      5.000
Planar groups                        4     0.000    0.000      0.020
VDW torsion                          1     0.347    1.735      0.200



====== CYCLE 21 ======

 weight = 1.0000e+00
 geom_x = 7.309072300727763
 geom_a = 0
 geom_q = 0
 geom_c = 0.0
f0= 7.3091e+00
using cgsolve in c++, ic=False
diag(geom) min= 119.305649 max= 12011.501887
diag(all) min= 119.305649 max= 12011.501887
Trying gamma equal 0.042000
Convergence reached after 12 iterations with no gamma cycles
min(dx) = -4.398661517302008e-16
max(dx) = 1.9496396645016078e-16
mean(dx)= -2.8755615592637726e-17
vdws = 4
atoms = 6
pairs = 14
 geom_x = 7.309072300727795
 geom_a = 0
 geom_q = 0
 geom_c = 0.0
f1, 0= 7.3091e+00
min(dx) = -2.199330758651004e-16
max(dx) = 9.748198322508039e-17
mean(dx)= -1.4377807796318863e-17
vdws = 4
atoms = 6
pairs = 14
 geom_x = 7.309072300727804
 geom_a = 0
 geom_q = 0
 geom_c = 0.0
f1, 1= 7.3091e+00
min(dx) = -1.099665379325502e-16
max(dx) = 4.8740991612540194e-17
mean(dx)= -7.188903898159431e-18
vdws = 4
atoms = 6
pairs = 14
 geom_x = 7.309072300727804
 geom_a = 0
 geom_q = 0
 geom_c = 0.0
f1, 2= 7.3091e+00
WARNING: function not minimised
                          N restraints  r.m.s.d.  r.m.s.Z  Mn(sigma)
Bond distances, non H                5     0.005    0.313      0.016
Bond angles, non H                   5     1.088    0.645      2.428
Torsion angles, period 2             1     0.000    0.000      5.000
Planar groups                        4     0.000    0.000      0.020
VDW torsion                          1     0.347    1.735      0.200



====== CYCLE 22 ======

 weight = 1.0000e+00
 geom_x = 7.309072300727804
 geom_a = 0
 geom_q = 0
 geom_c = 0.0
f0= 7.3091e+00
using cgsolve in c++, ic=False
diag(geom) min= 119.305649 max= 12011.501887
diag(all) min= 119.305649 max= 12011.501887
Trying gamma equal 0.042000
Convergence reached after 12 iterations with no gamma cycles
min(dx) = -3.040268979518097e-16
max(dx) = 2.6558935261039365e-16
mean(dx)= -9.877640759124871e-18
vdws = 4
atoms = 6
pairs = 14
 geom_x = 7.309072300727779
 geom_a = 0
 geom_q = 0
 geom_c = 0.0
f1, 0= 7.3091e+00
                          N restraints  r.m.s.d.  r.m.s.Z  Mn(sigma)
Bond distances, non H                5     0.005    0.313      0.016
Bond angles, non H                   5     1.088    0.645      2.428
Torsion angles, period 2             1     0.000    0.000      5.000
Planar groups                        4     0.000    0.000      0.020
VDW torsion                          1     0.347    1.735      0.200



====== CYCLE 23 ======

 weight = 1.0000e+00
 geom_x = 7.309072300727779
 geom_a = 0
 geom_q = 0
 geom_c = 0.0
f0= 7.3091e+00
using cgsolve in c++, ic=False
diag(geom) min= 119.305649 max= 12011.501887
diag(all) min= 119.305649 max= 12011.501887
Trying gamma equal 0.042000
Convergence reached after 12 iterations with no gamma cycles
min(dx) = -2.568750250264793e-16
max(dx) = 3.5932886984709546e-16
mean(dx)= 3.287754390589705e-17
vdws = 4
atoms = 6
pairs = 14
 geom_x = 7.309072300727781
 geom_a = 0
 geom_q = 0
 geom_c = 0.0
f1, 0= 7.3091e+00
min(dx) = -1.2843751251323965e-16
max(dx) = 1.7966443492354773e-16
mean(dx)= 1.6438771952948524e-17
vdws = 4
atoms = 6
pairs = 14
 geom_x = 7.309072300727779
 geom_a = 0
 geom_q = 0
 geom_c = 0.0
f1, 1= 7.3091e+00
min(dx) = -6.421875625661983e-17
max(dx) = 8.983221746177386e-17
mean(dx)= 8.219385976474262e-18
vdws = 4
atoms = 6
pairs = 14
 geom_x = 7.309072300727779
 geom_a = 0
 geom_q = 0
 geom_c = 0.0
f1, 2= 7.3091e+00
WARNING: function not minimised
                          N restraints  r.m.s.d.  r.m.s.Z  Mn(sigma)
Bond distances, non H                5     0.005    0.313      0.016
Bond angles, non H                   5     1.088    0.645      2.428
Torsion angles, period 2             1     0.000    0.000      5.000
Planar groups                        4     0.000    0.000      0.020
VDW torsion                          1     0.347    1.735      0.200



====== CYCLE 24 ======

 weight = 1.0000e+00
 geom_x = 7.309072300727779
 geom_a = 0
 geom_q = 0
 geom_c = 0.0
f0= 7.3091e+00
using cgsolve in c++, ic=False
diag(geom) min= 119.305649 max= 12011.501887
diag(all) min= 119.305649 max= 12011.501887
Trying gamma equal 0.042000
Convergence reached after 12 iterations with no gamma cycles
min(dx) = -1.3552536205241112e-16
max(dx) = 2.318745754497287e-16
mean(dx)= -5.05034082684568e-18
vdws = 4
atoms = 6
pairs = 14
 geom_x = 7.309072300727789
 geom_a = 0
 geom_q = 0
 geom_c = 0.0
f1, 0= 7.3091e+00
min(dx) = -6.776268102620556e-17
max(dx) = 1.1593728772486434e-16
mean(dx)= -2.52517041342284e-18
vdws = 4
atoms = 6
pairs = 14
 geom_x = 7.309072300727779
 geom_a = 0
 geom_q = 0
 geom_c = 0.0
f1, 1= 7.3091e+00
min(dx) = -3.388134051310278e-17
max(dx) = 5.796864386243217e-17
mean(dx)= -1.26258520671142e-18
vdws = 4
atoms = 6
pairs = 14
 geom_x = 7.309072300727779
 geom_a = 0
 geom_q = 0
 geom_c = 0.0
f1, 2= 7.3091e+00
WARNING: function not minimised
                          N restraints  r.m.s.d.  r.m.s.Z  Mn(sigma)
Bond distances, non H                5     0.005    0.313      0.016
Bond angles, non H                   5     1.088    0.645      2.428
Torsion angles, period 2             1     0.000    0.000      5.000
Planar groups                        4     0.000    0.000      0.020
VDW torsion                          1     0.347    1.735      0.200



====== CYCLE 25 ======

 weight = 1.0000e+00
 geom_x = 7.309072300727779
 geom_a = 0
 geom_q = 0
 geom_c = 0.0
f0= 7.3091e+00
using cgsolve in c++, ic=False
diag(geom) min= 119.305649 max= 12011.501887
diag(all) min= 119.305649 max= 12011.501887
Trying gamma equal 0.042000
Convergence reached after 12 iterations with no gamma cycles
min(dx) = -2.3175544169669946e-16
max(dx) = 3.321891601702829e-16
mean(dx)= 3.144204246668964e-17
vdws = 4
atoms = 6
pairs = 14
 geom_x = 7.309072300727808
 geom_a = 0
 geom_q = 0
 geom_c = 0.0
f1, 0= 7.3091e+00
min(dx) = -1.1587772084834973e-16
max(dx) = 1.6609458008514145e-16
mean(dx)= 1.572102123334482e-17
vdws = 4
atoms = 6
pairs = 14
 geom_x = 7.309072300727805
 geom_a = 0
 geom_q = 0
 geom_c = 0.0
f1, 1= 7.3091e+00
min(dx) = -5.793886042417487e-17
max(dx) = 8.304729004257073e-17
mean(dx)= 7.86051061667241e-18
vdws = 4
atoms = 6
pairs = 14
 geom_x = 7.309072300727781
 geom_a = 0
 geom_q = 0
 geom_c = 0.0
f1, 2= 7.3091e+00
WARNING: function not minimised
                          N restraints  r.m.s.d.  r.m.s.Z  Mn(sigma)
Bond distances, non H                5     0.005    0.313      0.016
Bond angles, non H                   5     1.088    0.645      2.428
Torsion angles, period 2             1     0.000    0.000      5.000
Planar groups                        4     0.000    0.000      0.020
VDW torsion                          1     0.347    1.735      0.200



====== CYCLE 26 ======

 weight = 1.0000e+00
 geom_x = 7.309072300727781
 geom_a = 0
 geom_q = 0
 geom_c = 0.0
f0= 7.3091e+00
using cgsolve in c++, ic=False
diag(geom) min= 119.305649 max= 12011.501887
diag(all) min= 119.305649 max= 12011.501887
Trying gamma equal 0.042000
Convergence reached after 12 iterations with no gamma cycles
min(dx) = -2.188088089265942e-16
max(dx) = 1.5131778745681296e-16
mean(dx)= -1.1781181061024214e-17
vdws = 4
atoms = 6
pairs = 14
 geom_x = 7.309072300727789
 geom_a = 0
 geom_q = 0
 geom_c = 0.0
f1, 0= 7.3091e+00
min(dx) = -1.094044044632971e-16
max(dx) = 7.565889372840648e-17
mean(dx)= -5.890590530512107e-18
vdws = 4
atoms = 6
pairs = 14
 geom_x = 7.309072300727781
 geom_a = 0
 geom_q = 0
 geom_c = 0.0
f1, 1= 7.3091e+00
min(dx) = -5.470220223164855e-17
max(dx) = 3.782944686420324e-17
mean(dx)= -2.9452952652560534e-18
vdws = 4
atoms = 6
pairs = 14
 geom_x = 7.309072300727781
 geom_a = 0
 geom_q = 0
 geom_c = 0.0
f1, 2= 7.3091e+00
WARNING: function not minimised
                          N restraints  r.m.s.d.  r.m.s.Z  Mn(sigma)
Bond distances, non H                5     0.005    0.313      0.016
Bond angles, non H                   5     1.088    0.645      2.428
Torsion angles, period 2             1     0.000    0.000      5.000
Planar groups                        4     0.000    0.000      0.020
VDW torsion                          1     0.347    1.735      0.200



====== CYCLE 27 ======

 weight = 1.0000e+00
 geom_x = 7.309072300727781
 geom_a = 0
 geom_q = 0
 geom_c = 0.0
f0= 7.3091e+00
using cgsolve in c++, ic=False
diag(geom) min= 119.305649 max= 12011.501887
diag(all) min= 119.305649 max= 12011.501887
Trying gamma equal 0.042000
Convergence reached after 12 iterations with no gamma cycles
min(dx) = -2.1774980320526204e-16
max(dx) = 1.336009507795044e-16
mean(dx)= -2.262536920266919e-17
vdws = 4
atoms = 6
pairs = 14
 geom_x = 7.309072300727789
 geom_a = 0
 geom_q = 0
 geom_c = 0.0
f1, 0= 7.3091e+00
min(dx) = -1.0887490160263102e-16
max(dx) = 6.68004753897522e-17
mean(dx)= -1.1312684601334595e-17
vdws = 4
atoms = 6
pairs = 14
 geom_x = 7.309072300727781
 geom_a = 0
 geom_q = 0
 geom_c = 0.0
f1, 1= 7.3091e+00
min(dx) = -5.443745080131551e-17
max(dx) = 3.34002376948761e-17
mean(dx)= -5.6563423006672975e-18
vdws = 4
atoms = 6
pairs = 14
 geom_x = 7.309072300727781
 geom_a = 0
 geom_q = 0
 geom_c = 0.0
f1, 2= 7.3091e+00
WARNING: function not minimised
                          N restraints  r.m.s.d.  r.m.s.Z  Mn(sigma)
Bond distances, non H                5     0.005    0.313      0.016
Bond angles, non H                   5     1.088    0.645      2.428
Torsion angles, period 2             1     0.000    0.000      5.000
Planar groups                        4     0.000    0.000      0.020
VDW torsion                          1     0.347    1.735      0.200



====== CYCLE 28 ======

 weight = 1.0000e+00
 geom_x = 7.309072300727781
 geom_a = 0
 geom_q = 0
 geom_c = 0.0
f0= 7.3091e+00
using cgsolve in c++, ic=False
diag(geom) min= 119.305649 max= 12011.501887
diag(all) min= 119.305649 max= 12011.501887
Trying gamma equal 0.042000
Convergence reached after 12 iterations with no gamma cycles
min(dx) = -2.1904221154025748e-16
max(dx) = 1.41566981461249e-16
mean(dx)= -1.7651528424884573e-17
vdws = 4
atoms = 6
pairs = 14
 geom_x = 7.309072300727797
 geom_a = 0
 geom_q = 0
 geom_c = 0.0
f1, 0= 7.3091e+00
min(dx) = -1.0952110577012874e-16
max(dx) = 7.07834907306245e-17
mean(dx)= -8.825764212442287e-18
vdws = 4
atoms = 6
pairs = 14
 geom_x = 7.309072300727797
 geom_a = 0
 geom_q = 0
 geom_c = 0.0
f1, 1= 7.3091e+00
min(dx) = -5.476055288506437e-17
max(dx) = 3.539174536531225e-17
mean(dx)= -4.412882106221143e-18
vdws = 4
atoms = 6
pairs = 14
 geom_x = 7.309072300727797
 geom_a = 0
 geom_q = 0
 geom_c = 0.0
f1, 2= 7.3091e+00
WARNING: function not minimised
                          N restraints  r.m.s.d.  r.m.s.Z  Mn(sigma)
Bond distances, non H                5     0.005    0.313      0.016
Bond angles, non H                   5     1.088    0.645      2.428
Torsion angles, period 2             1     0.000    0.000      5.000
Planar groups                        4     0.000    0.000      0.020
VDW torsion                          1     0.347    1.735      0.200



====== CYCLE 29 ======

 weight = 1.0000e+00
 geom_x = 7.309072300727797
 geom_a = 0
 geom_q = 0
 geom_c = 0.0
f0= 7.3091e+00
using cgsolve in c++, ic=False
diag(geom) min= 119.305649 max= 12011.501887
diag(all) min= 119.305649 max= 12011.501887
Trying gamma equal 0.042000
Convergence reached after 12 iterations with no gamma cycles
min(dx) = -1.1958493709857007e-16
max(dx) = 3.5224239878986577e-16
mean(dx)= 2.0863769049888167e-17
vdws = 4
atoms = 6
pairs = 14
 geom_x = 7.309072300727797
 geom_a = 0
 geom_q = 0
 geom_c = 0.0
f1, 0= 7.3091e+00
min(dx) = -5.979246854928503e-17
max(dx) = 1.7612119939493288e-16
mean(dx)= 1.0431884524944084e-17
vdws = 4
atoms = 6
pairs = 14
 geom_x = 7.309072300727789
 geom_a = 0
 geom_q = 0
 geom_c = 0.0
f1, 1= 7.3091e+00
                          N restraints  r.m.s.d.  r.m.s.Z  Mn(sigma)
Bond distances, non H                5     0.005    0.313      0.016
Bond angles, non H                   5     1.088    0.645      2.428
Torsion angles, period 2             1     0.000    0.000      5.000
Planar groups                        4     0.000    0.000      0.020
VDW torsion                          1     0.347    1.735      0.200



====== CYCLE 30 ======

 weight = 1.0000e+00
 geom_x = 7.309072300727789
 geom_a = 0
 geom_q = 0
 geom_c = 0.0
f0= 7.3091e+00
using cgsolve in c++, ic=False
diag(geom) min= 119.305649 max= 12011.501887
diag(all) min= 119.305649 max= 12011.501887
Trying gamma equal 0.042000
Convergence reached after 12 iterations with no gamma cycles
min(dx) = -1.3017041426250974e-16
max(dx) = 3.130403336129857e-16
mean(dx)= 2.6188189779350396e-17
vdws = 4
atoms = 6
pairs = 14
 geom_x = 7.3090723007278
 geom_a = 0
 geom_q = 0
 geom_c = 0.0
f1, 0= 7.3091e+00
min(dx) = -6.508520713125487e-17
max(dx) = 1.5652016680649285e-16
mean(dx)= 1.3094094889675198e-17
vdws = 4
atoms = 6
pairs = 14
 geom_x = 7.309072300727784
 geom_a = 0
 geom_q = 0
 geom_c = 0.0
f1, 1= 7.3091e+00
                          N restraints  r.m.s.d.  r.m.s.Z  Mn(sigma)
Bond distances, non H                5     0.005    0.313      0.016
Bond angles, non H                   5     1.088    0.645      2.428
Torsion angles, period 2             1     0.000    0.000      5.000
Planar groups                        4     0.000    0.000      0.020
VDW torsion                          1     0.347    1.735      0.200


$TABLE: stats vs cycle :
$GRAPHS
: Geometry :A:1,2,4:
: Geometry Z :A:1,3,5:
$$
 Ncyc  rmsBOND  zBOND  rmsANGL  zANGL
$$
$$
    0   0.0053 0.3130   1.0879 0.6451
    1   0.0053 0.3130   1.0879 0.6451
    2   0.0053 0.3130   1.0879 0.6451
    3   0.0053 0.3130   1.0879 0.6451
    4   0.0053 0.3130   1.0879 0.6451
    5   0.0053 0.3130   1.0879 0.6451
    6   0.0053 0.3130   1.0879 0.6451
    7   0.0053 0.3130   1.0879 0.6451
    8   0.0053 0.3130   1.0879 0.6451
    9   0.0053 0.3130   1.0879 0.6451
   10   0.0053 0.3130   1.0879 0.6451
   11   0.0053 0.3130   1.0879 0.6451
   12   0.0053 0.3130   1.0879 0.6451
   13   0.0053 0.3130   1.0879 0.6451
   14   0.0053 0.3130   1.0879 0.6451
   15   0.0053 0.3130   1.0879 0.6451
   16   0.0053 0.3130   1.0879 0.6451
   17   0.0053 0.3130   1.0879 0.6451
   18   0.0053 0.3130   1.0879 0.6451
   19   0.0053 0.3130   1.0879 0.6451
   20   0.0053 0.3130   1.0879 0.6451
   21   0.0053 0.3130   1.0879 0.6451
   22   0.0053 0.3130   1.0879 0.6451
   23   0.0053 0.3130   1.0879 0.6451
   24   0.0053 0.3130   1.0879 0.6451
   25   0.0053 0.3130   1.0879 0.6451
   26   0.0053 0.3130   1.0879 0.6451
   27   0.0053 0.3130   1.0879 0.6451
   28   0.0053 0.3130   1.0879 0.6451
   29   0.0053 0.3130   1.0879 0.6451
   30   0.0053 0.3130   1.0879 0.6451
$$

Creating restraints..

Chain info:
 chain 
  ligands: CAA (1 residues)

Number of refinement parameters:
       n_params  n_atoms  n_atoms_geom_only  n_atoms_data_only
xyz          12       12                  6                  0
adp           0        0                  0                  0
occ           0        0                  0                  0
dfrac         0        0                  0                  0

Randomizing structure with rmsd of 0.01
Torsion angle rules:
 include:
  {'group': 'peptide', 'tors_name': 'chi*'}
  {'link': '*', 'tors_name': 'omega'}
  {'residue': '*', 'tors_name': 'sp2_sp2*'}
  {'link': '*', 'tors_name': 'sp2_sp2*'}
 exclude:
  none
External restraints from Refmac instructions
 Number of distances          : 0
 Number of angles             : 0
 Number of torsions           : 0
 Number of chirals            : 0
 Number of planes             : 0
 Number of intervals          : 0
 Number of stackings          : 0
 Number of harmonics          : 0
 Number of special positions  : 0

Running 10 cycles with wchir=4 wvdw=2 with hydrogen
Geometry weights
vdws = 23
atoms = 12
pairs = 52
                          N restraints  r.m.s.d.  r.m.s.Z  Mn(sigma)
Bond distances, non H                5     0.010    0.613      0.016
Bond distances, H                    6     0.006    0.337      0.017
Bond angles, non H                   5     1.127    0.688      2.428
Bond angles, H                      13     0.771    0.442      2.077
Torsion angles, period 2             1     0.778    0.156      5.000
Torsion angles, period 6             1     0.066    0.003     20.000
Planar groups                        8     0.002    0.086      0.020
VDW nonbonded                        2     0.174    0.868      0.200
VDW torsion                          4     0.235    1.173      0.200


====== CYCLE  1 ======

 weight = 1.0000e+00
 geom_x = 17.796949235058708
 geom_a = 0
 geom_q = 0
 geom_c = 0.0
f0= 1.7797e+01
using cgsolve in c++, ic=False
diag(geom) min= 324.616953 max= 15530.879615
diag(all) min= 324.616953 max= 15530.879615
Trying gamma equal 0.000000
Not converging with gamma equal 0.000000
Trying gamma equal 0.052500
Gamma decreased to 0.042000
min(dx) = -0.03152091053286466
max(dx) = 0.03884297779110679
mean(dx)= -0.001551219079938251
vdws = 23
atoms = 12
pairs = 52
 geom_x = 14.001249222302546
 geom_a = 0
 geom_q = 0
 geom_c = 0.0
f1, 0= 1.4001e+01
                          N restraints  r.m.s.d.  r.m.s.Z  Mn(sigma)
Bond distances, non H                5     0.009    0.562      0.016
Bond distances, H                    6     0.001    0.063      0.017
Bond angles, non H                   5     1.554    0.891      2.428
Bond angles, H                      13     0.749    0.294      2.077
Torsion angles, period 2             1     0.017    0.003      5.000
Torsion angles, period 6             1     0.419    0.021     20.000
Planar groups                        8     0.000    0.009      0.020
VDW nonbonded                        1     0.195    0.977      0.200
VDW torsion                          4     0.209    1.046      0.200



====== CYCLE  2 ======

 weight = 1.0000e+00
 geom_x = 14.001249222302546
 geom_a = 0
 geom_q = 0
 geom_c = 0.0
f0= 1.4001e+01
using cgsolve in c++, ic=False
diag(geom) min= 315.389435 max= 15562.257309
diag(all) min= 315.389435 max= 15562.257309
Trying gamma equal 0.042000
Convergence reached after 27 iterations with no gamma cycles
min(dx) = -0.014424099639216901
max(dx) = 0.00966183707786383
mean(dx)= -0.0007967362842127599
vdws = 23
atoms = 12
pairs = 52
 geom_x = 13.860227140161468
 geom_a = 0
 geom_q = 0
 geom_c = 0.0
f1, 0= 1.3860e+01
                          N restraints  r.m.s.d.  r.m.s.Z  Mn(sigma)
Bond distances, non H                5     0.010    0.622      0.016
Bond distances, H                    6     0.001    0.057      0.017
Bond angles, non H                   5     1.681    0.923      2.428
Bond angles, H                      13     0.821    0.316      2.077
Torsion angles, period 2             1     0.095    0.019      5.000
Torsion angles, period 6             1     0.755    0.038     20.000
Planar groups                        8     0.000    0.012      0.020
VDW nonbonded                        1     0.192    0.958      0.200
VDW torsion                          4     0.203    1.017      0.200



====== CYCLE  3 ======

 weight = 1.0000e+00
 geom_x = 13.860227140161468
 geom_a = 0
 geom_q = 0
 geom_c = 0.0
f0= 1.3860e+01
using cgsolve in c++, ic=False
diag(geom) min= 308.082382 max= 15554.493819
diag(all) min= 308.082382 max= 15554.493819
Trying gamma equal 0.042000
Not converging with gamma equal 0.042000
Trying gamma equal 0.094500
Gamma decreased to 0.084000
min(dx) = -0.005522476155388667
max(dx) = 0.0025331523842002466
mean(dx)= -0.00025231136979974754
vdws = 23
atoms = 12
pairs = 52
 geom_x = 13.842566322089214
 geom_a = 0
 geom_q = 0
 geom_c = 0.0
f1, 0= 1.3843e+01
                          N restraints  r.m.s.d.  r.m.s.Z  Mn(sigma)
Bond distances, non H                5     0.011    0.635      0.016
Bond distances, H                    6     0.001    0.057      0.017
Bond angles, non H                   5     1.715    0.928      2.428
Bond angles, H                      13     0.820    0.316      2.077
Torsion angles, period 2             1     0.111    0.022      5.000
Torsion angles, period 6             1     0.941    0.047     20.000
Planar groups                        8     0.000    0.016      0.020
VDW nonbonded                        1     0.191    0.957      0.200
VDW torsion                          4     0.202    1.012      0.200



====== CYCLE  4 ======

 weight = 1.0000e+00
 geom_x = 13.842566322089214
 geom_a = 0
 geom_q = 0
 geom_c = 0.0
f0= 1.3843e+01
using cgsolve in c++, ic=False
diag(geom) min= 305.534439 max= 15551.014424
diag(all) min= 305.534439 max= 15551.014424
Trying gamma equal 0.084000
Convergence reached after 23 iterations with no gamma cycles
min(dx) = -0.005543255648957377
max(dx) = 0.0032174940855454696
mean(dx)= -0.00020631458033993624
vdws = 23
atoms = 12
pairs = 52
 geom_x = 13.832701910069076
 geom_a = 0
 geom_q = 0
 geom_c = 0.0
f1, 0= 1.3833e+01
                          N restraints  r.m.s.d.  r.m.s.Z  Mn(sigma)
Bond distances, non H                5     0.011    0.643      0.016
Bond distances, H                    6     0.001    0.057      0.017
Bond angles, non H                   5     1.738    0.931      2.428
Bond angles, H                      13     0.817    0.315      2.077
Torsion angles, period 2             1     0.119    0.024      5.000
Torsion angles, period 6             1     1.156    0.058     20.000
Planar groups                        8     0.000    0.017      0.020
VDW nonbonded                        1     0.192    0.958      0.200
VDW torsion                          4     0.202    1.009      0.200



====== CYCLE  5 ======

 weight = 1.0000e+00
 geom_x = 13.832701910069076
 geom_a = 0
 geom_q = 0
 geom_c = 0.0
f0= 1.3833e+01
using cgsolve in c++, ic=False
diag(geom) min= 303.171134 max= 15548.152230
diag(all) min= 303.171134 max= 15548.152230
Trying gamma equal 0.084000
Convergence reached after 22 iterations with no gamma cycles
min(dx) = -0.005537005377131078
max(dx) = 0.0034960837097685552
mean(dx)= -0.00016488947690100595
vdws = 23
atoms = 12
pairs = 52
 geom_x = 13.826241734544803
 geom_a = 0
 geom_q = 0
 geom_c = 0.0
f1, 0= 1.3826e+01
                          N restraints  r.m.s.d.  r.m.s.Z  Mn(sigma)
Bond distances, non H                5     0.011    0.647      0.016
Bond distances, H                    6     0.001    0.057      0.017
Bond angles, non H                   5     1.753    0.932      2.428
Bond angles, H                      13     0.815    0.314      2.077
Torsion angles, period 2             1     0.124    0.025      5.000
Torsion angles, period 6             1     1.388    0.069     20.000
Planar groups                        8     0.000    0.017      0.020
VDW nonbonded                        1     0.192    0.959      0.200
VDW torsion                          4     0.201    1.007      0.200



====== CYCLE  6 ======

 weight = 1.0000e+00
 geom_x = 13.826241734544803
 geom_a = 0
 geom_q = 0
 geom_c = 0.0
f0= 1.3826e+01
using cgsolve in c++, ic=False
diag(geom) min= 300.958540 max= 15546.136242
diag(all) min= 300.958540 max= 15546.136242
Trying gamma equal 0.084000
Convergence reached after 22 iterations with no gamma cycles
min(dx) = -0.0057015320204070385
max(dx) = 0.003732918773922262
mean(dx)= -0.00014148810446774202
vdws = 23
atoms = 12
pairs = 52
 geom_x = 13.820776422135465
 geom_a = 0
 geom_q = 0
 geom_c = 0.0
f1, 0= 1.3821e+01
                          N restraints  r.m.s.d.  r.m.s.Z  Mn(sigma)
Bond distances, non H                5     0.011    0.649      0.016
Bond distances, H                    6     0.001    0.057      0.017
Bond angles, non H                   5     1.763    0.933      2.428
Bond angles, H                      13     0.813    0.314      2.077
Torsion angles, period 2             1     0.127    0.025      5.000
Torsion angles, period 6             1     1.636    0.082     20.000
Planar groups                        8     0.000    0.018      0.020
VDW nonbonded                        1     0.192    0.959      0.200
VDW torsion                          4     0.201    1.006      0.200



====== CYCLE  7 ======

 weight = 1.0000e+00
 geom_x = 13.820776422135465
 geom_a = 0
 geom_q = 0
 geom_c = 0.0
f0= 1.3821e+01
using cgsolve in c++, ic=False
diag(geom) min= 298.795498 max= 15544.705802
diag(all) min= 298.795498 max= 15544.705802
Trying gamma equal 0.084000
Not converging with gamma equal 0.084000
Trying gamma equal 0.136500
Gamma decreased to 0.126000
min(dx) = -0.003752909711948052
max(dx) = 0.0024573825318242315
mean(dx)= -8.241961480207858e-05
vdws = 23
atoms = 12
pairs = 52
 geom_x = 13.817381787986744
 geom_a = 0
 geom_q = 0
 geom_c = 0.0
f1, 0= 1.3817e+01
                          N restraints  r.m.s.d.  r.m.s.Z  Mn(sigma)
Bond distances, non H                5     0.011    0.649      0.016
Bond distances, H                    6     0.001    0.056      0.017
Bond angles, non H                   5     1.768    0.934      2.428
Bond angles, H                      13     0.813    0.313      2.077
Torsion angles, period 2             1     0.129    0.026      5.000
Torsion angles, period 6             1     1.807    0.090     20.000
Planar groups                        8     0.000    0.019      0.020
VDW nonbonded                        1     0.192    0.959      0.200
VDW torsion                          4     0.201    1.006      0.200



====== CYCLE  8 ======

 weight = 1.0000e+00
 geom_x = 13.817381787986744
 geom_a = 0
 geom_q = 0
 geom_c = 0.0
f0= 1.3817e+01
using cgsolve in c++, ic=False
diag(geom) min= 297.415299 max= 15543.979403
diag(all) min= 297.415299 max= 15543.979403
Trying gamma equal 0.126000
Convergence reached after 19 iterations with no gamma cycles
min(dx) = -0.004141381148415117
max(dx) = 0.0027548967856523936
mean(dx)= -8.453397994642338e-05
vdws = 23
atoms = 12
pairs = 52
 geom_x = 13.813626897253165
 geom_a = 0
 geom_q = 0
 geom_c = 0.0
f1, 0= 1.3814e+01
                          N restraints  r.m.s.d.  r.m.s.Z  Mn(sigma)
Bond distances, non H                5     0.011    0.650      0.016
Bond distances, H                    6     0.001    0.056      0.017
Bond angles, non H                   5     1.772    0.934      2.428
Bond angles, H                      13     0.812    0.313      2.077
Torsion angles, period 2             1     0.132    0.026      5.000
Torsion angles, period 6             1     1.998    0.100     20.000
Planar groups                        8     0.000    0.019      0.020
VDW nonbonded                        1     0.192    0.959      0.200
VDW torsion                          4     0.201    1.005      0.200



====== CYCLE  9 ======

 weight = 1.0000e+00
 geom_x = 13.813626897253165
 geom_a = 0
 geom_q = 0
 geom_c = 0.0
f0= 1.3814e+01
using cgsolve in c++, ic=False
diag(geom) min= 295.937266 max= 15543.334046
diag(all) min= 295.937266 max= 15543.334046
Trying gamma equal 0.126000
Convergence reached after 18 iterations with no gamma cycles
min(dx) = -0.004276271986083333
max(dx) = 0.0028522019509310908
mean(dx)= -8.171721184841563e-05
vdws = 23
atoms = 12
pairs = 52
 geom_x = 13.80968627279299
 geom_a = 0
 geom_q = 0
 geom_c = 0.0
f1, 0= 1.3810e+01
                          N restraints  r.m.s.d.  r.m.s.Z  Mn(sigma)
Bond distances, non H                5     0.011    0.650      0.016
Bond distances, H                    6     0.001    0.056      0.017
Bond angles, non H                   5     1.775    0.934      2.428
Bond angles, H                      13     0.811    0.313      2.077
Torsion angles, period 2             1     0.136    0.027      5.000
Torsion angles, period 6             1     2.199    0.110     20.000
Planar groups                        8     0.000    0.019      0.020
VDW nonbonded                        1     0.192    0.959      0.200
VDW torsion                          4     0.201    1.005      0.200



====== CYCLE 10 ======

 weight = 1.0000e+00
 geom_x = 13.80968627279299
 geom_a = 0
 geom_q = 0
 geom_c = 0.0
f0= 1.3810e+01
using cgsolve in c++, ic=False
diag(geom) min= 294.450402 max= 15542.783473
diag(all) min= 294.450402 max= 15542.783473
Trying gamma equal 0.126000
Convergence reached after 18 iterations with no gamma cycles
min(dx) = -0.004422001425288486
max(dx) = 0.002950610552756721
mean(dx)= -8.017342792829811e-05
vdws = 23
atoms = 12
pairs = 52
 geom_x = 13.805500083596478
 geom_a = 0
 geom_q = 0
 geom_c = 0.0
f1, 0= 1.3806e+01
                          N restraints  r.m.s.d.  r.m.s.Z  Mn(sigma)
Bond distances, non H                5     0.011    0.650      0.016
Bond distances, H                    6     0.001    0.056      0.017
Bond angles, non H                   5     1.778    0.935      2.428
Bond angles, H                      13     0.811    0.313      2.077
Torsion angles, period 2             1     0.139    0.028      5.000
Torsion angles, period 6             1     2.411    0.121     20.000
Planar groups                        8     0.000    0.020      0.020
VDW nonbonded                        1     0.192    0.959      0.200
VDW torsion                          4     0.201    1.005      0.200


$TABLE: stats vs cycle :
$GRAPHS
: Geometry :A:1,2,4:
: Geometry Z :A:1,3,5:
$$
 Ncyc  rmsBOND  zBOND  rmsANGL  zANGL
$$
$$
    0   0.0104 0.6126   1.1266 0.6879
    1   0.0093 0.5618   1.5541 0.8905
    2   0.0103 0.6217   1.6806 0.9226
    3   0.0105 0.6350   1.7151 0.9283
    4   0.0107 0.6427   1.7384 0.9310
    5   0.0107 0.6467   1.7533 0.9324
    6   0.0108 0.6488   1.7631 0.9332
    7   0.0108 0.6495   1.7680 0.9337
    8   0.0108 0.6499   1.7720 0.9340
    9   0.0108 0.6502   1.7752 0.9343
   10   0.0108 0.6503   1.7778 0.9345
$$

Running 30 cycles with wchir=1 wvdw=2 with hydrogen
Geometry weights
vdws = 23
atoms = 12
pairs = 52
                          N restraints  r.m.s.d.  r.m.s.Z  Mn(sigma)
Bond distances, non H                5     0.011    0.650      0.016
Bond distances, H                    6     0.001    0.056      0.017
Bond angles, non H                   5     1.778    0.935      2.428
Bond angles, H                      13     0.811    0.313      2.077
Torsion angles, period 2             1     0.139    0.028      5.000
Torsion angles, period 6             1     2.411    0.121     20.000
Planar groups                        8     0.000    0.020      0.020
VDW nonbonded                        1     0.192    0.959      0.200
VDW torsion                          4     0.201    1.005      0.200


====== CYCLE  1 ======

 weight = 1.0000e+00
 geom_x = 13.805500083596478
 geom_a = 0
 geom_q = 0
 geom_c = 0.0
f0= 1.3806e+01
using cgsolve in c++, ic=False
diag(geom) min= 292.950911 max= 15542.296146
diag(all) min= 292.950911 max= 15542.296146
Trying gamma equal 0.126000
Convergence reached after 18 iterations with no gamma cycles
min(dx) = -0.004576974017287217
max(dx) = 0.0030511137371288153
mean(dx)= -7.952030869590721e-05
vdws = 23
atoms = 12
pairs = 52
 geom_x = 13.801022464313416
 geom_a = 0
 geom_q = 0
 geom_c = 0.0
f1, 0= 1.3801e+01
                          N restraints  r.m.s.d.  r.m.s.Z  Mn(sigma)
Bond distances, non H                5     0.011    0.650      0.016
Bond distances, H                    6     0.001    0.056      0.017
Bond angles, non H                   5     1.780    0.935      2.428
Bond angles, H                      13     0.810    0.312      2.077
Torsion angles, period 2             1     0.144    0.029      5.000
Torsion angles, period 6             1     2.634    0.132     20.000
Planar groups                        8     0.000    0.020      0.020
VDW nonbonded                        1     0.192    0.958      0.200
VDW torsion                          4     0.201    1.004      0.200



====== CYCLE  2 ======

 weight = 1.0000e+00
 geom_x = 13.801022464313416
 geom_a = 0
 geom_q = 0
 geom_c = 0.0
f0= 1.3801e+01
using cgsolve in c++, ic=False
diag(geom) min= 291.436654 max= 15541.847541
diag(all) min= 291.436654 max= 15541.847541
Trying gamma equal 0.126000
Convergence reached after 18 iterations with no gamma cycles
min(dx) = -0.004740456399174213
max(dx) = 0.0031549099539821346
mean(dx)= -7.95019604985745e-05
vdws = 23
atoms = 12
pairs = 52
 geom_x = 13.796212999000756
 geom_a = 0
 geom_q = 0
 geom_c = 0.0
f1, 0= 1.3796e+01
                          N restraints  r.m.s.d.  r.m.s.Z  Mn(sigma)
Bond distances, non H                5     0.011    0.650      0.016
Bond distances, H                    6     0.001    0.056      0.017
Bond angles, non H                   5     1.782    0.935      2.428
Bond angles, H                      13     0.810    0.312      2.077
Torsion angles, period 2             1     0.149    0.030      5.000
Torsion angles, period 6             1     2.869    0.143     20.000
Planar groups                        8     0.000    0.021      0.020
VDW nonbonded                        1     0.192    0.958      0.200
VDW torsion                          4     0.201    1.004      0.200



====== CYCLE  3 ======

 weight = 1.0000e+00
 geom_x = 13.796212999000756
 geom_a = 0
 geom_q = 0
 geom_c = 0.0
f0= 1.3796e+01
using cgsolve in c++, ic=False
diag(geom) min= 289.906686 max= 15541.419275
diag(all) min= 289.906686 max= 15541.419275
Trying gamma equal 0.126000
Convergence reached after 18 iterations with no gamma cycles
min(dx) = -0.004912212885976818
max(dx) = 0.0032629202336660517
mean(dx)= -7.99449486425228e-05
vdws = 23
atoms = 12
pairs = 52
 geom_x = 13.791032387622813
 geom_a = 0
 geom_q = 0
 geom_c = 0.0
f1, 0= 1.3791e+01
                          N restraints  r.m.s.d.  r.m.s.Z  Mn(sigma)
Bond distances, non H                5     0.011    0.650      0.016
Bond distances, H                    6     0.001    0.056      0.017
Bond angles, non H                   5     1.784    0.935      2.428
Bond angles, H                      13     0.810    0.312      2.077
Torsion angles, period 2             1     0.154    0.031      5.000
Torsion angles, period 6             1     3.116    0.156     20.000
Planar groups                        8     0.000    0.022      0.020
VDW nonbonded                        1     0.191    0.957      0.200
VDW torsion                          4     0.201    1.004      0.200



====== CYCLE  4 ======

 weight = 1.0000e+00
 geom_x = 13.791032387622813
 geom_a = 0
 geom_q = 0
 geom_c = 0.0
f0= 1.3791e+01
using cgsolve in c++, ic=False
diag(geom) min= 288.360933 max= 15540.997498
diag(all) min= 288.360933 max= 15540.997498
Trying gamma equal 0.126000
Convergence reached after 18 iterations with no gamma cycles
min(dx) = -0.005092227277876129
max(dx) = 0.0033758225372122323
mean(dx)= -8.073068698980113e-05
vdws = 23
atoms = 12
pairs = 52
 geom_x = 13.785440194694694
 geom_a = 0
 geom_q = 0
 geom_c = 0.0
f1, 0= 1.3785e+01
                          N restraints  r.m.s.d.  r.m.s.Z  Mn(sigma)
Bond distances, non H                5     0.011    0.650      0.016
Bond distances, H                    6     0.001    0.056      0.017
Bond angles, non H                   5     1.785    0.935      2.428
Bond angles, H                      13     0.809    0.312      2.077
Torsion angles, period 2             1     0.160    0.032      5.000
Torsion angles, period 6             1     3.376    0.169     20.000
Planar groups                        8     0.000    0.022      0.020
VDW nonbonded                        1     0.191    0.956      0.200
VDW torsion                          4     0.201    1.004      0.200



====== CYCLE  5 ======

 weight = 1.0000e+00
 geom_x = 13.785440194694694
 geom_a = 0
 geom_q = 0
 geom_c = 0.0
f0= 1.3785e+01
using cgsolve in c++, ic=False
diag(geom) min= 286.800019 max= 15540.571638
diag(all) min= 286.800019 max= 15540.571638
Trying gamma equal 0.126000
Convergence reached after 18 iterations with no gamma cycles
min(dx) = -0.005280573734358059
max(dx) = 0.003494109779301981
mean(dx)= -8.17780972508594e-05
vdws = 23
atoms = 12
pairs = 52
 geom_x = 13.779393648865407
 geom_a = 0
 geom_q = 0
 geom_c = 0.0
f1, 0= 1.3779e+01
                          N restraints  r.m.s.d.  r.m.s.Z  Mn(sigma)
Bond distances, non H                5     0.011    0.649      0.016
Bond distances, H                    6     0.001    0.056      0.017
Bond angles, non H                   5     1.787    0.935      2.428
Bond angles, H                      13     0.809    0.312      2.077
Torsion angles, period 2             1     0.167    0.033      5.000
Torsion angles, period 6             1     3.650    0.182     20.000
Planar groups                        8     0.000    0.023      0.020
VDW nonbonded                        1     0.191    0.955      0.200
VDW torsion                          4     0.201    1.003      0.200



====== CYCLE  6 ======

 weight = 1.0000e+00
 geom_x = 13.779393648865407
 geom_a = 0
 geom_q = 0
 geom_c = 0.0
f0= 1.3779e+01
using cgsolve in c++, ic=False
diag(geom) min= 285.225181 max= 15540.133460
diag(all) min= 285.225181 max= 15540.133460
Trying gamma equal 0.126000
Convergence reached after 18 iterations with no gamma cycles
min(dx) = -0.005477350063709328
max(dx) = 0.003618132595780843
mean(dx)= -8.303209952357707e-05
vdws = 23
atoms = 12
pairs = 52
 geom_x = 13.772846986504328
 geom_a = 0
 geom_q = 0
 geom_c = 0.0
f1, 0= 1.3773e+01
                          N restraints  r.m.s.d.  r.m.s.Z  Mn(sigma)
Bond distances, non H                5     0.011    0.649      0.016
Bond distances, H                    6     0.001    0.056      0.017
Bond angles, non H                   5     1.788    0.935      2.428
Bond angles, H                      13     0.808    0.311      2.077
Torsion angles, period 2             1     0.174    0.035      5.000
Torsion angles, period 6             1     3.938    0.197     20.000
Planar groups                        8     0.000    0.023      0.020
VDW nonbonded                        1     0.191    0.954      0.200
VDW torsion                          4     0.201    1.003      0.200



====== CYCLE  7 ======

 weight = 1.0000e+00
 geom_x = 13.772846986504328
 geom_a = 0
 geom_q = 0
 geom_c = 0.0
f0= 1.3773e+01
using cgsolve in c++, ic=False
diag(geom) min= 283.638228 max= 15539.676366
diag(all) min= 283.638228 max= 15539.676366
Trying gamma equal 0.126000
Convergence reached after 18 iterations with no gamma cycles
min(dx) = -0.005682636719879439
max(dx) = 0.0037481275748782895
mean(dx)= -8.44556900617945e-05
vdws = 23
atoms = 12
pairs = 52
 geom_x = 13.765751093869646
 geom_a = 0
 geom_q = 0
 geom_c = 0.0
f1, 0= 1.3766e+01
                          N restraints  r.m.s.d.  r.m.s.Z  Mn(sigma)
Bond distances, non H                5     0.011    0.649      0.016
Bond distances, H                    6     0.001    0.056      0.017
Bond angles, non H                   5     1.789    0.935      2.428
Bond angles, H                      13     0.808    0.311      2.077
Torsion angles, period 2             1     0.182    0.036      5.000
Torsion angles, period 6             1     4.242    0.212     20.000
Planar groups                        8     0.000    0.024      0.020
VDW nonbonded                        1     0.191    0.953      0.200
VDW torsion                          4     0.201    1.003      0.200



====== CYCLE  8 ======

 weight = 1.0000e+00
 geom_x = 13.765751093869646
 geom_a = 0
 geom_q = 0
 geom_c = 0.0
f0= 1.3766e+01
using cgsolve in c++, ic=False
diag(geom) min= 282.041537 max= 15539.194893
diag(all) min= 282.041537 max= 15539.194893
Trying gamma equal 0.126000
Convergence reached after 17 iterations with no gamma cycles
min(dx) = -0.005896463568936837
max(dx) = 0.00388421580348232
mean(dx)= -8.602531308969522e-05
vdws = 23
atoms = 12
pairs = 52
 geom_x = 13.758053334190372
 geom_a = 0
 geom_q = 0
 geom_c = 0.0
f1, 0= 1.3758e+01
                          N restraints  r.m.s.d.  r.m.s.Z  Mn(sigma)
Bond distances, non H                5     0.011    0.648      0.016
Bond distances, H                    6     0.001    0.056      0.017
Bond angles, non H                   5     1.791    0.935      2.428
Bond angles, H                      13     0.807    0.311      2.077
Torsion angles, period 2             1     0.191    0.038      5.000
Torsion angles, period 6             1     4.561    0.228     20.000
Planar groups                        8     0.000    0.025      0.020
VDW nonbonded                        1     0.190    0.952      0.200
VDW torsion                          4     0.201    1.003      0.200



====== CYCLE  9 ======

 weight = 1.0000e+00
 geom_x = 13.758053334190372
 geom_a = 0
 geom_q = 0
 geom_c = 0.0
f0= 1.3758e+01
using cgsolve in c++, ic=False
diag(geom) min= 280.438074 max= 15538.684475
diag(all) min= 280.438074 max= 15538.684475
Trying gamma equal 0.126000
Convergence reached after 16 iterations with no gamma cycles
min(dx) = -0.006118777428000565
max(dx) = 0.004026580919766592
mean(dx)= -8.771350167901034e-05
vdws = 23
atoms = 12
pairs = 52
 geom_x = 13.749697514624923
 geom_a = 0
 geom_q = 0
 geom_c = 0.0
f1, 0= 1.3750e+01
                          N restraints  r.m.s.d.  r.m.s.Z  Mn(sigma)
Bond distances, non H                5     0.011    0.648      0.016
Bond distances, H                    6     0.001    0.056      0.017
Bond angles, non H                   5     1.792    0.935      2.428
Bond angles, H                      13     0.807    0.310      2.077
Torsion angles, period 2             1     0.200    0.040      5.000
Torsion angles, period 6             1     4.896    0.245     20.000
Planar groups                        8     0.001    0.025      0.020
VDW nonbonded                        1     0.190    0.950      0.200
VDW torsion                          4     0.201    1.003      0.200



====== CYCLE 10 ======

 weight = 1.0000e+00
 geom_x = 13.749697514624923
 geom_a = 0
 geom_q = 0
 geom_c = 0.0
f0= 1.3750e+01
using cgsolve in c++, ic=False
diag(geom) min= 278.831384 max= 15538.140721
diag(all) min= 278.831384 max= 15538.140721
Trying gamma equal 0.126000
Convergence reached after 16 iterations with no gamma cycles
min(dx) = -0.00634947080084479
max(dx) = 0.0041749516901697
mean(dx)= -8.953541687965032e-05
vdws = 23
atoms = 12
pairs = 52
 geom_x = 13.740623980714664
 geom_a = 0
 geom_q = 0
 geom_c = 0.0
f1, 0= 1.3741e+01
                          N restraints  r.m.s.d.  r.m.s.Z  Mn(sigma)
Bond distances, non H                5     0.011    0.647      0.016
Bond distances, H                    6     0.001    0.056      0.017
Bond angles, non H                   5     1.793    0.935      2.428
Bond angles, H                      13     0.806    0.310      2.077
Torsion angles, period 2             1     0.209    0.042      5.000
Torsion angles, period 6             1     5.248    0.262     20.000
Planar groups                        8     0.001    0.026      0.020
VDW nonbonded                        1     0.190    0.948      0.200
VDW torsion                          4     0.200    1.002      0.200



====== CYCLE 11 ======

 weight = 1.0000e+00
 geom_x = 13.740623980714664
 geom_a = 0
 geom_q = 0
 geom_c = 0.0
f0= 1.3741e+01
using cgsolve in c++, ic=False
diag(geom) min= 277.225661 max= 15537.559792
diag(all) min= 277.225661 max= 15537.559792
Trying gamma equal 0.126000
Convergence reached after 16 iterations with no gamma cycles
min(dx) = -0.006588277842568944
max(dx) = 0.004329311699840546
mean(dx)= -9.146697243487151e-05
vdws = 23
atoms = 12
pairs = 52
 geom_x = 13.730769851178476
 geom_a = 0
 geom_q = 0
 geom_c = 0.0
f1, 0= 1.3731e+01
                          N restraints  r.m.s.d.  r.m.s.Z  Mn(sigma)
Bond distances, non H                5     0.011    0.647      0.016
Bond distances, H                    6     0.001    0.056      0.017
Bond angles, non H                   5     1.794    0.935      2.428
Bond angles, H                      13     0.806    0.310      2.077
Torsion angles, period 2             1     0.220    0.044      5.000
Torsion angles, period 6             1     5.618    0.281     20.000
Planar groups                        8     0.001    0.027      0.020
VDW nonbonded                        1     0.189    0.946      0.200
VDW torsion                          4     0.200    1.002      0.200



====== CYCLE 12 ======

 weight = 1.0000e+00
 geom_x = 13.730769851178476
 geom_a = 0
 geom_q = 0
 geom_c = 0.0
f0= 1.3731e+01
using cgsolve in c++, ic=False
diag(geom) min= 275.625782 max= 15536.937977
diag(all) min= 275.625782 max= 15536.937977
Trying gamma equal 0.126000
Convergence reached after 15 iterations with no gamma cycles
min(dx) = -0.0068347673525508065
max(dx) = 0.004489476990731754
mean(dx)= -9.350302602703804e-05
vdws = 23
atoms = 12
pairs = 52
 geom_x = 13.72006940912819
 geom_a = 0
 geom_q = 0
 geom_c = 0.0
f1, 0= 1.3720e+01
                          N restraints  r.m.s.d.  r.m.s.Z  Mn(sigma)
Bond distances, non H                5     0.011    0.646      0.016
Bond distances, H                    6     0.001    0.056      0.017
Bond angles, non H                   5     1.795    0.935      2.428
Bond angles, H                      13     0.805    0.309      2.077
Torsion angles, period 2             1     0.231    0.046      5.000
Torsion angles, period 6             1     6.006    0.300     20.000
Planar groups                        8     0.001    0.028      0.020
VDW nonbonded                        1     0.189    0.944      0.200
VDW torsion                          4     0.200    1.002      0.200



====== CYCLE 13 ======

 weight = 1.0000e+00
 geom_x = 13.72006940912819
 geom_a = 0
 geom_q = 0
 geom_c = 0.0
f0= 1.3720e+01
using cgsolve in c++, ic=False
diag(geom) min= 274.037341 max= 15536.271731
diag(all) min= 274.037341 max= 15536.271731
Trying gamma equal 0.126000
Convergence reached after 15 iterations with no gamma cycles
min(dx) = -0.00708840709243193
max(dx) = 0.0046549518605440475
mean(dx)= -9.564769155562304e-05
vdws = 23
atoms = 12
pairs = 52
 geom_x = 13.70845468084538
 geom_a = 0
 geom_q = 0
 geom_c = 0.0
f1, 0= 1.3708e+01
                          N restraints  r.m.s.d.  r.m.s.Z  Mn(sigma)
Bond distances, non H                5     0.011    0.645      0.016
Bond distances, H                    6     0.001    0.056      0.017
Bond angles, non H                   5     1.796    0.934      2.428
Bond angles, H                      13     0.804    0.309      2.077
Torsion angles, period 2             1     0.242    0.048      5.000
Torsion angles, period 6             1     6.413    0.321     20.000
Planar groups                        8     0.001    0.029      0.020
VDW nonbonded                        1     0.188    0.941      0.200
VDW torsion                          4     0.200    1.002      0.200



====== CYCLE 14 ======

 weight = 1.0000e+00
 geom_x = 13.70845468084538
 geom_a = 0
 geom_q = 0
 geom_c = 0.0
f0= 1.3708e+01
using cgsolve in c++, ic=False
diag(geom) min= 272.466710 max= 15535.557560
diag(all) min= 272.466710 max= 15535.557560
Trying gamma equal 0.126000
Convergence reached after 15 iterations with no gamma cycles
min(dx) = -0.007348376146685654
max(dx) = 0.004825381347309845
mean(dx)= -9.789096293477039e-05
vdws = 23
atoms = 12
pairs = 52
 geom_x = 13.695856232915025
 geom_a = 0
 geom_q = 0
 geom_c = 0.0
f1, 0= 1.3696e+01
                          N restraints  r.m.s.d.  r.m.s.Z  Mn(sigma)
Bond distances, non H                5     0.011    0.645      0.016
Bond distances, H                    6     0.001    0.056      0.017
Bond angles, non H                   5     1.797    0.934      2.428
Bond angles, H                      13     0.803    0.308      2.077
Torsion angles, period 2             1     0.254    0.051      5.000
Torsion angles, period 6             1     6.839    0.342     20.000
Planar groups                        8     0.001    0.030      0.020
VDW nonbonded                        1     0.188    0.939      0.200
VDW torsion                          4     0.200    1.002      0.200



====== CYCLE 15 ======

 weight = 1.0000e+00
 geom_x = 13.695856232915025
 geom_a = 0
 geom_q = 0
 geom_c = 0.0
f0= 1.3696e+01
using cgsolve in c++, ic=False
diag(geom) min= 270.921033 max= 15534.792016
diag(all) min= 270.921033 max= 15534.792016
Trying gamma equal 0.126000
Convergence reached after 15 iterations with no gamma cycles
min(dx) = -0.007613673545973951
max(dx) = 0.005000108272100288
mean(dx)= -0.00010022987927039475
vdws = 23
atoms = 12
pairs = 52
 geom_x = 13.682204217773025
 geom_a = 0
 geom_q = 0
 geom_c = 0.0
f1, 0= 1.3682e+01
                          N restraints  r.m.s.d.  r.m.s.Z  Mn(sigma)
Bond distances, non H                5     0.011    0.644      0.016
Bond distances, H                    6     0.001    0.056      0.017
Bond angles, non H                   5     1.798    0.933      2.428
Bond angles, H                      13     0.802    0.308      2.077
Torsion angles, period 2             1     0.267    0.053      5.000
Torsion angles, period 6             1     7.285    0.364     20.000
Planar groups                        8     0.001    0.031      0.020
VDW nonbonded                        1     0.187    0.936      0.200
VDW torsion                          4     0.200    1.001      0.200



====== CYCLE 16 ======

 weight = 1.0000e+00
 geom_x = 13.682204217773025
 geom_a = 0
 geom_q = 0
 geom_c = 0.0
f0= 1.3682e+01
using cgsolve in c++, ic=False
diag(geom) min= 269.408275 max= 15533.971692
diag(all) min= 269.408275 max= 15533.971692
Trying gamma equal 0.126000
Convergence reached after 15 iterations with no gamma cycles
min(dx) = -0.007883034103461842
max(dx) = 0.005178339325535593
mean(dx)= -0.00010265851669757475
vdws = 23
atoms = 12
pairs = 52
 geom_x = 13.667429700716417
 geom_a = 0
 geom_q = 0
 geom_c = 0.0
f1, 0= 1.3667e+01
                          N restraints  r.m.s.d.  r.m.s.Z  Mn(sigma)
Bond distances, non H                5     0.011    0.643      0.016
Bond distances, H                    6     0.001    0.056      0.017
Bond angles, non H                   5     1.798    0.932      2.428
Bond angles, H                      13     0.801    0.307      2.077
Torsion angles, period 2             1     0.280    0.056      5.000
Torsion angles, period 6             1     7.751    0.388     20.000
Planar groups                        8     0.001    0.031      0.020
VDW nonbonded                        1     0.186    0.932      0.200
VDW torsion                          4     0.200    1.001      0.200



====== CYCLE 17 ======

 weight = 1.0000e+00
 geom_x = 13.667429700716417
 geom_a = 0
 geom_q = 0
 geom_c = 0.0
f0= 1.3667e+01
using cgsolve in c++, ic=False
diag(geom) min= 267.937222 max= 15533.093234
diag(all) min= 267.937222 max= 15533.093234
Trying gamma equal 0.126000
Convergence reached after 16 iterations with no gamma cycles
min(dx) = -0.008154947962160755
max(dx) = 0.005359046744745374
mean(dx)= -0.00010517136532494701
vdws = 23
atoms = 12
pairs = 52
 geom_x = 13.651466292993746
 geom_a = 0
 geom_q = 0
 geom_c = 0.0
f1, 0= 1.3651e+01
                          N restraints  r.m.s.d.  r.m.s.Z  Mn(sigma)
Bond distances, non H                5     0.011    0.642      0.016
Bond distances, H                    6     0.001    0.056      0.017
Bond angles, non H                   5     1.799    0.932      2.428
Bond angles, H                      13     0.800    0.306      2.077
Torsion angles, period 2             1     0.294    0.059      5.000
Torsion angles, period 6             1     8.237    0.412     20.000
Planar groups                        8     0.001    0.032      0.020
VDW nonbonded                        1     0.186    0.928      0.200
VDW torsion                          4     0.200    1.001      0.200



====== CYCLE 18 ======

 weight = 1.0000e+00
 geom_x = 13.651466292993746
 geom_a = 0
 geom_q = 0
 geom_c = 0.0
f0= 1.3651e+01
using cgsolve in c++, ic=False
diag(geom) min= 266.517470 max= 15532.153442
diag(all) min= 266.517470 max= 15532.153442
Trying gamma equal 0.126000
Convergence reached after 16 iterations with no gamma cycles
min(dx) = -0.008427473386110966
max(dx) = 0.0055412186852573575
mean(dx)= -0.00010774974059805321
vdws = 23
atoms = 12
pairs = 52
 geom_x = 13.634252107469901
 geom_a = 0
 geom_q = 0
 geom_c = 0.0
f1, 0= 1.3634e+01
                          N restraints  r.m.s.d.  r.m.s.Z  Mn(sigma)
Bond distances, non H                5     0.011    0.641      0.016
Bond distances, H                    6     0.001    0.056      0.017
Bond angles, non H                   5     1.799    0.931      2.428
Bond angles, H                      13     0.799    0.306      2.077
Torsion angles, period 2             1     0.308    0.062      5.000
Torsion angles, period 6             1     8.744    0.437     20.000
Planar groups                        8     0.001    0.033      0.020
VDW nonbonded                        1     0.185    0.924      0.200
VDW torsion                          4     0.200    1.001      0.200



====== CYCLE 19 ======

 weight = 1.0000e+00
 geom_x = 13.634252107469901
 geom_a = 0
 geom_q = 0
 geom_c = 0.0
f0= 1.3634e+01
using cgsolve in c++, ic=False
diag(geom) min= 265.159358 max= 15531.149117
diag(all) min= 265.159358 max= 15531.149117
Trying gamma equal 0.126000
Convergence reached after 16 iterations with no gamma cycles
min(dx) = -0.00869851753383983
max(dx) = 0.005723334157561058
mean(dx)= -0.00011038679531885175
vdws = 23
atoms = 12
pairs = 52
 geom_x = 13.615732033184713
 geom_a = 0
 geom_q = 0
 geom_c = 0.0
f1, 0= 1.3616e+01
                          N restraints  r.m.s.d.  r.m.s.Z  Mn(sigma)
Bond distances, non H                5     0.011    0.640      0.016
Bond distances, H                    6     0.001    0.055      0.017
Bond angles, non H                   5     1.799    0.930      2.428
Bond angles, H                      13     0.797    0.305      2.077
Torsion angles, period 2             1     0.323    0.065      5.000
Torsion angles, period 6             1     9.272    0.464     20.000
Planar groups                        8     0.001    0.034      0.020
VDW nonbonded                        1     0.184    0.920      0.200
VDW torsion                          4     0.200    1.001      0.200



====== CYCLE 20 ======

 weight = 1.0000e+00
 geom_x = 13.615732033184713
 geom_a = 0
 geom_q = 0
 geom_c = 0.0
f0= 1.3616e+01
using cgsolve in c++, ic=False
diag(geom) min= 263.873931 max= 15530.077376
diag(all) min= 263.873931 max= 15530.077376
Trying gamma equal 0.126000
Convergence reached after 17 iterations with no gamma cycles
min(dx) = -0.008965591278287293
max(dx) = 0.005903868664878886
mean(dx)= -0.00011306211454921008
vdws = 23
atoms = 12
pairs = 52
 geom_x = 13.595860320045375
 geom_a = 0
 geom_q = 0
 geom_c = 0.0
f1, 0= 1.3596e+01
                          N restraints  r.m.s.d.  r.m.s.Z  Mn(sigma)
Bond distances, non H                5     0.011    0.639      0.016
Bond distances, H                    6     0.001    0.055      0.017
Bond angles, non H                   5     1.799    0.928      2.428
Bond angles, H                      13     0.796    0.304      2.077
Torsion angles, period 2             1     0.338    0.068      5.000
Torsion angles, period 6             1     9.820    0.491     20.000
Planar groups                        8     0.001    0.036      0.020
VDW nonbonded                        1     0.183    0.915      0.200
VDW torsion                          4     0.200    1.001      0.200



====== CYCLE 21 ======

 weight = 1.0000e+00
 geom_x = 13.595860320045375
 geom_a = 0
 geom_q = 0
 geom_c = 0.0
f0= 1.3596e+01
using cgsolve in c++, ic=False
diag(geom) min= 262.672806 max= 15528.935873
diag(all) min= 262.672806 max= 15528.935873
Trying gamma equal 0.126000
Convergence reached after 17 iterations with no gamma cycles
min(dx) = -0.009225836658457323
max(dx) = 0.006080970308607155
mean(dx)= -0.00011575361065753211
vdws = 23
atoms = 12
pairs = 52
 geom_x = 13.574603416310158
 geom_a = 0
 geom_q = 0
 geom_c = 0.0
f1, 0= 1.3575e+01
                          N restraints  r.m.s.d.  r.m.s.Z  Mn(sigma)
Bond distances, non H                5     0.011    0.638      0.016
Bond distances, H                    6     0.001    0.055      0.017
Bond angles, non H                   5     1.799    0.927      2.428
Bond angles, H                      13     0.794    0.303      2.077
Torsion angles, period 2             1     0.354    0.071      5.000
Torsion angles, period 6             1    10.388    0.519     20.000
Planar groups                        8     0.001    0.037      0.020
VDW nonbonded                        1     0.182    0.909      0.200
VDW torsion                          4     0.200    1.000      0.200



====== CYCLE 22 ======

 weight = 1.0000e+00
 geom_x = 13.574603416310158
 geom_a = 0
 geom_q = 0
 geom_c = 0.0
f0= 1.3575e+01
using cgsolve in c++, ic=False
diag(geom) min= 261.568015 max= 15527.721919
diag(all) min= 261.568015 max= 15527.721919
Trying gamma equal 0.126000
Convergence reached after 17 iterations with no gamma cycles
min(dx) = -0.009476159343789077
max(dx) = 0.006252597366235969
mean(dx)= -0.00011843903304195274
vdws = 23
atoms = 12
pairs = 52
 geom_x = 13.551942977720113
 geom_a = 0
 geom_q = 0
 geom_c = 0.0
f1, 0= 1.3552e+01
                          N restraints  r.m.s.d.  r.m.s.Z  Mn(sigma)
Bond distances, non H                5     0.011    0.637      0.016
Bond distances, H                    6     0.001    0.055      0.017
Bond angles, non H                   5     1.799    0.925      2.428
Bond angles, H                      13     0.793    0.302      2.077
Torsion angles, period 2             1     0.370    0.074      5.000
Torsion angles, period 6             1    10.977    0.549     20.000
Planar groups                        8     0.001    0.038      0.020
VDW nonbonded                        1     0.181    0.903      0.200
VDW torsion                          4     0.200    1.000      0.200



====== CYCLE 23 ======

 weight = 1.0000e+00
 geom_x = 13.551942977720113
 geom_a = 0
 geom_q = 0
 geom_c = 0.0
f0= 1.3552e+01
using cgsolve in c++, ic=False
diag(geom) min= 260.571810 max= 15526.433841
diag(all) min= 260.571810 max= 15526.433841
Trying gamma equal 0.126000
Convergence reached after 17 iterations with no gamma cycles
min(dx) = -0.009713175341807581
max(dx) = 0.0064165225309070605
mean(dx)= -0.00012108709799512631
vdws = 23
atoms = 12
pairs = 52
 geom_x = 13.527878949667622
 geom_a = 0
 geom_q = 0
 geom_c = 0.0
f1, 0= 1.3528e+01
                          N restraints  r.m.s.d.  r.m.s.Z  Mn(sigma)
Bond distances, non H                5     0.011    0.636      0.016
Bond distances, H                    6     0.001    0.055      0.017
Bond angles, non H                   5     1.798    0.924      2.428
Bond angles, H                      13     0.791    0.301      2.077
Torsion angles, period 2             1     0.386    0.077      5.000
Torsion angles, period 6             1    11.584    0.579     20.000
Planar groups                        8     0.001    0.039      0.020
VDW nonbonded                        1     0.179    0.897      0.200
VDW torsion                          4     0.200    1.000      0.200



====== CYCLE 24 ======

 weight = 1.0000e+00
 geom_x = 13.527878949667622
 geom_a = 0
 geom_q = 0
 geom_c = 0.0
f0= 1.3528e+01
using cgsolve in c++, ic=False
diag(geom) min= 259.696426 max= 15525.070259
diag(all) min= 259.696426 max= 15525.070259
Trying gamma equal 0.126000
Convergence reached after 18 iterations with no gamma cycles
min(dx) = -0.009933335482467387
max(dx) = 0.006570310893923937
mean(dx)= -0.0001236715347477338
vdws = 23
atoms = 12
pairs = 52
 geom_x = 13.502438215023549
 geom_a = 0
 geom_q = 0
 geom_c = 0.0
f1, 0= 1.3502e+01
                          N restraints  r.m.s.d.  r.m.s.Z  Mn(sigma)
Bond distances, non H                5     0.010    0.634      0.016
Bond distances, H                    6     0.001    0.055      0.017
Bond angles, non H                   5     1.798    0.922      2.428
Bond angles, H                      13     0.789    0.300      2.077
Torsion angles, period 2             1     0.403    0.081      5.000
Torsion angles, period 6             1    12.209    0.610     20.000
Planar groups                        8     0.001    0.040      0.020
VDW nonbonded                        2     0.126    0.629      0.200
VDW torsion                          4     0.200    1.000      0.200



====== CYCLE 25 ======

 weight = 1.0000e+00
 geom_x = 13.502438215023549
 geom_a = 0
 geom_q = 0
 geom_c = 0.0
f0= 1.3502e+01
using cgsolve in c++, ic=False
diag(geom) min= 258.953754 max= 15523.631090
diag(all) min= 258.953754 max= 15523.631090
Trying gamma equal 0.126000
Convergence reached after 18 iterations with no gamma cycles
min(dx) = -0.009876229612303849
max(dx) = 0.006308045348654837
mean(dx)= -0.0001296422819946798
vdws = 23
atoms = 12
pairs = 52
 geom_x = 13.476365728965344
 geom_a = 0
 geom_q = 0
 geom_c = 0.0
f1, 0= 1.3476e+01
                          N restraints  r.m.s.d.  r.m.s.Z  Mn(sigma)
Bond distances, non H                5     0.010    0.633      0.016
Bond distances, H                    6     0.001    0.055      0.017
Bond angles, non H                   5     1.798    0.920      2.428
Bond angles, H                      13     0.789    0.299      2.077
Torsion angles, period 2             1     0.424    0.085      5.000
Torsion angles, period 6             1    12.841    0.642     20.000
Planar groups                        8     0.001    0.041      0.020
VDW nonbonded                        2     0.125    0.624      0.200
VDW torsion                          4     0.200    1.000      0.200



====== CYCLE 26 ======

 weight = 1.0000e+00
 geom_x = 13.476365728965344
 geom_a = 0
 geom_q = 0
 geom_c = 0.0
f0= 1.3476e+01
using cgsolve in c++, ic=False
diag(geom) min= 258.346219 max= 15521.959889
diag(all) min= 258.346219 max= 15521.959889
Trying gamma equal 0.126000
Convergence reached after 18 iterations with no gamma cycles
min(dx) = -0.009831930659159497
max(dx) = 0.006239745916269648
mean(dx)= -0.00013123837178229646
vdws = 23
atoms = 12
pairs = 52
 geom_x = 13.449669550523724
 geom_a = 0
 geom_q = 0
 geom_c = 0.0
f1, 0= 1.3450e+01
                          N restraints  r.m.s.d.  r.m.s.Z  Mn(sigma)
Bond distances, non H                5     0.010    0.632      0.016
Bond distances, H                    6     0.001    0.055      0.017
Bond angles, non H                   5     1.799    0.917      2.428
Bond angles, H                      13     0.790    0.298      2.077
Torsion angles, period 2             1     0.447    0.089      5.000
Torsion angles, period 6             1    13.480    0.674     20.000
Planar groups                        8     0.001    0.042      0.020
VDW nonbonded                        2     0.124    0.619      0.200
VDW torsion                          4     0.200    0.999      0.200



====== CYCLE 27 ======

 weight = 1.0000e+00
 geom_x = 13.449669550523724
 geom_a = 0
 geom_q = 0
 geom_c = 0.0
f0= 1.3450e+01
using cgsolve in c++, ic=False
diag(geom) min= 257.882546 max= 15520.128747
diag(all) min= 257.882546 max= 15520.128747
Trying gamma equal 0.126000
Convergence reached after 18 iterations with no gamma cycles
min(dx) = -0.009780309142001556
max(dx) = 0.0061717643527878585
mean(dx)= -0.0001318846301504409
vdws = 23
atoms = 12
pairs = 52
 geom_x = 13.422383887819597
 geom_a = 0
 geom_q = 0
 geom_c = 0.0
f1, 0= 1.3422e+01
                          N restraints  r.m.s.d.  r.m.s.Z  Mn(sigma)
Bond distances, non H                5     0.010    0.631      0.016
Bond distances, H                    6     0.001    0.055      0.017
Bond angles, non H                   5     1.800    0.915      2.428
Bond angles, H                      13     0.789    0.298      2.077
Torsion angles, period 2             1     0.471    0.094      5.000
Torsion angles, period 6             1    14.127    0.706     20.000
Planar groups                        8     0.001    0.044      0.020
VDW nonbonded                        2     0.123    0.613      0.200
VDW torsion                          4     0.200    0.999      0.200



====== CYCLE 28 ======

 weight = 1.0000e+00
 geom_x = 13.422383887819597
 geom_a = 0
 geom_q = 0
 geom_c = 0.0
f0= 1.3422e+01
using cgsolve in c++, ic=False
diag(geom) min= 257.564770 max= 15518.175760
diag(all) min= 257.564770 max= 15518.175760
Trying gamma equal 0.126000
Convergence reached after 18 iterations with no gamma cycles
min(dx) = -0.009715295451885514
max(dx) = 0.0062424005150958466
mean(dx)= -0.00013173882404631128
vdws = 23
atoms = 12
pairs = 52
 geom_x = 13.394579179270234
 geom_a = 0
 geom_q = 0
 geom_c = 0.0
f1, 0= 1.3395e+01
                          N restraints  r.m.s.d.  r.m.s.Z  Mn(sigma)
Bond distances, non H                5     0.010    0.630      0.016
Bond distances, H                    6     0.001    0.054      0.017
Bond angles, non H                   5     1.801    0.913      2.428
Bond angles, H                      13     0.789    0.297      2.077
Torsion angles, period 2             1     0.497    0.099      5.000
Torsion angles, period 6             1    14.779    0.739     20.000
Planar groups                        8     0.001    0.045      0.020
VDW nonbonded                        2     0.121    0.607      0.200
VDW torsion                          4     0.200    0.999      0.200



====== CYCLE 29 ======

 weight = 1.0000e+00
 geom_x = 13.394579179270234
 geom_a = 0
 geom_q = 0
 geom_c = 0.0
f0= 1.3395e+01
using cgsolve in c++, ic=False
diag(geom) min= 257.393075 max= 15516.127385
diag(all) min= 257.393075 max= 15516.127385
Trying gamma equal 0.126000
Convergence reached after 18 iterations with no gamma cycles
min(dx) = -0.009633330404539902
max(dx) = 0.006357900736211599
mean(dx)= -0.00013102657330038396
vdws = 23
atoms = 12
pairs = 52
 geom_x = 13.366351586157295
 geom_a = 0
 geom_q = 0
 geom_c = 0.0
f1, 0= 1.3366e+01
                          N restraints  r.m.s.d.  r.m.s.Z  Mn(sigma)
Bond distances, non H                5     0.010    0.629      0.016
Bond distances, H                    6     0.001    0.054      0.017
Bond angles, non H                   5     1.802    0.910      2.428
Bond angles, H                      13     0.788    0.296      2.077
Torsion angles, period 2             1     0.524    0.105      5.000
Torsion angles, period 6             1    15.437    0.772     20.000
Planar groups                        8     0.001    0.046      0.020
VDW nonbonded                        2     0.120    0.601      0.200
VDW torsion                          4     0.200    0.998      0.200



====== CYCLE 30 ======

 weight = 1.0000e+00
 geom_x = 13.366351586157295
 geom_a = 0
 geom_q = 0
 geom_c = 0.0
f0= 1.3366e+01
using cgsolve in c++, ic=False
diag(geom) min= 257.365981 max= 15514.002942
diag(all) min= 257.365981 max= 15514.002942
Trying gamma equal 0.126000
Convergence reached after 18 iterations with no gamma cycles
min(dx) = -0.009531710057877238
max(dx) = 0.006450191048821693
mean(dx)= -0.0001298934064140475
vdws = 23
atoms = 12
pairs = 52
 geom_x = 13.337817289395666
 geom_a = 0
 geom_q = 0
 geom_c = 0.0
f1, 0= 1.3338e+01
                          N restraints  r.m.s.d.  r.m.s.Z  Mn(sigma)
Bond distances, non H                5     0.010    0.628      0.016
Bond distances, H                    6     0.001    0.054      0.017
Bond angles, non H                   5     1.803    0.907      2.428
Bond angles, H                      13     0.787    0.295      2.077
Torsion angles, period 2             1     0.551    0.110      5.000
Torsion angles, period 6             1    16.097    0.805     20.000
Planar groups                        8     0.001    0.048      0.020
VDW nonbonded                        2     0.119    0.594      0.200
VDW torsion                          4     0.200    0.998      0.200


$TABLE: stats vs cycle :
$GRAPHS
: Geometry :A:1,2,4:
: Geometry Z :A:1,3,5:
$$
 Ncyc  rmsBOND  zBOND  rmsANGL  zANGL
$$
$$
    0   0.0108 0.6503   1.7778 0.9345
    1   0.0108 0.6502   1.7800 0.9348
    2   0.0108 0.6501   1.7820 0.9349
    3   0.0108 0.6498   1.7837 0.9351
    4   0.0108 0.6496   1.7853 0.9352
    5   0.0108 0.6493   1.7867 0.9353
    6   0.0107 0.6489   1.7881 0.9353
    7   0.0107 0.6485   1.7894 0.9353
    8   0.0107 0.6481   1.7907 0.9353
    9   0.0107 0.6476   1.7919 0.9352
   10   0.0107 0.6471   1.7930 0.9350
   11   0.0107 0.6466   1.7941 0.9348
   12   0.0107 0.6460   1.7951 0.9345
   13   0.0107 0.6454   1.7961 0.9342
   14   0.0107 0.6447   1.7969 0.9337
   15   0.0107 0.6440   1.7977 0.9331
   16   0.0106 0.6432   1.7983 0.9324
   17   0.0106 0.6423   1.7988 0.9316
   18   0.0106 0.6414   1.7992 0.9307
   19   0.0106 0.6404   1.7994 0.9296
   20   0.0106 0.6394   1.7995 0.9284
   21   0.0106 0.6383   1.7994 0.9269
   22   0.0105 0.6371   1.7990 0.9253
   23   0.0105 0.6358   1.7985 0.9236
   24   0.0105 0.6344   1.7977 0.9216
   25   0.0105 0.6333   1.7980 0.9196
   26   0.0105 0.6323   1.7989 0.9174
   27   0.0104 0.6313   1.8000 0.9151
   28   0.0104 0.6303   1.8011 0.9127
   29   0.0104 0.6293   1.8022 0.9100
   30   0.0104 0.6281   1.8030 0.9072
$$

Updated dictionary saved: CAA_MODEL_TMP/mol_1_conf_2_updated.cif
Refinement statistics saved: CAA_MODEL_TMP/mol_1_conf_2_stats.json

# Finished on 2026-06-14 11:38:27.292835

=========END OF PROCESS INFORMATION ==========
