
============ PROCESS INFORMATION =============
# Servalcat ver. 0.4.128 (Python 3.9.18)
# Library vers. gemmi 0.7.4, scipy 1.7.3, numpy 1.19.5, pandas 1.3.5
# Started on 2026-06-14 11:38:52.047308
# Host: Mac.lan User: hilgersmt
# Command-line:
# servalcat --logfile CAA_MODEL_TMP/servalcat.log refine_geom --update_dictionary CAA_MODEL_TMP/mol_1_conf_16_init.cif -o CAA_MODEL_TMP/mol_1_conf_16 --randomize 0.01
Config loaded
--
refine:
  atom_selection:
    xyz:
      include:
      - '*'
      exclude: []
      exclude_restraint: []
    adp:
      include: []
      exclude: []
      exclude_restraint: []
    occ:
      include: []
      exclude: []
      exclude_restraint: []
    dfrac:
      include: []
      exclude: []
      exclude_restraint: []
  occ_groups: []
  occ_group_constraints: []
  occ_group_const_mu: 10.0
  occ_group_const_mu_update_factor: 1.1
  occ_group_const_mu_update_tol_rel: 0.25
  occ_group_const_mu_update_tol_abs: 0.01
  initialisation:
    adp: {}
    occ: {}
    dfrac: {}
  write_trajectory: false
--
Reading monomers from /Applications/ccp4-9/lib/data/monomers/
Reading monomer: CAA_MODEL_TMP/mol_1_conf_16_init.cif
WARNING:: updating monomer CAA using CAA_MODEL_TMP/mol_1_conf_16_init.cif
Monomer library loaded: 1 monomers, 109 links, 133 modifications
       loaded monomers: CAA

Checking if unknown atoms exist..
Creating restraints..

Chain info:
 chain 
  ligands: CAA (1 residues)

Number of refinement parameters:
       n_params  n_atoms  n_atoms_geom_only  n_atoms_data_only
xyz           6        6                  0                  0
adp           0        0                  0                  0
occ           0        0                  0                  0
dfrac         0        0                  0                  0

Randomizing structure with rmsd of 0.01
Torsion angle rules:
 include:
  {'group': 'peptide', 'tors_name': 'chi*'}
  {'link': '*', 'tors_name': 'omega'}
  {'residue': '*', 'tors_name': 'sp2_sp2*'}
  {'link': '*', 'tors_name': 'sp2_sp2*'}
 exclude:
  none
External restraints from Refmac instructions
 Number of distances          : 0
 Number of angles             : 0
 Number of torsions           : 0
 Number of chirals            : 0
 Number of planes             : 0
 Number of intervals          : 0
 Number of stackings          : 0
 Number of harmonics          : 0
 Number of special positions  : 0

Running 10 cycles with wchir=4 wvdw=2 without hydrogen
Geometry weights
vdws = 4
atoms = 6
pairs = 14
 *** Bond distances outliers (Z >= 5) ***

    atom1     atom2  value  ideal  sigma     z
/CAA 1/C2 /CAA 1/N1  1.436  1.335  0.016 6.222

                          N restraints  r.m.s.d.  r.m.s.Z  Mn(sigma)
Bond distances, non H                5     0.048    2.969      0.016
Bond angles, non H                   5     3.141    1.250      2.428
Torsion angles, period 2             1     0.003    0.001      5.000
Planar groups                        4     0.004    0.186      0.020
VDW torsion                          1     0.376    1.882      0.200


====== CYCLE  1 ======

 weight = 1.0000e+00
 geom_x = 33.09701968452373
 geom_a = 0
 geom_q = 0
 geom_c = 0.0
f0= 3.3097e+01
using cgsolve in c++, ic=False
diag(geom) min= 4.739537 max= 12038.866475
diag(all) min= 4.739537 max= 12038.866475
Trying gamma equal 0.000000
Convergence reached after 9 iterations with no gamma cycles
min(dx) = -0.8802048607475913
max(dx) = 0.04251949679845328
mean(dx)= -0.05786462912736882
vdws = 4
atoms = 6
pairs = 14
 geom_x = 82.59559095986107
 geom_a = 0
 geom_q = 0
 geom_c = 0.0
f1, 0= 8.2596e+01
min(dx) = -0.44010243037379565
max(dx) = 0.02125974839922664
mean(dx)= -0.02893231456368441
vdws = 4
atoms = 6
pairs = 14
 geom_x = 21.571608497441638
 geom_a = 0
 geom_q = 0
 geom_c = 0.0
f1, 1= 2.1572e+01
                          N restraints  r.m.s.d.  r.m.s.Z  Mn(sigma)
Bond distances, non H                5     0.035    2.399      0.016
Bond angles, non H                   5     1.472    0.528      2.428
Torsion angles, period 2             1     0.039    0.008      5.000
Planar groups                        4     0.002    0.095      0.020
VDW torsion                          1     0.360    1.798      0.200



====== CYCLE  2 ======

 weight = 1.0000e+00
 geom_x = 21.571608497441638
 geom_a = 0
 geom_q = 0
 geom_c = 0.0
f0= 2.1572e+01
using cgsolve in c++, ic=False
diag(geom) min= 168.911748 max= 12160.832241
diag(all) min= 168.911748 max= 12160.832241
Trying gamma equal 0.000000
Convergence reached after 10 iterations with no gamma cycles
min(dx) = -0.05286526368806671
max(dx) = 0.06838956252188465
mean(dx)= -0.005927719061072976
vdws = 4
atoms = 6
pairs = 14
 geom_x = 7.383402005605717
 geom_a = 0
 geom_q = 0
 geom_c = 0.0
f1, 0= 7.3834e+00
                          N restraints  r.m.s.d.  r.m.s.Z  Mn(sigma)
Bond distances, non H                5     0.006    0.368      0.016
Bond angles, non H                   5     1.108    0.657      2.428
Torsion angles, period 2             1     0.076    0.015      5.000
Planar groups                        4     0.000    0.005      0.020
VDW torsion                          1     0.345    1.727      0.200



====== CYCLE  3 ======

 weight = 1.0000e+00
 geom_x = 7.383402005605717
 geom_a = 0
 geom_q = 0
 geom_c = 0.0
f0= 7.3834e+00
using cgsolve in c++, ic=False
diag(geom) min= 103.213646 max= 12258.422757
diag(all) min= 103.213646 max= 12258.422757
Trying gamma equal 0.000000
Convergence reached after 11 iterations with no gamma cycles
min(dx) = -0.002058619413552866
max(dx) = 0.008326733218577482
mean(dx)= 0.0003023214613977502
vdws = 4
atoms = 6
pairs = 14
 geom_x = 7.309073912832803
 geom_a = 0
 geom_q = 0
 geom_c = 0.0
f1, 0= 7.3091e+00
                          N restraints  r.m.s.d.  r.m.s.Z  Mn(sigma)
Bond distances, non H                5     0.005    0.313      0.016
Bond angles, non H                   5     1.088    0.645      2.428
Torsion angles, period 2             1     0.004    0.001      5.000
Planar groups                        4     0.000    0.000      0.020
VDW torsion                          1     0.347    1.735      0.200



====== CYCLE  4 ======

 weight = 1.0000e+00
 geom_x = 7.309073912832803
 geom_a = 0
 geom_q = 0
 geom_c = 0.0
f0= 7.3091e+00
using cgsolve in c++, ic=False
diag(geom) min= 96.853318 max= 12254.974913
diag(all) min= 96.853318 max= 12254.974913
Trying gamma equal 0.000000
Convergence reached after 11 iterations with no gamma cycles
min(dx) = -2.910701287865276e-05
max(dx) = 3.5114575056511534e-05
mean(dx)= 2.110889584759037e-06
vdws = 4
atoms = 6
pairs = 14
 geom_x = 7.3090723158936
 geom_a = 0
 geom_q = 0
 geom_c = 0.0
f1, 0= 7.3091e+00
                          N restraints  r.m.s.d.  r.m.s.Z  Mn(sigma)
Bond distances, non H                5     0.005    0.313      0.016
Bond angles, non H                   5     1.088    0.645      2.428
Torsion angles, period 2             1     0.001    0.000      5.000
Planar groups                        4     0.000    0.000      0.020
VDW torsion                          1     0.347    1.735      0.200



====== CYCLE  5 ======

 weight = 1.0000e+00
 geom_x = 7.3090723158936
 geom_a = 0
 geom_q = 0
 geom_c = 0.0
f0= 7.3091e+00
using cgsolve in c++, ic=False
diag(geom) min= 96.834644 max= 12255.043027
diag(all) min= 96.834644 max= 12255.043027
Trying gamma equal 0.000000
Convergence reached after 11 iterations with no gamma cycles
min(dx) = -4.0776206608061176e-06
max(dx) = 9.121774055786247e-06
mean(dx)= 3.260106092212389e-07
vdws = 4
atoms = 6
pairs = 14
 geom_x = 7.309072301140186
 geom_a = 0
 geom_q = 0
 geom_c = 0.0
f1, 0= 7.3091e+00
                          N restraints  r.m.s.d.  r.m.s.Z  Mn(sigma)
Bond distances, non H                5     0.005    0.313      0.016
Bond angles, non H                   5     1.088    0.645      2.428
Torsion angles, period 2             1     0.000    0.000      5.000
Planar groups                        4     0.000    0.000      0.020
VDW torsion                          1     0.347    1.735      0.200



====== CYCLE  6 ======

 weight = 1.0000e+00
 geom_x = 7.309072301140186
 geom_a = 0
 geom_q = 0
 geom_c = 0.0
f0= 7.3091e+00
using cgsolve in c++, ic=False
diag(geom) min= 96.835179 max= 12255.055604
diag(all) min= 96.835179 max= 12255.055604
Trying gamma equal 0.000000
Convergence reached after 11 iterations with no gamma cycles
min(dx) = -6.688503374601042e-07
max(dx) = 1.4985236699448019e-06
mean(dx)= 5.107802607376664e-08
vdws = 4
atoms = 6
pairs = 14
 geom_x = 7.309072300739026
 geom_a = 0
 geom_q = 0
 geom_c = 0.0
f1, 0= 7.3091e+00
                          N restraints  r.m.s.d.  r.m.s.Z  Mn(sigma)
Bond distances, non H                5     0.005    0.313      0.016
Bond angles, non H                   5     1.088    0.645      2.428
Torsion angles, period 2             1     0.000    0.000      5.000
Planar groups                        4     0.000    0.000      0.020
VDW torsion                          1     0.347    1.735      0.200



====== CYCLE  7 ======

 weight = 1.0000e+00
 geom_x = 7.309072300739026
 geom_a = 0
 geom_q = 0
 geom_c = 0.0
f0= 7.3091e+00
using cgsolve in c++, ic=False
diag(geom) min= 96.835261 max= 12255.057710
diag(all) min= 96.835261 max= 12255.057710
Trying gamma equal 0.000000
Convergence reached after 11 iterations with no gamma cycles
min(dx) = -1.1029720834057412e-07
max(dx) = 2.4736839124468533e-07
mean(dx)= 8.460064556444772e-09
vdws = 4
atoms = 6
pairs = 14
 geom_x = 7.309072300728103
 geom_a = 0
 geom_q = 0
 geom_c = 0.0
f1, 0= 7.3091e+00
                          N restraints  r.m.s.d.  r.m.s.Z  Mn(sigma)
Bond distances, non H                5     0.005    0.313      0.016
Bond angles, non H                   5     1.088    0.645      2.428
Torsion angles, period 2             1     0.000    0.000      5.000
Planar groups                        4     0.000    0.000      0.020
VDW torsion                          1     0.347    1.735      0.200



====== CYCLE  8 ======

 weight = 1.0000e+00
 geom_x = 7.309072300728103
 geom_a = 0
 geom_q = 0
 geom_c = 0.0
f0= 7.3091e+00
using cgsolve in c++, ic=False
diag(geom) min= 96.835275 max= 12255.058057
diag(all) min= 96.835275 max= 12255.058057
Trying gamma equal 0.000000
Convergence reached after 11 iterations with no gamma cycles
min(dx) = -1.819641714738149e-08
max(dx) = 4.081189987378376e-08
mean(dx)= 1.3952269520129447e-09
vdws = 4
atoms = 6
pairs = 14
 geom_x = 7.309072300727812
 geom_a = 0
 geom_q = 0
 geom_c = 0.0
f1, 0= 7.3091e+00
                          N restraints  r.m.s.d.  r.m.s.Z  Mn(sigma)
Bond distances, non H                5     0.005    0.313      0.016
Bond angles, non H                   5     1.088    0.645      2.428
Torsion angles, period 2             1     0.000    0.000      5.000
Planar groups                        4     0.000    0.000      0.020
VDW torsion                          1     0.347    1.735      0.200



====== CYCLE  9 ======

 weight = 1.0000e+00
 geom_x = 7.309072300727812
 geom_a = 0
 geom_q = 0
 geom_c = 0.0
f0= 7.3091e+00
using cgsolve in c++, ic=False
diag(geom) min= 96.835277 max= 12255.058114
diag(all) min= 96.835277 max= 12255.058114
Trying gamma equal 0.000000
Convergence reached after 11 iterations with no gamma cycles
min(dx) = -3.0020628172254663e-09
max(dx) = 6.733167734082837e-09
mean(dx)= 2.3019490472686875e-10
vdws = 4
atoms = 6
pairs = 14
 geom_x = 7.309072300727791
 geom_a = 0
 geom_q = 0
 geom_c = 0.0
f1, 0= 7.3091e+00
                          N restraints  r.m.s.d.  r.m.s.Z  Mn(sigma)
Bond distances, non H                5     0.005    0.313      0.016
Bond angles, non H                   5     1.088    0.645      2.428
Torsion angles, period 2             1     0.000    0.000      5.000
Planar groups                        4     0.000    0.000      0.020
VDW torsion                          1     0.347    1.735      0.200



====== CYCLE 10 ======

 weight = 1.0000e+00
 geom_x = 7.309072300727791
 geom_a = 0
 geom_q = 0
 geom_c = 0.0
f0= 7.3091e+00
using cgsolve in c++, ic=False
diag(geom) min= 96.835278 max= 12255.058124
diag(all) min= 96.835278 max= 12255.058124
Trying gamma equal 0.000000
Convergence reached after 11 iterations with no gamma cycles
min(dx) = -4.952834200176593e-10
max(dx) = 1.1108461967811393e-09
mean(dx)= 3.797765766804372e-11
vdws = 4
atoms = 6
pairs = 14
 geom_x = 7.309072300727774
 geom_a = 0
 geom_q = 0
 geom_c = 0.0
f1, 0= 7.3091e+00
                          N restraints  r.m.s.d.  r.m.s.Z  Mn(sigma)
Bond distances, non H                5     0.005    0.313      0.016
Bond angles, non H                   5     1.088    0.645      2.428
Torsion angles, period 2             1     0.000    0.000      5.000
Planar groups                        4     0.000    0.000      0.020
VDW torsion                          1     0.347    1.735      0.200


$TABLE: stats vs cycle :
$GRAPHS
: Geometry :A:1,4,2:
: Geometry Z :A:1,3,5:
$$
 Ncyc  rmsBOND  zBOND  rmsANGL  zANGL
$$
$$
    0   0.0478 2.9687   3.1405 1.2503
    1   0.0351 2.3995   1.4723 0.5281
    2   0.0060 0.3682   1.1078 0.6573
    3   0.0053 0.3131   1.0880 0.6452
    4   0.0053 0.3130   1.0879 0.6451
    5   0.0053 0.3130   1.0879 0.6451
    6   0.0053 0.3130   1.0879 0.6451
    7   0.0053 0.3130   1.0879 0.6451
    8   0.0053 0.3130   1.0879 0.6451
    9   0.0053 0.3130   1.0879 0.6451
   10   0.0053 0.3130   1.0879 0.6451
$$

Running 30 cycles with wchir=1 wvdw=2 without hydrogen
Geometry weights
vdws = 4
atoms = 6
pairs = 14
                          N restraints  r.m.s.d.  r.m.s.Z  Mn(sigma)
Bond distances, non H                5     0.005    0.313      0.016
Bond angles, non H                   5     1.088    0.645      2.428
Torsion angles, period 2             1     0.000    0.000      5.000
Planar groups                        4     0.000    0.000      0.020
VDW torsion                          1     0.347    1.735      0.200


====== CYCLE  1 ======

 weight = 1.0000e+00
 geom_x = 7.309072300727774
 geom_a = 0
 geom_q = 0
 geom_c = 0.0
f0= 7.3091e+00
using cgsolve in c++, ic=False
diag(geom) min= 96.835278 max= 12255.058125
diag(all) min= 96.835278 max= 12255.058125
Trying gamma equal 0.000000
Convergence reached after 11 iterations with no gamma cycles
min(dx) = -8.171236314149843e-11
max(dx) = 1.8326864554581662e-10
mean(dx)= 6.265525000128881e-12
vdws = 4
atoms = 6
pairs = 14
 geom_x = 7.309072300727782
 geom_a = 0
 geom_q = 0
 geom_c = 0.0
f1, 0= 7.3091e+00
min(dx) = -4.0856181570749214e-11
max(dx) = 9.163432277290831e-11
mean(dx)= 3.1327625000644404e-12
vdws = 4
atoms = 6
pairs = 14
 geom_x = 7.309072300727796
 geom_a = 0
 geom_q = 0
 geom_c = 0.0
f1, 1= 7.3091e+00
min(dx) = -2.0428090785374607e-11
max(dx) = 4.5817161386454154e-11
mean(dx)= 1.5663812500322202e-12
vdws = 4
atoms = 6
pairs = 14
 geom_x = 7.309072300727779
 geom_a = 0
 geom_q = 0
 geom_c = 0.0
f1, 2= 7.3091e+00
WARNING: function not minimised
                          N restraints  r.m.s.d.  r.m.s.Z  Mn(sigma)
Bond distances, non H                5     0.005    0.313      0.016
Bond angles, non H                   5     1.088    0.645      2.428
Torsion angles, period 2             1     0.000    0.000      5.000
Planar groups                        4     0.000    0.000      0.020
VDW torsion                          1     0.347    1.735      0.200



====== CYCLE  2 ======

 weight = 1.0000e+00
 geom_x = 7.309072300727779
 geom_a = 0
 geom_q = 0
 geom_c = 0.0
f0= 7.3091e+00
using cgsolve in c++, ic=False
diag(geom) min= 96.835278 max= 12255.058125
diag(all) min= 96.835278 max= 12255.058125
Trying gamma equal 0.000000
Convergence reached after 11 iterations with no gamma cycles
min(dx) = -6.465469087184367e-11
max(dx) = 1.4501039814037832e-10
mean(dx)= 4.95754167105724e-12
vdws = 4
atoms = 6
pairs = 14
 geom_x = 7.3090723007277845
 geom_a = 0
 geom_q = 0
 geom_c = 0.0
f1, 0= 7.3091e+00
min(dx) = -3.2327345435921836e-11
max(dx) = 7.250519907018916e-11
mean(dx)= 2.47877083552862e-12
vdws = 4
atoms = 6
pairs = 14
 geom_x = 7.3090723007277925
 geom_a = 0
 geom_q = 0
 geom_c = 0.0
f1, 1= 7.3091e+00
min(dx) = -1.6163672717960918e-11
max(dx) = 3.625259953509458e-11
mean(dx)= 1.23938541776431e-12
vdws = 4
atoms = 6
pairs = 14
 geom_x = 7.309072300727794
 geom_a = 0
 geom_q = 0
 geom_c = 0.0
f1, 2= 7.3091e+00
WARNING: function not minimised
                          N restraints  r.m.s.d.  r.m.s.Z  Mn(sigma)
Bond distances, non H                5     0.005    0.313      0.016
Bond angles, non H                   5     1.088    0.645      2.428
Torsion angles, period 2             1     0.000    0.000      5.000
Planar groups                        4     0.000    0.000      0.020
VDW torsion                          1     0.347    1.735      0.200



====== CYCLE  3 ======

 weight = 1.0000e+00
 geom_x = 7.309072300727794
 geom_a = 0
 geom_q = 0
 geom_c = 0.0
f0= 7.3091e+00
using cgsolve in c++, ic=False
diag(geom) min= 96.835278 max= 12255.058125
diag(all) min= 96.835278 max= 12255.058125
Trying gamma equal 0.000000
Convergence reached after 11 iterations with no gamma cycles
min(dx) = -5.1157677056290685e-11
max(dx) = 1.1473901193263667e-10
mean(dx)= 3.9227099709911854e-12
vdws = 4
atoms = 6
pairs = 14
 geom_x = 7.309072300727789
 geom_a = 0
 geom_q = 0
 geom_c = 0.0
f1, 0= 7.3091e+00
                          N restraints  r.m.s.d.  r.m.s.Z  Mn(sigma)
Bond distances, non H                5     0.005    0.313      0.016
Bond angles, non H                   5     1.088    0.645      2.428
Torsion angles, period 2             1     0.000    0.000      5.000
Planar groups                        4     0.000    0.000      0.020
VDW torsion                          1     0.347    1.735      0.200



====== CYCLE  4 ======

 weight = 1.0000e+00
 geom_x = 7.309072300727789
 geom_a = 0
 geom_q = 0
 geom_c = 0.0
f0= 7.3091e+00
using cgsolve in c++, ic=False
diag(geom) min= 96.835278 max= 12255.058125
diag(all) min= 96.835278 max= 12255.058125
Trying gamma equal 0.000000
Convergence reached after 11 iterations with no gamma cycles
min(dx) = -8.44019634624868e-12
max(dx) = 1.8929643414155626e-11
mean(dx)= 6.471777602716634e-13
vdws = 4
atoms = 6
pairs = 14
 geom_x = 7.309072300727788
 geom_a = 0
 geom_q = 0
 geom_c = 0.0
f1, 0= 7.3091e+00
                          N restraints  r.m.s.d.  r.m.s.Z  Mn(sigma)
Bond distances, non H                5     0.005    0.313      0.016
Bond angles, non H                   5     1.088    0.645      2.428
Torsion angles, period 2             1     0.000    0.000      5.000
Planar groups                        4     0.000    0.000      0.020
VDW torsion                          1     0.347    1.735      0.200



====== CYCLE  5 ======

 weight = 1.0000e+00
 geom_x = 7.309072300727788
 geom_a = 0
 geom_q = 0
 geom_c = 0.0
f0= 7.3091e+00
using cgsolve in c++, ic=False
diag(geom) min= 96.835278 max= 12255.058125
diag(all) min= 96.835278 max= 12255.058125
Trying gamma equal 0.000000
Convergence reached after 11 iterations with no gamma cycles
min(dx) = -1.3923740721051197e-12
max(dx) = 3.122835004132102e-12
mean(dx)= 1.0676249152082189e-13
vdws = 4
atoms = 6
pairs = 14
 geom_x = 7.309072300727802
 geom_a = 0
 geom_q = 0
 geom_c = 0.0
f1, 0= 7.3091e+00
min(dx) = -6.961870360525598e-13
max(dx) = 1.561417502066051e-12
mean(dx)= 5.3381245760410945e-14
vdws = 4
atoms = 6
pairs = 14
 geom_x = 7.309072300727783
 geom_a = 0
 geom_q = 0
 geom_c = 0.0
f1, 1= 7.3091e+00
                          N restraints  r.m.s.d.  r.m.s.Z  Mn(sigma)
Bond distances, non H                5     0.005    0.313      0.016
Bond angles, non H                   5     1.088    0.645      2.428
Torsion angles, period 2             1     0.000    0.000      5.000
Planar groups                        4     0.000    0.000      0.020
VDW torsion                          1     0.347    1.735      0.200



====== CYCLE  6 ======

 weight = 1.0000e+00
 geom_x = 7.309072300727783
 geom_a = 0
 geom_q = 0
 geom_c = 0.0
f0= 7.3091e+00
using cgsolve in c++, ic=False
diag(geom) min= 96.835278 max= 12255.058125
diag(all) min= 96.835278 max= 12255.058125
Trying gamma equal 0.000000
Convergence reached after 11 iterations with no gamma cycles
min(dx) = -8.110601639289228e-13
max(dx) = 1.8191631721158328e-12
mean(dx)= 6.215784560679825e-14
vdws = 4
atoms = 6
pairs = 14
 geom_x = 7.3090723007277845
 geom_a = 0
 geom_q = 0
 geom_c = 0.0
f1, 0= 7.3091e+00
min(dx) = -4.055300819644614e-13
max(dx) = 9.095815860579164e-13
mean(dx)= 3.107892280339912e-14
vdws = 4
atoms = 6
pairs = 14
 geom_x = 7.30907230072778
 geom_a = 0
 geom_q = 0
 geom_c = 0.0
f1, 1= 7.3091e+00
                          N restraints  r.m.s.d.  r.m.s.Z  Mn(sigma)
Bond distances, non H                5     0.005    0.313      0.016
Bond angles, non H                   5     1.088    0.645      2.428
Torsion angles, period 2             1     0.000    0.000      5.000
Planar groups                        4     0.000    0.000      0.020
VDW torsion                          1     0.347    1.735      0.200



====== CYCLE  7 ======

 weight = 1.0000e+00
 geom_x = 7.30907230072778
 geom_a = 0
 geom_q = 0
 geom_c = 0.0
f0= 7.3091e+00
using cgsolve in c++, ic=False
diag(geom) min= 96.835278 max= 12255.058125
diag(all) min= 96.835278 max= 12255.058125
Trying gamma equal 0.000000
Convergence reached after 11 iterations with no gamma cycles
min(dx) = -4.722990206028024e-13
max(dx) = 1.0594537009506034e-12
mean(dx)= 3.622829720538521e-14
vdws = 4
atoms = 6
pairs = 14
 geom_x = 7.309072300727768
 geom_a = 0
 geom_q = 0
 geom_c = 0.0
f1, 0= 7.3091e+00
                          N restraints  r.m.s.d.  r.m.s.Z  Mn(sigma)
Bond distances, non H                5     0.005    0.313      0.016
Bond angles, non H                   5     1.088    0.645      2.428
Torsion angles, period 2             1     0.000    0.000      5.000
Planar groups                        4     0.000    0.000      0.020
VDW torsion                          1     0.347    1.735      0.200



====== CYCLE  8 ======

 weight = 1.0000e+00
 geom_x = 7.309072300727768
 geom_a = 0
 geom_q = 0
 geom_c = 0.0
f0= 7.3091e+00
using cgsolve in c++, ic=False
diag(geom) min= 96.835278 max= 12255.058125
diag(all) min= 96.835278 max= 12255.058125
Trying gamma equal 0.000000
Convergence reached after 11 iterations with no gamma cycles
min(dx) = -7.792667241288029e-14
max(dx) = 1.7500725754080667e-13
mean(dx)= 5.958916636261735e-15
vdws = 4
atoms = 6
pairs = 14
 geom_x = 7.3090723007277845
 geom_a = 0
 geom_q = 0
 geom_c = 0.0
f1, 0= 7.3091e+00
min(dx) = -3.8963336206440145e-14
max(dx) = 8.750362877040334e-14
mean(dx)= 2.9794583181308675e-15
vdws = 4
atoms = 6
pairs = 14
 geom_x = 7.30907230072779
 geom_a = 0
 geom_q = 0
 geom_c = 0.0
f1, 1= 7.3091e+00
min(dx) = -1.9481668103220072e-14
max(dx) = 4.375181438520167e-14
mean(dx)= 1.4897291590654337e-15
vdws = 4
atoms = 6
pairs = 14
 geom_x = 7.309072300727788
 geom_a = 0
 geom_q = 0
 geom_c = 0.0
f1, 2= 7.3091e+00
WARNING: function not minimised
                          N restraints  r.m.s.d.  r.m.s.Z  Mn(sigma)
Bond distances, non H                5     0.005    0.313      0.016
Bond angles, non H                   5     1.088    0.645      2.428
Torsion angles, period 2             1     0.000    0.000      5.000
Planar groups                        4     0.000    0.000      0.020
VDW torsion                          1     0.347    1.735      0.200



====== CYCLE  9 ======

 weight = 1.0000e+00
 geom_x = 7.309072300727788
 geom_a = 0
 geom_q = 0
 geom_c = 0.0
f0= 7.3091e+00
using cgsolve in c++, ic=False
diag(geom) min= 96.835278 max= 12255.058125
diag(all) min= 96.835278 max= 12255.058125
Trying gamma equal 0.000000
Convergence reached after 11 iterations with no gamma cycles
min(dx) = -6.19249904814944e-14
max(dx) = 1.3841817029177147e-13
mean(dx)= 4.742263690996765e-15
vdws = 4
atoms = 6
pairs = 14
 geom_x = 7.309072300727783
 geom_a = 0
 geom_q = 0
 geom_c = 0.0
f1, 0= 7.3091e+00
                          N restraints  r.m.s.d.  r.m.s.Z  Mn(sigma)
Bond distances, non H                5     0.005    0.313      0.016
Bond angles, non H                   5     1.088    0.645      2.428
Torsion angles, period 2             1     0.000    0.000      5.000
Planar groups                        4     0.000    0.000      0.020
VDW torsion                          1     0.347    1.735      0.200



====== CYCLE 10 ======

 weight = 1.0000e+00
 geom_x = 7.309072300727783
 geom_a = 0
 geom_q = 0
 geom_c = 0.0
f0= 7.3091e+00
using cgsolve in c++, ic=False
diag(geom) min= 96.835278 max= 12255.058125
diag(all) min= 96.835278 max= 12255.058125
Trying gamma equal 0.000000
Not converging with gamma equal 0.000000
Trying gamma equal 0.052500
Gamma decreased to 0.042000
min(dx) = -9.401107757567299e-15
max(dx) = 2.0701376944076036e-14
mean(dx)= 7.06151464515691e-16
vdws = 4
atoms = 6
pairs = 14
 geom_x = 7.3090723007277925
 geom_a = 0
 geom_q = 0
 geom_c = 0.0
f1, 0= 7.3091e+00
min(dx) = -4.700553878783649e-15
max(dx) = 1.0350688472038018e-14
mean(dx)= 3.530757322578455e-16
vdws = 4
atoms = 6
pairs = 14
 geom_x = 7.3090723007278005
 geom_a = 0
 geom_q = 0
 geom_c = 0.0
f1, 1= 7.3091e+00
min(dx) = -2.3502769393918247e-15
max(dx) = 5.175344236019009e-15
mean(dx)= 1.7653786612892274e-16
vdws = 4
atoms = 6
pairs = 14
 geom_x = 7.309072300727793
 geom_a = 0
 geom_q = 0
 geom_c = 0.0
f1, 2= 7.3091e+00
WARNING: function not minimised
                          N restraints  r.m.s.d.  r.m.s.Z  Mn(sigma)
Bond distances, non H                5     0.005    0.313      0.016
Bond angles, non H                   5     1.088    0.645      2.428
Torsion angles, period 2             1     0.000    0.000      5.000
Planar groups                        4     0.000    0.000      0.020
VDW torsion                          1     0.347    1.735      0.200



====== CYCLE 11 ======

 weight = 1.0000e+00
 geom_x = 7.309072300727793
 geom_a = 0
 geom_q = 0
 geom_c = 0.0
f0= 7.3091e+00
using cgsolve in c++, ic=False
diag(geom) min= 96.835278 max= 12255.058125
diag(all) min= 96.835278 max= 12255.058125
Trying gamma equal 0.042000
Convergence reached after 12 iterations with no gamma cycles
min(dx) = -7.6346284482667e-15
max(dx) = 1.6861000645806108e-14
mean(dx)= 5.747892592184218e-16
vdws = 4
atoms = 6
pairs = 14
 geom_x = 7.309072300727777
 geom_a = 0
 geom_q = 0
 geom_c = 0.0
f1, 0= 7.3091e+00
                          N restraints  r.m.s.d.  r.m.s.Z  Mn(sigma)
Bond distances, non H                5     0.005    0.313      0.016
Bond angles, non H                   5     1.088    0.645      2.428
Torsion angles, period 2             1     0.000    0.000      5.000
Planar groups                        4     0.000    0.000      0.020
VDW torsion                          1     0.347    1.735      0.200



====== CYCLE 12 ======

 weight = 1.0000e+00
 geom_x = 7.309072300727777
 geom_a = 0
 geom_q = 0
 geom_c = 0.0
f0= 7.3091e+00
using cgsolve in c++, ic=False
diag(geom) min= 96.835278 max= 12255.058125
diag(all) min= 96.835278 max= 12255.058125
Trying gamma equal 0.042000
Convergence reached after 12 iterations with no gamma cycles
min(dx) = -1.5654849421525066e-15
max(dx) = 4.12511728048043e-15
mean(dx)= 1.8048403965266401e-16
vdws = 4
atoms = 6
pairs = 14
 geom_x = 7.309072300727797
 geom_a = 0
 geom_q = 0
 geom_c = 0.0
f1, 0= 7.3091e+00
min(dx) = -7.827424710762533e-16
max(dx) = 2.062558640240215e-15
mean(dx)= 9.024201982633201e-17
vdws = 4
atoms = 6
pairs = 14
 geom_x = 7.309072300727796
 geom_a = 0
 geom_q = 0
 geom_c = 0.0
f1, 1= 7.3091e+00
min(dx) = -3.9137123553812666e-16
max(dx) = 1.0312793201201074e-15
mean(dx)= 4.5121009913166004e-17
vdws = 4
atoms = 6
pairs = 14
 geom_x = 7.309072300727795
 geom_a = 0
 geom_q = 0
 geom_c = 0.0
f1, 2= 7.3091e+00
WARNING: function not minimised
                          N restraints  r.m.s.d.  r.m.s.Z  Mn(sigma)
Bond distances, non H                5     0.005    0.313      0.016
Bond angles, non H                   5     1.088    0.645      2.428
Torsion angles, period 2             1     0.000    0.000      5.000
Planar groups                        4     0.000    0.000      0.020
VDW torsion                          1     0.347    1.735      0.200



====== CYCLE 13 ======

 weight = 1.0000e+00
 geom_x = 7.309072300727795
 geom_a = 0
 geom_q = 0
 geom_c = 0.0
f0= 7.3091e+00
using cgsolve in c++, ic=False
diag(geom) min= 96.835278 max= 12255.058125
diag(all) min= 96.835278 max= 12255.058125
Trying gamma equal 0.042000
Convergence reached after 12 iterations with no gamma cycles
min(dx) = -1.3580801519115458e-15
max(dx) = 3.4384495781760374e-15
mean(dx)= 1.368764287067999e-16
vdws = 4
atoms = 6
pairs = 14
 geom_x = 7.309072300727797
 geom_a = 0
 geom_q = 0
 geom_c = 0.0
f1, 0= 7.3091e+00
min(dx) = -6.790400759557729e-16
max(dx) = 1.7192247890880187e-15
mean(dx)= 6.843821435339995e-17
vdws = 4
atoms = 6
pairs = 14
 geom_x = 7.309072300727818
 geom_a = 0
 geom_q = 0
 geom_c = 0.0
f1, 1= 7.3091e+00
min(dx) = -3.3952003797788645e-16
max(dx) = 8.596123945440093e-16
mean(dx)= 3.4219107176699975e-17
vdws = 4
atoms = 6
pairs = 14
 geom_x = 7.309072300727798
 geom_a = 0
 geom_q = 0
 geom_c = 0.0
f1, 2= 7.3091e+00
WARNING: function not minimised
                          N restraints  r.m.s.d.  r.m.s.Z  Mn(sigma)
Bond distances, non H                5     0.005    0.313      0.016
Bond angles, non H                   5     1.088    0.645      2.428
Torsion angles, period 2             1     0.000    0.000      5.000
Planar groups                        4     0.000    0.000      0.020
VDW torsion                          1     0.347    1.735      0.200



====== CYCLE 14 ======

 weight = 1.0000e+00
 geom_x = 7.309072300727798
 geom_a = 0
 geom_q = 0
 geom_c = 0.0
f0= 7.3091e+00
using cgsolve in c++, ic=False
diag(geom) min= 96.835278 max= 12255.058125
diag(all) min= 96.835278 max= 12255.058125
Trying gamma equal 0.042000
Convergence reached after 12 iterations with no gamma cycles
min(dx) = -1.0137650373339519e-15
max(dx) = 3.0913761144929384e-15
mean(dx)= 1.2049224441545296e-16
vdws = 4
atoms = 6
pairs = 14
 geom_x = 7.309072300727788
 geom_a = 0
 geom_q = 0
 geom_c = 0.0
f1, 0= 7.3091e+00
                          N restraints  r.m.s.d.  r.m.s.Z  Mn(sigma)
Bond distances, non H                5     0.005    0.313      0.016
Bond angles, non H                   5     1.088    0.645      2.428
Torsion angles, period 2             1     0.000    0.000      5.000
Planar groups                        4     0.000    0.000      0.020
VDW torsion                          1     0.347    1.735      0.200



====== CYCLE 15 ======

 weight = 1.0000e+00
 geom_x = 7.309072300727788
 geom_a = 0
 geom_q = 0
 geom_c = 0.0
f0= 7.3091e+00
using cgsolve in c++, ic=False
diag(geom) min= 96.835278 max= 12255.058125
diag(all) min= 96.835278 max= 12255.058125
Trying gamma equal 0.042000
Convergence reached after 12 iterations with no gamma cycles
min(dx) = -6.483644993688983e-16
max(dx) = 4.570146436093108e-16
mean(dx)= -4.4133833836981586e-17
vdws = 4
atoms = 6
pairs = 14
 geom_x = 7.3090723007278005
 geom_a = 0
 geom_q = 0
 geom_c = 0.0
f1, 0= 7.3091e+00
min(dx) = -3.2418224968444914e-16
max(dx) = 2.285073218046554e-16
mean(dx)= -2.2066916918490793e-17
vdws = 4
atoms = 6
pairs = 14
 geom_x = 7.309072300727809
 geom_a = 0
 geom_q = 0
 geom_c = 0.0
f1, 1= 7.3091e+00
min(dx) = -1.6209112484222457e-16
max(dx) = 1.142536609023277e-16
mean(dx)= -1.1033458459245397e-17
vdws = 4
atoms = 6
pairs = 14
 geom_x = 7.309072300727785
 geom_a = 0
 geom_q = 0
 geom_c = 0.0
f1, 2= 7.3091e+00
                          N restraints  r.m.s.d.  r.m.s.Z  Mn(sigma)
Bond distances, non H                5     0.005    0.313      0.016
Bond angles, non H                   5     1.088    0.645      2.428
Torsion angles, period 2             1     0.000    0.000      5.000
Planar groups                        4     0.000    0.000      0.020
VDW torsion                          1     0.347    1.735      0.200



====== CYCLE 16 ======

 weight = 1.0000e+00
 geom_x = 7.309072300727785
 geom_a = 0
 geom_q = 0
 geom_c = 0.0
f0= 7.3091e+00
using cgsolve in c++, ic=False
diag(geom) min= 96.835278 max= 12255.058125
diag(all) min= 96.835278 max= 12255.058125
Trying gamma equal 0.042000
Convergence reached after 12 iterations with no gamma cycles
min(dx) = -2.6615919517594405e-16
max(dx) = 2.3685021130532524e-16
mean(dx)= -5.134945494097001e-17
vdws = 4
atoms = 6
pairs = 14
 geom_x = 7.309072300727785
 geom_a = 0
 geom_q = 0
 geom_c = 0.0
f1, 0= 7.3091e+00
min(dx) = -1.3307959758797203e-16
max(dx) = 1.1842510565266262e-16
mean(dx)= -2.5674727470485006e-17
vdws = 4
atoms = 6
pairs = 14
 geom_x = 7.309072300727793
 geom_a = 0
 geom_q = 0
 geom_c = 0.0
f1, 1= 7.3091e+00
min(dx) = -6.653979879398601e-17
max(dx) = 5.921255282633131e-17
mean(dx)= -1.2837363735242503e-17
vdws = 4
atoms = 6
pairs = 14
 geom_x = 7.309072300727785
 geom_a = 0
 geom_q = 0
 geom_c = 0.0
f1, 2= 7.3091e+00
WARNING: function not minimised
                          N restraints  r.m.s.d.  r.m.s.Z  Mn(sigma)
Bond distances, non H                5     0.005    0.313      0.016
Bond angles, non H                   5     1.088    0.645      2.428
Torsion angles, period 2             1     0.000    0.000      5.000
Planar groups                        4     0.000    0.000      0.020
VDW torsion                          1     0.347    1.735      0.200



====== CYCLE 17 ======

 weight = 1.0000e+00
 geom_x = 7.309072300727785
 geom_a = 0
 geom_q = 0
 geom_c = 0.0
f0= 7.3091e+00
using cgsolve in c++, ic=False
diag(geom) min= 96.835278 max= 12255.058125
diag(all) min= 96.835278 max= 12255.058125
Trying gamma equal 0.042000
Convergence reached after 12 iterations with no gamma cycles
min(dx) = -3.197562255104794e-16
max(dx) = 2.5668109403332483e-16
mean(dx)= -1.0679505706371853e-17
vdws = 4
atoms = 6
pairs = 14
 geom_x = 7.309072300727805
 geom_a = 0
 geom_q = 0
 geom_c = 0.0
f1, 0= 7.3091e+00
min(dx) = -1.598781127552397e-16
max(dx) = 1.2834054701666241e-16
mean(dx)= -5.339752853185926e-18
vdws = 4
atoms = 6
pairs = 14
 geom_x = 7.309072300727798
 geom_a = 0
 geom_q = 0
 geom_c = 0.0
f1, 1= 7.3091e+00
min(dx) = -7.993905637761985e-17
max(dx) = 6.417027350833121e-17
mean(dx)= -2.669876426592963e-18
vdws = 4
atoms = 6
pairs = 14
 geom_x = 7.309072300727789
 geom_a = 0
 geom_q = 0
 geom_c = 0.0
f1, 2= 7.3091e+00
WARNING: function not minimised
                          N restraints  r.m.s.d.  r.m.s.Z  Mn(sigma)
Bond distances, non H                5     0.005    0.313      0.016
Bond angles, non H                   5     1.088    0.645      2.428
Torsion angles, period 2             1     0.000    0.000      5.000
Planar groups                        4     0.000    0.000      0.020
VDW torsion                          1     0.347    1.735      0.200



====== CYCLE 18 ======

 weight = 1.0000e+00
 geom_x = 7.309072300727789
 geom_a = 0
 geom_q = 0
 geom_c = 0.0
f0= 7.3091e+00
using cgsolve in c++, ic=False
diag(geom) min= 96.835278 max= 12255.058125
diag(all) min= 96.835278 max= 12255.058125
Trying gamma equal 0.042000
Convergence reached after 12 iterations with no gamma cycles
min(dx) = -1.9615388130225842e-16
max(dx) = 3.472346344392348e-16
mean(dx)= 1.3582916105688111e-17
vdws = 4
atoms = 6
pairs = 14
 geom_x = 7.309072300727785
 geom_a = 0
 geom_q = 0
 geom_c = 0.0
f1, 0= 7.3091e+00
                          N restraints  r.m.s.d.  r.m.s.Z  Mn(sigma)
Bond distances, non H                5     0.005    0.313      0.016
Bond angles, non H                   5     1.088    0.645      2.428
Torsion angles, period 2             1     0.000    0.000      5.000
Planar groups                        4     0.000    0.000      0.020
VDW torsion                          1     0.347    1.735      0.200



====== CYCLE 19 ======

 weight = 1.0000e+00
 geom_x = 7.309072300727785
 geom_a = 0
 geom_q = 0
 geom_c = 0.0
f0= 7.3091e+00
using cgsolve in c++, ic=False
diag(geom) min= 96.835278 max= 12255.058125
diag(all) min= 96.835278 max= 12255.058125
Trying gamma equal 0.042000
Convergence reached after 12 iterations with no gamma cycles
min(dx) = -1.7414397850262836e-16
max(dx) = 2.6482177099285906e-16
mean(dx)= -7.346778719195482e-19
vdws = 4
atoms = 6
pairs = 14
 geom_x = 7.309072300727781
 geom_a = 0
 geom_q = 0
 geom_c = 0.0
f1, 0= 7.3091e+00
                          N restraints  r.m.s.d.  r.m.s.Z  Mn(sigma)
Bond distances, non H                5     0.005    0.313      0.016
Bond angles, non H                   5     1.088    0.645      2.428
Torsion angles, period 2             1     0.000    0.000      5.000
Planar groups                        4     0.000    0.000      0.020
VDW torsion                          1     0.347    1.735      0.200



====== CYCLE 20 ======

 weight = 1.0000e+00
 geom_x = 7.309072300727781
 geom_a = 0
 geom_q = 0
 geom_c = 0.0
f0= 7.3091e+00
using cgsolve in c++, ic=False
diag(geom) min= 96.835278 max= 12255.058125
diag(all) min= 96.835278 max= 12255.058125
Trying gamma equal 0.042000
Not converging with gamma equal 0.042000
Trying gamma equal 0.094500
Gamma decreased to 0.084000
min(dx) = -1.475276298248322e-16
max(dx) = 2.6228174910694524e-16
mean(dx)= 1.1167067888590068e-17
vdws = 4
atoms = 6
pairs = 14
 geom_x = 7.309072300727782
 geom_a = 0
 geom_q = 0
 geom_c = 0.0
f1, 0= 7.3091e+00
min(dx) = -7.37638149124161e-17
max(dx) = 1.3114087455347262e-16
mean(dx)= 5.583533944295034e-18
vdws = 4
atoms = 6
pairs = 14
 geom_x = 7.309072300727795
 geom_a = 0
 geom_q = 0
 geom_c = 0.0
f1, 1= 7.3091e+00
min(dx) = -3.688190745620805e-17
max(dx) = 6.557043727673631e-17
mean(dx)= 2.791766972147517e-18
vdws = 4
atoms = 6
pairs = 14
 geom_x = 7.309072300727781
 geom_a = 0
 geom_q = 0
 geom_c = 0.0
f1, 2= 7.3091e+00
WARNING: function not minimised
                          N restraints  r.m.s.d.  r.m.s.Z  Mn(sigma)
Bond distances, non H                5     0.005    0.313      0.016
Bond angles, non H                   5     1.088    0.645      2.428
Torsion angles, period 2             1     0.000    0.000      5.000
Planar groups                        4     0.000    0.000      0.020
VDW torsion                          1     0.347    1.735      0.200



====== CYCLE 21 ======

 weight = 1.0000e+00
 geom_x = 7.309072300727781
 geom_a = 0
 geom_q = 0
 geom_c = 0.0
f0= 7.3091e+00
using cgsolve in c++, ic=False
diag(geom) min= 96.835278 max= 12255.058125
diag(all) min= 96.835278 max= 12255.058125
Trying gamma equal 0.084000
Convergence reached after 11 iterations with no gamma cycles
min(dx) = -1.5140588331195348e-16
max(dx) = 2.6056958897922147e-16
mean(dx)= 1.0595425599582578e-17
vdws = 4
atoms = 6
pairs = 14
 geom_x = 7.309072300727782
 geom_a = 0
 geom_q = 0
 geom_c = 0.0
f1, 0= 7.3091e+00
min(dx) = -7.570294165597674e-17
max(dx) = 1.3028479448961073e-16
mean(dx)= 5.297712799791289e-18
vdws = 4
atoms = 6
pairs = 14
 geom_x = 7.309072300727779
 geom_a = 0
 geom_q = 0
 geom_c = 0.0
f1, 1= 7.3091e+00
                          N restraints  r.m.s.d.  r.m.s.Z  Mn(sigma)
Bond distances, non H                5     0.005    0.313      0.016
Bond angles, non H                   5     1.088    0.645      2.428
Torsion angles, period 2             1     0.000    0.000      5.000
Planar groups                        4     0.000    0.000      0.020
VDW torsion                          1     0.347    1.735      0.200



====== CYCLE 22 ======

 weight = 1.0000e+00
 geom_x = 7.309072300727779
 geom_a = 0
 geom_q = 0
 geom_c = 0.0
f0= 7.3091e+00
using cgsolve in c++, ic=False
diag(geom) min= 96.835278 max= 12255.058125
diag(all) min= 96.835278 max= 12255.058125
Trying gamma equal 0.084000
Convergence reached after 12 iterations with no gamma cycles
min(dx) = -2.1155500809782861e-16
max(dx) = 2.2420491367697986e-16
mean(dx)= -1.0700369472316428e-18
vdws = 4
atoms = 6
pairs = 14
 geom_x = 7.309072300727781
 geom_a = 0
 geom_q = 0
 geom_c = 0.0
f1, 0= 7.3091e+00
min(dx) = -1.0577750404891431e-16
max(dx) = 1.1210245683848993e-16
mean(dx)= -5.350184736158214e-19
vdws = 4
atoms = 6
pairs = 14
 geom_x = 7.309072300727779
 geom_a = 0
 geom_q = 0
 geom_c = 0.0
f1, 1= 7.3091e+00
min(dx) = -5.2888752024457154e-17
max(dx) = 5.605122841924496e-17
mean(dx)= -2.675092368079107e-19
vdws = 4
atoms = 6
pairs = 14
 geom_x = 7.309072300727779
 geom_a = 0
 geom_q = 0
 geom_c = 0.0
f1, 2= 7.3091e+00
WARNING: function not minimised
                          N restraints  r.m.s.d.  r.m.s.Z  Mn(sigma)
Bond distances, non H                5     0.005    0.313      0.016
Bond angles, non H                   5     1.088    0.645      2.428
Torsion angles, period 2             1     0.000    0.000      5.000
Planar groups                        4     0.000    0.000      0.020
VDW torsion                          1     0.347    1.735      0.200



====== CYCLE 23 ======

 weight = 1.0000e+00
 geom_x = 7.309072300727779
 geom_a = 0
 geom_q = 0
 geom_c = 0.0
f0= 7.3091e+00
using cgsolve in c++, ic=False
diag(geom) min= 96.835278 max= 12255.058125
diag(all) min= 96.835278 max= 12255.058125
Trying gamma equal 0.084000
Convergence reached after 12 iterations with no gamma cycles
min(dx) = -2.0993024360469717e-16
max(dx) = 3.261066719680426e-16
mean(dx)= 1.628429454364258e-17
vdws = 4
atoms = 6
pairs = 14
 geom_x = 7.309072300727785
 geom_a = 0
 geom_q = 0
 geom_c = 0.0
f1, 0= 7.3091e+00
min(dx) = -1.0496512180234858e-16
max(dx) = 1.630533359840213e-16
mean(dx)= 8.14214727182129e-18
vdws = 4
atoms = 6
pairs = 14
 geom_x = 7.309072300727781
 geom_a = 0
 geom_q = 0
 geom_c = 0.0
f1, 1= 7.3091e+00
min(dx) = -5.248256090117429e-17
max(dx) = 8.152666799201065e-17
mean(dx)= 4.071073635910645e-18
vdws = 4
atoms = 6
pairs = 14
 geom_x = 7.309072300727779
 geom_a = 0
 geom_q = 0
 geom_c = 0.0
f1, 2= 7.3091e+00
WARNING: function not minimised
                          N restraints  r.m.s.d.  r.m.s.Z  Mn(sigma)
Bond distances, non H                5     0.005    0.313      0.016
Bond angles, non H                   5     1.088    0.645      2.428
Torsion angles, period 2             1     0.000    0.000      5.000
Planar groups                        4     0.000    0.000      0.020
VDW torsion                          1     0.347    1.735      0.200



====== CYCLE 24 ======

 weight = 1.0000e+00
 geom_x = 7.309072300727779
 geom_a = 0
 geom_q = 0
 geom_c = 0.0
f0= 7.3091e+00
using cgsolve in c++, ic=False
diag(geom) min= 96.835278 max= 12255.058125
diag(all) min= 96.835278 max= 12255.058125
Trying gamma equal 0.084000
Convergence reached after 12 iterations with no gamma cycles
min(dx) = -1.7456217552412872e-16
max(dx) = 6.068266935568136e-17
mean(dx)= -3.9388199973774074e-17
vdws = 4
atoms = 6
pairs = 14
 geom_x = 7.309072300727782
 geom_a = 0
 geom_q = 0
 geom_c = 0.0
f1, 0= 7.3091e+00
min(dx) = -8.728108776206436e-17
max(dx) = 3.034133467784068e-17
mean(dx)= -1.9694099986887037e-17
vdws = 4
atoms = 6
pairs = 14
 geom_x = 7.309072300727782
 geom_a = 0
 geom_q = 0
 geom_c = 0.0
f1, 1= 7.3091e+00
min(dx) = -4.364054388103218e-17
max(dx) = 1.517066733892034e-17
mean(dx)= -9.847049993443518e-18
vdws = 4
atoms = 6
pairs = 14
 geom_x = 7.309072300727781
 geom_a = 0
 geom_q = 0
 geom_c = 0.0
f1, 2= 7.3091e+00
WARNING: function not minimised
                          N restraints  r.m.s.d.  r.m.s.Z  Mn(sigma)
Bond distances, non H                5     0.005    0.313      0.016
Bond angles, non H                   5     1.088    0.645      2.428
Torsion angles, period 2             1     0.000    0.000      5.000
Planar groups                        4     0.000    0.000      0.020
VDW torsion                          1     0.347    1.735      0.200



====== CYCLE 25 ======

 weight = 1.0000e+00
 geom_x = 7.309072300727781
 geom_a = 0
 geom_q = 0
 geom_c = 0.0
f0= 7.3091e+00
using cgsolve in c++, ic=False
diag(geom) min= 96.835278 max= 12255.058125
diag(all) min= 96.835278 max= 12255.058125
Trying gamma equal 0.084000
Convergence reached after 12 iterations with no gamma cycles
min(dx) = -1.9077765979391343e-16
max(dx) = 1.3699362840693196e-16
mean(dx)= -3.0049343038149845e-17
vdws = 4
atoms = 6
pairs = 14
 geom_x = 7.309072300727782
 geom_a = 0
 geom_q = 0
 geom_c = 0.0
f1, 0= 7.3091e+00
min(dx) = -9.538882989695672e-17
max(dx) = 6.849681420346598e-17
mean(dx)= -1.5024671519074922e-17
vdws = 4
atoms = 6
pairs = 14
 geom_x = 7.309072300727779
 geom_a = 0
 geom_q = 0
 geom_c = 0.0
f1, 1= 7.3091e+00
                          N restraints  r.m.s.d.  r.m.s.Z  Mn(sigma)
Bond distances, non H                5     0.005    0.313      0.016
Bond angles, non H                   5     1.088    0.645      2.428
Torsion angles, period 2             1     0.000    0.000      5.000
Planar groups                        4     0.000    0.000      0.020
VDW torsion                          1     0.347    1.735      0.200



====== CYCLE 26 ======

 weight = 1.0000e+00
 geom_x = 7.309072300727779
 geom_a = 0
 geom_q = 0
 geom_c = 0.0
f0= 7.3091e+00
using cgsolve in c++, ic=False
diag(geom) min= 96.835278 max= 12255.058125
diag(all) min= 96.835278 max= 12255.058125
Trying gamma equal 0.084000
Convergence reached after 12 iterations with no gamma cycles
min(dx) = -6.150362465292447e-17
max(dx) = 1.7269584895099321e-16
mean(dx)= 2.264110793212452e-17
vdws = 4
atoms = 6
pairs = 14
 geom_x = 7.309072300727789
 geom_a = 0
 geom_q = 0
 geom_c = 0.0
f1, 0= 7.3091e+00
min(dx) = -3.075181232646224e-17
max(dx) = 8.634792447549661e-17
mean(dx)= 1.132055396606226e-17
vdws = 4
atoms = 6
pairs = 14
 geom_x = 7.309072300727789
 geom_a = 0
 geom_q = 0
 geom_c = 0.0
f1, 1= 7.3091e+00
min(dx) = -1.537590616323112e-17
max(dx) = 4.3173962237748303e-17
mean(dx)= 5.66027698303113e-18
vdws = 4
atoms = 6
pairs = 14
 geom_x = 7.309072300727782
 geom_a = 0
 geom_q = 0
 geom_c = 0.0
f1, 2= 7.3091e+00
WARNING: function not minimised
                          N restraints  r.m.s.d.  r.m.s.Z  Mn(sigma)
Bond distances, non H                5     0.005    0.313      0.016
Bond angles, non H                   5     1.088    0.645      2.428
Torsion angles, period 2             1     0.000    0.000      5.000
Planar groups                        4     0.000    0.000      0.020
VDW torsion                          1     0.347    1.735      0.200



====== CYCLE 27 ======

 weight = 1.0000e+00
 geom_x = 7.309072300727782
 geom_a = 0
 geom_q = 0
 geom_c = 0.0
f0= 7.3091e+00
using cgsolve in c++, ic=False
diag(geom) min= 96.835278 max= 12255.058125
diag(all) min= 96.835278 max= 12255.058125
Trying gamma equal 0.084000
Convergence reached after 12 iterations with no gamma cycles
min(dx) = -1.1501192269456691e-16
max(dx) = 2.497686905080764e-16
mean(dx)= 3.712321601004125e-17
vdws = 4
atoms = 6
pairs = 14
 geom_x = 7.3090723007277925
 geom_a = 0
 geom_q = 0
 geom_c = 0.0
f1, 0= 7.3091e+00
min(dx) = -5.750596134728346e-17
max(dx) = 1.248843452540382e-16
mean(dx)= 1.8561608005020626e-17
vdws = 4
atoms = 6
pairs = 14
 geom_x = 7.309072300727789
 geom_a = 0
 geom_q = 0
 geom_c = 0.0
f1, 1= 7.3091e+00
min(dx) = -2.875298067364173e-17
max(dx) = 6.24421726270191e-17
mean(dx)= 9.280804002510313e-18
vdws = 4
atoms = 6
pairs = 14
 geom_x = 7.309072300727779
 geom_a = 0
 geom_q = 0
 geom_c = 0.0
f1, 2= 7.3091e+00
                          N restraints  r.m.s.d.  r.m.s.Z  Mn(sigma)
Bond distances, non H                5     0.005    0.313      0.016
Bond angles, non H                   5     1.088    0.645      2.428
Torsion angles, period 2             1     0.000    0.000      5.000
Planar groups                        4     0.000    0.000      0.020
VDW torsion                          1     0.347    1.735      0.200



====== CYCLE 28 ======

 weight = 1.0000e+00
 geom_x = 7.309072300727779
 geom_a = 0
 geom_q = 0
 geom_c = 0.0
f0= 7.3091e+00
using cgsolve in c++, ic=False
diag(geom) min= 96.835278 max= 12255.058125
diag(all) min= 96.835278 max= 12255.058125
Trying gamma equal 0.084000
Convergence reached after 12 iterations with no gamma cycles
min(dx) = -2.0890643744286453e-16
max(dx) = 1.967578443822007e-16
mean(dx)= -6.690987543681928e-18
vdws = 4
atoms = 6
pairs = 14
 geom_x = 7.309072300727781
 geom_a = 0
 geom_q = 0
 geom_c = 0.0
f1, 0= 7.3091e+00
min(dx) = -1.0445321872143227e-16
max(dx) = 9.837892219110035e-17
mean(dx)= -3.345493771840964e-18
vdws = 4
atoms = 6
pairs = 14
 geom_x = 7.309072300727766
 geom_a = 0
 geom_q = 0
 geom_c = 0.0
f1, 1= 7.3091e+00
                          N restraints  r.m.s.d.  r.m.s.Z  Mn(sigma)
Bond distances, non H                5     0.005    0.313      0.016
Bond angles, non H                   5     1.088    0.645      2.428
Torsion angles, period 2             1     0.000    0.000      5.000
Planar groups                        4     0.000    0.000      0.020
VDW torsion                          1     0.347    1.735      0.200



====== CYCLE 29 ======

 weight = 1.0000e+00
 geom_x = 7.309072300727766
 geom_a = 0
 geom_q = 0
 geom_c = 0.0
f0= 7.3091e+00
using cgsolve in c++, ic=False
diag(geom) min= 96.835278 max= 12255.058125
diag(all) min= 96.835278 max= 12255.058125
Trying gamma equal 0.084000
Convergence reached after 12 iterations with no gamma cycles
min(dx) = -1.5681844812961011e-16
max(dx) = 3.007044578768856e-16
mean(dx)= -7.513202887945711e-18
vdws = 4
atoms = 6
pairs = 14
 geom_x = 7.309072300727797
 geom_a = 0
 geom_q = 0
 geom_c = 0.0
f1, 0= 7.3091e+00
min(dx) = -7.840922406480506e-17
max(dx) = 1.503522289384428e-16
mean(dx)= -3.756601443972856e-18
vdws = 4
atoms = 6
pairs = 14
 geom_x = 7.309072300727802
 geom_a = 0
 geom_q = 0
 geom_c = 0.0
f1, 1= 7.3091e+00
min(dx) = -3.920461203240253e-17
max(dx) = 7.51761144692214e-17
mean(dx)= -1.878300721986428e-18
vdws = 4
atoms = 6
pairs = 14
 geom_x = 7.309072300727782
 geom_a = 0
 geom_q = 0
 geom_c = 0.0
f1, 2= 7.3091e+00
WARNING: function not minimised
                          N restraints  r.m.s.d.  r.m.s.Z  Mn(sigma)
Bond distances, non H                5     0.005    0.313      0.016
Bond angles, non H                   5     1.088    0.645      2.428
Torsion angles, period 2             1     0.000    0.000      5.000
Planar groups                        4     0.000    0.000      0.020
VDW torsion                          1     0.347    1.735      0.200



====== CYCLE 30 ======

 weight = 1.0000e+00
 geom_x = 7.309072300727782
 geom_a = 0
 geom_q = 0
 geom_c = 0.0
f0= 7.3091e+00
using cgsolve in c++, ic=False
diag(geom) min= 96.835278 max= 12255.058125
diag(all) min= 96.835278 max= 12255.058125
Trying gamma equal 0.084000
Convergence reached after 12 iterations with no gamma cycles
min(dx) = -2.29704931341589e-16
max(dx) = 2.668882909742183e-16
mean(dx)= -2.06035418014305e-17
vdws = 4
atoms = 6
pairs = 14
 geom_x = 7.30907230072779
 geom_a = 0
 geom_q = 0
 geom_c = 0.0
f1, 0= 7.3091e+00
min(dx) = -1.148524656707945e-16
max(dx) = 1.3344414548710916e-16
mean(dx)= -1.030177090071525e-17
vdws = 4
atoms = 6
pairs = 14
 geom_x = 7.309072300727789
 geom_a = 0
 geom_q = 0
 geom_c = 0.0
f1, 1= 7.3091e+00
min(dx) = -5.742623283539725e-17
max(dx) = 6.672207274355458e-17
mean(dx)= -5.150885450357625e-18
vdws = 4
atoms = 6
pairs = 14
 geom_x = 7.309072300727779
 geom_a = 0
 geom_q = 0
 geom_c = 0.0
f1, 2= 7.3091e+00
                          N restraints  r.m.s.d.  r.m.s.Z  Mn(sigma)
Bond distances, non H                5     0.005    0.313      0.016
Bond angles, non H                   5     1.088    0.645      2.428
Torsion angles, period 2             1     0.000    0.000      5.000
Planar groups                        4     0.000    0.000      0.020
VDW torsion                          1     0.347    1.735      0.200


$TABLE: stats vs cycle :
$GRAPHS
: Geometry :A:1,4,2:
: Geometry Z :A:1,3,5:
$$
 Ncyc  rmsBOND  zBOND  rmsANGL  zANGL
$$
$$
    0   0.0053 0.3130   1.0879 0.6451
    1   0.0053 0.3130   1.0879 0.6451
    2   0.0053 0.3130   1.0879 0.6451
    3   0.0053 0.3130   1.0879 0.6451
    4   0.0053 0.3130   1.0879 0.6451
    5   0.0053 0.3130   1.0879 0.6451
    6   0.0053 0.3130   1.0879 0.6451
    7   0.0053 0.3130   1.0879 0.6451
    8   0.0053 0.3130   1.0879 0.6451
    9   0.0053 0.3130   1.0879 0.6451
   10   0.0053 0.3130   1.0879 0.6451
   11   0.0053 0.3130   1.0879 0.6451
   12   0.0053 0.3130   1.0879 0.6451
   13   0.0053 0.3130   1.0879 0.6451
   14   0.0053 0.3130   1.0879 0.6451
   15   0.0053 0.3130   1.0879 0.6451
   16   0.0053 0.3130   1.0879 0.6451
   17   0.0053 0.3130   1.0879 0.6451
   18   0.0053 0.3130   1.0879 0.6451
   19   0.0053 0.3130   1.0879 0.6451
   20   0.0053 0.3130   1.0879 0.6451
   21   0.0053 0.3130   1.0879 0.6451
   22   0.0053 0.3130   1.0879 0.6451
   23   0.0053 0.3130   1.0879 0.6451
   24   0.0053 0.3130   1.0879 0.6451
   25   0.0053 0.3130   1.0879 0.6451
   26   0.0053 0.3130   1.0879 0.6451
   27   0.0053 0.3130   1.0879 0.6451
   28   0.0053 0.3130   1.0879 0.6451
   29   0.0053 0.3130   1.0879 0.6451
   30   0.0053 0.3130   1.0879 0.6451
$$

Creating restraints..

Chain info:
 chain 
  ligands: CAA (1 residues)

Number of refinement parameters:
       n_params  n_atoms  n_atoms_geom_only  n_atoms_data_only
xyz          12       12                  6                  0
adp           0        0                  0                  0
occ           0        0                  0                  0
dfrac         0        0                  0                  0

Randomizing structure with rmsd of 0.01
Torsion angle rules:
 include:
  {'group': 'peptide', 'tors_name': 'chi*'}
  {'link': '*', 'tors_name': 'omega'}
  {'residue': '*', 'tors_name': 'sp2_sp2*'}
  {'link': '*', 'tors_name': 'sp2_sp2*'}
 exclude:
  none
External restraints from Refmac instructions
 Number of distances          : 0
 Number of angles             : 0
 Number of torsions           : 0
 Number of chirals            : 0
 Number of planes             : 0
 Number of intervals          : 0
 Number of stackings          : 0
 Number of harmonics          : 0
 Number of special positions  : 0

Running 10 cycles with wchir=4 wvdw=2 with hydrogen
Geometry weights
vdws = 23
atoms = 12
pairs = 52
                          N restraints  r.m.s.d.  r.m.s.Z  Mn(sigma)
Bond distances, non H                5     0.007    0.522      0.016
Bond distances, H                    6     0.008    0.454      0.017
Bond angles, non H                   5     0.975    0.560      2.428
Bond angles, H                      13     0.706    0.416      2.077
Torsion angles, period 2             1     0.773    0.155      5.000
Torsion angles, period 6             1     0.043    0.002     20.000
Planar groups                        8     0.002    0.086      0.020
VDW nonbonded                        1     0.246    1.230      0.200
VDW torsion                          4     0.238    1.190      0.200


====== CYCLE  1 ======

 weight = 1.0000e+00
 geom_x = 17.606857217337893
 geom_a = 0
 geom_q = 0
 geom_c = 0.0
f0= 1.7607e+01
using cgsolve in c++, ic=False
diag(geom) min= 366.211211 max= 15933.761377
diag(all) min= 366.211211 max= 15933.761377
Trying gamma equal 0.000000
Not converging with gamma equal 0.000000
Trying gamma equal 0.052500
Gamma decreased to 0.042000
min(dx) = -0.024659448528253945
max(dx) = 0.03865468203417889
mean(dx)= -0.0009288265701300125
vdws = 23
atoms = 12
pairs = 52
 geom_x = 13.988138219932635
 geom_a = 0
 geom_q = 0
 geom_c = 0.0
f1, 0= 1.3988e+01
                          N restraints  r.m.s.d.  r.m.s.Z  Mn(sigma)
Bond distances, non H                5     0.009    0.569      0.016
Bond distances, H                    6     0.001    0.068      0.017
Bond angles, non H                   5     1.558    0.865      2.428
Bond angles, H                      13     0.766    0.297      2.077
Torsion angles, period 2             1     0.390    0.078      5.000
Torsion angles, period 6             1     0.079    0.004     20.000
Planar groups                        8     0.000    0.011      0.020
VDW nonbonded                        1     0.200    1.000      0.200
VDW torsion                          4     0.209    1.044      0.200



====== CYCLE  2 ======

 weight = 1.0000e+00
 geom_x = 13.988138219932635
 geom_a = 0
 geom_q = 0
 geom_c = 0.0
f0= 1.3988e+01
using cgsolve in c++, ic=False
diag(geom) min= 352.543794 max= 15935.115108
diag(all) min= 352.543794 max= 15935.115108
Trying gamma equal 0.042000
Convergence reached after 27 iterations with no gamma cycles
min(dx) = -0.008377202854497563
max(dx) = 0.00926809648794058
mean(dx)= -0.00012440959172881573
vdws = 23
atoms = 12
pairs = 52
 geom_x = 13.903255210981056
 geom_a = 0
 geom_q = 0
 geom_c = 0.0
f1, 0= 1.3903e+01
                          N restraints  r.m.s.d.  r.m.s.Z  Mn(sigma)
Bond distances, non H                5     0.010    0.630      0.016
Bond distances, H                    6     0.001    0.058      0.017
Bond angles, non H                   5     1.682    0.914      2.428
Bond angles, H                      13     0.816    0.314      2.077
Torsion angles, period 2             1     0.322    0.064      5.000
Torsion angles, period 6             1     0.363    0.018     20.000
Planar groups                        8     0.000    0.016      0.020
VDW nonbonded                        1     0.193    0.966      0.200
VDW torsion                          4     0.204    1.019      0.200



====== CYCLE  3 ======

 weight = 1.0000e+00
 geom_x = 13.903255210981056
 geom_a = 0
 geom_q = 0
 geom_c = 0.0
f0= 1.3903e+01
using cgsolve in c++, ic=False
diag(geom) min= 346.397514 max= 15936.567302
diag(all) min= 346.397514 max= 15936.567302
Trying gamma equal 0.042000
Convergence reached after 26 iterations with no gamma cycles
min(dx) = -0.006878097112318845
max(dx) = 0.008288207538542057
mean(dx)= 2.719739488859954e-05
vdws = 23
atoms = 12
pairs = 52
 geom_x = 13.888126944332429
 geom_a = 0
 geom_q = 0
 geom_c = 0.0
f1, 0= 1.3888e+01
                          N restraints  r.m.s.d.  r.m.s.Z  Mn(sigma)
Bond distances, non H                5     0.011    0.648      0.016
Bond distances, H                    6     0.001    0.057      0.017
Bond angles, non H                   5     1.721    0.923      2.428
Bond angles, H                      13     0.816    0.315      2.077
Torsion angles, period 2             1     0.272    0.054      5.000
Torsion angles, period 6             1     0.701    0.035     20.000
Planar groups                        8     0.000    0.017      0.020
VDW nonbonded                        1     0.192    0.962      0.200
VDW torsion                          4     0.202    1.012      0.200



====== CYCLE  4 ======

 weight = 1.0000e+00
 geom_x = 13.888126944332429
 geom_a = 0
 geom_q = 0
 geom_c = 0.0
f0= 1.3888e+01
using cgsolve in c++, ic=False
diag(geom) min= 341.691771 max= 15937.331192
diag(all) min= 341.691771 max= 15937.331192
Trying gamma equal 0.042000
Not converging with gamma equal 0.042000
Trying gamma equal 0.094500
Gamma decreased to 0.084000
min(dx) = -0.003290780297829664
max(dx) = 0.004006510667973894
mean(dx)= 2.499984188494008e-05
vdws = 23
atoms = 12
pairs = 52
 geom_x = 13.883867026718749
 geom_a = 0
 geom_q = 0
 geom_c = 0.0
f1, 0= 1.3884e+01
                          N restraints  r.m.s.d.  r.m.s.Z  Mn(sigma)
Bond distances, non H                5     0.011    0.652      0.016
Bond distances, H                    6     0.001    0.057      0.017
Bond angles, non H                   5     1.732    0.925      2.428
Bond angles, H                      13     0.816    0.315      2.077
Torsion angles, period 2             1     0.251    0.050      5.000
Torsion angles, period 6             1     0.887    0.044     20.000
Planar groups                        8     0.000    0.018      0.020
VDW nonbonded                        1     0.192    0.962      0.200
VDW torsion                          4     0.202    1.011      0.200



====== CYCLE  5 ======

 weight = 1.0000e+00
 geom_x = 13.883867026718749
 geom_a = 0
 geom_q = 0
 geom_c = 0.0
f0= 1.3884e+01
using cgsolve in c++, ic=False
diag(geom) min= 339.524829 max= 15937.782154
diag(all) min= 339.524829 max= 15937.782154
Trying gamma equal 0.084000
Convergence reached after 23 iterations with no gamma cycles
min(dx) = -0.0037036744223503536
max(dx) = 0.004582980267069026
mean(dx)= 3.6582374774660656e-05
vdws = 23
atoms = 12
pairs = 52
 geom_x = 13.879659297893472
 geom_a = 0
 geom_q = 0
 geom_c = 0.0
f1, 0= 1.3880e+01
                          N restraints  r.m.s.d.  r.m.s.Z  Mn(sigma)
Bond distances, non H                5     0.011    0.654      0.016
Bond distances, H                    6     0.001    0.057      0.017
Bond angles, non H                   5     1.739    0.926      2.428
Bond angles, H                      13     0.815    0.314      2.077
Torsion angles, period 2             1     0.231    0.046      5.000
Torsion angles, period 6             1     1.101    0.055     20.000
Planar groups                        8     0.000    0.018      0.020
VDW nonbonded                        1     0.192    0.962      0.200
VDW torsion                          4     0.202    1.010      0.200



====== CYCLE  6 ======

 weight = 1.0000e+00
 geom_x = 13.879659297893472
 geom_a = 0
 geom_q = 0
 geom_c = 0.0
f0= 1.3880e+01
using cgsolve in c++, ic=False
diag(geom) min= 337.131947 max= 15938.309735
diag(all) min= 337.131947 max= 15938.309735
Trying gamma equal 0.084000
Not converging with gamma equal 0.084000
Trying gamma equal 0.136500
Gamma decreased to 0.126000
min(dx) = -0.0023715854035809246
max(dx) = 0.003007801576629275
mean(dx)= 2.4790977562463576e-05
vdws = 23
atoms = 12
pairs = 52
 geom_x = 13.877019760559431
 geom_a = 0
 geom_q = 0
 geom_c = 0.0
f1, 0= 1.3877e+01
                          N restraints  r.m.s.d.  r.m.s.Z  Mn(sigma)
Bond distances, non H                5     0.011    0.654      0.016
Bond distances, H                    6     0.001    0.057      0.017
Bond angles, non H                   5     1.743    0.927      2.428
Bond angles, H                      13     0.814    0.314      2.077
Torsion angles, period 2             1     0.220    0.044      5.000
Torsion angles, period 6             1     1.247    0.062     20.000
Planar groups                        8     0.000    0.018      0.020
VDW nonbonded                        1     0.192    0.962      0.200
VDW torsion                          4     0.202    1.010      0.200



====== CYCLE  7 ======

 weight = 1.0000e+00
 geom_x = 13.877019760559431
 geom_a = 0
 geom_q = 0
 geom_c = 0.0
f0= 1.3877e+01
using cgsolve in c++, ic=False
diag(geom) min= 335.592293 max= 15938.683584
diag(all) min= 335.592293 max= 15938.683584
Trying gamma equal 0.126000
Convergence reached after 20 iterations with no gamma cycles
min(dx) = -0.0025954222752368667
max(dx) = 0.0033428401103926158
mean(dx)= 2.8783874014936036e-05
vdws = 23
atoms = 12
pairs = 52
 geom_x = 13.874093366874519
 geom_a = 0
 geom_q = 0
 geom_c = 0.0
f1, 0= 1.3874e+01
                          N restraints  r.m.s.d.  r.m.s.Z  Mn(sigma)
Bond distances, non H                5     0.011    0.655      0.016
Bond distances, H                    6     0.001    0.057      0.017
Bond angles, non H                   5     1.746    0.927      2.428
Bond angles, H                      13     0.814    0.314      2.077
Torsion angles, period 2             1     0.211    0.042      5.000
Torsion angles, period 6             1     1.409    0.070     20.000
Planar groups                        8     0.000    0.018      0.020
VDW nonbonded                        1     0.192    0.962      0.200
VDW torsion                          4     0.202    1.009      0.200



====== CYCLE  8 ======

 weight = 1.0000e+00
 geom_x = 13.874093366874519
 geom_a = 0
 geom_q = 0
 geom_c = 0.0
f0= 1.3874e+01
using cgsolve in c++, ic=False
diag(geom) min= 333.915599 max= 15939.093451
diag(all) min= 333.915599 max= 15939.093451
Trying gamma equal 0.126000
Convergence reached after 20 iterations with no gamma cycles
min(dx) = -0.002637852807757504
max(dx) = 0.003467659019456759
mean(dx)= 3.024420920061718e-05
vdws = 23
atoms = 12
pairs = 52
 geom_x = 13.8710293022839
 geom_a = 0
 geom_q = 0
 geom_c = 0.0
f1, 0= 1.3871e+01
                          N restraints  r.m.s.d.  r.m.s.Z  Mn(sigma)
Bond distances, non H                5     0.011    0.655      0.016
Bond distances, H                    6     0.001    0.057      0.017
Bond angles, non H                   5     1.749    0.927      2.428
Bond angles, H                      13     0.813    0.314      2.077
Torsion angles, period 2             1     0.203    0.041      5.000
Torsion angles, period 6             1     1.579    0.079     20.000
Planar groups                        8     0.000    0.019      0.020
VDW nonbonded                        1     0.192    0.962      0.200
VDW torsion                          4     0.202    1.009      0.200



====== CYCLE  9 ======

 weight = 1.0000e+00
 geom_x = 13.8710293022839
 geom_a = 0
 geom_q = 0
 geom_c = 0.0
f0= 1.3871e+01
using cgsolve in c++, ic=False
diag(geom) min= 332.206513 max= 15939.519142
diag(all) min= 332.206513 max= 15939.519142
Trying gamma equal 0.126000
Convergence reached after 19 iterations with no gamma cycles
min(dx) = -0.0026876784365246317
max(dx) = 0.0036024277621815215
mean(dx)= 3.1566882815636575e-05
vdws = 23
atoms = 12
pairs = 52
 geom_x = 13.86778678215404
 geom_a = 0
 geom_q = 0
 geom_c = 0.0
f1, 0= 1.3868e+01
                          N restraints  r.m.s.d.  r.m.s.Z  Mn(sigma)
Bond distances, non H                5     0.011    0.655      0.016
Bond distances, H                    6     0.001    0.057      0.017
Bond angles, non H                   5     1.751    0.927      2.428
Bond angles, H                      13     0.813    0.314      2.077
Torsion angles, period 2             1     0.196    0.039      5.000
Torsion angles, period 6             1     1.757    0.088     20.000
Planar groups                        8     0.000    0.019      0.020
VDW nonbonded                        1     0.192    0.962      0.200
VDW torsion                          4     0.202    1.009      0.200



====== CYCLE 10 ======

 weight = 1.0000e+00
 geom_x = 13.86778678215404
 geom_a = 0
 geom_q = 0
 geom_c = 0.0
f0= 1.3868e+01
using cgsolve in c++, ic=False
diag(geom) min= 330.460341 max= 15939.955553
diag(all) min= 330.460341 max= 15939.955553
Trying gamma equal 0.126000
Convergence reached after 18 iterations with no gamma cycles
min(dx) = -0.002744586126467963
max(dx) = 0.0037456908000675876
mean(dx)= 3.2801138027524394e-05
vdws = 23
atoms = 12
pairs = 52
 geom_x = 13.864332449367588
 geom_a = 0
 geom_q = 0
 geom_c = 0.0
f1, 0= 1.3864e+01
                          N restraints  r.m.s.d.  r.m.s.Z  Mn(sigma)
Bond distances, non H                5     0.011    0.655      0.016
Bond distances, H                    6     0.001    0.057      0.017
Bond angles, non H                   5     1.752    0.928      2.428
Bond angles, H                      13     0.813    0.314      2.077
Torsion angles, period 2             1     0.192    0.038      5.000
Torsion angles, period 6             1     1.944    0.097     20.000
Planar groups                        8     0.000    0.019      0.020
VDW nonbonded                        1     0.192    0.961      0.200
VDW torsion                          4     0.202    1.008      0.200


$TABLE: stats vs cycle :
$GRAPHS
: Geometry :A:1,4,2:
: Geometry Z :A:1,3,5:
$$
 Ncyc  rmsBOND  zBOND  rmsANGL  zANGL
$$
$$
    0   0.0075 0.5222   0.9749 0.5601
    1   0.0094 0.5691   1.5584 0.8653
    2   0.0105 0.6302   1.6825 0.9137
    3   0.0108 0.6480   1.7209 0.9231
    4   0.0108 0.6516   1.7317 0.9251
    5   0.0109 0.6537   1.7393 0.9261
    6   0.0109 0.6544   1.7430 0.9265
    7   0.0109 0.6549   1.7461 0.9268
    8   0.0109 0.6551   1.7486 0.9271
    9   0.0109 0.6552   1.7507 0.9273
   10   0.0109 0.6552   1.7525 0.9275
$$

Running 30 cycles with wchir=1 wvdw=2 with hydrogen
Geometry weights
vdws = 23
atoms = 12
pairs = 52
                          N restraints  r.m.s.d.  r.m.s.Z  Mn(sigma)
Bond distances, non H                5     0.011    0.655      0.016
Bond distances, H                    6     0.001    0.057      0.017
Bond angles, non H                   5     1.752    0.928      2.428
Bond angles, H                      13     0.813    0.314      2.077
Torsion angles, period 2             1     0.192    0.038      5.000
Torsion angles, period 6             1     1.944    0.097     20.000
Planar groups                        8     0.000    0.019      0.020
VDW nonbonded                        1     0.192    0.961      0.200
VDW torsion                          4     0.202    1.008      0.200


====== CYCLE  1 ======

 weight = 1.0000e+00
 geom_x = 13.864332449367588
 geom_a = 0
 geom_q = 0
 geom_c = 0.0
f0= 1.3864e+01
using cgsolve in c++, ic=False
diag(geom) min= 328.673778 max= 15940.398181
diag(all) min= 328.673778 max= 15940.398181
Trying gamma equal 0.126000
Convergence reached after 18 iterations with no gamma cycles
min(dx) = -0.0028087904495380225
max(dx) = 0.003896628697892164
mean(dx)= 3.3974335349928874e-05
vdws = 23
atoms = 12
pairs = 52
 geom_x = 13.860635523305454
 geom_a = 0
 geom_q = 0
 geom_c = 0.0
f1, 0= 1.3861e+01
                          N restraints  r.m.s.d.  r.m.s.Z  Mn(sigma)
Bond distances, non H                5     0.011    0.655      0.016
Bond distances, H                    6     0.001    0.057      0.017
Bond angles, non H                   5     1.754    0.928      2.428
Bond angles, H                      13     0.812    0.314      2.077
Torsion angles, period 2             1     0.189    0.038      5.000
Torsion angles, period 6             1     2.140    0.107     20.000
Planar groups                        8     0.000    0.020      0.020
VDW nonbonded                        1     0.192    0.961      0.200
VDW torsion                          4     0.202    1.008      0.200



====== CYCLE  2 ======

 weight = 1.0000e+00
 geom_x = 13.860635523305454
 geom_a = 0
 geom_q = 0
 geom_c = 0.0
f0= 1.3861e+01
using cgsolve in c++, ic=False
diag(geom) min= 326.844589 max= 15940.843927
diag(all) min= 326.844589 max= 15940.843927
Trying gamma equal 0.126000
Convergence reached after 18 iterations with no gamma cycles
min(dx) = -0.002880442227615491
max(dx) = 0.00405505860906242
mean(dx)= 3.5108282307440855e-05
vdws = 23
atoms = 12
pairs = 52
 geom_x = 13.856665257793868
 geom_a = 0
 geom_q = 0
 geom_c = 0.0
f1, 0= 1.3857e+01
                          N restraints  r.m.s.d.  r.m.s.Z  Mn(sigma)
Bond distances, non H                5     0.011    0.655      0.016
Bond distances, H                    6     0.001    0.057      0.017
Bond angles, non H                   5     1.755    0.928      2.428
Bond angles, H                      13     0.812    0.313      2.077
Torsion angles, period 2             1     0.187    0.037      5.000
Torsion angles, period 6             1     2.347    0.117     20.000
Planar groups                        8     0.000    0.020      0.020
VDW nonbonded                        1     0.192    0.961      0.200
VDW torsion                          4     0.202    1.008      0.200



====== CYCLE  3 ======

 weight = 1.0000e+00
 geom_x = 13.856665257793868
 geom_a = 0
 geom_q = 0
 geom_c = 0.0
f0= 1.3857e+01
using cgsolve in c++, ic=False
diag(geom) min= 324.971143 max= 15941.290539
diag(all) min= 324.971143 max= 15941.290539
Trying gamma equal 0.126000
Convergence reached after 18 iterations with no gamma cycles
min(dx) = -0.002959666773206294
max(dx) = 0.004221005693332347
mean(dx)= 3.621905797745152e-05
vdws = 23
atoms = 12
pairs = 52
 geom_x = 13.852389516580695
 geom_a = 0
 geom_q = 0
 geom_c = 0.0
f1, 0= 1.3852e+01
                          N restraints  r.m.s.d.  r.m.s.Z  Mn(sigma)
Bond distances, non H                5     0.011    0.655      0.016
Bond distances, H                    6     0.001    0.056      0.017
Bond angles, non H                   5     1.757    0.928      2.428
Bond angles, H                      13     0.812    0.313      2.077
Torsion angles, period 2             1     0.186    0.037      5.000
Torsion angles, period 6             1     2.565    0.128     20.000
Planar groups                        8     0.000    0.020      0.020
VDW nonbonded                        1     0.192    0.960      0.200
VDW torsion                          4     0.202    1.008      0.200



====== CYCLE  4 ======

 weight = 1.0000e+00
 geom_x = 13.852389516580695
 geom_a = 0
 geom_q = 0
 geom_c = 0.0
f0= 1.3852e+01
using cgsolve in c++, ic=False
diag(geom) min= 323.052317 max= 15941.736583
diag(all) min= 323.052317 max= 15941.736583
Trying gamma equal 0.126000
Convergence reached after 18 iterations with no gamma cycles
min(dx) = -0.0030465790789340344
max(dx) = 0.004394671532818692
mean(dx)= 3.7319423120002725e-05
vdws = 23
atoms = 12
pairs = 52
 geom_x = 13.847773908580823
 geom_a = 0
 geom_q = 0
 geom_c = 0.0
f1, 0= 1.3848e+01
                          N restraints  r.m.s.d.  r.m.s.Z  Mn(sigma)
Bond distances, non H                5     0.011    0.655      0.016
Bond distances, H                    6     0.001    0.056      0.017
Bond angles, non H                   5     1.758    0.928      2.428
Bond angles, H                      13     0.812    0.313      2.077
Torsion angles, period 2             1     0.187    0.037      5.000
Torsion angles, period 6             1     2.794    0.140     20.000
Planar groups                        8     0.000    0.021      0.020
VDW nonbonded                        1     0.192    0.960      0.200
VDW torsion                          4     0.202    1.008      0.200



====== CYCLE  5 ======

 weight = 1.0000e+00
 geom_x = 13.847773908580823
 geom_a = 0
 geom_q = 0
 geom_c = 0.0
f0= 1.3848e+01
using cgsolve in c++, ic=False
diag(geom) min= 321.087379 max= 15942.181161
diag(all) min= 321.087379 max= 15942.181161
Trying gamma equal 0.126000
Convergence reached after 18 iterations with no gamma cycles
min(dx) = -0.003141277981544989
max(dx) = 0.004576360196481136
mean(dx)= 3.842074735616715e-05
vdws = 23
atoms = 12
pairs = 52
 geom_x = 13.842781206668922
 geom_a = 0
 geom_q = 0
 geom_c = 0.0
f1, 0= 1.3843e+01
                          N restraints  r.m.s.d.  r.m.s.Z  Mn(sigma)
Bond distances, non H                5     0.011    0.654      0.016
Bond distances, H                    6     0.001    0.056      0.017
Bond angles, non H                   5     1.759    0.928      2.428
Bond angles, H                      13     0.811    0.313      2.077
Torsion angles, period 2             1     0.189    0.038      5.000
Torsion angles, period 6             1     3.036    0.152     20.000
Planar groups                        8     0.000    0.021      0.020
VDW nonbonded                        1     0.192    0.959      0.200
VDW torsion                          4     0.201    1.007      0.200



====== CYCLE  6 ======

 weight = 1.0000e+00
 geom_x = 13.842781206668922
 geom_a = 0
 geom_q = 0
 geom_c = 0.0
f0= 1.3843e+01
using cgsolve in c++, ic=False
diag(geom) min= 319.075938 max= 15942.623723
diag(all) min= 319.075938 max= 15942.623723
Trying gamma equal 0.126000
Convergence reached after 18 iterations with no gamma cycles
min(dx) = -0.0032438518598322196
max(dx) = 0.004766433647432436
mean(dx)= 3.953387850104002e-05
vdws = 23
atoms = 12
pairs = 52
 geom_x = 13.837370915715061
 geom_a = 0
 geom_q = 0
 geom_c = 0.0
f1, 0= 1.3837e+01
                          N restraints  r.m.s.d.  r.m.s.Z  Mn(sigma)
Bond distances, non H                5     0.011    0.654      0.016
Bond distances, H                    6     0.001    0.056      0.017
Bond angles, non H                   5     1.760    0.928      2.428
Bond angles, H                      13     0.811    0.313      2.077
Torsion angles, period 2             1     0.191    0.038      5.000
Torsion angles, period 6             1     3.290    0.165     20.000
Planar groups                        8     0.000    0.022      0.020
VDW nonbonded                        1     0.192    0.958      0.200
VDW torsion                          4     0.201    1.007      0.200



====== CYCLE  7 ======

 weight = 1.0000e+00
 geom_x = 13.837370915715061
 geom_a = 0
 geom_q = 0
 geom_c = 0.0
f0= 1.3837e+01
using cgsolve in c++, ic=False
diag(geom) min= 317.017928 max= 15943.063927
diag(all) min= 317.017928 max= 15943.063927
Trying gamma equal 0.126000
Convergence reached after 18 iterations with no gamma cycles
min(dx) = -0.0033543823101763685
max(dx) = 0.004965280216086794
mean(dx)= 4.066952678829908e-05
vdws = 23
atoms = 12
pairs = 52
 geom_x = 13.831498925866697
 geom_a = 0
 geom_q = 0
 geom_c = 0.0
f1, 0= 1.3831e+01
                          N restraints  r.m.s.d.  r.m.s.Z  Mn(sigma)
Bond distances, non H                5     0.011    0.654      0.016
Bond distances, H                    6     0.001    0.056      0.017
Bond angles, non H                   5     1.762    0.928      2.428
Bond angles, H                      13     0.810    0.312      2.077
Torsion angles, period 2             1     0.195    0.039      5.000
Torsion angles, period 6             1     3.558    0.178     20.000
Planar groups                        8     0.000    0.023      0.020
VDW nonbonded                        1     0.191    0.957      0.200
VDW torsion                          4     0.201    1.007      0.200



====== CYCLE  8 ======

 weight = 1.0000e+00
 geom_x = 13.831498925866697
 geom_a = 0
 geom_q = 0
 geom_c = 0.0
f0= 1.3831e+01
using cgsolve in c++, ic=False
diag(geom) min= 314.913612 max= 15943.501529
diag(all) min= 314.913612 max= 15943.501529
Trying gamma equal 0.126000
Convergence reached after 18 iterations with no gamma cycles
min(dx) = -0.0034729446309371085
max(dx) = 0.005173289967705455
mean(dx)= 4.183841528744383e-05
vdws = 23
atoms = 12
pairs = 52
 geom_x = 13.825117223716031
 geom_a = 0
 geom_q = 0
 geom_c = 0.0
f1, 0= 1.3825e+01
                          N restraints  r.m.s.d.  r.m.s.Z  Mn(sigma)
Bond distances, non H                5     0.011    0.653      0.016
Bond distances, H                    6     0.001    0.056      0.017
Bond angles, non H                   5     1.763    0.928      2.428
Bond angles, H                      13     0.810    0.312      2.077
Torsion angles, period 2             1     0.200    0.040      5.000
Torsion angles, period 6             1     3.841    0.192     20.000
Planar groups                        8     0.000    0.023      0.020
VDW nonbonded                        1     0.191    0.956      0.200
VDW torsion                          4     0.201    1.007      0.200



====== CYCLE  9 ======

 weight = 1.0000e+00
 geom_x = 13.825117223716031
 geom_a = 0
 geom_q = 0
 geom_c = 0.0
f0= 1.3825e+01
using cgsolve in c++, ic=False
diag(geom) min= 312.763611 max= 15943.936307
diag(all) min= 312.763611 max= 15943.936307
Trying gamma equal 0.126000
Convergence reached after 18 iterations with no gamma cycles
min(dx) = -0.0035996052159271057
max(dx) = 0.005390833609465287
mean(dx)= 4.3051317972060606e-05
vdws = 23
atoms = 12
pairs = 52
 geom_x = 13.818173654159116
 geom_a = 0
 geom_q = 0
 geom_c = 0.0
f1, 0= 1.3818e+01
                          N restraints  r.m.s.d.  r.m.s.Z  Mn(sigma)
Bond distances, non H                5     0.011    0.653      0.016
Bond distances, H                    6     0.001    0.056      0.017
Bond angles, non H                   5     1.764    0.928      2.428
Bond angles, H                      13     0.810    0.312      2.077
Torsion angles, period 2             1     0.206    0.041      5.000
Torsion angles, period 6             1     4.138    0.207     20.000
Planar groups                        8     0.000    0.024      0.020
VDW nonbonded                        1     0.191    0.955      0.200
VDW torsion                          4     0.201    1.007      0.200



====== CYCLE 10 ======

 weight = 1.0000e+00
 geom_x = 13.818173654159116
 geom_a = 0
 geom_q = 0
 geom_c = 0.0
f0= 1.3818e+01
using cgsolve in c++, ic=False
diag(geom) min= 310.568945 max= 15944.368005
diag(all) min= 310.568945 max= 15944.368005
Trying gamma equal 0.126000
Convergence reached after 18 iterations with no gamma cycles
min(dx) = -0.003734416062646866
max(dx) = 0.00561824277065357
mean(dx)= 4.431904125124203e-05
vdws = 23
atoms = 12
pairs = 52
 geom_x = 13.81061173793382
 geom_a = 0
 geom_q = 0
 geom_c = 0.0
f1, 0= 1.3811e+01
                          N restraints  r.m.s.d.  r.m.s.Z  Mn(sigma)
Bond distances, non H                5     0.011    0.653      0.016
Bond distances, H                    6     0.001    0.056      0.017
Bond angles, non H                   5     1.765    0.928      2.428
Bond angles, H                      13     0.809    0.312      2.077
Torsion angles, period 2             1     0.212    0.042      5.000
Torsion angles, period 6             1     4.452    0.223     20.000
Planar groups                        8     0.000    0.025      0.020
VDW nonbonded                        1     0.191    0.954      0.200
VDW torsion                          4     0.201    1.007      0.200



====== CYCLE 11 ======

 weight = 1.0000e+00
 geom_x = 13.81061173793382
 geom_a = 0
 geom_q = 0
 geom_c = 0.0
f0= 1.3811e+01
using cgsolve in c++, ic=False
diag(geom) min= 308.331087 max= 15944.796287
diag(all) min= 308.331087 max= 15944.796287
Trying gamma equal 0.126000
Convergence reached after 18 iterations with no gamma cycles
min(dx) = -0.0038774065268424394
max(dx) = 0.005855790146761671
mean(dx)= 4.565237155834071e-05
vdws = 23
atoms = 12
pairs = 52
 geom_x = 13.802370558256507
 geom_a = 0
 geom_q = 0
 geom_c = 0.0
f1, 0= 1.3802e+01
                          N restraints  r.m.s.d.  r.m.s.Z  Mn(sigma)
Bond distances, non H                5     0.011    0.652      0.016
Bond distances, H                    6     0.001    0.056      0.017
Bond angles, non H                   5     1.766    0.928      2.428
Bond angles, H                      13     0.809    0.311      2.077
Torsion angles, period 2             1     0.219    0.044      5.000
Torsion angles, period 6             1     4.782    0.239     20.000
Planar groups                        8     0.001    0.025      0.020
VDW nonbonded                        1     0.190    0.952      0.200
VDW torsion                          4     0.201    1.006      0.200



====== CYCLE 12 ======

 weight = 1.0000e+00
 geom_x = 13.802370558256507
 geom_a = 0
 geom_q = 0
 geom_c = 0.0
f0= 1.3802e+01
using cgsolve in c++, ic=False
diag(geom) min= 306.052025 max= 15945.220704
diag(all) min= 306.052025 max= 15945.220704
Trying gamma equal 0.126000
Convergence reached after 18 iterations with no gamma cycles
min(dx) = -0.0040285723859732475
max(dx) = 0.00610366839313121
mean(dx)= 4.706199466880495e-05
vdws = 23
atoms = 12
pairs = 52
 geom_x = 13.793384736760025
 geom_a = 0
 geom_q = 0
 geom_c = 0.0
f1, 0= 1.3793e+01
                          N restraints  r.m.s.d.  r.m.s.Z  Mn(sigma)
Bond distances, non H                5     0.011    0.652      0.016
Bond distances, H                    6     0.001    0.056      0.017
Bond angles, non H                   5     1.767    0.928      2.428
Bond angles, H                      13     0.808    0.311      2.077
Torsion angles, period 2             1     0.228    0.046      5.000
Torsion angles, period 6             1     5.130    0.257     20.000
Planar groups                        8     0.001    0.026      0.020
VDW nonbonded                        1     0.190    0.950      0.200
VDW torsion                          4     0.201    1.006      0.200



====== CYCLE 13 ======

 weight = 1.0000e+00
 geom_x = 13.793384736760025
 geom_a = 0
 geom_q = 0
 geom_c = 0.0
f0= 1.3793e+01
using cgsolve in c++, ic=False
diag(geom) min= 303.734339 max= 15945.640675
diag(all) min= 303.734339 max= 15945.640675
Trying gamma equal 0.126000
Convergence reached after 18 iterations with no gamma cycles
min(dx) = -0.0041878622391912056
max(dx) = 0.006361966913539893
mean(dx)= 4.855838371284475e-05
vdws = 23
atoms = 12
pairs = 52
 geom_x = 13.783584525088537
 geom_a = 0
 geom_q = 0
 geom_c = 0.0
f1, 0= 1.3784e+01
                          N restraints  r.m.s.d.  r.m.s.Z  Mn(sigma)
Bond distances, non H                5     0.011    0.651      0.016
Bond distances, H                    6     0.001    0.056      0.017
Bond angles, non H                   5     1.768    0.927      2.428
Bond angles, H                      13     0.807    0.311      2.077
Torsion angles, period 2             1     0.237    0.047      5.000
Torsion angles, period 6             1     5.496    0.275     20.000
Planar groups                        8     0.001    0.027      0.020
VDW nonbonded                        1     0.190    0.949      0.200
VDW torsion                          4     0.201    1.006      0.200



====== CYCLE 14 ======

 weight = 1.0000e+00
 geom_x = 13.783584525088537
 geom_a = 0
 geom_q = 0
 geom_c = 0.0
f0= 1.3784e+01
using cgsolve in c++, ic=False
diag(geom) min= 301.381282 max= 15946.055459
diag(all) min= 301.381282 max= 15946.055459
Trying gamma equal 0.126000
Convergence reached after 18 iterations with no gamma cycles
min(dx) = -0.004355161250217812
max(dx) = 0.006630645897390638
mean(dx)= 5.0151648780781676e-05
vdws = 23
atoms = 12
pairs = 52
 geom_x = 13.772896044411183
 geom_a = 0
 geom_q = 0
 geom_c = 0.0
f1, 0= 1.3773e+01
                          N restraints  r.m.s.d.  r.m.s.Z  Mn(sigma)
Bond distances, non H                5     0.011    0.651      0.016
Bond distances, H                    6     0.001    0.056      0.017
Bond angles, non H                   5     1.769    0.927      2.428
Bond angles, H                      13     0.807    0.310      2.077
Torsion angles, period 2             1     0.246    0.049      5.000
Torsion angles, period 6             1     5.881    0.294     20.000
Planar groups                        8     0.001    0.028      0.020
VDW nonbonded                        1     0.189    0.946      0.200
VDW torsion                          4     0.201    1.006      0.200



====== CYCLE 15 ======

 weight = 1.0000e+00
 geom_x = 13.772896044411183
 geom_a = 0
 geom_q = 0
 geom_c = 0.0
f0= 1.3773e+01
using cgsolve in c++, ic=False
diag(geom) min= 298.996864 max= 15946.464148
diag(all) min= 298.996864 max= 15946.464148
Trying gamma equal 0.126000
Convergence reached after 18 iterations with no gamma cycles
min(dx) = -0.004530272230832443
max(dx) = 0.006909507164826656
mean(dx)= 5.1851339690860065e-05
vdws = 23
atoms = 12
pairs = 52
 geom_x = 13.761241710803949
 geom_a = 0
 geom_q = 0
 geom_c = 0.0
f1, 0= 1.3761e+01
                          N restraints  r.m.s.d.  r.m.s.Z  Mn(sigma)
Bond distances, non H                5     0.011    0.650      0.016
Bond distances, H                    6     0.001    0.056      0.017
Bond angles, non H                   5     1.769    0.927      2.428
Bond angles, H                      13     0.806    0.310      2.077
Torsion angles, period 2             1     0.257    0.051      5.000
Torsion angles, period 6             1     6.285    0.314     20.000
Planar groups                        8     0.001    0.029      0.020
VDW nonbonded                        1     0.189    0.944      0.200
VDW torsion                          4     0.201    1.006      0.200



====== CYCLE 16 ======

 weight = 1.0000e+00
 geom_x = 13.761241710803949
 geom_a = 0
 geom_q = 0
 geom_c = 0.0
f0= 1.3761e+01
using cgsolve in c++, ic=False
diag(geom) min= 296.585951 max= 15946.865646
diag(all) min= 296.585951 max= 15946.865646
Trying gamma equal 0.126000
Convergence reached after 18 iterations with no gamma cycles
min(dx) = -0.004712894088011784
max(dx) = 0.007198161610270181
mean(dx)= 5.366619371778473e-05
vdws = 23
atoms = 12
pairs = 52
 geom_x = 13.748540889623339
 geom_a = 0
 geom_q = 0
 geom_c = 0.0
f1, 0= 1.3749e+01
                          N restraints  r.m.s.d.  r.m.s.Z  Mn(sigma)
Bond distances, non H                5     0.011    0.649      0.016
Bond distances, H                    6     0.001    0.056      0.017
Bond angles, non H                   5     1.770    0.926      2.428
Bond angles, H                      13     0.805    0.309      2.077
Torsion angles, period 2             1     0.268    0.054      5.000
Torsion angles, period 6             1     6.710    0.336     20.000
Planar groups                        8     0.001    0.030      0.020
VDW nonbonded                        1     0.188    0.941      0.200
VDW torsion                          4     0.201    1.005      0.200



====== CYCLE 17 ======

 weight = 1.0000e+00
 geom_x = 13.748540889623339
 geom_a = 0
 geom_q = 0
 geom_c = 0.0
f0= 1.3749e+01
using cgsolve in c++, ic=False
diag(geom) min= 294.154349 max= 15947.258662
diag(all) min= 294.154349 max= 15947.258662
Trying gamma equal 0.126000
Convergence reached after 18 iterations with no gamma cycles
min(dx) = -0.004902597738669611
max(dx) = 0.007495993314647913
mean(dx)= 5.560382130614396e-05
vdws = 23
atoms = 12
pairs = 52
 geom_x = 13.734710826114519
 geom_a = 0
 geom_q = 0
 geom_c = 0.0
f1, 0= 1.3735e+01
                          N restraints  r.m.s.d.  r.m.s.Z  Mn(sigma)
Bond distances, non H                5     0.011    0.649      0.016
Bond distances, H                    6     0.001    0.056      0.017
Bond angles, non H                   5     1.771    0.926      2.428
Bond angles, H                      13     0.804    0.309      2.077
Torsion angles, period 2             1     0.280    0.056      5.000
Torsion angles, period 6             1     7.156    0.358     20.000
Planar groups                        8     0.001    0.031      0.020
VDW nonbonded                        1     0.188    0.938      0.200
VDW torsion                          4     0.201    1.005      0.200



====== CYCLE 18 ======

 weight = 1.0000e+00
 geom_x = 13.734710826114519
 geom_a = 0
 geom_q = 0
 geom_c = 0.0
f0= 1.3735e+01
using cgsolve in c++, ic=False
diag(geom) min= 291.708905 max= 15947.641705
diag(all) min= 291.708905 max= 15947.641705
Trying gamma equal 0.126000
Convergence reached after 18 iterations with no gamma cycles
min(dx) = -0.005098799746028832
max(dx) = 0.0078021207485159585
mean(dx)= 5.767032497688504e-05
vdws = 23
atoms = 12
pairs = 52
 geom_x = 13.719667901722413
 geom_a = 0
 geom_q = 0
 geom_c = 0.0
f1, 0= 1.3720e+01
                          N restraints  r.m.s.d.  r.m.s.Z  Mn(sigma)
Bond distances, non H                5     0.011    0.648      0.016
Bond distances, H                    6     0.001    0.056      0.017
Bond angles, non H                   5     1.771    0.925      2.428
Bond angles, H                      13     0.803    0.308      2.077
Torsion angles, period 2             1     0.292    0.058      5.000
Torsion angles, period 6             1     7.623    0.381     20.000
Planar groups                        8     0.001    0.032      0.020
VDW nonbonded                        1     0.187    0.935      0.200
VDW torsion                          4     0.201    1.005      0.200



====== CYCLE 19 ======

 weight = 1.0000e+00
 geom_x = 13.719667901722413
 geom_a = 0
 geom_q = 0
 geom_c = 0.0
f0= 1.3720e+01
using cgsolve in c++, ic=False
diag(geom) min= 289.257588 max= 15948.013074
diag(all) min= 289.257588 max= 15948.013074
Trying gamma equal 0.126000
Convergence reached after 17 iterations with no gamma cycles
min(dx) = -0.005300717698273151
max(dx) = 0.008115332143892776
mean(dx)= 5.9869083053953437e-05
vdws = 23
atoms = 12
pairs = 52
 geom_x = 13.703329265134949
 geom_a = 0
 geom_q = 0
 geom_c = 0.0
f1, 0= 1.3703e+01
                          N restraints  r.m.s.d.  r.m.s.Z  Mn(sigma)
Bond distances, non H                5     0.011    0.647      0.016
Bond distances, H                    6     0.001    0.055      0.017
Bond angles, non H                   5     1.772    0.924      2.428
Bond angles, H                      13     0.802    0.307      2.077
Torsion angles, period 2             1     0.305    0.061      5.000
Torsion angles, period 6             1     8.113    0.406     20.000
Planar groups                        8     0.001    0.033      0.020
VDW nonbonded                        1     0.186    0.931      0.200
VDW torsion                          4     0.201    1.005      0.200



====== CYCLE 20 ======

 weight = 1.0000e+00
 geom_x = 13.703329265134949
 geom_a = 0
 geom_q = 0
 geom_c = 0.0
f0= 1.3703e+01
using cgsolve in c++, ic=False
diag(geom) min= 286.809582 max= 15948.370919
diag(all) min= 286.809582 max= 15948.370919
Trying gamma equal 0.126000
Convergence reached after 17 iterations with no gamma cycles
min(dx) = -0.005507422742460447
max(dx) = 0.008434153710779279
mean(dx)= 6.220359591038992e-05
vdws = 23
atoms = 12
pairs = 52
 geom_x = 13.685614879647646
 geom_a = 0
 geom_q = 0
 geom_c = 0.0
f1, 0= 1.3686e+01
                          N restraints  r.m.s.d.  r.m.s.Z  Mn(sigma)
Bond distances, non H                5     0.011    0.646      0.016
Bond distances, H                    6     0.001    0.055      0.017
Bond angles, non H                   5     1.772    0.923      2.428
Bond angles, H                      13     0.801    0.307      2.077
Torsion angles, period 2             1     0.319    0.064      5.000
Torsion angles, period 6             1     8.625    0.431     20.000
Planar groups                        8     0.001    0.034      0.020
VDW nonbonded                        1     0.185    0.927      0.200
VDW torsion                          4     0.201    1.005      0.200



====== CYCLE 21 ======

 weight = 1.0000e+00
 geom_x = 13.685614879647646
 geom_a = 0
 geom_q = 0
 geom_c = 0.0
f0= 1.3686e+01
using cgsolve in c++, ic=False
diag(geom) min= 284.375271 max= 15948.713025
diag(all) min= 284.375271 max= 15948.713025
Trying gamma equal 0.126000
Convergence reached after 17 iterations with no gamma cycles
min(dx) = -0.005717648449399178
max(dx) = 0.00875661322416064
mean(dx)= 6.467121848316992e-05
vdws = 23
atoms = 12
pairs = 52
 geom_x = 13.666450023118976
 geom_a = 0
 geom_q = 0
 geom_c = 0.0
f1, 0= 1.3666e+01
                          N restraints  r.m.s.d.  r.m.s.Z  Mn(sigma)
Bond distances, non H                5     0.011    0.645      0.016
Bond distances, H                    6     0.001    0.055      0.017
Bond angles, non H                   5     1.772    0.922      2.428
Bond angles, H                      13     0.799    0.306      2.077
Torsion angles, period 2             1     0.334    0.067      5.000
Torsion angles, period 6             1     9.160    0.458     20.000
Planar groups                        8     0.001    0.035      0.020
VDW nonbonded                        1     0.185    0.923      0.200
VDW torsion                          4     0.201    1.004      0.200



====== CYCLE 22 ======

 weight = 1.0000e+00
 geom_x = 13.666450023118976
 geom_a = 0
 geom_q = 0
 geom_c = 0.0
f0= 1.3666e+01
using cgsolve in c++, ic=False
diag(geom) min= 281.966366 max= 15949.037127
diag(all) min= 281.966366 max= 15949.037127
Trying gamma equal 0.126000
Convergence reached after 17 iterations with no gamma cycles
min(dx) = -0.005929922786449699
max(dx) = 0.009080372237276223
mean(dx)= 6.726721321322127e-05
vdws = 23
atoms = 12
pairs = 52
 geom_x = 13.64576824956
 geom_a = 0
 geom_q = 0
 geom_c = 0.0
f1, 0= 1.3646e+01
                          N restraints  r.m.s.d.  r.m.s.Z  Mn(sigma)
Bond distances, non H                5     0.011    0.644      0.016
Bond distances, H                    6     0.001    0.055      0.017
Bond angles, non H                   5     1.772    0.921      2.428
Bond angles, H                      13     0.798    0.305      2.077
Torsion angles, period 2             1     0.349    0.070      5.000
Torsion angles, period 6             1     9.717    0.486     20.000
Planar groups                        8     0.001    0.036      0.020
VDW nonbonded                        1     0.184    0.918      0.200
VDW torsion                          4     0.201    1.004      0.200



====== CYCLE 23 ======

 weight = 1.0000e+00
 geom_x = 13.64576824956
 geom_a = 0
 geom_q = 0
 geom_c = 0.0
f0= 1.3646e+01
using cgsolve in c++, ic=False
diag(geom) min= 279.595841 max= 15949.340756
diag(all) min= 279.595841 max= 15949.340756
Trying gamma equal 0.126000
Convergence reached after 17 iterations with no gamma cycles
min(dx) = -0.00614247042465056
max(dx) = 0.009402633185769409
mean(dx)= 6.998230007389836e-05
vdws = 23
atoms = 12
pairs = 52
 geom_x = 13.623514799156295
 geom_a = 0
 geom_q = 0
 geom_c = 0.0
f1, 0= 1.3624e+01
                          N restraints  r.m.s.d.  r.m.s.Z  Mn(sigma)
Bond distances, non H                5     0.011    0.643      0.016
Bond distances, H                    6     0.001    0.055      0.017
Bond angles, non H                   5     1.772    0.919      2.428
Bond angles, H                      13     0.796    0.304      2.077
Torsion angles, period 2             1     0.365    0.073      5.000
Torsion angles, period 6             1    10.298    0.515     20.000
Planar groups                        8     0.001    0.038      0.020
VDW nonbonded                        1     0.182    0.912      0.200
VDW torsion                          4     0.201    1.004      0.200



====== CYCLE 24 ======

 weight = 1.0000e+00
 geom_x = 13.623514799156295
 geom_a = 0
 geom_q = 0
 geom_c = 0.0
f0= 1.3624e+01
using cgsolve in c++, ic=False
diag(geom) min= 277.277893 max= 15949.621290
diag(all) min= 277.277893 max= 15949.621290
Trying gamma equal 0.126000
Convergence reached after 17 iterations with no gamma cycles
min(dx) = -0.0063532076821408105
max(dx) = 0.009720130691555553
mean(dx)= 7.280236361211154e-05
vdws = 23
atoms = 12
pairs = 52
 geom_x = 13.59965040257244
 geom_a = 0
 geom_q = 0
 geom_c = 0.0
f1, 0= 1.3600e+01
                          N restraints  r.m.s.d.  r.m.s.Z  Mn(sigma)
Bond distances, non H                5     0.011    0.642      0.016
Bond distances, H                    6     0.001    0.055      0.017
Bond angles, non H                   5     1.771    0.917      2.428
Bond angles, H                      13     0.794    0.303      2.077
Torsion angles, period 2             1     0.381    0.076      5.000
Torsion angles, period 6             1    10.901    0.545     20.000
Planar groups                        8     0.001    0.039      0.020
VDW nonbonded                        1     0.181    0.906      0.200
VDW torsion                          4     0.201    1.004      0.200



====== CYCLE 25 ======

 weight = 1.0000e+00
 geom_x = 13.59965040257244
 geom_a = 0
 geom_q = 0
 geom_c = 0.0
f0= 1.3600e+01
using cgsolve in c++, ic=False
diag(geom) min= 275.027828 max= 15949.875999
diag(all) min= 275.027828 max= 15949.875999
Trying gamma equal 0.126000
Convergence reached after 16 iterations with no gamma cycles
min(dx) = -0.0065596526300207595
max(dx) = 0.01002912075205796
mean(dx)= 7.570672495945253e-05
vdws = 23
atoms = 12
pairs = 52
 geom_x = 13.574155377904475
 geom_a = 0
 geom_q = 0
 geom_c = 0.0
f1, 0= 1.3574e+01
                          N restraints  r.m.s.d.  r.m.s.Z  Mn(sigma)
Bond distances, non H                5     0.011    0.640      0.016
Bond distances, H                    6     0.001    0.055      0.017
Bond angles, non H                   5     1.771    0.916      2.428
Bond angles, H                      13     0.792    0.302      2.077
Torsion angles, period 2             1     0.398    0.080      5.000
Torsion angles, period 6             1    11.526    0.576     20.000
Planar groups                        8     0.001    0.040      0.020
VDW nonbonded                        1     0.180    0.899      0.200
VDW torsion                          4     0.201    1.004      0.200



====== CYCLE 26 ======

 weight = 1.0000e+00
 geom_x = 13.574155377904475
 geom_a = 0
 geom_q = 0
 geom_c = 0.0
f0= 1.3574e+01
using cgsolve in c++, ic=False
diag(geom) min= 272.861934 max= 15950.102323
diag(all) min= 272.861934 max= 15950.102323
Trying gamma equal 0.126000
Convergence reached after 16 iterations with no gamma cycles
min(dx) = -0.006759298300705743
max(dx) = 0.01032548382934986
mean(dx)= 7.867228320904215e-05
vdws = 23
atoms = 12
pairs = 52
 geom_x = 13.54703385451885
 geom_a = 0
 geom_q = 0
 geom_c = 0.0
f1, 0= 1.3547e+01
                          N restraints  r.m.s.d.  r.m.s.Z  Mn(sigma)
Bond distances, non H                5     0.011    0.639      0.016
Bond distances, H                    6     0.001    0.055      0.017
Bond angles, non H                   5     1.770    0.913      2.428
Bond angles, H                      13     0.790    0.300      2.077
Torsion angles, period 2             1     0.415    0.083      5.000
Torsion angles, period 6             1    12.172    0.609     20.000
Planar groups                        8     0.001    0.041      0.020
VDW nonbonded                        1     0.178    0.892      0.200
VDW torsion                          4     0.201    1.004      0.200



====== CYCLE 27 ======

 weight = 1.0000e+00
 geom_x = 13.54703385451885
 geom_a = 0
 geom_q = 0
 geom_c = 0.0
f0= 1.3547e+01
using cgsolve in c++, ic=False
diag(geom) min= 270.797079 max= 15950.297015
diag(all) min= 270.797079 max= 15950.297015
Trying gamma equal 0.126000
Convergence reached after 16 iterations with no gamma cycles
min(dx) = -0.00694901906426997
max(dx) = 0.010604623879072616
mean(dx)= 8.166833600048689e-05
vdws = 23
atoms = 12
pairs = 52
 geom_x = 13.518317900370798
 geom_a = 0
 geom_q = 0
 geom_c = 0.0
f1, 0= 1.3518e+01
                          N restraints  r.m.s.d.  r.m.s.Z  Mn(sigma)
Bond distances, non H                5     0.011    0.638      0.016
Bond distances, H                    6     0.001    0.055      0.017
Bond angles, non H                   5     1.769    0.911      2.428
Bond angles, H                      13     0.788    0.299      2.077
Torsion angles, period 2             1     0.433    0.087      5.000
Torsion angles, period 6             1    12.838    0.642     20.000
Planar groups                        8     0.001    0.042      0.020
VDW nonbonded                        1     0.177    0.884      0.200
VDW torsion                          4     0.201    1.003      0.200



====== CYCLE 28 ======

 weight = 1.0000e+00
 geom_x = 13.518317900370798
 geom_a = 0
 geom_q = 0
 geom_c = 0.0
f0= 1.3518e+01
using cgsolve in c++, ic=False
diag(geom) min= 268.850582 max= 15950.457503
diag(all) min= 268.850582 max= 15950.457503
Trying gamma equal 0.126000
Convergence reached after 16 iterations with no gamma cycles
min(dx) = -0.0071256275714797835
max(dx) = 0.010861679000968835
mean(dx)= 8.465647382360478e-05
vdws = 23
atoms = 12
pairs = 52
 geom_x = 13.488071279493253
 geom_a = 0
 geom_q = 0
 geom_c = 0.0
f1, 0= 1.3488e+01
                          N restraints  r.m.s.d.  r.m.s.Z  Mn(sigma)
Bond distances, non H                5     0.011    0.636      0.016
Bond distances, H                    6     0.001    0.055      0.017
Bond angles, non H                   5     1.767    0.909      2.428
Bond angles, H                      13     0.786    0.298      2.077
Torsion angles, period 2             1     0.451    0.090      5.000
Torsion angles, period 6             1    13.523    0.676     20.000
Planar groups                        8     0.001    0.044      0.020
VDW nonbonded                        1     0.175    0.876      0.200
VDW torsion                          4     0.201    1.003      0.200



====== CYCLE 29 ======

 weight = 1.0000e+00
 geom_x = 13.488071279493253
 geom_a = 0
 geom_q = 0
 geom_c = 0.0
f0= 1.3488e+01
using cgsolve in c++, ic=False
diag(geom) min= 267.039709 max= 15950.581222
diag(all) min= 267.039709 max= 15950.581222
Trying gamma equal 0.126000
Convergence reached after 16 iterations with no gamma cycles
min(dx) = -0.00728575683925891
max(dx) = 0.011091623031115263
mean(dx)= 8.759472607147644e-05
vdws = 23
atoms = 12
pairs = 52
 geom_x = 13.45639248687472
 geom_a = 0
 geom_q = 0
 geom_c = 0.0
f1, 0= 1.3456e+01
                          N restraints  r.m.s.d.  r.m.s.Z  Mn(sigma)
Bond distances, non H                5     0.011    0.634      0.016
Bond distances, H                    6     0.001    0.055      0.017
Bond angles, non H                   5     1.765    0.906      2.428
Bond angles, H                      13     0.783    0.296      2.077
Torsion angles, period 2             1     0.470    0.094      5.000
Torsion angles, period 6             1    14.225    0.711     20.000
Planar groups                        8     0.001    0.045      0.020
VDW nonbonded                        1     0.173    0.866      0.200
VDW torsion                          4     0.201    1.003      0.200



====== CYCLE 30 ======

 weight = 1.0000e+00
 geom_x = 13.45639248687472
 geom_a = 0
 geom_q = 0
 geom_c = 0.0
f0= 1.3456e+01
using cgsolve in c++, ic=False
diag(geom) min= 265.381209 max= 15950.665821
diag(all) min= 265.381209 max= 15950.665821
Trying gamma equal 0.126000
Convergence reached after 16 iterations with no gamma cycles
min(dx) = -0.007425955313036327
max(dx) = 0.011289396529848849
mean(dx)= 9.043648654427797e-05
vdws = 23
atoms = 12
pairs = 52
 geom_x = 13.423416706362968
 geom_a = 0
 geom_q = 0
 geom_c = 0.0
f1, 0= 1.3423e+01
                          N restraints  r.m.s.d.  r.m.s.Z  Mn(sigma)
Bond distances, non H                5     0.010    0.632      0.016
Bond distances, H                    6     0.001    0.055      0.017
Bond angles, non H                   5     1.763    0.903      2.428
Bond angles, H                      13     0.780    0.295      2.077
Torsion angles, period 2             1     0.488    0.098      5.000
Torsion angles, period 6             1    14.943    0.747     20.000
Planar groups                        8     0.001    0.046      0.020
VDW nonbonded                        1     0.171    0.857      0.200
VDW torsion                          4     0.201    1.003      0.200


$TABLE: stats vs cycle :
$GRAPHS
: Geometry :A:1,4,2:
: Geometry Z :A:1,3,5:
$$
 Ncyc  rmsBOND  zBOND  rmsANGL  zANGL
$$
$$
    0   0.0109 0.6552   1.7525 0.9275
    1   0.0109 0.6551   1.7540 0.9277
    2   0.0109 0.6549   1.7555 0.9278
    3   0.0109 0.6547   1.7568 0.9279
    4   0.0109 0.6545   1.7581 0.9280
    5   0.0109 0.6543   1.7593 0.9281
    6   0.0109 0.6540   1.7604 0.9282
    7   0.0108 0.6537   1.7616 0.9282
    8   0.0108 0.6533   1.7627 0.9282
    9   0.0108 0.6529   1.7638 0.9282
   10   0.0108 0.6525   1.7648 0.9281
   11   0.0108 0.6521   1.7658 0.9279
   12   0.0108 0.6516   1.7668 0.9277
   13   0.0108 0.6511   1.7677 0.9275
   14   0.0108 0.6505   1.7686 0.9271
   15   0.0108 0.6499   1.7694 0.9267
   16   0.0108 0.6493   1.7701 0.9262
   17   0.0108 0.6486   1.7707 0.9256
   18   0.0107 0.6478   1.7713 0.9248
   19   0.0107 0.6470   1.7717 0.9240
   20   0.0107 0.6461   1.7719 0.9230
   21   0.0107 0.6451   1.7721 0.9219
   22   0.0107 0.6441   1.7720 0.9206
   23   0.0107 0.6430   1.7718 0.9191
   24   0.0106 0.6418   1.7713 0.9174
   25   0.0106 0.6405   1.7706 0.9155
   26   0.0106 0.6391   1.7697 0.9134
   27   0.0106 0.6376   1.7685 0.9111
   28   0.0105 0.6360   1.7670 0.9085
   29   0.0105 0.6342   1.7653 0.9057
   30   0.0105 0.6324   1.7632 0.9027
$$

Updated dictionary saved: CAA_MODEL_TMP/mol_1_conf_16_updated.cif
Refinement statistics saved: CAA_MODEL_TMP/mol_1_conf_16_stats.json

# Finished on 2026-06-14 11:38:52.187439

=========END OF PROCESS INFORMATION ==========
