
============ PROCESS INFORMATION =============
# Servalcat ver. 0.4.128 (Python 3.9.18)
# Library vers. gemmi 0.7.4, scipy 1.7.3, numpy 1.19.5, pandas 1.3.5
# Started on 2026-06-14 11:38:28.923355
# Host: Mac.lan User: hilgersmt
# Command-line:
# servalcat --logfile CAA_MODEL_TMP/servalcat.log refine_geom --update_dictionary CAA_MODEL_TMP/mol_1_conf_3_init.cif -o CAA_MODEL_TMP/mol_1_conf_3 --randomize 0.01
Config loaded
--
refine:
  atom_selection:
    xyz:
      include:
      - '*'
      exclude: []
      exclude_restraint: []
    adp:
      include: []
      exclude: []
      exclude_restraint: []
    occ:
      include: []
      exclude: []
      exclude_restraint: []
    dfrac:
      include: []
      exclude: []
      exclude_restraint: []
  occ_groups: []
  occ_group_constraints: []
  occ_group_const_mu: 10.0
  occ_group_const_mu_update_factor: 1.1
  occ_group_const_mu_update_tol_rel: 0.25
  occ_group_const_mu_update_tol_abs: 0.01
  initialisation:
    adp: {}
    occ: {}
    dfrac: {}
  write_trajectory: false
--
Reading monomers from /Applications/ccp4-9/lib/data/monomers/
Reading monomer: CAA_MODEL_TMP/mol_1_conf_3_init.cif
WARNING:: updating monomer CAA using CAA_MODEL_TMP/mol_1_conf_3_init.cif
Monomer library loaded: 1 monomers, 109 links, 133 modifications
       loaded monomers: CAA

Checking if unknown atoms exist..
Creating restraints..

Chain info:
 chain 
  ligands: CAA (1 residues)

Number of refinement parameters:
       n_params  n_atoms  n_atoms_geom_only  n_atoms_data_only
xyz           6        6                  0                  0
adp           0        0                  0                  0
occ           0        0                  0                  0
dfrac         0        0                  0                  0

Randomizing structure with rmsd of 0.01
Torsion angle rules:
 include:
  {'group': 'peptide', 'tors_name': 'chi*'}
  {'link': '*', 'tors_name': 'omega'}
  {'residue': '*', 'tors_name': 'sp2_sp2*'}
  {'link': '*', 'tors_name': 'sp2_sp2*'}
 exclude:
  none
External restraints from Refmac instructions
 Number of distances          : 0
 Number of angles             : 0
 Number of torsions           : 0
 Number of chirals            : 0
 Number of planes             : 0
 Number of intervals          : 0
 Number of stackings          : 0
 Number of harmonics          : 0
 Number of special positions  : 0

Running 10 cycles with wchir=4 wvdw=2 without hydrogen
Geometry weights
vdws = 4
atoms = 6
pairs = 14
 *** Bond distances outliers (Z >= 5) ***

    atom1     atom2  value  ideal  sigma     z
/CAA 1/C2 /CAA 1/N1  1.435  1.335  0.016 6.148

                          N restraints  r.m.s.d.  r.m.s.Z  Mn(sigma)
Bond distances, non H                5     0.046    2.824      0.016
Bond angles, non H                   5     2.762    1.117      2.428
Torsion angles, period 2             1     1.140    0.228      5.000
Planar groups                        4     0.005    0.254      0.020
VDW torsion                          1     0.362    1.809      0.200


====== CYCLE  1 ======

 weight = 1.0000e+00
 geom_x = 29.753439854046885
 geom_a = 0
 geom_q = 0
 geom_c = 0.0
f0= 2.9753e+01
using cgsolve in c++, ic=False
diag(geom) min= 88.785496 max= 12048.344671
diag(all) min= 88.785496 max= 12048.344671
Trying gamma equal 0.000000
Convergence reached after 11 iterations with no gamma cycles
min(dx) = -0.10419737308152054
max(dx) = 0.04705750867833147
mean(dx)= -0.020535118443736212
vdws = 4
atoms = 6
pairs = 14
 geom_x = 7.406879590556262
 geom_a = 0
 geom_q = 0
 geom_c = 0.0
f1, 0= 7.4069e+00
                          N restraints  r.m.s.d.  r.m.s.Z  Mn(sigma)
Bond distances, non H                5     0.007    0.418      0.016
Bond angles, non H                   5     1.127    0.668      2.428
Torsion angles, period 2             1     0.032    0.006      5.000
Planar groups                        4     0.001    0.032      0.020
VDW torsion                          1     0.342    1.710      0.200



====== CYCLE  2 ======

 weight = 1.0000e+00
 geom_x = 7.406879590556262
 geom_a = 0
 geom_q = 0
 geom_c = 0.0
f0= 7.4069e+00
using cgsolve in c++, ic=False
diag(geom) min= 85.660337 max= 12268.449173
diag(all) min= 85.660337 max= 12268.449173
Trying gamma equal 0.000000
Convergence reached after 10 iterations with no gamma cycles
min(dx) = -0.0028623122950799827
max(dx) = 0.007662609438477189
mean(dx)= 0.0004884387705114484
vdws = 4
atoms = 6
pairs = 14
 geom_x = 7.309084400430809
 geom_a = 0
 geom_q = 0
 geom_c = 0.0
f1, 0= 7.3091e+00
                          N restraints  r.m.s.d.  r.m.s.Z  Mn(sigma)
Bond distances, non H                5     0.005    0.313      0.016
Bond angles, non H                   5     1.089    0.646      2.428
Torsion angles, period 2             1     0.022    0.004      5.000
Planar groups                        4     0.000    0.001      0.020
VDW torsion                          1     0.347    1.735      0.200



====== CYCLE  3 ======

 weight = 1.0000e+00
 geom_x = 7.309084400430809
 geom_a = 0
 geom_q = 0
 geom_c = 0.0
f0= 7.3091e+00
using cgsolve in c++, ic=False
diag(geom) min= 80.408618 max= 12263.921341
diag(all) min= 80.408618 max= 12263.921341
Trying gamma equal 0.000000
Convergence reached after 9 iterations with no gamma cycles
min(dx) = -0.0002931033197787211
max(dx) = 9.062786097379475e-05
mean(dx)= -7.1882307359683825e-06
vdws = 4
atoms = 6
pairs = 14
 geom_x = 7.30907256116366
 geom_a = 0
 geom_q = 0
 geom_c = 0.0
f1, 0= 7.3091e+00
                          N restraints  r.m.s.d.  r.m.s.Z  Mn(sigma)
Bond distances, non H                5     0.005    0.313      0.016
Bond angles, non H                   5     1.088    0.645      2.428
Torsion angles, period 2             1     0.003    0.001      5.000
Planar groups                        4     0.000    0.000      0.020
VDW torsion                          1     0.347    1.735      0.200



====== CYCLE  4 ======

 weight = 1.0000e+00
 geom_x = 7.30907256116366
 geom_a = 0
 geom_q = 0
 geom_c = 0.0
f0= 7.3091e+00
using cgsolve in c++, ic=False
diag(geom) min= 80.411262 max= 12263.735196
diag(all) min= 80.411262 max= 12263.735196
Trying gamma equal 0.000000
Convergence reached after 10 iterations with no gamma cycles
min(dx) = -3.947017084139096e-05
max(dx) = 1.6524887494527402e-05
mean(dx)= -1.1127982077298228e-06
vdws = 4
atoms = 6
pairs = 14
 geom_x = 7.309072307805801
 geom_a = 0
 geom_q = 0
 geom_c = 0.0
f1, 0= 7.3091e+00
                          N restraints  r.m.s.d.  r.m.s.Z  Mn(sigma)
Bond distances, non H                5     0.005    0.313      0.016
Bond angles, non H                   5     1.088    0.645      2.428
Torsion angles, period 2             1     0.001    0.000      5.000
Planar groups                        4     0.000    0.000      0.020
VDW torsion                          1     0.347    1.735      0.200



====== CYCLE  5 ======

 weight = 1.0000e+00
 geom_x = 7.309072307805801
 geom_a = 0
 geom_q = 0
 geom_c = 0.0
f0= 7.3091e+00
using cgsolve in c++, ic=False
diag(geom) min= 80.410475 max= 12263.718605
diag(all) min= 80.410475 max= 12263.718605
Trying gamma equal 0.000000
Convergence reached after 10 iterations with no gamma cycles
min(dx) = -6.571985403713305e-06
max(dx) = 2.7290543456330967e-06
mean(dx)= -1.8352120103737494e-07
vdws = 4
atoms = 6
pairs = 14
 geom_x = 7.309072300920441
 geom_a = 0
 geom_q = 0
 geom_c = 0.0
f1, 0= 7.3091e+00
                          N restraints  r.m.s.d.  r.m.s.Z  Mn(sigma)
Bond distances, non H                5     0.005    0.313      0.016
Bond angles, non H                   5     1.088    0.645      2.428
Torsion angles, period 2             1     0.000    0.000      5.000
Planar groups                        4     0.000    0.000      0.020
VDW torsion                          1     0.347    1.735      0.200



====== CYCLE  6 ======

 weight = 1.0000e+00
 geom_x = 7.309072300920441
 geom_a = 0
 geom_q = 0
 geom_c = 0.0
f0= 7.3091e+00
using cgsolve in c++, ic=False
diag(geom) min= 80.410372 max= 12263.715649
diag(all) min= 80.410372 max= 12263.715649
Trying gamma equal 0.000000
Convergence reached after 10 iterations with no gamma cycles
min(dx) = -1.08332525037513e-06
max(dx) = 4.504011892776924e-07
mean(dx)= -3.037961044760133e-08
vdws = 4
atoms = 6
pairs = 14
 geom_x = 7.309072300733041
 geom_a = 0
 geom_q = 0
 geom_c = 0.0
f1, 0= 7.3091e+00
                          N restraints  r.m.s.d.  r.m.s.Z  Mn(sigma)
Bond distances, non H                5     0.005    0.313      0.016
Bond angles, non H                   5     1.088    0.645      2.428
Torsion angles, period 2             1     0.000    0.000      5.000
Planar groups                        4     0.000    0.000      0.020
VDW torsion                          1     0.347    1.735      0.200



====== CYCLE  7 ======

 weight = 1.0000e+00
 geom_x = 7.309072300733041
 geom_a = 0
 geom_q = 0
 geom_c = 0.0
f0= 7.3091e+00
using cgsolve in c++, ic=False
diag(geom) min= 80.410354 max= 12263.715166
diag(all) min= 80.410354 max= 12263.715166
Trying gamma equal 0.000000
Convergence reached after 10 iterations with no gamma cycles
min(dx) = -1.787392110951981e-07
max(dx) = 7.430692324668253e-08
mean(dx)= -5.009246113532783e-09
vdws = 4
atoms = 6
pairs = 14
 geom_x = 7.309072300727942
 geom_a = 0
 geom_q = 0
 geom_c = 0.0
f1, 0= 7.3091e+00
                          N restraints  r.m.s.d.  r.m.s.Z  Mn(sigma)
Bond distances, non H                5     0.005    0.313      0.016
Bond angles, non H                   5     1.088    0.645      2.428
Torsion angles, period 2             1     0.000    0.000      5.000
Planar groups                        4     0.000    0.000      0.020
VDW torsion                          1     0.347    1.735      0.200



====== CYCLE  8 ======

 weight = 1.0000e+00
 geom_x = 7.309072300727942
 geom_a = 0
 geom_q = 0
 geom_c = 0.0
f0= 7.3091e+00
using cgsolve in c++, ic=False
diag(geom) min= 80.410351 max= 12263.715087
diag(all) min= 80.410351 max= 12263.715087
Trying gamma equal 0.000000
Convergence reached after 10 iterations with no gamma cycles
min(dx) = -2.9488405960895913e-08
max(dx) = 1.2259260436604305e-08
mean(dx)= -8.265054028271246e-10
vdws = 4
atoms = 6
pairs = 14
 geom_x = 7.309072300727797
 geom_a = 0
 geom_q = 0
 geom_c = 0.0
f1, 0= 7.3091e+00
                          N restraints  r.m.s.d.  r.m.s.Z  Mn(sigma)
Bond distances, non H                5     0.005    0.313      0.016
Bond angles, non H                   5     1.088    0.645      2.428
Torsion angles, period 2             1     0.000    0.000      5.000
Planar groups                        4     0.000    0.000      0.020
VDW torsion                          1     0.347    1.735      0.200



====== CYCLE  9 ======

 weight = 1.0000e+00
 geom_x = 7.309072300727797
 geom_a = 0
 geom_q = 0
 geom_c = 0.0
f0= 7.3091e+00
using cgsolve in c++, ic=False
diag(geom) min= 80.410351 max= 12263.715074
diag(all) min= 80.410351 max= 12263.715074
Trying gamma equal 0.000000
Convergence reached after 10 iterations with no gamma cycles
min(dx) = -4.865031799341626e-09
max(dx) = 2.0225450174038977e-09
mean(dx)= -1.3635593237154155e-10
vdws = 4
atoms = 6
pairs = 14
 geom_x = 7.30907230072779
 geom_a = 0
 geom_q = 0
 geom_c = 0.0
f1, 0= 7.3091e+00
                          N restraints  r.m.s.d.  r.m.s.Z  Mn(sigma)
Bond distances, non H                5     0.005    0.313      0.016
Bond angles, non H                   5     1.088    0.645      2.428
Torsion angles, period 2             1     0.000    0.000      5.000
Planar groups                        4     0.000    0.000      0.020
VDW torsion                          1     0.347    1.735      0.200



====== CYCLE 10 ======

 weight = 1.0000e+00
 geom_x = 7.30907230072779
 geom_a = 0
 geom_q = 0
 geom_c = 0.0
f0= 7.3091e+00
using cgsolve in c++, ic=False
diag(geom) min= 80.410351 max= 12263.715071
diag(all) min= 80.410351 max= 12263.715071
Trying gamma equal 0.000000
Convergence reached after 10 iterations with no gamma cycles
min(dx) = -8.026375930965264e-10
max(dx) = 3.336815721116505e-10
mean(dx)= -2.2496164142765495e-11
vdws = 4
atoms = 6
pairs = 14
 geom_x = 7.309072300727813
 geom_a = 0
 geom_q = 0
 geom_c = 0.0
f1, 0= 7.3091e+00
min(dx) = -4.013187965482632e-10
max(dx) = 1.6684078605582525e-10
mean(dx)= -1.1248082071382748e-11
vdws = 4
atoms = 6
pairs = 14
 geom_x = 7.309072300727794
 geom_a = 0
 geom_q = 0
 geom_c = 0.0
f1, 1= 7.3091e+00
min(dx) = -2.006593982741316e-10
max(dx) = 8.342039302791262e-11
mean(dx)= -5.624041035691374e-12
vdws = 4
atoms = 6
pairs = 14
 geom_x = 7.309072300727788
 geom_a = 0
 geom_q = 0
 geom_c = 0.0
f1, 2= 7.3091e+00
                          N restraints  r.m.s.d.  r.m.s.Z  Mn(sigma)
Bond distances, non H                5     0.005    0.313      0.016
Bond angles, non H                   5     1.088    0.645      2.428
Torsion angles, period 2             1     0.000    0.000      5.000
Planar groups                        4     0.000    0.000      0.020
VDW torsion                          1     0.347    1.735      0.200


$TABLE: stats vs cycle :
$GRAPHS
: Geometry :A:1,4,2:
: Geometry Z :A:1,3,5:
$$
 Ncyc  rmsBOND  zBOND  rmsANGL  zANGL
$$
$$
    0   0.0463 2.8239   2.7622 1.1170
    1   0.0068 0.4180   1.1273 0.6683
    2   0.0053 0.3132   1.0890 0.6457
    3   0.0053 0.3130   1.0879 0.6451
    4   0.0053 0.3130   1.0879 0.6451
    5   0.0053 0.3130   1.0879 0.6451
    6   0.0053 0.3130   1.0879 0.6451
    7   0.0053 0.3130   1.0879 0.6451
    8   0.0053 0.3130   1.0879 0.6451
    9   0.0053 0.3130   1.0879 0.6451
   10   0.0053 0.3130   1.0879 0.6451
$$

Running 30 cycles with wchir=1 wvdw=2 without hydrogen
Geometry weights
vdws = 4
atoms = 6
pairs = 14
                          N restraints  r.m.s.d.  r.m.s.Z  Mn(sigma)
Bond distances, non H                5     0.005    0.313      0.016
Bond angles, non H                   5     1.088    0.645      2.428
Torsion angles, period 2             1     0.000    0.000      5.000
Planar groups                        4     0.000    0.000      0.020
VDW torsion                          1     0.347    1.735      0.200


====== CYCLE  1 ======

 weight = 1.0000e+00
 geom_x = 7.309072300727788
 geom_a = 0
 geom_q = 0
 geom_c = 0.0
f0= 7.3091e+00
using cgsolve in c++, ic=False
diag(geom) min= 80.410351 max= 12263.715071
diag(all) min= 80.410351 max= 12263.715071
Trying gamma equal 0.000000
Convergence reached after 10 iterations with no gamma cycles
min(dx) = -6.350835748406668e-10
max(dx) = 2.6402401593989253e-10
mean(dx)= -1.7800036957008707e-11
vdws = 4
atoms = 6
pairs = 14
 geom_x = 7.3090723007277925
 geom_a = 0
 geom_q = 0
 geom_c = 0.0
f1, 0= 7.3091e+00
min(dx) = -3.175417874203334e-10
max(dx) = 1.3201200796994627e-10
mean(dx)= -8.900018478504354e-12
vdws = 4
atoms = 6
pairs = 14
 geom_x = 7.309072300727793
 geom_a = 0
 geom_q = 0
 geom_c = 0.0
f1, 1= 7.3091e+00
min(dx) = -1.587708937101667e-10
max(dx) = 6.600600398497313e-11
mean(dx)= -4.450009239252177e-12
vdws = 4
atoms = 6
pairs = 14
 geom_x = 7.309072300727803
 geom_a = 0
 geom_q = 0
 geom_c = 0.0
f1, 2= 7.3091e+00
WARNING: function not minimised
                          N restraints  r.m.s.d.  r.m.s.Z  Mn(sigma)
Bond distances, non H                5     0.005    0.313      0.016
Bond angles, non H                   5     1.088    0.645      2.428
Torsion angles, period 2             1     0.000    0.000      5.000
Planar groups                        4     0.000    0.000      0.020
VDW torsion                          1     0.347    1.735      0.200



====== CYCLE  2 ======

 weight = 1.0000e+00
 geom_x = 7.309072300727803
 geom_a = 0
 geom_q = 0
 geom_c = 0.0
f0= 7.3091e+00
using cgsolve in c++, ic=False
diag(geom) min= 80.410351 max= 12263.715071
diag(all) min= 80.410351 max= 12263.715071
Trying gamma equal 0.000000
Convergence reached after 10 iterations with no gamma cycles
min(dx) = -5.025071030111582e-10
max(dx) = 2.0890777600629799e-10
mean(dx)= -1.408420982629025e-11
vdws = 4
atoms = 6
pairs = 14
 geom_x = 7.309072300727798
 geom_a = 0
 geom_q = 0
 geom_c = 0.0
f1, 0= 7.3091e+00
                          N restraints  r.m.s.d.  r.m.s.Z  Mn(sigma)
Bond distances, non H                5     0.005    0.313      0.016
Bond angles, non H                   5     1.088    0.645      2.428
Torsion angles, period 2             1     0.000    0.000      5.000
Planar groups                        4     0.000    0.000      0.020
VDW torsion                          1     0.347    1.735      0.200



====== CYCLE  3 ======

 weight = 1.0000e+00
 geom_x = 7.309072300727798
 geom_a = 0
 geom_q = 0
 geom_c = 0.0
f0= 7.3091e+00
using cgsolve in c++, ic=False
diag(geom) min= 80.410351 max= 12263.715071
diag(all) min= 80.410351 max= 12263.715071
Trying gamma equal 0.000000
Convergence reached after 10 iterations with no gamma cycles
min(dx) = -8.290410182568108e-11
max(dx) = 3.4465853849583897e-11
mean(dx)= -2.3235949616768323e-12
vdws = 4
atoms = 6
pairs = 14
 geom_x = 7.3090723007278084
 geom_a = 0
 geom_q = 0
 geom_c = 0.0
f1, 0= 7.3091e+00
min(dx) = -4.145205091284054e-11
max(dx) = 1.7232926924791948e-11
mean(dx)= -1.1617974808384162e-12
vdws = 4
atoms = 6
pairs = 14
 geom_x = 7.3090723007278
 geom_a = 0
 geom_q = 0
 geom_c = 0.0
f1, 1= 7.3091e+00
min(dx) = -2.072602545642027e-11
max(dx) = 8.616463462395974e-12
mean(dx)= -5.808987404192081e-13
vdws = 4
atoms = 6
pairs = 14
 geom_x = 7.309072300727788
 geom_a = 0
 geom_q = 0
 geom_c = 0.0
f1, 2= 7.3091e+00
                          N restraints  r.m.s.d.  r.m.s.Z  Mn(sigma)
Bond distances, non H                5     0.005    0.313      0.016
Bond angles, non H                   5     1.088    0.645      2.428
Torsion angles, period 2             1     0.000    0.000      5.000
Planar groups                        4     0.000    0.000      0.020
VDW torsion                          1     0.347    1.735      0.200



====== CYCLE  4 ======

 weight = 1.0000e+00
 geom_x = 7.309072300727788
 geom_a = 0
 geom_q = 0
 geom_c = 0.0
f0= 7.3091e+00
using cgsolve in c++, ic=False
diag(geom) min= 80.410351 max= 12263.715071
diag(all) min= 80.410351 max= 12263.715071
Trying gamma equal 0.000000
Convergence reached after 10 iterations with no gamma cycles
min(dx) = -6.559691045435548e-11
max(dx) = 2.727101338180249e-11
mean(dx)= -1.8384412596663182e-12
vdws = 4
atoms = 6
pairs = 14
 geom_x = 7.3090723007278005
 geom_a = 0
 geom_q = 0
 geom_c = 0.0
f1, 0= 7.3091e+00
min(dx) = -3.279845522717774e-11
max(dx) = 1.3635506690901244e-11
mean(dx)= -9.192206298331591e-13
vdws = 4
atoms = 6
pairs = 14
 geom_x = 7.309072300727775
 geom_a = 0
 geom_q = 0
 geom_c = 0.0
f1, 1= 7.3091e+00
                          N restraints  r.m.s.d.  r.m.s.Z  Mn(sigma)
Bond distances, non H                5     0.005    0.313      0.016
Bond angles, non H                   5     1.088    0.645      2.428
Torsion angles, period 2             1     0.000    0.000      5.000
Planar groups                        4     0.000    0.000      0.020
VDW torsion                          1     0.347    1.735      0.200



====== CYCLE  5 ======

 weight = 1.0000e+00
 geom_x = 7.309072300727775
 geom_a = 0
 geom_q = 0
 geom_c = 0.0
f0= 7.3091e+00
using cgsolve in c++, ic=False
diag(geom) min= 80.410351 max= 12263.715071
diag(all) min= 80.410351 max= 12263.715071
Trying gamma equal 0.000000
Convergence reached after 10 iterations with no gamma cycles
min(dx) = -3.82098843535564e-11
max(dx) = 1.5885071584822975e-11
mean(dx)= -1.0709809070734731e-12
vdws = 4
atoms = 6
pairs = 14
 geom_x = 7.309072300727792
 geom_a = 0
 geom_q = 0
 geom_c = 0.0
f1, 0= 7.3091e+00
min(dx) = -1.91049421767782e-11
max(dx) = 7.942535792411488e-12
mean(dx)= -5.354904535367366e-13
vdws = 4
atoms = 6
pairs = 14
 geom_x = 7.30907230072781
 geom_a = 0
 geom_q = 0
 geom_c = 0.0
f1, 1= 7.3091e+00
min(dx) = -9.5524710883891e-12
max(dx) = 3.971267896205744e-12
mean(dx)= -2.677452267683683e-13
vdws = 4
atoms = 6
pairs = 14
 geom_x = 7.309072300727781
 geom_a = 0
 geom_q = 0
 geom_c = 0.0
f1, 2= 7.3091e+00
WARNING: function not minimised
                          N restraints  r.m.s.d.  r.m.s.Z  Mn(sigma)
Bond distances, non H                5     0.005    0.313      0.016
Bond angles, non H                   5     1.088    0.645      2.428
Torsion angles, period 2             1     0.000    0.000      5.000
Planar groups                        4     0.000    0.000      0.020
VDW torsion                          1     0.347    1.735      0.200



====== CYCLE  6 ======

 weight = 1.0000e+00
 geom_x = 7.309072300727781
 geom_a = 0
 geom_q = 0
 geom_c = 0.0
f0= 7.3091e+00
using cgsolve in c++, ic=False
diag(geom) min= 80.410351 max= 12263.715071
diag(all) min= 80.410351 max= 12263.715071
Trying gamma equal 0.000000
Convergence reached after 10 iterations with no gamma cycles
min(dx) = -3.02336618106263e-11
max(dx) = 1.2569023671750874e-11
mean(dx)= -8.473855561642151e-13
vdws = 4
atoms = 6
pairs = 14
 geom_x = 7.309072300727801
 geom_a = 0
 geom_q = 0
 geom_c = 0.0
f1, 0= 7.3091e+00
min(dx) = -1.511683090531315e-11
max(dx) = 6.284511835875437e-12
mean(dx)= -4.2369277808210755e-13
vdws = 4
atoms = 6
pairs = 14
 geom_x = 7.309072300727804
 geom_a = 0
 geom_q = 0
 geom_c = 0.0
f1, 1= 7.3091e+00
min(dx) = -7.558415452656575e-12
max(dx) = 3.1422559179377186e-12
mean(dx)= -2.1184638904105377e-13
vdws = 4
atoms = 6
pairs = 14
 geom_x = 7.309072300727781
 geom_a = 0
 geom_q = 0
 geom_c = 0.0
f1, 2= 7.3091e+00
WARNING: function not minimised
                          N restraints  r.m.s.d.  r.m.s.Z  Mn(sigma)
Bond distances, non H                5     0.005    0.313      0.016
Bond angles, non H                   5     1.088    0.645      2.428
Torsion angles, period 2             1     0.000    0.000      5.000
Planar groups                        4     0.000    0.000      0.020
VDW torsion                          1     0.347    1.735      0.200



====== CYCLE  7 ======

 weight = 1.0000e+00
 geom_x = 7.309072300727781
 geom_a = 0
 geom_q = 0
 geom_c = 0.0
f0= 7.3091e+00
using cgsolve in c++, ic=False
diag(geom) min= 80.410351 max= 12263.715071
diag(all) min= 80.410351 max= 12263.715071
Trying gamma equal 0.000000
Convergence reached after 10 iterations with no gamma cycles
min(dx) = -2.3921729329134768e-11
max(dx) = 9.945144986484233e-12
mean(dx)= -6.704734191898746e-13
vdws = 4
atoms = 6
pairs = 14
 geom_x = 7.309072300727779
 geom_a = 0
 geom_q = 0
 geom_c = 0.0
f1, 0= 7.3091e+00
                          N restraints  r.m.s.d.  r.m.s.Z  Mn(sigma)
Bond distances, non H                5     0.005    0.313      0.016
Bond angles, non H                   5     1.088    0.645      2.428
Torsion angles, period 2             1     0.000    0.000      5.000
Planar groups                        4     0.000    0.000      0.020
VDW torsion                          1     0.347    1.735      0.200



====== CYCLE  8 ======

 weight = 1.0000e+00
 geom_x = 7.309072300727779
 geom_a = 0
 geom_q = 0
 geom_c = 0.0
f0= 7.3091e+00
using cgsolve in c++, ic=False
diag(geom) min= 80.410351 max= 12263.715071
diag(all) min= 80.410351 max= 12263.715071
Trying gamma equal 0.000000
Convergence reached after 10 iterations with no gamma cycles
min(dx) = -3.946685947705683e-12
max(dx) = 1.6407612041811739e-12
mean(dx)= -1.106322066632486e-13
vdws = 4
atoms = 6
pairs = 14
 geom_x = 7.309072300727784
 geom_a = 0
 geom_q = 0
 geom_c = 0.0
f1, 0= 7.3091e+00
min(dx) = -1.9733429738528413e-12
max(dx) = 8.203806020905869e-13
mean(dx)= -5.53161033316243e-14
vdws = 4
atoms = 6
pairs = 14
 geom_x = 7.309072300727786
 geom_a = 0
 geom_q = 0
 geom_c = 0.0
f1, 1= 7.3091e+00
min(dx) = -9.866714869264207e-13
max(dx) = 4.1019030104529347e-13
mean(dx)= -2.765805166581215e-14
vdws = 4
atoms = 6
pairs = 14
 geom_x = 7.309072300727803
 geom_a = 0
 geom_q = 0
 geom_c = 0.0
f1, 2= 7.3091e+00
WARNING: function not minimised
                          N restraints  r.m.s.d.  r.m.s.Z  Mn(sigma)
Bond distances, non H                5     0.005    0.313      0.016
Bond angles, non H                   5     1.088    0.645      2.428
Torsion angles, period 2             1     0.000    0.000      5.000
Planar groups                        4     0.000    0.000      0.020
VDW torsion                          1     0.347    1.735      0.200



====== CYCLE  9 ======

 weight = 1.0000e+00
 geom_x = 7.309072300727803
 geom_a = 0
 geom_q = 0
 geom_c = 0.0
f0= 7.3091e+00
using cgsolve in c++, ic=False
diag(geom) min= 80.410351 max= 12263.715071
diag(all) min= 80.410351 max= 12263.715071
Trying gamma equal 0.000000
Convergence reached after 10 iterations with no gamma cycles
min(dx) = -3.122763818718541e-12
max(dx) = 1.2982599634785568e-12
mean(dx)= -8.757500655719256e-14
vdws = 4
atoms = 6
pairs = 14
 geom_x = 7.309072300727788
 geom_a = 0
 geom_q = 0
 geom_c = 0.0
f1, 0= 7.3091e+00
                          N restraints  r.m.s.d.  r.m.s.Z  Mn(sigma)
Bond distances, non H                5     0.005    0.313      0.016
Bond angles, non H                   5     1.088    0.645      2.428
Torsion angles, period 2             1     0.000    0.000      5.000
Planar groups                        4     0.000    0.000      0.020
VDW torsion                          1     0.347    1.735      0.200



====== CYCLE 10 ======

 weight = 1.0000e+00
 geom_x = 7.309072300727788
 geom_a = 0
 geom_q = 0
 geom_c = 0.0
f0= 7.3091e+00
using cgsolve in c++, ic=False
diag(geom) min= 80.410351 max= 12263.715071
diag(all) min= 80.410351 max= 12263.715071
Trying gamma equal 0.000000
Convergence reached after 10 iterations with no gamma cycles
min(dx) = -5.152308941009154e-13
max(dx) = 2.14235550929895e-13
mean(dx)= -1.4375392958492027e-14
vdws = 4
atoms = 6
pairs = 14
 geom_x = 7.30907230072776
 geom_a = 0
 geom_q = 0
 geom_c = 0.0
f1, 0= 7.3091e+00
                          N restraints  r.m.s.d.  r.m.s.Z  Mn(sigma)
Bond distances, non H                5     0.005    0.313      0.016
Bond angles, non H                   5     1.088    0.645      2.428
Torsion angles, period 2             1     0.000    0.000      5.000
Planar groups                        4     0.000    0.000      0.020
VDW torsion                          1     0.347    1.735      0.200



====== CYCLE 11 ======

 weight = 1.0000e+00
 geom_x = 7.30907230072776
 geom_a = 0
 geom_q = 0
 geom_c = 0.0
f0= 7.3091e+00
using cgsolve in c++, ic=False
diag(geom) min= 80.410351 max= 12263.715071
diag(all) min= 80.410351 max= 12263.715071
Trying gamma equal 0.000000
Convergence reached after 10 iterations with no gamma cycles
min(dx) = -8.509333757620336e-14
max(dx) = 3.5359190451588096e-14
mean(dx)= -2.4198430820405123e-15
vdws = 4
atoms = 6
pairs = 14
 geom_x = 7.309072300727778
 geom_a = 0
 geom_q = 0
 geom_c = 0.0
f1, 0= 7.3091e+00
min(dx) = -4.254666878810168e-14
max(dx) = 1.7679595225794048e-14
mean(dx)= -1.2099215410202562e-15
vdws = 4
atoms = 6
pairs = 14
 geom_x = 7.309072300727776
 geom_a = 0
 geom_q = 0
 geom_c = 0.0
f1, 1= 7.3091e+00
min(dx) = -2.127333439405084e-14
max(dx) = 8.839797612897024e-15
mean(dx)= -6.049607705101281e-16
vdws = 4
atoms = 6
pairs = 14
 geom_x = 7.309072300727777
 geom_a = 0
 geom_q = 0
 geom_c = 0.0
f1, 2= 7.3091e+00
WARNING: function not minimised
                          N restraints  r.m.s.d.  r.m.s.Z  Mn(sigma)
Bond distances, non H                5     0.005    0.313      0.016
Bond angles, non H                   5     1.088    0.645      2.428
Torsion angles, period 2             1     0.000    0.000      5.000
Planar groups                        4     0.000    0.000      0.020
VDW torsion                          1     0.347    1.735      0.200



====== CYCLE 12 ======

 weight = 1.0000e+00
 geom_x = 7.309072300727777
 geom_a = 0
 geom_q = 0
 geom_c = 0.0
f0= 7.3091e+00
using cgsolve in c++, ic=False
diag(geom) min= 80.410351 max= 12263.715071
diag(all) min= 80.410351 max= 12263.715071
Trying gamma equal 0.000000
Convergence reached after 10 iterations with no gamma cycles
min(dx) = -6.738894965327106e-14
max(dx) = 2.7967786991111766e-14
mean(dx)= -1.8737692521958285e-15
vdws = 4
atoms = 6
pairs = 14
 geom_x = 7.30907230072777
 geom_a = 0
 geom_q = 0
 geom_c = 0.0
f1, 0= 7.3091e+00
                          N restraints  r.m.s.d.  r.m.s.Z  Mn(sigma)
Bond distances, non H                5     0.005    0.313      0.016
Bond angles, non H                   5     1.088    0.645      2.428
Torsion angles, period 2             1     0.000    0.000      5.000
Planar groups                        4     0.000    0.000      0.020
VDW torsion                          1     0.347    1.735      0.200



====== CYCLE 13 ======

 weight = 1.0000e+00
 geom_x = 7.30907230072777
 geom_a = 0
 geom_q = 0
 geom_c = 0.0
f0= 7.3091e+00
using cgsolve in c++, ic=False
diag(geom) min= 80.410351 max= 12263.715071
diag(all) min= 80.410351 max= 12263.715071
Trying gamma equal 0.000000
Not converging with gamma equal 0.000000
Trying gamma equal 0.052500
Gamma decreased to 0.042000
min(dx) = -1.0184100652672235e-14
max(dx) = 4.427334102805772e-15
mean(dx)= -2.8127706751655695e-16
vdws = 4
atoms = 6
pairs = 14
 geom_x = 7.309072300727761
 geom_a = 0
 geom_q = 0
 geom_c = 0.0
f1, 0= 7.3091e+00
                          N restraints  r.m.s.d.  r.m.s.Z  Mn(sigma)
Bond distances, non H                5     0.005    0.313      0.016
Bond angles, non H                   5     1.088    0.645      2.428
Torsion angles, period 2             1     0.000    0.000      5.000
Planar groups                        4     0.000    0.000      0.020
VDW torsion                          1     0.347    1.735      0.200



====== CYCLE 14 ======

 weight = 1.0000e+00
 geom_x = 7.309072300727761
 geom_a = 0
 geom_q = 0
 geom_c = 0.0
f0= 7.3091e+00
using cgsolve in c++, ic=False
diag(geom) min= 80.410351 max= 12263.715071
diag(all) min= 80.410351 max= 12263.715071
Trying gamma equal 0.042000
Convergence reached after 12 iterations with no gamma cycles
min(dx) = -2.5657198221335625e-15
max(dx) = 8.350981711903341e-16
mean(dx)= -1.3026666658745858e-16
vdws = 4
atoms = 6
pairs = 14
 geom_x = 7.309072300727774
 geom_a = 0
 geom_q = 0
 geom_c = 0.0
f1, 0= 7.3091e+00
min(dx) = -1.2828599110667813e-15
max(dx) = 4.1754908559516707e-16
mean(dx)= -6.513333329372929e-17
vdws = 4
atoms = 6
pairs = 14
 geom_x = 7.309072300727781
 geom_a = 0
 geom_q = 0
 geom_c = 0.0
f1, 1= 7.3091e+00
min(dx) = -6.414299555333906e-16
max(dx) = 2.0877454279758354e-16
mean(dx)= -3.2566666646864644e-17
vdws = 4
atoms = 6
pairs = 14
 geom_x = 7.309072300727761
 geom_a = 0
 geom_q = 0
 geom_c = 0.0
f1, 2= 7.3091e+00
WARNING: function not minimised
                          N restraints  r.m.s.d.  r.m.s.Z  Mn(sigma)
Bond distances, non H                5     0.005    0.313      0.016
Bond angles, non H                   5     1.088    0.645      2.428
Torsion angles, period 2             1     0.000    0.000      5.000
Planar groups                        4     0.000    0.000      0.020
VDW torsion                          1     0.347    1.735      0.200



====== CYCLE 15 ======

 weight = 1.0000e+00
 geom_x = 7.309072300727761
 geom_a = 0
 geom_q = 0
 geom_c = 0.0
f0= 7.3091e+00
using cgsolve in c++, ic=False
diag(geom) min= 80.410351 max= 12263.715071
diag(all) min= 80.410351 max= 12263.715071
Trying gamma equal 0.042000
Convergence reached after 12 iterations with no gamma cycles
min(dx) = -1.7919549724129095e-15
max(dx) = 6.291114334844957e-16
mean(dx)= -9.44164665754816e-17
vdws = 4
atoms = 6
pairs = 14
 geom_x = 7.309072300727774
 geom_a = 0
 geom_q = 0
 geom_c = 0.0
f1, 0= 7.3091e+00
min(dx) = -8.959774862064548e-16
max(dx) = 3.1455571674224783e-16
mean(dx)= -4.72082332877408e-17
vdws = 4
atoms = 6
pairs = 14
 geom_x = 7.309072300727791
 geom_a = 0
 geom_q = 0
 geom_c = 0.0
f1, 1= 7.3091e+00
min(dx) = -4.479887431032274e-16
max(dx) = 1.5727785837112392e-16
mean(dx)= -2.36041166438704e-17
vdws = 4
atoms = 6
pairs = 14
 geom_x = 7.309072300727781
 geom_a = 0
 geom_q = 0
 geom_c = 0.0
f1, 2= 7.3091e+00
WARNING: function not minimised
                          N restraints  r.m.s.d.  r.m.s.Z  Mn(sigma)
Bond distances, non H                5     0.005    0.313      0.016
Bond angles, non H                   5     1.088    0.645      2.428
Torsion angles, period 2             1     0.000    0.000      5.000
Planar groups                        4     0.000    0.000      0.020
VDW torsion                          1     0.347    1.735      0.200



====== CYCLE 16 ======

 weight = 1.0000e+00
 geom_x = 7.309072300727781
 geom_a = 0
 geom_q = 0
 geom_c = 0.0
f0= 7.3091e+00
using cgsolve in c++, ic=False
diag(geom) min= 80.410351 max= 12263.715071
diag(all) min= 80.410351 max= 12263.715071
Trying gamma equal 0.042000
Not converging with gamma equal 0.042000
Trying gamma equal 0.094500
Gamma decreased to 0.084000
min(dx) = -1.858964008482555e-15
max(dx) = 6.256321293800787e-16
mean(dx)= -4.5338179399836745e-17
vdws = 4
atoms = 6
pairs = 14
 geom_x = 7.309072300727781
 geom_a = 0
 geom_q = 0
 geom_c = 0.0
f1, 0= 7.3091e+00
min(dx) = -9.294820042412774e-16
max(dx) = 3.1281606469003933e-16
mean(dx)= -2.2669089699918373e-17
vdws = 4
atoms = 6
pairs = 14
 geom_x = 7.309072300727774
 geom_a = 0
 geom_q = 0
 geom_c = 0.0
f1, 1= 7.3091e+00
                          N restraints  r.m.s.d.  r.m.s.Z  Mn(sigma)
Bond distances, non H                5     0.005    0.313      0.016
Bond angles, non H                   5     1.088    0.645      2.428
Torsion angles, period 2             1     0.000    0.000      5.000
Planar groups                        4     0.000    0.000      0.020
VDW torsion                          1     0.347    1.735      0.200



====== CYCLE 17 ======

 weight = 1.0000e+00
 geom_x = 7.309072300727774
 geom_a = 0
 geom_q = 0
 geom_c = 0.0
f0= 7.3091e+00
using cgsolve in c++, ic=False
diag(geom) min= 80.410351 max= 12263.715071
diag(all) min= 80.410351 max= 12263.715071
Trying gamma equal 0.084000
Convergence reached after 11 iterations with no gamma cycles
min(dx) = -6.734043374653132e-16
max(dx) = 2.7952820911132803e-16
mean(dx)= -6.734741654681986e-17
vdws = 4
atoms = 6
pairs = 14
 geom_x = 7.309072300727768
 geom_a = 0
 geom_q = 0
 geom_c = 0.0
f1, 0= 7.3091e+00
                          N restraints  r.m.s.d.  r.m.s.Z  Mn(sigma)
Bond distances, non H                5     0.005    0.313      0.016
Bond angles, non H                   5     1.088    0.645      2.428
Torsion angles, period 2             1     0.000    0.000      5.000
Planar groups                        4     0.000    0.000      0.020
VDW torsion                          1     0.347    1.735      0.200



====== CYCLE 18 ======

 weight = 1.0000e+00
 geom_x = 7.309072300727768
 geom_a = 0
 geom_q = 0
 geom_c = 0.0
f0= 7.3091e+00
using cgsolve in c++, ic=False
diag(geom) min= 80.410351 max= 12263.715071
diag(all) min= 80.410351 max= 12263.715071
Trying gamma equal 0.084000
Convergence reached after 11 iterations with no gamma cycles
min(dx) = -1.83884254839336e-16
max(dx) = 3.577448616974056e-16
mean(dx)= 3.073065137285189e-17
vdws = 4
atoms = 6
pairs = 14
 geom_x = 7.30907230072779
 geom_a = 0
 geom_q = 0
 geom_c = 0.0
f1, 0= 7.3091e+00
min(dx) = -9.1942127419668e-17
max(dx) = 1.788724308487028e-16
mean(dx)= 1.5365325686425947e-17
vdws = 4
atoms = 6
pairs = 14
 geom_x = 7.309072300727778
 geom_a = 0
 geom_q = 0
 geom_c = 0.0
f1, 1= 7.3091e+00
min(dx) = -4.5971063709834e-17
max(dx) = 8.94362154243514e-17
mean(dx)= 7.682662843212973e-18
vdws = 4
atoms = 6
pairs = 14
 geom_x = 7.309072300727786
 geom_a = 0
 geom_q = 0
 geom_c = 0.0
f1, 2= 7.3091e+00
WARNING: function not minimised
                          N restraints  r.m.s.d.  r.m.s.Z  Mn(sigma)
Bond distances, non H                5     0.005    0.313      0.016
Bond angles, non H                   5     1.088    0.645      2.428
Torsion angles, period 2             1     0.000    0.000      5.000
Planar groups                        4     0.000    0.000      0.020
VDW torsion                          1     0.347    1.735      0.200



====== CYCLE 19 ======

 weight = 1.0000e+00
 geom_x = 7.309072300727786
 geom_a = 0
 geom_q = 0
 geom_c = 0.0
f0= 7.3091e+00
using cgsolve in c++, ic=False
diag(geom) min= 80.410351 max= 12263.715071
diag(all) min= 80.410351 max= 12263.715071
Trying gamma equal 0.084000
Convergence reached after 11 iterations with no gamma cycles
min(dx) = -2.725842356473162e-16
max(dx) = 2.696933373014467e-16
mean(dx)= 4.197498529652207e-17
vdws = 4
atoms = 6
pairs = 14
 geom_x = 7.309072300727763
 geom_a = 0
 geom_q = 0
 geom_c = 0.0
f1, 0= 7.3091e+00
                          N restraints  r.m.s.d.  r.m.s.Z  Mn(sigma)
Bond distances, non H                5     0.005    0.313      0.016
Bond angles, non H                   5     1.088    0.645      2.428
Torsion angles, period 2             1     0.000    0.000      5.000
Planar groups                        4     0.000    0.000      0.020
VDW torsion                          1     0.347    1.735      0.200



====== CYCLE 20 ======

 weight = 1.0000e+00
 geom_x = 7.309072300727763
 geom_a = 0
 geom_q = 0
 geom_c = 0.0
f0= 7.3091e+00
using cgsolve in c++, ic=False
diag(geom) min= 80.410351 max= 12263.715071
diag(all) min= 80.410351 max= 12263.715071
Trying gamma equal 0.084000
Convergence reached after 11 iterations with no gamma cycles
min(dx) = -2.513755895396423e-16
max(dx) = 1.409210093850194e-16
mean(dx)= -3.451911862884316e-17
vdws = 4
atoms = 6
pairs = 14
 geom_x = 7.30907230072777
 geom_a = 0
 geom_q = 0
 geom_c = 0.0
f1, 0= 7.3091e+00
min(dx) = -1.2568779476982114e-16
max(dx) = 7.04605046925097e-17
mean(dx)= -1.725955931442158e-17
vdws = 4
atoms = 6
pairs = 14
 geom_x = 7.309072300727763
 geom_a = 0
 geom_q = 0
 geom_c = 0.0
f1, 1= 7.3091e+00
min(dx) = -6.284389738491057e-17
max(dx) = 3.523025234625485e-17
mean(dx)= -8.62977965721079e-18
vdws = 4
atoms = 6
pairs = 14
 geom_x = 7.309072300727763
 geom_a = 0
 geom_q = 0
 geom_c = 0.0
f1, 2= 7.3091e+00
WARNING: function not minimised
                          N restraints  r.m.s.d.  r.m.s.Z  Mn(sigma)
Bond distances, non H                5     0.005    0.313      0.016
Bond angles, non H                   5     1.088    0.645      2.428
Torsion angles, period 2             1     0.000    0.000      5.000
Planar groups                        4     0.000    0.000      0.020
VDW torsion                          1     0.347    1.735      0.200



====== CYCLE 21 ======

 weight = 1.0000e+00
 geom_x = 7.309072300727763
 geom_a = 0
 geom_q = 0
 geom_c = 0.0
f0= 7.3091e+00
using cgsolve in c++, ic=False
diag(geom) min= 80.410351 max= 12263.715071
diag(all) min= 80.410351 max= 12263.715071
Trying gamma equal 0.084000
Convergence reached after 11 iterations with no gamma cycles
min(dx) = -2.5840425552941436e-16
max(dx) = 6.244369009825563e-17
mean(dx)= -4.490576770105313e-17
vdws = 4
atoms = 6
pairs = 14
 geom_x = 7.30907230072777
 geom_a = 0
 geom_q = 0
 geom_c = 0.0
f1, 0= 7.3091e+00
min(dx) = -1.2920212776470718e-16
max(dx) = 3.1221845049127816e-17
mean(dx)= -2.2452883850526565e-17
vdws = 4
atoms = 6
pairs = 14
 geom_x = 7.309072300727766
 geom_a = 0
 geom_q = 0
 geom_c = 0.0
f1, 1= 7.3091e+00
min(dx) = -6.460106388235359e-17
max(dx) = 1.5610922524563908e-17
mean(dx)= -1.1226441925263283e-17
vdws = 4
atoms = 6
pairs = 14
 geom_x = 7.309072300727763
 geom_a = 0
 geom_q = 0
 geom_c = 0.0
f1, 2= 7.3091e+00
WARNING: function not minimised
                          N restraints  r.m.s.d.  r.m.s.Z  Mn(sigma)
Bond distances, non H                5     0.005    0.313      0.016
Bond angles, non H                   5     1.088    0.645      2.428
Torsion angles, period 2             1     0.000    0.000      5.000
Planar groups                        4     0.000    0.000      0.020
VDW torsion                          1     0.347    1.735      0.200



====== CYCLE 22 ======

 weight = 1.0000e+00
 geom_x = 7.309072300727763
 geom_a = 0
 geom_q = 0
 geom_c = 0.0
f0= 7.3091e+00
using cgsolve in c++, ic=False
diag(geom) min= 80.410351 max= 12263.715071
diag(all) min= 80.410351 max= 12263.715071
Trying gamma equal 0.084000
Convergence reached after 11 iterations with no gamma cycles
min(dx) = -2.5753889275687534e-16
max(dx) = 6.293132669332281e-17
mean(dx)= -4.467708448181442e-17
vdws = 4
atoms = 6
pairs = 14
 geom_x = 7.30907230072777
 geom_a = 0
 geom_q = 0
 geom_c = 0.0
f1, 0= 7.3091e+00
min(dx) = -1.2876944637843767e-16
max(dx) = 3.1465663346661404e-17
mean(dx)= -2.233854224090721e-17
vdws = 4
atoms = 6
pairs = 14
 geom_x = 7.309072300727766
 geom_a = 0
 geom_q = 0
 geom_c = 0.0
f1, 1= 7.3091e+00
min(dx) = -6.438472318921883e-17
max(dx) = 1.5732831673330702e-17
mean(dx)= -1.1169271120453604e-17
vdws = 4
atoms = 6
pairs = 14
 geom_x = 7.309072300727766
 geom_a = 0
 geom_q = 0
 geom_c = 0.0
f1, 2= 7.3091e+00
WARNING: function not minimised
                          N restraints  r.m.s.d.  r.m.s.Z  Mn(sigma)
Bond distances, non H                5     0.005    0.313      0.016
Bond angles, non H                   5     1.088    0.645      2.428
Torsion angles, period 2             1     0.000    0.000      5.000
Planar groups                        4     0.000    0.000      0.020
VDW torsion                          1     0.347    1.735      0.200



====== CYCLE 23 ======

 weight = 1.0000e+00
 geom_x = 7.309072300727766
 geom_a = 0
 geom_q = 0
 geom_c = 0.0
f0= 7.3091e+00
using cgsolve in c++, ic=False
diag(geom) min= 80.410351 max= 12263.715071
diag(all) min= 80.410351 max= 12263.715071
Trying gamma equal 0.084000
Convergence reached after 11 iterations with no gamma cycles
min(dx) = -2.6452318884552245e-16
max(dx) = 1.6754169801014703e-16
mean(dx)= -3.415983435188993e-17
vdws = 4
atoms = 6
pairs = 14
 geom_x = 7.309072300727774
 geom_a = 0
 geom_q = 0
 geom_c = 0.0
f1, 0= 7.3091e+00
min(dx) = -1.3226159442276123e-16
max(dx) = 8.377084900507351e-17
mean(dx)= -1.7079917175944964e-17
vdws = 4
atoms = 6
pairs = 14
 geom_x = 7.309072300727763
 geom_a = 0
 geom_q = 0
 geom_c = 0.0
f1, 1= 7.3091e+00
                          N restraints  r.m.s.d.  r.m.s.Z  Mn(sigma)
Bond distances, non H                5     0.005    0.313      0.016
Bond angles, non H                   5     1.088    0.645      2.428
Torsion angles, period 2             1     0.000    0.000      5.000
Planar groups                        4     0.000    0.000      0.020
VDW torsion                          1     0.347    1.735      0.200



====== CYCLE 24 ======

 weight = 1.0000e+00
 geom_x = 7.309072300727763
 geom_a = 0
 geom_q = 0
 geom_c = 0.0
f0= 7.3091e+00
using cgsolve in c++, ic=False
diag(geom) min= 80.410351 max= 12263.715071
diag(all) min= 80.410351 max= 12263.715071
Trying gamma equal 0.084000
Convergence reached after 11 iterations with no gamma cycles
min(dx) = -1.3284881151754868e-16
max(dx) = 4.0830629212682807e-16
mean(dx)= 4.382849258004011e-17
vdws = 4
atoms = 6
pairs = 14
 geom_x = 7.309072300727786
 geom_a = 0
 geom_q = 0
 geom_c = 0.0
f1, 0= 7.3091e+00
min(dx) = -6.642440575877434e-17
max(dx) = 2.0415314606341403e-16
mean(dx)= 2.1914246290020055e-17
vdws = 4
atoms = 6
pairs = 14
 geom_x = 7.309072300727784
 geom_a = 0
 geom_q = 0
 geom_c = 0.0
f1, 1= 7.3091e+00
min(dx) = -3.321220287938717e-17
max(dx) = 1.0207657303170702e-16
mean(dx)= 1.0957123145010027e-17
vdws = 4
atoms = 6
pairs = 14
 geom_x = 7.309072300727784
 geom_a = 0
 geom_q = 0
 geom_c = 0.0
f1, 2= 7.3091e+00
WARNING: function not minimised
                          N restraints  r.m.s.d.  r.m.s.Z  Mn(sigma)
Bond distances, non H                5     0.005    0.313      0.016
Bond angles, non H                   5     1.088    0.645      2.428
Torsion angles, period 2             1     0.000    0.000      5.000
Planar groups                        4     0.000    0.000      0.020
VDW torsion                          1     0.347    1.735      0.200



====== CYCLE 25 ======

 weight = 1.0000e+00
 geom_x = 7.309072300727784
 geom_a = 0
 geom_q = 0
 geom_c = 0.0
f0= 7.3091e+00
using cgsolve in c++, ic=False
diag(geom) min= 80.410351 max= 12263.715071
diag(all) min= 80.410351 max= 12263.715071
Trying gamma equal 0.084000
Convergence reached after 12 iterations with no gamma cycles
min(dx) = -1.2919051227918658e-16
max(dx) = 3.830356559801109e-16
mean(dx)= 6.280077134374982e-17
vdws = 4
atoms = 6
pairs = 14
 geom_x = 7.309072300727796
 geom_a = 0
 geom_q = 0
 geom_c = 0.0
f1, 0= 7.3091e+00
min(dx) = -6.459525613959329e-17
max(dx) = 1.9151782799005546e-16
mean(dx)= 3.140038567187491e-17
vdws = 4
atoms = 6
pairs = 14
 geom_x = 7.309072300727786
 geom_a = 0
 geom_q = 0
 geom_c = 0.0
f1, 1= 7.3091e+00
min(dx) = -3.2297628069796646e-17
max(dx) = 9.575891399502773e-17
mean(dx)= 1.5700192835937455e-17
vdws = 4
atoms = 6
pairs = 14
 geom_x = 7.309072300727774
 geom_a = 0
 geom_q = 0
 geom_c = 0.0
f1, 2= 7.3091e+00
                          N restraints  r.m.s.d.  r.m.s.Z  Mn(sigma)
Bond distances, non H                5     0.005    0.313      0.016
Bond angles, non H                   5     1.088    0.645      2.428
Torsion angles, period 2             1     0.000    0.000      5.000
Planar groups                        4     0.000    0.000      0.020
VDW torsion                          1     0.347    1.735      0.200



====== CYCLE 26 ======

 weight = 1.0000e+00
 geom_x = 7.309072300727774
 geom_a = 0
 geom_q = 0
 geom_c = 0.0
f0= 7.3091e+00
using cgsolve in c++, ic=False
diag(geom) min= 80.410351 max= 12263.715071
diag(all) min= 80.410351 max= 12263.715071
Trying gamma equal 0.084000
Convergence reached after 11 iterations with no gamma cycles
min(dx) = -1.8831164638173644e-16
max(dx) = 1.584715859707468e-16
mean(dx)= -1.320618176268243e-17
vdws = 4
atoms = 6
pairs = 14
 geom_x = 7.309072300727776
 geom_a = 0
 geom_q = 0
 geom_c = 0.0
f1, 0= 7.3091e+00
min(dx) = -9.415582319086822e-17
max(dx) = 7.92357929853734e-17
mean(dx)= -6.603090881341215e-18
vdws = 4
atoms = 6
pairs = 14
 geom_x = 7.30907230072776
 geom_a = 0
 geom_q = 0
 geom_c = 0.0
f1, 1= 7.3091e+00
                          N restraints  r.m.s.d.  r.m.s.Z  Mn(sigma)
Bond distances, non H                5     0.005    0.313      0.016
Bond angles, non H                   5     1.088    0.645      2.428
Torsion angles, period 2             1     0.000    0.000      5.000
Planar groups                        4     0.000    0.000      0.020
VDW torsion                          1     0.347    1.735      0.200



====== CYCLE 27 ======

 weight = 1.0000e+00
 geom_x = 7.30907230072776
 geom_a = 0
 geom_q = 0
 geom_c = 0.0
f0= 7.3091e+00
using cgsolve in c++, ic=False
diag(geom) min= 80.410351 max= 12263.715071
diag(all) min= 80.410351 max= 12263.715071
Trying gamma equal 0.084000
Convergence reached after 12 iterations with no gamma cycles
min(dx) = -2.7315411304605377e-16
max(dx) = 1.8013003483672024e-16
mean(dx)= -3.9682557064019184e-17
vdws = 4
atoms = 6
pairs = 14
 geom_x = 7.309072300727778
 geom_a = 0
 geom_q = 0
 geom_c = 0.0
f1, 0= 7.3091e+00
min(dx) = -1.3657705652302688e-16
max(dx) = 9.006501741836012e-17
mean(dx)= -1.9841278532009592e-17
vdws = 4
atoms = 6
pairs = 14
 geom_x = 7.309072300727786
 geom_a = 0
 geom_q = 0
 geom_c = 0.0
f1, 1= 7.3091e+00
min(dx) = -6.828852826151344e-17
max(dx) = 4.503250870918006e-17
mean(dx)= -9.920639266004796e-18
vdws = 4
atoms = 6
pairs = 14
 geom_x = 7.309072300727779
 geom_a = 0
 geom_q = 0
 geom_c = 0.0
f1, 2= 7.3091e+00
WARNING: function not minimised
                          N restraints  r.m.s.d.  r.m.s.Z  Mn(sigma)
Bond distances, non H                5     0.005    0.313      0.016
Bond angles, non H                   5     1.088    0.645      2.428
Torsion angles, period 2             1     0.000    0.000      5.000
Planar groups                        4     0.000    0.000      0.020
VDW torsion                          1     0.347    1.735      0.200



====== CYCLE 28 ======

 weight = 1.0000e+00
 geom_x = 7.309072300727779
 geom_a = 0
 geom_q = 0
 geom_c = 0.0
f0= 7.3091e+00
using cgsolve in c++, ic=False
diag(geom) min= 80.410351 max= 12263.715071
diag(all) min= 80.410351 max= 12263.715071
Trying gamma equal 0.084000
Convergence reached after 12 iterations with no gamma cycles
min(dx) = -2.1532303988647533e-16
max(dx) = 3.071245084739772e-16
mean(dx)= -7.021535369203632e-18
vdws = 4
atoms = 6
pairs = 14
 geom_x = 7.309072300727763
 geom_a = 0
 geom_q = 0
 geom_c = 0.0
f1, 0= 7.3091e+00
                          N restraints  r.m.s.d.  r.m.s.Z  Mn(sigma)
Bond distances, non H                5     0.005    0.313      0.016
Bond angles, non H                   5     1.088    0.645      2.428
Torsion angles, period 2             1     0.000    0.000      5.000
Planar groups                        4     0.000    0.000      0.020
VDW torsion                          1     0.347    1.735      0.200



====== CYCLE 29 ======

 weight = 1.0000e+00
 geom_x = 7.309072300727763
 geom_a = 0
 geom_q = 0
 geom_c = 0.0
f0= 7.3091e+00
using cgsolve in c++, ic=False
diag(geom) min= 80.410351 max= 12263.715071
diag(all) min= 80.410351 max= 12263.715071
Trying gamma equal 0.084000
Convergence reached after 12 iterations with no gamma cycles
min(dx) = -2.1271646490506883e-16
max(dx) = 3.0491036069402586e-16
mean(dx)= 1.797075920800402e-17
vdws = 4
atoms = 6
pairs = 14
 geom_x = 7.309072300727776
 geom_a = 0
 geom_q = 0
 geom_c = 0.0
f1, 0= 7.3091e+00
min(dx) = -1.0635823245253441e-16
max(dx) = 1.5245518034701293e-16
mean(dx)= 8.98537960400201e-18
vdws = 4
atoms = 6
pairs = 14
 geom_x = 7.309072300727774
 geom_a = 0
 geom_q = 0
 geom_c = 0.0
f1, 1= 7.3091e+00
min(dx) = -5.3179116226267207e-17
max(dx) = 7.622759017350647e-17
mean(dx)= 4.492689802001005e-18
vdws = 4
atoms = 6
pairs = 14
 geom_x = 7.309072300727792
 geom_a = 0
 geom_q = 0
 geom_c = 0.0
f1, 2= 7.3091e+00
WARNING: function not minimised
                          N restraints  r.m.s.d.  r.m.s.Z  Mn(sigma)
Bond distances, non H                5     0.005    0.313      0.016
Bond angles, non H                   5     1.088    0.645      2.428
Torsion angles, period 2             1     0.000    0.000      5.000
Planar groups                        4     0.000    0.000      0.020
VDW torsion                          1     0.347    1.735      0.200



====== CYCLE 30 ======

 weight = 1.0000e+00
 geom_x = 7.309072300727792
 geom_a = 0
 geom_q = 0
 geom_c = 0.0
f0= 7.3091e+00
using cgsolve in c++, ic=False
diag(geom) min= 80.410351 max= 12263.715071
diag(all) min= 80.410351 max= 12263.715071
Trying gamma equal 0.084000
Convergence reached after 12 iterations with no gamma cycles
min(dx) = -3.0259663185866096e-16
max(dx) = 2.514088833542915e-16
mean(dx)= 3.752920965900787e-17
vdws = 4
atoms = 6
pairs = 14
 geom_x = 7.309072300727792
 geom_a = 0
 geom_q = 0
 geom_c = 0.0
f1, 0= 7.3091e+00
min(dx) = -1.5129831592933048e-16
max(dx) = 1.2570444167714576e-16
mean(dx)= 1.8764604829503935e-17
vdws = 4
atoms = 6
pairs = 14
 geom_x = 7.3090723007277845
 geom_a = 0
 geom_q = 0
 geom_c = 0.0
f1, 1= 7.3091e+00
                          N restraints  r.m.s.d.  r.m.s.Z  Mn(sigma)
Bond distances, non H                5     0.005    0.313      0.016
Bond angles, non H                   5     1.088    0.645      2.428
Torsion angles, period 2             1     0.000    0.000      5.000
Planar groups                        4     0.000    0.000      0.020
VDW torsion                          1     0.347    1.735      0.200


$TABLE: stats vs cycle :
$GRAPHS
: Geometry :A:1,4,2:
: Geometry Z :A:1,3,5:
$$
 Ncyc  rmsBOND  zBOND  rmsANGL  zANGL
$$
$$
    0   0.0053 0.3130   1.0879 0.6451
    1   0.0053 0.3130   1.0879 0.6451
    2   0.0053 0.3130   1.0879 0.6451
    3   0.0053 0.3130   1.0879 0.6451
    4   0.0053 0.3130   1.0879 0.6451
    5   0.0053 0.3130   1.0879 0.6451
    6   0.0053 0.3130   1.0879 0.6451
    7   0.0053 0.3130   1.0879 0.6451
    8   0.0053 0.3130   1.0879 0.6451
    9   0.0053 0.3130   1.0879 0.6451
   10   0.0053 0.3130   1.0879 0.6451
   11   0.0053 0.3130   1.0879 0.6451
   12   0.0053 0.3130   1.0879 0.6451
   13   0.0053 0.3130   1.0879 0.6451
   14   0.0053 0.3130   1.0879 0.6451
   15   0.0053 0.3130   1.0879 0.6451
   16   0.0053 0.3130   1.0879 0.6451
   17   0.0053 0.3130   1.0879 0.6451
   18   0.0053 0.3130   1.0879 0.6451
   19   0.0053 0.3130   1.0879 0.6451
   20   0.0053 0.3130   1.0879 0.6451
   21   0.0053 0.3130   1.0879 0.6451
   22   0.0053 0.3130   1.0879 0.6451
   23   0.0053 0.3130   1.0879 0.6451
   24   0.0053 0.3130   1.0879 0.6451
   25   0.0053 0.3130   1.0879 0.6451
   26   0.0053 0.3130   1.0879 0.6451
   27   0.0053 0.3130   1.0879 0.6451
   28   0.0053 0.3130   1.0879 0.6451
   29   0.0053 0.3130   1.0879 0.6451
   30   0.0053 0.3130   1.0879 0.6451
$$

Creating restraints..

Chain info:
 chain 
  ligands: CAA (1 residues)

Number of refinement parameters:
       n_params  n_atoms  n_atoms_geom_only  n_atoms_data_only
xyz          12       12                  6                  0
adp           0        0                  0                  0
occ           0        0                  0                  0
dfrac         0        0                  0                  0

Randomizing structure with rmsd of 0.01
Torsion angle rules:
 include:
  {'group': 'peptide', 'tors_name': 'chi*'}
  {'link': '*', 'tors_name': 'omega'}
  {'residue': '*', 'tors_name': 'sp2_sp2*'}
  {'link': '*', 'tors_name': 'sp2_sp2*'}
 exclude:
  none
External restraints from Refmac instructions
 Number of distances          : 0
 Number of angles             : 0
 Number of torsions           : 0
 Number of chirals            : 0
 Number of planes             : 0
 Number of intervals          : 0
 Number of stackings          : 0
 Number of harmonics          : 0
 Number of special positions  : 0

Running 10 cycles with wchir=4 wvdw=2 with hydrogen
Geometry weights
vdws = 23
atoms = 12
pairs = 52
                          N restraints  r.m.s.d.  r.m.s.Z  Mn(sigma)
Bond distances, non H                5     0.009    0.605      0.016
Bond distances, H                    6     0.008    0.714      0.017
Bond angles, non H                   5     1.165    0.698      2.428
Bond angles, H                      13     0.773    0.391      2.077
Torsion angles, period 2             1     0.363    0.073      5.000
Torsion angles, period 6             1     0.902    0.045     20.000
Planar groups                        8     0.001    0.067      0.020
VDW nonbonded                        2     0.182    0.911      0.200
VDW torsion                          5     0.212    1.061      0.200


====== CYCLE  1 ======

 weight = 1.0000e+00
 geom_x = 19.256637420161095
 geom_a = 0
 geom_q = 0
 geom_c = 0.0
f0= 1.9257e+01
using cgsolve in c++, ic=False
diag(geom) min= 273.474443 max= 15924.571175
diag(all) min= 273.474443 max= 15924.571175
Trying gamma equal 0.000000
Not converging with gamma equal 0.000000
Trying gamma equal 0.052500
Gamma decreased to 0.042000
min(dx) = -0.031384075971043215
max(dx) = 0.04152499856528927
mean(dx)= -0.0004527843858457899
vdws = 23
atoms = 12
pairs = 52
 geom_x = 13.88317229973727
 geom_a = 0
 geom_q = 0
 geom_c = 0.0
f1, 0= 1.3883e+01
                          N restraints  r.m.s.d.  r.m.s.Z  Mn(sigma)
Bond distances, non H                5     0.009    0.566      0.016
Bond distances, H                    6     0.001    0.058      0.017
Bond angles, non H                   5     1.606    0.902      2.428
Bond angles, H                      13     0.799    0.306      2.077
Torsion angles, period 2             1     0.052    0.010      5.000
Torsion angles, period 6             1     0.634    0.032     20.000
Planar groups                        8     0.000    0.012      0.020
VDW nonbonded                        2     0.139    0.695      0.200
VDW torsion                          4     0.206    1.030      0.200



====== CYCLE  2 ======

 weight = 1.0000e+00
 geom_x = 13.88317229973727
 geom_a = 0
 geom_q = 0
 geom_c = 0.0
f0= 1.3883e+01
using cgsolve in c++, ic=False
diag(geom) min= 263.497698 max= 15908.704109
diag(all) min= 263.497698 max= 15908.704109
Trying gamma equal 0.042000
Convergence reached after 26 iterations with no gamma cycles
min(dx) = -0.00870863162855289
max(dx) = 0.010075682412441596
mean(dx)= 0.00013838868677273355
vdws = 23
atoms = 12
pairs = 52
 geom_x = 13.75718471714863
 geom_a = 0
 geom_q = 0
 geom_c = 0.0
f1, 0= 1.3757e+01
                          N restraints  r.m.s.d.  r.m.s.Z  Mn(sigma)
Bond distances, non H                5     0.010    0.621      0.016
Bond distances, H                    6     0.001    0.056      0.017
Bond angles, non H                   5     1.754    0.939      2.428
Bond angles, H                      13     0.829    0.318      2.077
Torsion angles, period 2             1     0.132    0.026      5.000
Torsion angles, period 6             1     0.843    0.042     20.000
Planar groups                        8     0.000    0.013      0.020
VDW nonbonded                        2     0.135    0.677      0.200
VDW torsion                          4     0.201    1.006      0.200



====== CYCLE  3 ======

 weight = 1.0000e+00
 geom_x = 13.75718471714863
 geom_a = 0
 geom_q = 0
 geom_c = 0.0
f0= 1.3757e+01
using cgsolve in c++, ic=False
diag(geom) min= 260.610579 max= 15904.026339
diag(all) min= 260.610579 max= 15904.026339
Trying gamma equal 0.042000
Convergence reached after 25 iterations with no gamma cycles
min(dx) = -0.00478955715101956
max(dx) = 0.007628569364924422
mean(dx)= 6.0691676740311256e-05
vdws = 23
atoms = 12
pairs = 52
 geom_x = 13.73800423898275
 geom_a = 0
 geom_q = 0
 geom_c = 0.0
f1, 0= 1.3738e+01
                          N restraints  r.m.s.d.  r.m.s.Z  Mn(sigma)
Bond distances, non H                5     0.011    0.637      0.016
Bond distances, H                    6     0.001    0.056      0.017
Bond angles, non H                   5     1.807    0.947      2.428
Bond angles, H                      13     0.820    0.315      2.077
Torsion angles, period 2             1     0.143    0.029      5.000
Torsion angles, period 6             1     1.144    0.057     20.000
Planar groups                        8     0.000    0.015      0.020
VDW nonbonded                        2     0.135    0.676      0.200
VDW torsion                          4     0.200    0.999      0.200



====== CYCLE  4 ======

 weight = 1.0000e+00
 geom_x = 13.73800423898275
 geom_a = 0
 geom_q = 0
 geom_c = 0.0
f0= 1.3738e+01
using cgsolve in c++, ic=False
diag(geom) min= 259.203352 max= 15901.365910
diag(all) min= 259.203352 max= 15901.365910
Trying gamma equal 0.042000
Not converging with gamma equal 0.042000
Trying gamma equal 0.094500
Gamma decreased to 0.084000
min(dx) = -0.002481065016423913
max(dx) = 0.0037587688264328033
mean(dx)= 2.307027268942216e-05
vdws = 23
atoms = 12
pairs = 52
 geom_x = 13.734035174364985
 geom_a = 0
 geom_q = 0
 geom_c = 0.0
f1, 0= 1.3734e+01
                          N restraints  r.m.s.d.  r.m.s.Z  Mn(sigma)
Bond distances, non H                5     0.011    0.641      0.016
Bond distances, H                    6     0.001    0.056      0.017
Bond angles, non H                   5     1.822    0.949      2.428
Bond angles, H                      13     0.817    0.314      2.077
Torsion angles, period 2             1     0.144    0.029      5.000
Torsion angles, period 6             1     1.317    0.066     20.000
Planar groups                        8     0.000    0.016      0.020
VDW nonbonded                        2     0.135    0.677      0.200
VDW torsion                          4     0.200    0.998      0.200



====== CYCLE  5 ======

 weight = 1.0000e+00
 geom_x = 13.734035174364985
 geom_a = 0
 geom_q = 0
 geom_c = 0.0
f0= 1.3734e+01
using cgsolve in c++, ic=False
diag(geom) min= 258.695745 max= 15900.611127
diag(all) min= 258.695745 max= 15900.611127
Trying gamma equal 0.084000
Convergence reached after 23 iterations with no gamma cycles
min(dx) = -0.0028808454654488725
max(dx) = 0.004235933146176268
mean(dx)= 2.3230266046419066e-05
vdws = 23
atoms = 12
pairs = 52
 geom_x = 13.730767320265858
 geom_a = 0
 geom_q = 0
 geom_c = 0.0
f1, 0= 1.3731e+01
                          N restraints  r.m.s.d.  r.m.s.Z  Mn(sigma)
Bond distances, non H                5     0.011    0.643      0.016
Bond distances, H                    6     0.001    0.056      0.017
Bond angles, non H                   5     1.833    0.950      2.428
Bond angles, H                      13     0.816    0.314      2.077
Torsion angles, period 2             1     0.147    0.029      5.000
Torsion angles, period 6             1     1.519    0.076     20.000
Planar groups                        8     0.000    0.017      0.020
VDW nonbonded                        2     0.135    0.677      0.200
VDW torsion                          4     0.199    0.997      0.200



====== CYCLE  6 ======

 weight = 1.0000e+00
 geom_x = 13.730767320265858
 geom_a = 0
 geom_q = 0
 geom_c = 0.0
f0= 1.3731e+01
using cgsolve in c++, ic=False
diag(geom) min= 258.231357 max= 15900.056738
diag(all) min= 258.231357 max= 15900.056738
Trying gamma equal 0.084000
Convergence reached after 20 iterations with no gamma cycles
min(dx) = -0.002925719421159258
max(dx) = 0.004351606989371168
mean(dx)= 2.177926390432066e-05
vdws = 23
atoms = 12
pairs = 52
 geom_x = 13.727826862357835
 geom_a = 0
 geom_q = 0
 geom_c = 0.0
f1, 0= 1.3728e+01
                          N restraints  r.m.s.d.  r.m.s.Z  Mn(sigma)
Bond distances, non H                5     0.011    0.645      0.016
Bond distances, H                    6     0.001    0.056      0.017
Bond angles, non H                   5     1.841    0.951      2.428
Bond angles, H                      13     0.815    0.313      2.077
Torsion angles, period 2             1     0.150    0.030      5.000
Torsion angles, period 6             1     1.733    0.087     20.000
Planar groups                        8     0.000    0.017      0.020
VDW nonbonded                        2     0.135    0.677      0.200
VDW torsion                          4     0.199    0.996      0.200



====== CYCLE  7 ======

 weight = 1.0000e+00
 geom_x = 13.727826862357835
 geom_a = 0
 geom_q = 0
 geom_c = 0.0
f0= 1.3728e+01
using cgsolve in c++, ic=False
diag(geom) min= 257.834323 max= 15899.694347
diag(all) min= 257.834323 max= 15899.694347
Trying gamma equal 0.084000
Not converging with gamma equal 0.084000
Trying gamma equal 0.136500
Gamma decreased to 0.126000
min(dx) = -0.0018764030345784866
max(dx) = 0.0028588300657353648
mean(dx)= 1.3165368588806134e-05
vdws = 23
atoms = 12
pairs = 52
 geom_x = 13.725961846778533
 geom_a = 0
 geom_q = 0
 geom_c = 0.0
f1, 0= 1.3726e+01
                          N restraints  r.m.s.d.  r.m.s.Z  Mn(sigma)
Bond distances, non H                5     0.011    0.645      0.016
Bond distances, H                    6     0.001    0.056      0.017
Bond angles, non H                   5     1.845    0.951      2.428
Bond angles, H                      13     0.815    0.313      2.077
Torsion angles, period 2             1     0.153    0.031      5.000
Torsion angles, period 6             1     1.880    0.094     20.000
Planar groups                        8     0.000    0.018      0.020
VDW nonbonded                        2     0.135    0.677      0.200
VDW torsion                          4     0.199    0.996      0.200



====== CYCLE  8 ======

 weight = 1.0000e+00
 geom_x = 13.725961846778533
 geom_a = 0
 geom_q = 0
 geom_c = 0.0
f0= 1.3726e+01
using cgsolve in c++, ic=False
diag(geom) min= 257.604802 max= 15899.529460
diag(all) min= 257.604802 max= 15899.529460
Trying gamma equal 0.126000
Convergence reached after 17 iterations with no gamma cycles
min(dx) = -0.0020372285733682846
max(dx) = 0.00310485502613337
mean(dx)= 1.3085427333640736e-05
vdws = 23
atoms = 12
pairs = 52
 geom_x = 13.723915344841336
 geom_a = 0
 geom_q = 0
 geom_c = 0.0
f1, 0= 1.3724e+01
                          N restraints  r.m.s.d.  r.m.s.Z  Mn(sigma)
Bond distances, non H                5     0.011    0.645      0.016
Bond distances, H                    6     0.001    0.056      0.017
Bond angles, non H                   5     1.849    0.952      2.428
Bond angles, H                      13     0.815    0.313      2.077
Torsion angles, period 2             1     0.158    0.032      5.000
Torsion angles, period 6             1     2.043    0.102     20.000
Planar groups                        8     0.000    0.018      0.020
VDW nonbonded                        2     0.135    0.677      0.200
VDW torsion                          4     0.199    0.995      0.200



====== CYCLE  9 ======

 weight = 1.0000e+00
 geom_x = 13.723915344841336
 geom_a = 0
 geom_q = 0
 geom_c = 0.0
f0= 1.3724e+01
using cgsolve in c++, ic=False
diag(geom) min= 257.380440 max= 15899.377176
diag(all) min= 257.380440 max= 15899.377176
Trying gamma equal 0.126000
Convergence reached after 17 iterations with no gamma cycles
min(dx) = -0.0020458734943094004
max(dx) = 0.0031498628850212544
mean(dx)= 1.1981450748762989e-05
vdws = 23
atoms = 12
pairs = 52
 geom_x = 13.721799857343088
 geom_a = 0
 geom_q = 0
 geom_c = 0.0
f1, 0= 1.3722e+01
                          N restraints  r.m.s.d.  r.m.s.Z  Mn(sigma)
Bond distances, non H                5     0.011    0.646      0.016
Bond distances, H                    6     0.001    0.056      0.017
Bond angles, non H                   5     1.852    0.952      2.428
Bond angles, H                      13     0.815    0.313      2.077
Torsion angles, period 2             1     0.163    0.033      5.000
Torsion angles, period 6             1     2.211    0.111     20.000
Planar groups                        8     0.000    0.019      0.020
VDW nonbonded                        2     0.135    0.677      0.200
VDW torsion                          4     0.199    0.995      0.200



====== CYCLE 10 ======

 weight = 1.0000e+00
 geom_x = 13.721799857343088
 geom_a = 0
 geom_q = 0
 geom_c = 0.0
f0= 1.3722e+01
using cgsolve in c++, ic=False
diag(geom) min= 257.175303 max= 15899.246573
diag(all) min= 257.175303 max= 15899.246573
Trying gamma equal 0.126000
Convergence reached after 17 iterations with no gamma cycles
min(dx) = -0.002056735992709516
max(dx) = 0.0031954648883401934
mean(dx)= 1.0868647103796164e-05
vdws = 23
atoms = 12
pairs = 52
 geom_x = 13.719592644611353
 geom_a = 0
 geom_q = 0
 geom_c = 0.0
f1, 0= 1.3720e+01
                          N restraints  r.m.s.d.  r.m.s.Z  Mn(sigma)
Bond distances, non H                5     0.011    0.646      0.016
Bond distances, H                    6     0.001    0.056      0.017
Bond angles, non H                   5     1.855    0.953      2.428
Bond angles, H                      13     0.816    0.314      2.077
Torsion angles, period 2             1     0.170    0.034      5.000
Torsion angles, period 6             1     2.386    0.119     20.000
Planar groups                        8     0.000    0.019      0.020
VDW nonbonded                        2     0.135    0.677      0.200
VDW torsion                          4     0.199    0.995      0.200


$TABLE: stats vs cycle :
$GRAPHS
: Geometry :A:1,4,2:
: Geometry Z :A:1,3,5:
$$
 Ncyc  rmsBOND  zBOND  rmsANGL  zANGL
$$
$$
    0   0.0094 0.6049   1.1652 0.6978
    1   0.0094 0.5661   1.6057 0.9024
    2   0.0103 0.6211   1.7540 0.9391
    3   0.0105 0.6375   1.8073 0.9471
    4   0.0106 0.6411   1.8224 0.9490
    5   0.0106 0.6433   1.8334 0.9502
    6   0.0106 0.6446   1.8412 0.9510
    7   0.0106 0.6450   1.8452 0.9514
    8   0.0107 0.6454   1.8489 0.9518
    9   0.0107 0.6457   1.8521 0.9522
   10   0.0107 0.6459   1.8550 0.9525
$$

Running 30 cycles with wchir=1 wvdw=2 with hydrogen
Geometry weights
vdws = 23
atoms = 12
pairs = 52
                          N restraints  r.m.s.d.  r.m.s.Z  Mn(sigma)
Bond distances, non H                5     0.011    0.646      0.016
Bond distances, H                    6     0.001    0.056      0.017
Bond angles, non H                   5     1.855    0.953      2.428
Bond angles, H                      13     0.816    0.314      2.077
Torsion angles, period 2             1     0.170    0.034      5.000
Torsion angles, period 6             1     2.386    0.119     20.000
Planar groups                        8     0.000    0.019      0.020
VDW nonbonded                        2     0.135    0.677      0.200
VDW torsion                          4     0.199    0.995      0.200


====== CYCLE  1 ======

 weight = 1.0000e+00
 geom_x = 13.719592644611353
 geom_a = 0
 geom_q = 0
 geom_c = 0.0
f0= 1.3720e+01
using cgsolve in c++, ic=False
diag(geom) min= 256.987918 max= 15899.127771
diag(all) min= 256.987918 max= 15899.127771
Trying gamma equal 0.126000
Convergence reached after 17 iterations with no gamma cycles
min(dx) = -0.0020704974516503626
max(dx) = 0.0032425149645494192
mean(dx)= 9.714559377502518e-06
vdws = 23
atoms = 12
pairs = 52
 geom_x = 13.717273885200518
 geom_a = 0
 geom_q = 0
 geom_c = 0.0
f1, 0= 1.3717e+01
                          N restraints  r.m.s.d.  r.m.s.Z  Mn(sigma)
Bond distances, non H                5     0.011    0.646      0.016
Bond distances, H                    6     0.001    0.056      0.017
Bond angles, non H                   5     1.858    0.953      2.428
Bond angles, H                      13     0.816    0.314      2.077
Torsion angles, period 2             1     0.177    0.035      5.000
Torsion angles, period 6             1     2.568    0.128     20.000
Planar groups                        8     0.000    0.020      0.020
VDW nonbonded                        2     0.135    0.677      0.200
VDW torsion                          4     0.199    0.994      0.200



====== CYCLE  2 ======

 weight = 1.0000e+00
 geom_x = 13.717273885200518
 geom_a = 0
 geom_q = 0
 geom_c = 0.0
f0= 1.3717e+01
using cgsolve in c++, ic=False
diag(geom) min= 256.817491 max= 15899.013844
diag(all) min= 256.817491 max= 15899.013844
Trying gamma equal 0.126000
Convergence reached after 17 iterations with no gamma cycles
min(dx) = -0.002087904722058499
max(dx) = 0.0032918858048392717
mean(dx)= 8.516350486439585e-06
vdws = 23
atoms = 12
pairs = 52
 geom_x = 13.714824426315158
 geom_a = 0
 geom_q = 0
 geom_c = 0.0
f1, 0= 1.3715e+01
                          N restraints  r.m.s.d.  r.m.s.Z  Mn(sigma)
Bond distances, non H                5     0.011    0.646      0.016
Bond distances, H                    6     0.001    0.056      0.017
Bond angles, non H                   5     1.860    0.953      2.428
Bond angles, H                      13     0.817    0.314      2.077
Torsion angles, period 2             1     0.185    0.037      5.000
Torsion angles, period 6             1     2.758    0.138     20.000
Planar groups                        8     0.000    0.020      0.020
VDW nonbonded                        2     0.135    0.677      0.200
VDW torsion                          4     0.199    0.994      0.200



====== CYCLE  3 ======

 weight = 1.0000e+00
 geom_x = 13.714824426315158
 geom_a = 0
 geom_q = 0
 geom_c = 0.0
f0= 1.3715e+01
using cgsolve in c++, ic=False
diag(geom) min= 256.663713 max= 15898.899972
diag(all) min= 256.663713 max= 15898.899972
Trying gamma equal 0.126000
Convergence reached after 17 iterations with no gamma cycles
min(dx) = -0.002109364345218731
max(dx) = 0.003344313810378201
mean(dx)= 7.2797228445917374e-06
vdws = 23
atoms = 12
pairs = 52
 geom_x = 13.712224737815378
 geom_a = 0
 geom_q = 0
 geom_c = 0.0
f1, 0= 1.3712e+01
                          N restraints  r.m.s.d.  r.m.s.Z  Mn(sigma)
Bond distances, non H                5     0.011    0.646      0.016
Bond distances, H                    6     0.001    0.056      0.017
Bond angles, non H                   5     1.863    0.953      2.428
Bond angles, H                      13     0.817    0.314      2.077
Torsion angles, period 2             1     0.193    0.039      5.000
Torsion angles, period 6             1     2.955    0.148     20.000
Planar groups                        8     0.000    0.021      0.020
VDW nonbonded                        2     0.135    0.676      0.200
VDW torsion                          4     0.199    0.994      0.200



====== CYCLE  4 ======

 weight = 1.0000e+00
 geom_x = 13.712224737815378
 geom_a = 0
 geom_q = 0
 geom_c = 0.0
f0= 1.3712e+01
using cgsolve in c++, ic=False
diag(geom) min= 256.526626 max= 15898.782710
diag(all) min= 256.526626 max= 15898.782710
Trying gamma equal 0.126000
Convergence reached after 17 iterations with no gamma cycles
min(dx) = -0.0021351709179515
max(dx) = 0.0034003765504109777
mean(dx)= 6.010867852239781e-06
vdws = 23
atoms = 12
pairs = 52
 geom_x = 13.709454389097216
 geom_a = 0
 geom_q = 0
 geom_c = 0.0
f1, 0= 1.3709e+01
                          N restraints  r.m.s.d.  r.m.s.Z  Mn(sigma)
Bond distances, non H                5     0.011    0.646      0.016
Bond distances, H                    6     0.001    0.056      0.017
Bond angles, non H                   5     1.865    0.954      2.428
Bond angles, H                      13     0.817    0.314      2.077
Torsion angles, period 2             1     0.202    0.040      5.000
Torsion angles, period 6             1     3.159    0.158     20.000
Planar groups                        8     0.000    0.021      0.020
VDW nonbonded                        2     0.135    0.676      0.200
VDW torsion                          4     0.199    0.994      0.200



====== CYCLE  5 ======

 weight = 1.0000e+00
 geom_x = 13.709454389097216
 geom_a = 0
 geom_q = 0
 geom_c = 0.0
f0= 1.3709e+01
using cgsolve in c++, ic=False
diag(geom) min= 256.406549 max= 15898.659581
diag(all) min= 256.406549 max= 15898.659581
Trying gamma equal 0.126000
Convergence reached after 17 iterations with no gamma cycles
min(dx) = -0.002165409798968646
max(dx) = 0.0034605130266872268
mean(dx)= 4.716627858097684e-06
vdws = 23
atoms = 12
pairs = 52
 geom_x = 13.706491757882603
 geom_a = 0
 geom_q = 0
 geom_c = 0.0
f1, 0= 1.3706e+01
                          N restraints  r.m.s.d.  r.m.s.Z  Mn(sigma)
Bond distances, non H                5     0.011    0.646      0.016
Bond distances, H                    6     0.001    0.056      0.017
Bond angles, non H                   5     1.867    0.954      2.428
Bond angles, H                      13     0.818    0.314      2.077
Torsion angles, period 2             1     0.212    0.042      5.000
Torsion angles, period 6             1     3.373    0.169     20.000
Planar groups                        8     0.000    0.022      0.020
VDW nonbonded                        2     0.135    0.676      0.200
VDW torsion                          4     0.199    0.993      0.200



====== CYCLE  6 ======

 weight = 1.0000e+00
 geom_x = 13.706491757882603
 geom_a = 0
 geom_q = 0
 geom_c = 0.0
f0= 1.3706e+01
using cgsolve in c++, ic=False
diag(geom) min= 256.304035 max= 15898.528705
diag(all) min= 256.304035 max= 15898.528705
Trying gamma equal 0.126000
Convergence reached after 17 iterations with no gamma cycles
min(dx) = -0.002200092983704131
max(dx) = 0.003525034772420839
mean(dx)= 3.403138968162035e-06
vdws = 23
atoms = 12
pairs = 52
 geom_x = 13.70331384546615
 geom_a = 0
 geom_q = 0
 geom_c = 0.0
f1, 0= 1.3703e+01
                          N restraints  r.m.s.d.  r.m.s.Z  Mn(sigma)
Bond distances, non H                5     0.011    0.647      0.016
Bond distances, H                    6     0.001    0.056      0.017
Bond angles, non H                   5     1.870    0.954      2.428
Bond angles, H                      13     0.818    0.314      2.077
Torsion angles, period 2             1     0.222    0.044      5.000
Torsion angles, period 6             1     3.595    0.180     20.000
Planar groups                        8     0.000    0.022      0.020
VDW nonbonded                        2     0.135    0.675      0.200
VDW torsion                          4     0.199    0.993      0.200



====== CYCLE  7 ======

 weight = 1.0000e+00
 geom_x = 13.70331384546615
 geom_a = 0
 geom_q = 0
 geom_c = 0.0
f0= 1.3703e+01
using cgsolve in c++, ic=False
diag(geom) min= 256.219841 max= 15898.388574
diag(all) min= 256.219841 max= 15898.388574
Trying gamma equal 0.126000
Convergence reached after 17 iterations with no gamma cycles
min(dx) = -0.002282470962888982
max(dx) = 0.0035941568101245658
mean(dx)= 2.076002453273841e-06
vdws = 23
atoms = 12
pairs = 52
 geom_x = 13.699896144024098
 geom_a = 0
 geom_q = 0
 geom_c = 0.0
f1, 0= 1.3700e+01
                          N restraints  r.m.s.d.  r.m.s.Z  Mn(sigma)
Bond distances, non H                5     0.011    0.647      0.016
Bond distances, H                    6     0.001    0.056      0.017
Bond angles, non H                   5     1.872    0.954      2.428
Bond angles, H                      13     0.819    0.314      2.077
Torsion angles, period 2             1     0.233    0.047      5.000
Torsion angles, period 6             1     3.827    0.191     20.000
Planar groups                        8     0.000    0.023      0.020
VDW nonbonded                        2     0.135    0.675      0.200
VDW torsion                          4     0.199    0.993      0.200



====== CYCLE  8 ======

 weight = 1.0000e+00
 geom_x = 13.699896144024098
 geom_a = 0
 geom_q = 0
 geom_c = 0.0
f0= 1.3700e+01
using cgsolve in c++, ic=False
diag(geom) min= 256.154907 max= 15898.237904
diag(all) min= 256.154907 max= 15898.237904
Trying gamma equal 0.126000
Convergence reached after 17 iterations with no gamma cycles
min(dx) = -0.0024197481252896127
max(dx) = 0.003668017762104501
mean(dx)= 7.404972273205507e-07
vdws = 23
atoms = 12
pairs = 52
 geom_x = 13.696212534212613
 geom_a = 0
 geom_q = 0
 geom_c = 0.0
f1, 0= 1.3696e+01
                          N restraints  r.m.s.d.  r.m.s.Z  Mn(sigma)
Bond distances, non H                5     0.011    0.647      0.016
Bond distances, H                    6     0.001    0.056      0.017
Bond angles, non H                   5     1.874    0.954      2.428
Bond angles, H                      13     0.819    0.314      2.077
Torsion angles, period 2             1     0.244    0.049      5.000
Torsion angles, period 6             1     4.068    0.203     20.000
Planar groups                        8     0.000    0.024      0.020
VDW nonbonded                        2     0.135    0.674      0.200
VDW torsion                          4     0.199    0.993      0.200



====== CYCLE  9 ======

 weight = 1.0000e+00
 geom_x = 13.696212534212613
 geom_a = 0
 geom_q = 0
 geom_c = 0.0
f0= 1.3696e+01
using cgsolve in c++, ic=False
diag(geom) min= 256.110350 max= 15898.075531
diag(all) min= 256.110350 max= 15898.075531
Trying gamma equal 0.126000
Convergence reached after 17 iterations with no gamma cycles
min(dx) = -0.0025614171341306466
max(dx) = 0.0037466928202614398
mean(dx)= -5.982449072086333e-07
vdws = 23
atoms = 12
pairs = 52
 geom_x = 13.692235205646925
 geom_a = 0
 geom_q = 0
 geom_c = 0.0
f1, 0= 1.3692e+01
                          N restraints  r.m.s.d.  r.m.s.Z  Mn(sigma)
Bond distances, non H                5     0.011    0.647      0.016
Bond distances, H                    6     0.001    0.056      0.017
Bond angles, non H                   5     1.876    0.954      2.428
Bond angles, H                      13     0.819    0.314      2.077
Torsion angles, period 2             1     0.256    0.051      5.000
Torsion angles, period 6             1     4.319    0.216     20.000
Planar groups                        8     0.000    0.024      0.020
VDW nonbonded                        2     0.135    0.674      0.200
VDW torsion                          4     0.198    0.992      0.200



====== CYCLE 10 ======

 weight = 1.0000e+00
 geom_x = 13.692235205646925
 geom_a = 0
 geom_q = 0
 geom_c = 0.0
f0= 1.3692e+01
using cgsolve in c++, ic=False
diag(geom) min= 256.087462 max= 15897.900334
diag(all) min= 256.087462 max= 15897.900334
Trying gamma equal 0.126000
Convergence reached after 17 iterations with no gamma cycles
min(dx) = -0.0027075521733509415
max(dx) = 0.0038302022674490174
mean(dx)= -1.934927589660118e-06
vdws = 23
atoms = 12
pairs = 52
 geom_x = 13.687934599631376
 geom_a = 0
 geom_q = 0
 geom_c = 0.0
f1, 0= 1.3688e+01
                          N restraints  r.m.s.d.  r.m.s.Z  Mn(sigma)
Bond distances, non H                5     0.011    0.647      0.016
Bond distances, H                    6     0.001    0.056      0.017
Bond angles, non H                   5     1.878    0.954      2.428
Bond angles, H                      13     0.820    0.314      2.077
Torsion angles, period 2             1     0.268    0.054      5.000
Torsion angles, period 6             1     4.581    0.229     20.000
Planar groups                        8     0.000    0.025      0.020
VDW nonbonded                        2     0.135    0.673      0.200
VDW torsion                          4     0.198    0.992      0.200



====== CYCLE 11 ======

 weight = 1.0000e+00
 geom_x = 13.687934599631376
 geom_a = 0
 geom_q = 0
 geom_c = 0.0
f0= 1.3688e+01
using cgsolve in c++, ic=False
diag(geom) min= 256.087704 max= 15897.711194
diag(all) min= 256.087704 max= 15897.711194
Trying gamma equal 0.126000
Convergence reached after 17 iterations with no gamma cycles
min(dx) = -0.002858196885808818
max(dx) = 0.003918513777203288
mean(dx)= -3.2638969242253663e-06
vdws = 23
atoms = 12
pairs = 52
 geom_x = 13.683279377019698
 geom_a = 0
 geom_q = 0
 geom_c = 0.0
f1, 0= 1.3683e+01
                          N restraints  r.m.s.d.  r.m.s.Z  Mn(sigma)
Bond distances, non H                5     0.011    0.647      0.016
Bond distances, H                    6     0.001    0.056      0.017
Bond angles, non H                   5     1.880    0.954      2.428
Bond angles, H                      13     0.820    0.314      2.077
Torsion angles, period 2             1     0.281    0.056      5.000
Torsion angles, period 6             1     4.854    0.243     20.000
Planar groups                        8     0.001    0.026      0.020
VDW nonbonded                        2     0.135    0.673      0.200
VDW torsion                          4     0.198    0.992      0.200



====== CYCLE 12 ======

 weight = 1.0000e+00
 geom_x = 13.683279377019698
 geom_a = 0
 geom_q = 0
 geom_c = 0.0
f0= 1.3683e+01
using cgsolve in c++, ic=False
diag(geom) min= 256.112708 max= 15897.506982
diag(all) min= 256.112708 max= 15897.506982
Trying gamma equal 0.126000
Convergence reached after 17 iterations with no gamma cycles
min(dx) = -0.003013361944555906
max(dx) = 0.004011536684853541
mean(dx)= -4.580086468375069e-06
vdws = 23
atoms = 12
pairs = 52
 geom_x = 13.678236416125987
 geom_a = 0
 geom_q = 0
 geom_c = 0.0
f1, 0= 1.3678e+01
                          N restraints  r.m.s.d.  r.m.s.Z  Mn(sigma)
Bond distances, non H                5     0.011    0.646      0.016
Bond distances, H                    6     0.001    0.056      0.017
Bond angles, non H                   5     1.882    0.954      2.428
Bond angles, H                      13     0.820    0.314      2.077
Torsion angles, period 2             1     0.295    0.059      5.000
Torsion angles, period 6             1     5.139    0.257     20.000
Planar groups                        8     0.001    0.026      0.020
VDW nonbonded                        2     0.134    0.672      0.200
VDW torsion                          4     0.198    0.992      0.200



====== CYCLE 13 ======

 weight = 1.0000e+00
 geom_x = 13.678236416125987
 geom_a = 0
 geom_q = 0
 geom_c = 0.0
f0= 1.3678e+01
using cgsolve in c++, ic=False
diag(geom) min= 256.164276 max= 15897.286535
diag(all) min= 256.164276 max= 15897.286535
Trying gamma equal 0.126000
Convergence reached after 17 iterations with no gamma cycles
min(dx) = -0.0031730144121811014
max(dx) = 0.004109127544881813
mean(dx)= -5.878230110594733e-06
vdws = 23
atoms = 12
pairs = 52
 geom_x = 13.6727708470285
 geom_a = 0
 geom_q = 0
 geom_c = 0.0
f1, 0= 1.3673e+01
                          N restraints  r.m.s.d.  r.m.s.Z  Mn(sigma)
Bond distances, non H                5     0.011    0.646      0.016
Bond distances, H                    6     0.001    0.056      0.017
Bond angles, non H                   5     1.884    0.954      2.428
Bond angles, H                      13     0.820    0.314      2.077
Torsion angles, period 2             1     0.308    0.062      5.000
Torsion angles, period 6             1     5.435    0.272     20.000
Planar groups                        8     0.001    0.027      0.020
VDW nonbonded                        2     0.134    0.671      0.200
VDW torsion                          4     0.198    0.991      0.200



====== CYCLE 14 ======

 weight = 1.0000e+00
 geom_x = 13.6727708470285
 geom_a = 0
 geom_q = 0
 geom_c = 0.0
f0= 1.3673e+01
using cgsolve in c++, ic=False
diag(geom) min= 256.244385 max= 15897.048611
diag(all) min= 256.244385 max= 15897.048611
Trying gamma equal 0.126000
Convergence reached after 17 iterations with no gamma cycles
min(dx) = -0.0033370721192365616
max(dx) = 0.004211087761369561
mean(dx)= -7.152161195991503e-06
vdws = 23
atoms = 12
pairs = 52
 geom_x = 13.666846129899689
 geom_a = 0
 geom_q = 0
 geom_c = 0.0
f1, 0= 1.3667e+01
                          N restraints  r.m.s.d.  r.m.s.Z  Mn(sigma)
Bond distances, non H                5     0.011    0.646      0.016
Bond distances, H                    6     0.001    0.055      0.017
Bond angles, non H                   5     1.886    0.954      2.428
Bond angles, H                      13     0.821    0.314      2.077
Torsion angles, period 2             1     0.322    0.064      5.000
Torsion angles, period 6             1     5.744    0.287     20.000
Planar groups                        8     0.001    0.028      0.020
VDW nonbonded                        2     0.134    0.670      0.200
VDW torsion                          4     0.198    0.991      0.200



====== CYCLE 15 ======

 weight = 1.0000e+00
 geom_x = 13.666846129899689
 geom_a = 0
 geom_q = 0
 geom_c = 0.0
f0= 1.3667e+01
using cgsolve in c++, ic=False
diag(geom) min= 256.355181 max= 15896.791899
diag(all) min= 256.355181 max= 15896.791899
Trying gamma equal 0.126000
Convergence reached after 17 iterations with no gamma cycles
min(dx) = -0.0035053998670182226
max(dx) = 0.004317154887264667
mean(dx)= -8.395434355029837e-06
vdws = 23
atoms = 12
pairs = 52
 geom_x = 13.66042418593622
 geom_a = 0
 geom_q = 0
 geom_c = 0.0
f1, 0= 1.3660e+01
                          N restraints  r.m.s.d.  r.m.s.Z  Mn(sigma)
Bond distances, non H                5     0.011    0.646      0.016
Bond distances, H                    6     0.001    0.055      0.017
Bond angles, non H                   5     1.888    0.954      2.428
Bond angles, H                      13     0.821    0.314      2.077
Torsion angles, period 2             1     0.337    0.067      5.000
Torsion angles, period 6             1     6.065    0.303     20.000
Planar groups                        8     0.001    0.029      0.020
VDW nonbonded                        2     0.134    0.669      0.200
VDW torsion                          4     0.198    0.991      0.200



====== CYCLE 16 ======

 weight = 1.0000e+00
 geom_x = 13.66042418593622
 geom_a = 0
 geom_q = 0
 geom_c = 0.0
f0= 1.3660e+01
using cgsolve in c++, ic=False
diag(geom) min= 256.498979 max= 15896.515022
diag(all) min= 256.498979 max= 15896.515022
Trying gamma equal 0.126000
Convergence reached after 17 iterations with no gamma cycles
min(dx) = -0.0036778023906847675
max(dx) = 0.004426997794073238
mean(dx)= -9.601310835430766e-06
vdws = 23
atoms = 12
pairs = 52
 geom_x = 13.653465590198737
 geom_a = 0
 geom_q = 0
 geom_c = 0.0
f1, 0= 1.3653e+01
                          N restraints  r.m.s.d.  r.m.s.Z  Mn(sigma)
Bond distances, non H                5     0.011    0.646      0.016
Bond distances, H                    6     0.001    0.055      0.017
Bond angles, non H                   5     1.890    0.954      2.428
Bond angles, H                      13     0.821    0.313      2.077
Torsion angles, period 2             1     0.352    0.070      5.000
Torsion angles, period 6             1     6.399    0.320     20.000
Planar groups                        8     0.001    0.030      0.020
VDW nonbonded                        2     0.133    0.667      0.200
VDW torsion                          4     0.198    0.991      0.200



====== CYCLE 17 ======

 weight = 1.0000e+00
 geom_x = 13.653465590198737
 geom_a = 0
 geom_q = 0
 geom_c = 0.0
f0= 1.3653e+01
using cgsolve in c++, ic=False
diag(geom) min= 256.678254 max= 15896.216537
diag(all) min= 256.678254 max= 15896.216537
Trying gamma equal 0.126000
Convergence reached after 17 iterations with no gamma cycles
min(dx) = -0.0038540173339665714
max(dx) = 0.0045402113481527165
mean(dx)= -1.0762660433304527e-05
vdws = 23
atoms = 12
pairs = 52
 geom_x = 13.645929836261152
 geom_a = 0
 geom_q = 0
 geom_c = 0.0
f1, 0= 1.3646e+01
                          N restraints  r.m.s.d.  r.m.s.Z  Mn(sigma)
Bond distances, non H                5     0.011    0.646      0.016
Bond distances, H                    6     0.001    0.055      0.017
Bond angles, non H                   5     1.892    0.953      2.428
Bond angles, H                      13     0.821    0.313      2.077
Torsion angles, period 2             1     0.368    0.074      5.000
Torsion angles, period 6             1     6.747    0.337     20.000
Planar groups                        8     0.001    0.030      0.020
VDW nonbonded                        2     0.133    0.666      0.200
VDW torsion                          4     0.198    0.990      0.200



====== CYCLE 18 ======

 weight = 1.0000e+00
 geom_x = 13.645929836261152
 geom_a = 0
 geom_q = 0
 geom_c = 0.0
f0= 1.3646e+01
using cgsolve in c++, ic=False
diag(geom) min= 256.895635 max= 15895.894934
diag(all) min= 256.895635 max= 15895.894934
Trying gamma equal 0.126000
Convergence reached after 18 iterations with no gamma cycles
min(dx) = -0.004033723221110917
max(dx) = 0.0046562844021581645
mean(dx)= -1.1876197450834059e-05
vdws = 23
atoms = 12
pairs = 52
 geom_x = 13.637775682773198
 geom_a = 0
 geom_q = 0
 geom_c = 0.0
f1, 0= 1.3638e+01
                          N restraints  r.m.s.d.  r.m.s.Z  Mn(sigma)
Bond distances, non H                5     0.011    0.646      0.016
Bond distances, H                    6     0.001    0.055      0.017
Bond angles, non H                   5     1.893    0.953      2.428
Bond angles, H                      13     0.821    0.313      2.077
Torsion angles, period 2             1     0.384    0.077      5.000
Torsion angles, period 6             1     7.109    0.355     20.000
Planar groups                        8     0.001    0.031      0.020
VDW nonbonded                        2     0.133    0.665      0.200
VDW torsion                          4     0.198    0.990      0.200



====== CYCLE 19 ======

 weight = 1.0000e+00
 geom_x = 13.637775682773198
 geom_a = 0
 geom_q = 0
 geom_c = 0.0
f0= 1.3638e+01
using cgsolve in c++, ic=False
diag(geom) min= 257.153882 max= 15895.548634
diag(all) min= 257.153882 max= 15895.548634
Trying gamma equal 0.126000
Convergence reached after 18 iterations with no gamma cycles
min(dx) = -0.004216462105788524
max(dx) = 0.004774716329573653
mean(dx)= -1.292229541278757e-05
vdws = 23
atoms = 12
pairs = 52
 geom_x = 13.628961591592626
 geom_a = 0
 geom_q = 0
 geom_c = 0.0
f1, 0= 1.3629e+01
                          N restraints  r.m.s.d.  r.m.s.Z  Mn(sigma)
Bond distances, non H                5     0.011    0.645      0.016
Bond distances, H                    6     0.001    0.055      0.017
Bond angles, non H                   5     1.895    0.953      2.428
Bond angles, H                      13     0.821    0.313      2.077
Torsion angles, period 2             1     0.400    0.080      5.000
Torsion angles, period 6             1     7.485    0.374     20.000
Planar groups                        8     0.001    0.032      0.020
VDW nonbonded                        2     0.133    0.663      0.200
VDW torsion                          4     0.198    0.990      0.200



====== CYCLE 20 ======

 weight = 1.0000e+00
 geom_x = 13.628961591592626
 geom_a = 0
 geom_q = 0
 geom_c = 0.0
f0= 1.3629e+01
using cgsolve in c++, ic=False
diag(geom) min= 257.455888 max= 15895.176031
diag(all) min= 257.455888 max= 15895.176031
Trying gamma equal 0.126000
Convergence reached after 18 iterations with no gamma cycles
min(dx) = -0.004401765655881949
max(dx) = 0.0048947846900773955
mean(dx)= -1.3902879917308072e-05
vdws = 23
atoms = 12
pairs = 52
 geom_x = 13.61944626766791
 geom_a = 0
 geom_q = 0
 geom_c = 0.0
f1, 0= 1.3619e+01
                          N restraints  r.m.s.d.  r.m.s.Z  Mn(sigma)
Bond distances, non H                5     0.011    0.645      0.016
Bond distances, H                    6     0.001    0.055      0.017
Bond angles, non H                   5     1.897    0.952      2.428
Bond angles, H                      13     0.821    0.313      2.077
Torsion angles, period 2             1     0.417    0.083      5.000
Torsion angles, period 6             1     7.875    0.394     20.000
Planar groups                        8     0.001    0.033      0.020
VDW nonbonded                        2     0.132    0.661      0.200
VDW torsion                          4     0.198    0.990      0.200



====== CYCLE 21 ======

 weight = 1.0000e+00
 geom_x = 13.61944626766791
 geom_a = 0
 geom_q = 0
 geom_c = 0.0
f0= 1.3619e+01
using cgsolve in c++, ic=False
diag(geom) min= 257.804628 max= 15894.775462
diag(all) min= 257.804628 max= 15894.775462
Trying gamma equal 0.126000
Convergence reached after 18 iterations with no gamma cycles
min(dx) = -0.004589026407053073
max(dx) = 0.00501574732821064
mean(dx)= -1.4806741611520033e-05
vdws = 23
atoms = 12
pairs = 52
 geom_x = 13.60918930612033
 geom_a = 0
 geom_q = 0
 geom_c = 0.0
f1, 0= 1.3609e+01
                          N restraints  r.m.s.d.  r.m.s.Z  Mn(sigma)
Bond distances, non H                5     0.011    0.645      0.016
Bond distances, H                    6     0.001    0.055      0.017
Bond angles, non H                   5     1.898    0.951      2.428
Bond angles, H                      13     0.821    0.312      2.077
Torsion angles, period 2             1     0.434    0.087      5.000
Torsion angles, period 6             1     8.279    0.414     20.000
Planar groups                        8     0.001    0.034      0.020
VDW nonbonded                        2     0.132    0.659      0.200
VDW torsion                          4     0.198    0.989      0.200



====== CYCLE 22 ======

 weight = 1.0000e+00
 geom_x = 13.60918930612033
 geom_a = 0
 geom_q = 0
 geom_c = 0.0
f0= 1.3609e+01
using cgsolve in c++, ic=False
diag(geom) min= 258.203145 max= 15894.345242
diag(all) min= 258.203145 max= 15894.345242
Trying gamma equal 0.126000
Convergence reached after 18 iterations with no gamma cycles
min(dx) = -0.004777546770173778
max(dx) = 0.005136749549637635
mean(dx)= -1.5624791097601247e-05
vdws = 23
atoms = 12
pairs = 52
 geom_x = 13.598151952942132
 geom_a = 0
 geom_q = 0
 geom_c = 0.0
f1, 0= 1.3598e+01
                          N restraints  r.m.s.d.  r.m.s.Z  Mn(sigma)
Bond distances, non H                5     0.011    0.644      0.016
Bond distances, H                    6     0.001    0.055      0.017
Bond angles, non H                   5     1.899    0.951      2.428
Bond angles, H                      13     0.821    0.312      2.077
Torsion angles, period 2             1     0.452    0.090      5.000
Torsion angles, period 6             1     8.698    0.435     20.000
Planar groups                        8     0.001    0.035      0.020
VDW nonbonded                        2     0.131    0.657      0.200
VDW torsion                          4     0.198    0.989      0.200



====== CYCLE 23 ======

 weight = 1.0000e+00
 geom_x = 13.598151952942132
 geom_a = 0
 geom_q = 0
 geom_c = 0.0
f0= 1.3598e+01
using cgsolve in c++, ic=False
diag(geom) min= 258.654506 max= 15893.883683
diag(all) min= 258.654506 max= 15893.883683
Trying gamma equal 0.126000
Convergence reached after 18 iterations with no gamma cycles
min(dx) = -0.004966527139215755
max(dx) = 0.0052568352752798845
mean(dx)= -1.6348014366801622e-05
vdws = 23
atoms = 12
pairs = 52
 geom_x = 13.58629797996481
 geom_a = 0
 geom_q = 0
 geom_c = 0.0
f1, 0= 1.3586e+01
                          N restraints  r.m.s.d.  r.m.s.Z  Mn(sigma)
Bond distances, non H                5     0.011    0.644      0.016
Bond distances, H                    6     0.001    0.055      0.017
Bond angles, non H                   5     1.901    0.950      2.428
Bond angles, H                      13     0.821    0.312      2.077
Torsion angles, period 2             1     0.470    0.094      5.000
Torsion angles, period 6             1     9.132    0.457     20.000
Planar groups                        8     0.001    0.036      0.020
VDW nonbonded                        2     0.131    0.655      0.200
VDW torsion                          4     0.198    0.989      0.200



====== CYCLE 24 ======

 weight = 1.0000e+00
 geom_x = 13.58629797996481
 geom_a = 0
 geom_q = 0
 geom_c = 0.0
f0= 1.3586e+01
using cgsolve in c++, ic=False
diag(geom) min= 259.161759 max= 15893.389113
diag(all) min= 259.161759 max= 15893.389113
Trying gamma equal 0.126000
Convergence reached after 18 iterations with no gamma cycles
min(dx) = -0.005155062811809024
max(dx) = 0.0053749488784952636
mean(dx)= -1.696744648073421e-05
vdws = 23
atoms = 12
pairs = 52
 geom_x = 13.573594670524294
 geom_a = 0
 geom_q = 0
 geom_c = 0.0
f1, 0= 1.3574e+01
                          N restraints  r.m.s.d.  r.m.s.Z  Mn(sigma)
Bond distances, non H                5     0.011    0.643      0.016
Bond distances, H                    6     0.001    0.055      0.017
Bond angles, non H                   5     1.902    0.949      2.428
Bond angles, H                      13     0.820    0.311      2.077
Torsion angles, period 2             1     0.488    0.098      5.000
Torsion angles, period 6             1     9.581    0.479     20.000
Planar groups                        8     0.001    0.037      0.020
VDW nonbonded                        2     0.130    0.652      0.200
VDW torsion                          4     0.198    0.989      0.200



====== CYCLE 25 ======

 weight = 1.0000e+00
 geom_x = 13.573594670524294
 geom_a = 0
 geom_q = 0
 geom_c = 0.0
f0= 1.3574e+01
using cgsolve in c++, ic=False
diag(geom) min= 259.727875 max= 15892.859900
diag(all) min= 259.727875 max= 15892.859900
Trying gamma equal 0.126000
Convergence reached after 18 iterations with no gamma cycles
min(dx) = -0.005342143628840034
max(dx) = 0.005489938784654163
mean(dx)= -1.7474328215957917e-05
vdws = 23
atoms = 12
pairs = 52
 geom_x = 13.56001390608331
 geom_a = 0
 geom_q = 0
 geom_c = 0.0
f1, 0= 1.3560e+01
                          N restraints  r.m.s.d.  r.m.s.Z  Mn(sigma)
Bond distances, non H                5     0.011    0.643      0.016
Bond distances, H                    6     0.001    0.054      0.017
Bond angles, non H                   5     1.903    0.948      2.428
Bond angles, H                      13     0.820    0.311      2.077
Torsion angles, period 2             1     0.507    0.101      5.000
Torsion angles, period 6             1    10.044    0.502     20.000
Planar groups                        8     0.001    0.038      0.020
VDW nonbonded                        2     0.130    0.649      0.200
VDW torsion                          4     0.198    0.989      0.200



====== CYCLE 26 ======

 weight = 1.0000e+00
 geom_x = 13.56001390608331
 geom_a = 0
 geom_q = 0
 geom_c = 0.0
f0= 1.3560e+01
using cgsolve in c++, ic=False
diag(geom) min= 260.355690 max= 15892.294486
diag(all) min= 260.355690 max= 15892.294486
Trying gamma equal 0.126000
Convergence reached after 18 iterations with no gamma cycles
min(dx) = -0.005526656247181621
max(dx) = 0.005600564166665462
mean(dx)= -1.786030832425119e-05
vdws = 23
atoms = 12
pairs = 52
 geom_x = 13.545533336739382
 geom_a = 0
 geom_q = 0
 geom_c = 0.0
f1, 0= 1.3546e+01
                          N restraints  r.m.s.d.  r.m.s.Z  Mn(sigma)
Bond distances, non H                5     0.011    0.642      0.016
Bond distances, H                    6     0.001    0.054      0.017
Bond angles, non H                   5     1.904    0.946      2.428
Bond angles, H                      13     0.819    0.310      2.077
Torsion angles, period 2             1     0.527    0.105      5.000
Torsion angles, period 6             1    10.521    0.526     20.000
Planar groups                        8     0.001    0.039      0.020
VDW nonbonded                        2     0.129    0.646      0.200
VDW torsion                          4     0.198    0.989      0.200



====== CYCLE 27 ======

 weight = 1.0000e+00
 geom_x = 13.545533336739382
 geom_a = 0
 geom_q = 0
 geom_c = 0.0
f0= 1.3546e+01
using cgsolve in c++, ic=False
diag(geom) min= 261.047835 max= 15891.691417
diag(all) min= 261.047835 max= 15891.691417
Trying gamma equal 0.126000
Convergence reached after 18 iterations with no gamma cycles
min(dx) = -0.0057073894643635105
max(dx) = 0.00570550524362665
mean(dx)= -1.8117677155000925e-05
vdws = 23
atoms = 12
pairs = 52
 geom_x = 13.530137610177135
 geom_a = 0
 geom_q = 0
 geom_c = 0.0
f1, 0= 1.3530e+01
                          N restraints  r.m.s.d.  r.m.s.Z  Mn(sigma)
Bond distances, non H                5     0.011    0.642      0.016
Bond distances, H                    6     0.001    0.054      0.017
Bond angles, non H                   5     1.905    0.945      2.428
Bond angles, H                      13     0.819    0.310      2.077
Torsion angles, period 2             1     0.546    0.109      5.000
Torsion angles, period 6             1    11.013    0.551     20.000
Planar groups                        8     0.001    0.040      0.020
VDW nonbonded                        2     0.129    0.643      0.200
VDW torsion                          4     0.198    0.988      0.200



====== CYCLE 28 ======

 weight = 1.0000e+00
 geom_x = 13.530137610177135
 geom_a = 0
 geom_q = 0
 geom_c = 0.0
f0= 1.3530e+01
using cgsolve in c++, ic=False
diag(geom) min= 261.806659 max= 15891.049379
diag(all) min= 261.806659 max= 15891.049379
Trying gamma equal 0.126000
Convergence reached after 18 iterations with no gamma cycles
min(dx) = -0.005883043022067753
max(dx) = 0.005803377528988741
mean(dx)= -1.823962622961182e-05
vdws = 23
atoms = 12
pairs = 52
 geom_x = 13.513819624540373
 geom_a = 0
 geom_q = 0
 geom_c = 0.0
f1, 0= 1.3514e+01
                          N restraints  r.m.s.d.  r.m.s.Z  Mn(sigma)
Bond distances, non H                5     0.011    0.641      0.016
Bond distances, H                    6     0.001    0.054      0.017
Bond angles, non H                   5     1.905    0.944      2.428
Bond angles, H                      13     0.818    0.309      2.077
Torsion angles, period 2             1     0.566    0.113      5.000
Torsion angles, period 6             1    11.518    0.576     20.000
Planar groups                        8     0.001    0.041      0.020
VDW nonbonded                        2     0.128    0.640      0.200
VDW torsion                          4     0.198    0.988      0.200



====== CYCLE 29 ======

 weight = 1.0000e+00
 geom_x = 13.513819624540373
 geom_a = 0
 geom_q = 0
 geom_c = 0.0
f0= 1.3514e+01
using cgsolve in c++, ic=False
diag(geom) min= 262.634145 max= 15890.367239
diag(all) min= 262.634145 max= 15890.367239
Trying gamma equal 0.126000
Convergence reached after 18 iterations with no gamma cycles
min(dx) = -0.0060522402428591525
max(dx) = 0.005892750230355165
mean(dx)= -1.822052737472216e-05
vdws = 23
atoms = 12
pairs = 52
 geom_x = 13.49658176143341
 geom_a = 0
 geom_q = 0
 geom_c = 0.0
f1, 0= 1.3497e+01
                          N restraints  r.m.s.d.  r.m.s.Z  Mn(sigma)
Bond distances, non H                5     0.011    0.640      0.016
Bond distances, H                    6     0.001    0.054      0.017
Bond angles, non H                   5     1.906    0.942      2.428
Bond angles, H                      13     0.817    0.308      2.077
Torsion angles, period 2             1     0.587    0.117      5.000
Torsion angles, period 6             1    12.036    0.602     20.000
Planar groups                        8     0.001    0.042      0.020
VDW nonbonded                        2     0.127    0.636      0.200
VDW torsion                          4     0.198    0.988      0.200



====== CYCLE 30 ======

 weight = 1.0000e+00
 geom_x = 13.49658176143341
 geom_a = 0
 geom_q = 0
 geom_c = 0.0
f0= 1.3497e+01
using cgsolve in c++, ic=False
diag(geom) min= 263.531832 max= 15889.644083
diag(all) min= 263.531832 max= 15889.644083
Trying gamma equal 0.126000
Convergence reached after 18 iterations with no gamma cycles
min(dx) = -0.006213544735290068
max(dx) = 0.0059721688187690065
mean(dx)= -1.8056222799625508e-05
vdws = 23
atoms = 12
pairs = 52
 geom_x = 13.478437046519465
 geom_a = 0
 geom_q = 0
 geom_c = 0.0
f1, 0= 1.3478e+01
                          N restraints  r.m.s.d.  r.m.s.Z  Mn(sigma)
Bond distances, non H                5     0.011    0.640      0.016
Bond distances, H                    6     0.001    0.054      0.017
Bond angles, non H                   5     1.906    0.940      2.428
Bond angles, H                      13     0.817    0.308      2.077
Torsion angles, period 2             1     0.607    0.121      5.000
Torsion angles, period 6             1    12.566    0.628     20.000
Planar groups                        8     0.001    0.043      0.020
VDW nonbonded                        2     0.126    0.632      0.200
VDW torsion                          4     0.198    0.988      0.200


$TABLE: stats vs cycle :
$GRAPHS
: Geometry :A:1,4,2:
: Geometry Z :A:1,3,5:
$$
 Ncyc  rmsBOND  zBOND  rmsANGL  zANGL
$$
$$
    0   0.0107 0.6459   1.8550 0.9525
    1   0.0107 0.6461   1.8577 0.9528
    2   0.0107 0.6462   1.8603 0.9531
    3   0.0107 0.6463   1.8628 0.9534
    4   0.0107 0.6464   1.8651 0.9536
    5   0.0107 0.6465   1.8674 0.9538
    6   0.0107 0.6465   1.8697 0.9540
    7   0.0107 0.6466   1.8719 0.9541
    8   0.0107 0.6466   1.8741 0.9542
    9   0.0107 0.6466   1.8762 0.9543
   10   0.0107 0.6465   1.8783 0.9544
   11   0.0107 0.6465   1.8803 0.9544
   12   0.0107 0.6464   1.8824 0.9544
   13   0.0107 0.6464   1.8843 0.9543
   14   0.0107 0.6463   1.8863 0.9541
   15   0.0107 0.6461   1.8881 0.9539
   16   0.0107 0.6460   1.8900 0.9537
   17   0.0107 0.6458   1.8917 0.9534
   18   0.0107 0.6456   1.8934 0.9530
   19   0.0106 0.6453   1.8951 0.9525
   20   0.0106 0.6450   1.8966 0.9520
   21   0.0106 0.6447   1.8981 0.9513
   22   0.0106 0.6444   1.8994 0.9506
   23   0.0106 0.6439   1.9007 0.9497
   24   0.0106 0.6435   1.9019 0.9488
   25   0.0106 0.6430   1.9029 0.9477
   26   0.0106 0.6424   1.9038 0.9465
   27   0.0106 0.6418   1.9046 0.9451
   28   0.0106 0.6411   1.9052 0.9437
   29   0.0106 0.6404   1.9056 0.9420
   30   0.0106 0.6396   1.9059 0.9403
$$

Updated dictionary saved: CAA_MODEL_TMP/mol_1_conf_3_updated.cif
Refinement statistics saved: CAA_MODEL_TMP/mol_1_conf_3_stats.json

# Finished on 2026-06-14 11:38:29.062237

=========END OF PROCESS INFORMATION ==========
