
============ PROCESS INFORMATION =============
# Servalcat ver. 0.4.128 (Python 3.9.18)
# Library vers. gemmi 0.7.4, scipy 1.7.3, numpy 1.19.5, pandas 1.3.5
# Started on 2026-06-14 11:38:34.235997
# Host: Mac.lan User: hilgersmt
# Command-line:
# servalcat --logfile CAA_MODEL_TMP/servalcat.log refine_geom --update_dictionary CAA_MODEL_TMP/mol_1_conf_6_init.cif -o CAA_MODEL_TMP/mol_1_conf_6 --randomize 0.01
Config loaded
--
refine:
  atom_selection:
    xyz:
      include:
      - '*'
      exclude: []
      exclude_restraint: []
    adp:
      include: []
      exclude: []
      exclude_restraint: []
    occ:
      include: []
      exclude: []
      exclude_restraint: []
    dfrac:
      include: []
      exclude: []
      exclude_restraint: []
  occ_groups: []
  occ_group_constraints: []
  occ_group_const_mu: 10.0
  occ_group_const_mu_update_factor: 1.1
  occ_group_const_mu_update_tol_rel: 0.25
  occ_group_const_mu_update_tol_abs: 0.01
  initialisation:
    adp: {}
    occ: {}
    dfrac: {}
  write_trajectory: false
--
Reading monomers from /Applications/ccp4-9/lib/data/monomers/
Reading monomer: CAA_MODEL_TMP/mol_1_conf_6_init.cif
WARNING:: updating monomer CAA using CAA_MODEL_TMP/mol_1_conf_6_init.cif
Monomer library loaded: 1 monomers, 109 links, 133 modifications
       loaded monomers: CAA

Checking if unknown atoms exist..
Creating restraints..

Chain info:
 chain 
  ligands: CAA (1 residues)

Number of refinement parameters:
       n_params  n_atoms  n_atoms_geom_only  n_atoms_data_only
xyz           6        6                  0                  0
adp           0        0                  0                  0
occ           0        0                  0                  0
dfrac         0        0                  0                  0

Randomizing structure with rmsd of 0.01
Torsion angle rules:
 include:
  {'group': 'peptide', 'tors_name': 'chi*'}
  {'link': '*', 'tors_name': 'omega'}
  {'residue': '*', 'tors_name': 'sp2_sp2*'}
  {'link': '*', 'tors_name': 'sp2_sp2*'}
 exclude:
  none
External restraints from Refmac instructions
 Number of distances          : 0
 Number of angles             : 0
 Number of torsions           : 0
 Number of chirals            : 0
 Number of planes             : 0
 Number of intervals          : 0
 Number of stackings          : 0
 Number of harmonics          : 0
 Number of special positions  : 0

Running 10 cycles with wchir=4 wvdw=2 without hydrogen
Geometry weights
vdws = 4
atoms = 6
pairs = 14
 *** Bond distances outliers (Z >= 5) ***

    atom1     atom2  value  ideal  sigma     z
/CAA 1/C2 /CAA 1/N1  1.430  1.335  0.016 5.844

                          N restraints  r.m.s.d.  r.m.s.Z  Mn(sigma)
Bond distances, non H                5     0.046    2.793      0.016
Bond angles, non H                   5     2.638    1.052      2.428
Torsion angles, period 2             1     1.270    0.254      5.000
Planar groups                        4     0.005    0.264      0.020
VDW torsion                          1     0.371    1.857      0.200


====== CYCLE  1 ======

 weight = 1.0000e+00
 geom_x = 29.341016393661793
 geom_a = 0
 geom_q = 0
 geom_c = 0.0
f0= 2.9341e+01
using cgsolve in c++, ic=False
diag(geom) min= 153.601114 max= 11112.818672
diag(all) min= 153.601114 max= 11112.818672
Trying gamma equal 0.000000
Convergence reached after 11 iterations with no gamma cycles
min(dx) = -0.10480596527554747
max(dx) = 0.13510476339441296
mean(dx)= 0.003944645984179711
vdws = 4
atoms = 6
pairs = 14
 geom_x = 7.3893384435826155
 geom_a = 0
 geom_q = 0
 geom_c = 0.0
f1, 0= 7.3893e+00
                          N restraints  r.m.s.d.  r.m.s.Z  Mn(sigma)
Bond distances, non H                5     0.007    0.412      0.016
Bond angles, non H                   5     1.136    0.673      2.428
Torsion angles, period 2             1     0.018    0.004      5.000
Planar groups                        4     0.001    0.035      0.020
VDW torsion                          1     0.341    1.707      0.200



====== CYCLE  2 ======

 weight = 1.0000e+00
 geom_x = 7.3893384435826155
 geom_a = 0
 geom_q = 0
 geom_c = 0.0
f0= 7.3893e+00
using cgsolve in c++, ic=False
diag(geom) min= 208.873606 max= 11603.286082
diag(all) min= 208.873606 max= 11603.286082
Trying gamma equal 0.000000
Convergence reached after 11 iterations with no gamma cycles
min(dx) = -0.00697940616608513
max(dx) = 0.004349327450122688
mean(dx)= -0.0007805609241121309
vdws = 4
atoms = 6
pairs = 14
 geom_x = 7.309092410673473
 geom_a = 0
 geom_q = 0
 geom_c = 0.0
f1, 0= 7.3091e+00
                          N restraints  r.m.s.d.  r.m.s.Z  Mn(sigma)
Bond distances, non H                5     0.005    0.313      0.016
Bond angles, non H                   5     1.089    0.646      2.428
Torsion angles, period 2             1     0.030    0.006      5.000
Planar groups                        4     0.000    0.001      0.020
VDW torsion                          1     0.347    1.735      0.200



====== CYCLE  3 ======

 weight = 1.0000e+00
 geom_x = 7.309092410673473
 geom_a = 0
 geom_q = 0
 geom_c = 0.0
f0= 7.3091e+00
using cgsolve in c++, ic=False
diag(geom) min= 206.733662 max= 11600.557471
diag(all) min= 206.733662 max= 11600.557471
Trying gamma equal 0.000000
Convergence reached after 11 iterations with no gamma cycles
min(dx) = -0.000340250564000582
max(dx) = 0.0001578698630588385
mean(dx)= -6.279858411756142e-06
vdws = 4
atoms = 6
pairs = 14
 geom_x = 7.309072795616193
 geom_a = 0
 geom_q = 0
 geom_c = 0.0
f1, 0= 7.3091e+00
                          N restraints  r.m.s.d.  r.m.s.Z  Mn(sigma)
Bond distances, non H                5     0.005    0.313      0.016
Bond angles, non H                   5     1.088    0.645      2.428
Torsion angles, period 2             1     0.005    0.001      5.000
Planar groups                        4     0.000    0.000      0.020
VDW torsion                          1     0.347    1.735      0.200



====== CYCLE  4 ======

 weight = 1.0000e+00
 geom_x = 7.309072795616193
 geom_a = 0
 geom_q = 0
 geom_c = 0.0
f0= 7.3091e+00
using cgsolve in c++, ic=False
diag(geom) min= 206.097001 max= 11601.270051
diag(all) min= 206.097001 max= 11601.270051
Trying gamma equal 0.000000
Convergence reached after 11 iterations with no gamma cycles
min(dx) = -4.697325020003529e-05
max(dx) = 2.7475478337035678e-05
mean(dx)= -1.1221181555350451e-07
vdws = 4
atoms = 6
pairs = 14
 geom_x = 7.309072314190821
 geom_a = 0
 geom_q = 0
 geom_c = 0.0
f1, 0= 7.3091e+00
                          N restraints  r.m.s.d.  r.m.s.Z  Mn(sigma)
Bond distances, non H                5     0.005    0.313      0.016
Bond angles, non H                   5     1.088    0.645      2.428
Torsion angles, period 2             1     0.001    0.000      5.000
Planar groups                        4     0.000    0.000      0.020
VDW torsion                          1     0.347    1.735      0.200



====== CYCLE  5 ======

 weight = 1.0000e+00
 geom_x = 7.309072314190821
 geom_a = 0
 geom_q = 0
 geom_c = 0.0
f0= 7.3091e+00
using cgsolve in c++, ic=False
diag(geom) min= 206.003043 max= 11601.392600
diag(all) min= 206.003043 max= 11601.392600
Trying gamma equal 0.000000
Convergence reached after 11 iterations with no gamma cycles
min(dx) = -7.80519942357192e-06
max(dx) = 4.543694104164012e-06
mean(dx)= -2.5457352986217197e-08
vdws = 4
atoms = 6
pairs = 14
 geom_x = 7.309072301094242
 geom_a = 0
 geom_q = 0
 geom_c = 0.0
f1, 0= 7.3091e+00
                          N restraints  r.m.s.d.  r.m.s.Z  Mn(sigma)
Bond distances, non H                5     0.005    0.313      0.016
Bond angles, non H                   5     1.088    0.645      2.428
Torsion angles, period 2             1     0.000    0.000      5.000
Planar groups                        4     0.000    0.000      0.020
VDW torsion                          1     0.347    1.735      0.200



====== CYCLE  6 ======

 weight = 1.0000e+00
 geom_x = 7.309072301094242
 geom_a = 0
 geom_q = 0
 geom_c = 0.0
f0= 7.3091e+00
using cgsolve in c++, ic=False
diag(geom) min= 205.987450 max= 11601.412673
diag(all) min= 205.987450 max= 11601.412673
Trying gamma equal 0.000000
Convergence reached after 11 iterations with no gamma cycles
min(dx) = -1.286612470370714e-06
max(dx) = 7.498559065166876e-07
mean(dx)= -4.050112932584797e-09
vdws = 4
atoms = 6
pairs = 14
 geom_x = 7.309072300737738
 geom_a = 0
 geom_q = 0
 geom_c = 0.0
f1, 0= 7.3091e+00
                          N restraints  r.m.s.d.  r.m.s.Z  Mn(sigma)
Bond distances, non H                5     0.005    0.313      0.016
Bond angles, non H                   5     1.088    0.645      2.428
Torsion angles, period 2             1     0.000    0.000      5.000
Planar groups                        4     0.000    0.000      0.020
VDW torsion                          1     0.347    1.735      0.200



====== CYCLE  7 ======

 weight = 1.0000e+00
 geom_x = 7.309072300737738
 geom_a = 0
 geom_q = 0
 geom_c = 0.0
f0= 7.3091e+00
using cgsolve in c++, ic=False
diag(geom) min= 205.984879 max= 11601.415988
diag(all) min= 205.984879 max= 11601.415988
Trying gamma equal 0.000000
Convergence reached after 11 iterations with no gamma cycles
min(dx) = -2.1227644792673768e-07
max(dx) = 1.2371230273485339e-07
mean(dx)= -6.705345879752817e-10
vdws = 4
atoms = 6
pairs = 14
 geom_x = 7.309072300728068
 geom_a = 0
 geom_q = 0
 geom_c = 0.0
f1, 0= 7.3091e+00
                          N restraints  r.m.s.d.  r.m.s.Z  Mn(sigma)
Bond distances, non H                5     0.005    0.313      0.016
Bond angles, non H                   5     1.088    0.645      2.428
Torsion angles, period 2             1     0.000    0.000      5.000
Planar groups                        4     0.000    0.000      0.020
VDW torsion                          1     0.347    1.735      0.200



====== CYCLE  8 ======

 weight = 1.0000e+00
 geom_x = 7.309072300728068
 geom_a = 0
 geom_q = 0
 geom_c = 0.0
f0= 7.3091e+00
using cgsolve in c++, ic=False
diag(geom) min= 205.984454 max= 11601.416535
diag(all) min= 205.984454 max= 11601.416535
Trying gamma equal 0.000000
Convergence reached after 11 iterations with no gamma cycles
min(dx) = -3.502128660828305e-08
max(dx) = 2.0410304750455144e-08
mean(dx)= -1.1056650760220599e-10
vdws = 4
atoms = 6
pairs = 14
 geom_x = 7.309072300727818
 geom_a = 0
 geom_q = 0
 geom_c = 0.0
f1, 0= 7.3091e+00
                          N restraints  r.m.s.d.  r.m.s.Z  Mn(sigma)
Bond distances, non H                5     0.005    0.313      0.016
Bond angles, non H                   5     1.088    0.645      2.428
Torsion angles, period 2             1     0.000    0.000      5.000
Planar groups                        4     0.000    0.000      0.020
VDW torsion                          1     0.347    1.735      0.200



====== CYCLE  9 ======

 weight = 1.0000e+00
 geom_x = 7.309072300727818
 geom_a = 0
 geom_q = 0
 geom_c = 0.0
f0= 7.3091e+00
using cgsolve in c++, ic=False
diag(geom) min= 205.984384 max= 11601.416625
diag(all) min= 205.984384 max= 11601.416625
Trying gamma equal 0.000000
Convergence reached after 11 iterations with no gamma cycles
min(dx) = -5.777851329765636e-09
max(dx) = 3.367313414492594e-09
mean(dx)= -1.8242369002240645e-11
vdws = 4
atoms = 6
pairs = 14
 geom_x = 7.309072300727798
 geom_a = 0
 geom_q = 0
 geom_c = 0.0
f1, 0= 7.3091e+00
                          N restraints  r.m.s.d.  r.m.s.Z  Mn(sigma)
Bond distances, non H                5     0.005    0.313      0.016
Bond angles, non H                   5     1.088    0.645      2.428
Torsion angles, period 2             1     0.000    0.000      5.000
Planar groups                        4     0.000    0.000      0.020
VDW torsion                          1     0.347    1.735      0.200



====== CYCLE 10 ======

 weight = 1.0000e+00
 geom_x = 7.309072300727798
 geom_a = 0
 geom_q = 0
 geom_c = 0.0
f0= 7.3091e+00
using cgsolve in c++, ic=False
diag(geom) min= 205.984373 max= 11601.416640
diag(all) min= 205.984373 max= 11601.416640
Trying gamma equal 0.000000
Convergence reached after 11 iterations with no gamma cycles
min(dx) = -9.532360944491366e-10
max(dx) = 5.555430983265792e-10
mean(dx)= -3.009648006346335e-12
vdws = 4
atoms = 6
pairs = 14
 geom_x = 7.309072300727772
 geom_a = 0
 geom_q = 0
 geom_c = 0.0
f1, 0= 7.3091e+00
                          N restraints  r.m.s.d.  r.m.s.Z  Mn(sigma)
Bond distances, non H                5     0.005    0.313      0.016
Bond angles, non H                   5     1.088    0.645      2.428
Torsion angles, period 2             1     0.000    0.000      5.000
Planar groups                        4     0.000    0.000      0.020
VDW torsion                          1     0.347    1.735      0.200


$TABLE: stats vs cycle :
$GRAPHS
: Geometry :A:1,2,4:
: Geometry Z :A:1,5,3:
$$
 Ncyc  rmsBOND  zBOND  rmsANGL  zANGL
$$
$$
    0   0.0464 2.7933   2.6384 1.0524
    1   0.0065 0.4120   1.1364 0.6728
    2   0.0053 0.3133   1.0887 0.6456
    3   0.0053 0.3130   1.0879 0.6451
    4   0.0053 0.3130   1.0879 0.6451
    5   0.0053 0.3130   1.0879 0.6451
    6   0.0053 0.3130   1.0879 0.6451
    7   0.0053 0.3130   1.0879 0.6451
    8   0.0053 0.3130   1.0879 0.6451
    9   0.0053 0.3130   1.0879 0.6451
   10   0.0053 0.3130   1.0879 0.6451
$$

Running 30 cycles with wchir=1 wvdw=2 without hydrogen
Geometry weights
vdws = 4
atoms = 6
pairs = 14
                          N restraints  r.m.s.d.  r.m.s.Z  Mn(sigma)
Bond distances, non H                5     0.005    0.313      0.016
Bond angles, non H                   5     1.088    0.645      2.428
Torsion angles, period 2             1     0.000    0.000      5.000
Planar groups                        4     0.000    0.000      0.020
VDW torsion                          1     0.347    1.735      0.200


====== CYCLE  1 ======

 weight = 1.0000e+00
 geom_x = 7.309072300727772
 geom_a = 0
 geom_q = 0
 geom_c = 0.0
f0= 7.3091e+00
using cgsolve in c++, ic=False
diag(geom) min= 205.984371 max= 11601.416643
diag(all) min= 205.984371 max= 11601.416643
Trying gamma equal 0.000000
Convergence reached after 11 iterations with no gamma cycles
min(dx) = -1.5726538743411038e-10
max(dx) = 9.16543867444886e-11
mean(dx)= -4.965009012816043e-13
vdws = 4
atoms = 6
pairs = 14
 geom_x = 7.309072300727785
 geom_a = 0
 geom_q = 0
 geom_c = 0.0
f1, 0= 7.3091e+00
min(dx) = -7.863269371705519e-11
max(dx) = 4.58271933722443e-11
mean(dx)= -2.4825045064080217e-13
vdws = 4
atoms = 6
pairs = 14
 geom_x = 7.309072300727761
 geom_a = 0
 geom_q = 0
 geom_c = 0.0
f1, 1= 7.3091e+00
                          N restraints  r.m.s.d.  r.m.s.Z  Mn(sigma)
Bond distances, non H                5     0.005    0.313      0.016
Bond angles, non H                   5     1.088    0.645      2.428
Torsion angles, period 2             1     0.000    0.000      5.000
Planar groups                        4     0.000    0.000      0.020
VDW torsion                          1     0.347    1.735      0.200



====== CYCLE  2 ======

 weight = 1.0000e+00
 geom_x = 7.309072300727761
 geom_a = 0
 geom_q = 0
 geom_c = 0.0
f0= 7.3091e+00
using cgsolve in c++, ic=False
diag(geom) min= 205.984371 max= 11601.416643
diag(all) min= 205.984371 max= 11601.416643
Trying gamma equal 0.000000
Convergence reached after 11 iterations with no gamma cycles
min(dx) = -9.160566831755554e-11
max(dx) = 5.338762431554302e-11
mean(dx)= -2.891973051353971e-13
vdws = 4
atoms = 6
pairs = 14
 geom_x = 7.309072300727774
 geom_a = 0
 geom_q = 0
 geom_c = 0.0
f1, 0= 7.3091e+00
min(dx) = -4.580283415877777e-11
max(dx) = 2.669381215777151e-11
mean(dx)= -1.4459865256769854e-13
vdws = 4
atoms = 6
pairs = 14
 geom_x = 7.309072300727793
 geom_a = 0
 geom_q = 0
 geom_c = 0.0
f1, 1= 7.3091e+00
min(dx) = -2.2901417079388886e-11
max(dx) = 1.3346906078885755e-11
mean(dx)= -7.229932628384927e-14
vdws = 4
atoms = 6
pairs = 14
 geom_x = 7.309072300727785
 geom_a = 0
 geom_q = 0
 geom_c = 0.0
f1, 2= 7.3091e+00
WARNING: function not minimised
                          N restraints  r.m.s.d.  r.m.s.Z  Mn(sigma)
Bond distances, non H                5     0.005    0.313      0.016
Bond angles, non H                   5     1.088    0.645      2.428
Torsion angles, period 2             1     0.000    0.000      5.000
Planar groups                        4     0.000    0.000      0.020
VDW torsion                          1     0.347    1.735      0.200



====== CYCLE  3 ======

 weight = 1.0000e+00
 geom_x = 7.309072300727785
 geom_a = 0
 geom_q = 0
 geom_c = 0.0
f0= 7.3091e+00
using cgsolve in c++, ic=False
diag(geom) min= 205.984371 max= 11601.416643
diag(all) min= 205.984371 max= 11601.416643
Trying gamma equal 0.000000
Convergence reached after 11 iterations with no gamma cycles
min(dx) = -7.248265112893567e-11
max(dx) = 4.224260199160974e-11
mean(dx)= -2.2884602562623495e-13
vdws = 4
atoms = 6
pairs = 14
 geom_x = 7.309072300727768
 geom_a = 0
 geom_q = 0
 geom_c = 0.0
f1, 0= 7.3091e+00
                          N restraints  r.m.s.d.  r.m.s.Z  Mn(sigma)
Bond distances, non H                5     0.005    0.313      0.016
Bond angles, non H                   5     1.088    0.645      2.428
Torsion angles, period 2             1     0.000    0.000      5.000
Planar groups                        4     0.000    0.000      0.020
VDW torsion                          1     0.347    1.735      0.200



====== CYCLE  4 ======

 weight = 1.0000e+00
 geom_x = 7.309072300727768
 geom_a = 0
 geom_q = 0
 geom_c = 0.0
f0= 7.3091e+00
using cgsolve in c++, ic=False
diag(geom) min= 205.984371 max= 11601.416643
diag(all) min= 205.984371 max= 11601.416643
Trying gamma equal 0.000000
Convergence reached after 11 iterations with no gamma cycles
min(dx) = -1.1957823706769395e-11
max(dx) = 6.969105595578277e-12
mean(dx)= -3.773445953304366e-14
vdws = 4
atoms = 6
pairs = 14
 geom_x = 7.309072300727774
 geom_a = 0
 geom_q = 0
 geom_c = 0.0
f1, 0= 7.3091e+00
min(dx) = -5.978911853384697e-12
max(dx) = 3.4845527977891386e-12
mean(dx)= -1.886722976652183e-14
vdws = 4
atoms = 6
pairs = 14
 geom_x = 7.309072300727778
 geom_a = 0
 geom_q = 0
 geom_c = 0.0
f1, 1= 7.3091e+00
min(dx) = -2.9894559266923487e-12
max(dx) = 1.7422763988945693e-12
mean(dx)= -9.433614883260916e-15
vdws = 4
atoms = 6
pairs = 14
 geom_x = 7.309072300727786
 geom_a = 0
 geom_q = 0
 geom_c = 0.0
f1, 2= 7.3091e+00
WARNING: function not minimised
                          N restraints  r.m.s.d.  r.m.s.Z  Mn(sigma)
Bond distances, non H                5     0.005    0.313      0.016
Bond angles, non H                   5     1.088    0.645      2.428
Torsion angles, period 2             1     0.000    0.000      5.000
Planar groups                        4     0.000    0.000      0.020
VDW torsion                          1     0.347    1.735      0.200



====== CYCLE  5 ======

 weight = 1.0000e+00
 geom_x = 7.309072300727786
 geom_a = 0
 geom_q = 0
 geom_c = 0.0
f0= 7.3091e+00
using cgsolve in c++, ic=False
diag(geom) min= 205.984371 max= 11601.416643
diag(all) min= 205.984371 max= 11601.416643
Trying gamma equal 0.000000
Convergence reached after 11 iterations with no gamma cycles
min(dx) = -9.461686105180587e-12
max(dx) = 5.514255514868813e-12
mean(dx)= -2.987697265343599e-14
vdws = 4
atoms = 6
pairs = 14
 geom_x = 7.3090723007277845
 geom_a = 0
 geom_q = 0
 geom_c = 0.0
f1, 0= 7.3091e+00
                          N restraints  r.m.s.d.  r.m.s.Z  Mn(sigma)
Bond distances, non H                5     0.005    0.313      0.016
Bond angles, non H                   5     1.088    0.645      2.428
Torsion angles, period 2             1     0.000    0.000      5.000
Planar groups                        4     0.000    0.000      0.020
VDW torsion                          1     0.347    1.735      0.200



====== CYCLE  6 ======

 weight = 1.0000e+00
 geom_x = 7.3090723007277845
 geom_a = 0
 geom_q = 0
 geom_c = 0.0
f0= 7.3091e+00
using cgsolve in c++, ic=False
diag(geom) min= 205.984371 max= 11601.416643
diag(all) min= 205.984371 max= 11601.416643
Trying gamma equal 0.000000
Convergence reached after 11 iterations with no gamma cycles
min(dx) = -1.5606957813038788e-12
max(dx) = 9.100496231644999e-13
mean(dx)= -4.887288626699043e-15
vdws = 4
atoms = 6
pairs = 14
 geom_x = 7.309072300727784
 geom_a = 0
 geom_q = 0
 geom_c = 0.0
f1, 0= 7.3091e+00
                          N restraints  r.m.s.d.  r.m.s.Z  Mn(sigma)
Bond distances, non H                5     0.005    0.313      0.016
Bond angles, non H                   5     1.088    0.645      2.428
Torsion angles, period 2             1     0.000    0.000      5.000
Planar groups                        4     0.000    0.000      0.020
VDW torsion                          1     0.347    1.735      0.200



====== CYCLE  7 ======

 weight = 1.0000e+00
 geom_x = 7.309072300727784
 geom_a = 0
 geom_q = 0
 geom_c = 0.0
f0= 7.3091e+00
using cgsolve in c++, ic=False
diag(geom) min= 205.984371 max= 11601.416643
diag(all) min= 205.984371 max= 11601.416643
Trying gamma equal 0.000000
Convergence reached after 11 iterations with no gamma cycles
min(dx) = -2.579394840398035e-13
max(dx) = 1.4999632222950093e-13
mean(dx)= -8.4142625054981e-16
vdws = 4
atoms = 6
pairs = 14
 geom_x = 7.309072300727788
 geom_a = 0
 geom_q = 0
 geom_c = 0.0
f1, 0= 7.3091e+00
min(dx) = -1.2896974201990175e-13
max(dx) = 7.499816111475046e-14
mean(dx)= -4.20713125274905e-16
vdws = 4
atoms = 6
pairs = 14
 geom_x = 7.309072300727775
 geom_a = 0
 geom_q = 0
 geom_c = 0.0
f1, 1= 7.3091e+00
                          N restraints  r.m.s.d.  r.m.s.Z  Mn(sigma)
Bond distances, non H                5     0.005    0.313      0.016
Bond angles, non H                   5     1.088    0.645      2.428
Torsion angles, period 2             1     0.000    0.000      5.000
Planar groups                        4     0.000    0.000      0.020
VDW torsion                          1     0.347    1.735      0.200



====== CYCLE  8 ======

 weight = 1.0000e+00
 geom_x = 7.309072300727775
 geom_a = 0
 geom_q = 0
 geom_c = 0.0
f0= 7.3091e+00
using cgsolve in c++, ic=False
diag(geom) min= 205.984371 max= 11601.416643
diag(all) min= 205.984371 max= 11601.416643
Trying gamma equal 0.000000
Convergence reached after 11 iterations with no gamma cycles
min(dx) = -1.4993042863713887e-13
max(dx) = 8.760676863559183e-14
mean(dx)= -4.4260057286840024e-16
vdws = 4
atoms = 6
pairs = 14
 geom_x = 7.309072300727776
 geom_a = 0
 geom_q = 0
 geom_c = 0.0
f1, 0= 7.3091e+00
min(dx) = -7.496521431856943e-14
max(dx) = 4.380338431779591e-14
mean(dx)= -2.2130028643420012e-16
vdws = 4
atoms = 6
pairs = 14
 geom_x = 7.309072300727766
 geom_a = 0
 geom_q = 0
 geom_c = 0.0
f1, 1= 7.3091e+00
                          N restraints  r.m.s.d.  r.m.s.Z  Mn(sigma)
Bond distances, non H                5     0.005    0.313      0.016
Bond angles, non H                   5     1.088    0.645      2.428
Torsion angles, period 2             1     0.000    0.000      5.000
Planar groups                        4     0.000    0.000      0.020
VDW torsion                          1     0.347    1.735      0.200



====== CYCLE  9 ======

 weight = 1.0000e+00
 geom_x = 7.309072300727766
 geom_a = 0
 geom_q = 0
 geom_c = 0.0
f0= 7.3091e+00
using cgsolve in c++, ic=False
diag(geom) min= 205.984371 max= 11601.416643
diag(all) min= 205.984371 max= 11601.416643
Trying gamma equal 0.000000
Convergence reached after 11 iterations with no gamma cycles
min(dx) = -8.759486220481863e-14
max(dx) = 5.1058147258479185e-14
mean(dx)= -2.4494993868232646e-16
vdws = 4
atoms = 6
pairs = 14
 geom_x = 7.30907230072779
 geom_a = 0
 geom_q = 0
 geom_c = 0.0
f1, 0= 7.3091e+00
min(dx) = -4.379743110240931e-14
max(dx) = 2.5529073629239592e-14
mean(dx)= -1.2247496934116323e-16
vdws = 4
atoms = 6
pairs = 14
 geom_x = 7.30907230072779
 geom_a = 0
 geom_q = 0
 geom_c = 0.0
f1, 1= 7.3091e+00
min(dx) = -2.1898715551204656e-14
max(dx) = 1.2764536814619796e-14
mean(dx)= -6.123748467058162e-17
vdws = 4
atoms = 6
pairs = 14
 geom_x = 7.309072300727793
 geom_a = 0
 geom_q = 0
 geom_c = 0.0
f1, 2= 7.3091e+00
WARNING: function not minimised
                          N restraints  r.m.s.d.  r.m.s.Z  Mn(sigma)
Bond distances, non H                5     0.005    0.313      0.016
Bond angles, non H                   5     1.088    0.645      2.428
Torsion angles, period 2             1     0.000    0.000      5.000
Planar groups                        4     0.000    0.000      0.020
VDW torsion                          1     0.347    1.735      0.200



====== CYCLE 10 ======

 weight = 1.0000e+00
 geom_x = 7.309072300727793
 geom_a = 0
 geom_q = 0
 geom_c = 0.0
f0= 7.3091e+00
using cgsolve in c++, ic=False
diag(geom) min= 205.984371 max= 11601.416643
diag(all) min= 205.984371 max= 11601.416643
Trying gamma equal 0.000000
Convergence reached after 11 iterations with no gamma cycles
min(dx) = -6.956823657886152e-14
max(dx) = 3.995784348205348e-14
mean(dx)= -2.7984917742358655e-16
vdws = 4
atoms = 6
pairs = 14
 geom_x = 7.30907230072781
 geom_a = 0
 geom_q = 0
 geom_c = 0.0
f1, 0= 7.3091e+00
min(dx) = -3.478411828943076e-14
max(dx) = 1.997892174102674e-14
mean(dx)= -1.3992458871179327e-16
vdws = 4
atoms = 6
pairs = 14
 geom_x = 7.309072300727789
 geom_a = 0
 geom_q = 0
 geom_c = 0.0
f1, 1= 7.3091e+00
                          N restraints  r.m.s.d.  r.m.s.Z  Mn(sigma)
Bond distances, non H                5     0.005    0.313      0.016
Bond angles, non H                   5     1.088    0.645      2.428
Torsion angles, period 2             1     0.000    0.000      5.000
Planar groups                        4     0.000    0.000      0.020
VDW torsion                          1     0.347    1.735      0.200



====== CYCLE 11 ======

 weight = 1.0000e+00
 geom_x = 7.309072300727789
 geom_a = 0
 geom_q = 0
 geom_c = 0.0
f0= 7.3091e+00
using cgsolve in c++, ic=False
diag(geom) min= 205.984371 max= 11601.416643
diag(all) min= 205.984371 max= 11601.416643
Trying gamma equal 0.000000
Convergence reached after 11 iterations with no gamma cycles
min(dx) = -4.025406412418068e-14
max(dx) = 2.344975058031677e-14
mean(dx)= -1.0153420297029045e-16
vdws = 4
atoms = 6
pairs = 14
 geom_x = 7.30907230072778
 geom_a = 0
 geom_q = 0
 geom_c = 0.0
f1, 0= 7.3091e+00
                          N restraints  r.m.s.d.  r.m.s.Z  Mn(sigma)
Bond distances, non H                5     0.005    0.313      0.016
Bond angles, non H                   5     1.088    0.645      2.428
Torsion angles, period 2             1     0.000    0.000      5.000
Planar groups                        4     0.000    0.000      0.020
VDW torsion                          1     0.347    1.735      0.200



====== CYCLE 12 ======

 weight = 1.0000e+00
 geom_x = 7.30907230072778
 geom_a = 0
 geom_q = 0
 geom_c = 0.0
f0= 7.3091e+00
using cgsolve in c++, ic=False
diag(geom) min= 205.984371 max= 11601.416643
diag(all) min= 205.984371 max= 11601.416643
Trying gamma equal 0.000000
Not converging with gamma equal 0.000000
Trying gamma equal 0.052500
Gamma decreased to 0.042000
min(dx) = -5.387394576750217e-15
max(dx) = 3.496503662077067e-15
mean(dx)= 1.5326624536288638e-17
vdws = 4
atoms = 6
pairs = 14
 geom_x = 7.309072300727796
 geom_a = 0
 geom_q = 0
 geom_c = 0.0
f1, 0= 7.3091e+00
min(dx) = -2.6936972883751083e-15
max(dx) = 1.7482518310385334e-15
mean(dx)= 7.663312268144319e-18
vdws = 4
atoms = 6
pairs = 14
 geom_x = 7.309072300727789
 geom_a = 0
 geom_q = 0
 geom_c = 0.0
f1, 1= 7.3091e+00
min(dx) = -1.3468486441875542e-15
max(dx) = 8.741259155192667e-16
mean(dx)= 3.8316561340721595e-18
vdws = 4
atoms = 6
pairs = 14
 geom_x = 7.309072300727805
 geom_a = 0
 geom_q = 0
 geom_c = 0.0
f1, 2= 7.3091e+00
WARNING: function not minimised
                          N restraints  r.m.s.d.  r.m.s.Z  Mn(sigma)
Bond distances, non H                5     0.005    0.313      0.016
Bond angles, non H                   5     1.088    0.645      2.428
Torsion angles, period 2             1     0.000    0.000      5.000
Planar groups                        4     0.000    0.000      0.020
VDW torsion                          1     0.347    1.735      0.200



====== CYCLE 13 ======

 weight = 1.0000e+00
 geom_x = 7.309072300727805
 geom_a = 0
 geom_q = 0
 geom_c = 0.0
f0= 7.3091e+00
using cgsolve in c++, ic=False
diag(geom) min= 205.984371 max= 11601.416643
diag(all) min= 205.984371 max= 11601.416643
Trying gamma equal 0.042000
Convergence reached after 12 iterations with no gamma cycles
min(dx) = -4.792660599573316e-15
max(dx) = 3.159705068733027e-15
mean(dx)= -5.785109162039341e-18
vdws = 4
atoms = 6
pairs = 14
 geom_x = 7.309072300727774
 geom_a = 0
 geom_q = 0
 geom_c = 0.0
f1, 0= 7.3091e+00
                          N restraints  r.m.s.d.  r.m.s.Z  Mn(sigma)
Bond distances, non H                5     0.005    0.313      0.016
Bond angles, non H                   5     1.088    0.645      2.428
Torsion angles, period 2             1     0.000    0.000      5.000
Planar groups                        4     0.000    0.000      0.020
VDW torsion                          1     0.347    1.735      0.200



====== CYCLE 14 ======

 weight = 1.0000e+00
 geom_x = 7.309072300727774
 geom_a = 0
 geom_q = 0
 geom_c = 0.0
f0= 7.3091e+00
using cgsolve in c++, ic=False
diag(geom) min= 205.984371 max= 11601.416643
diag(all) min= 205.984371 max= 11601.416643
Trying gamma equal 0.042000
Convergence reached after 12 iterations with no gamma cycles
min(dx) = -1.7088226602079671e-15
max(dx) = 6.15977243190282e-16
mean(dx)= 1.379693959900117e-17
vdws = 4
atoms = 6
pairs = 14
 geom_x = 7.3090723007277845
 geom_a = 0
 geom_q = 0
 geom_c = 0.0
f1, 0= 7.3091e+00
min(dx) = -8.544113301039836e-16
max(dx) = 3.07988621595141e-16
mean(dx)= 6.898469799500585e-18
vdws = 4
atoms = 6
pairs = 14
 geom_x = 7.309072300727788
 geom_a = 0
 geom_q = 0
 geom_c = 0.0
f1, 1= 7.3091e+00
min(dx) = -4.272056650519918e-16
max(dx) = 1.539943107975705e-16
mean(dx)= 3.4492348997502923e-18
vdws = 4
atoms = 6
pairs = 14
 geom_x = 7.3090723007278005
 geom_a = 0
 geom_q = 0
 geom_c = 0.0
f1, 2= 7.3091e+00
WARNING: function not minimised
                          N restraints  r.m.s.d.  r.m.s.Z  Mn(sigma)
Bond distances, non H                5     0.005    0.313      0.016
Bond angles, non H                   5     1.088    0.645      2.428
Torsion angles, period 2             1     0.000    0.000      5.000
Planar groups                        4     0.000    0.000      0.020
VDW torsion                          1     0.347    1.735      0.200



====== CYCLE 15 ======

 weight = 1.0000e+00
 geom_x = 7.3090723007278005
 geom_a = 0
 geom_q = 0
 geom_c = 0.0
f0= 7.3091e+00
using cgsolve in c++, ic=False
diag(geom) min= 205.984371 max= 11601.416643
diag(all) min= 205.984371 max= 11601.416643
Trying gamma equal 0.042000
Convergence reached after 12 iterations with no gamma cycles
min(dx) = -1.262490222407229e-15
max(dx) = 4.915973584119773e-16
mean(dx)= -1.0165343890862036e-17
vdws = 4
atoms = 6
pairs = 14
 geom_x = 7.309072300727774
 geom_a = 0
 geom_q = 0
 geom_c = 0.0
f1, 0= 7.3091e+00
                          N restraints  r.m.s.d.  r.m.s.Z  Mn(sigma)
Bond distances, non H                5     0.005    0.313      0.016
Bond angles, non H                   5     1.088    0.645      2.428
Torsion angles, period 2             1     0.000    0.000      5.000
Planar groups                        4     0.000    0.000      0.020
VDW torsion                          1     0.347    1.735      0.200



====== CYCLE 16 ======

 weight = 1.0000e+00
 geom_x = 7.309072300727774
 geom_a = 0
 geom_q = 0
 geom_c = 0.0
f0= 7.3091e+00
using cgsolve in c++, ic=False
diag(geom) min= 205.984371 max= 11601.416643
diag(all) min= 205.984371 max= 11601.416643
Trying gamma equal 0.042000
Convergence reached after 12 iterations with no gamma cycles
min(dx) = -9.115905451489327e-17
max(dx) = 3.9270173051191766e-16
mean(dx)= 5.170033385800585e-17
vdws = 4
atoms = 6
pairs = 14
 geom_x = 7.3090723007277765
 geom_a = 0
 geom_q = 0
 geom_c = 0.0
f1, 0= 7.3091e+00
min(dx) = -4.5579527257446637e-17
max(dx) = 1.9635086525595883e-16
mean(dx)= 2.5850166929002926e-17
vdws = 4
atoms = 6
pairs = 14
 geom_x = 7.3090723007277765
 geom_a = 0
 geom_q = 0
 geom_c = 0.0
f1, 1= 7.3091e+00
min(dx) = -2.2789763628723318e-17
max(dx) = 9.817543262797942e-17
mean(dx)= 1.2925083464501463e-17
vdws = 4
atoms = 6
pairs = 14
 geom_x = 7.309072300727774
 geom_a = 0
 geom_q = 0
 geom_c = 0.0
f1, 2= 7.3091e+00
WARNING: function not minimised
                          N restraints  r.m.s.d.  r.m.s.Z  Mn(sigma)
Bond distances, non H                5     0.005    0.313      0.016
Bond angles, non H                   5     1.088    0.645      2.428
Torsion angles, period 2             1     0.000    0.000      5.000
Planar groups                        4     0.000    0.000      0.020
VDW torsion                          1     0.347    1.735      0.200



====== CYCLE 17 ======

 weight = 1.0000e+00
 geom_x = 7.309072300727774
 geom_a = 0
 geom_q = 0
 geom_c = 0.0
f0= 7.3091e+00
using cgsolve in c++, ic=False
diag(geom) min= 205.984371 max= 11601.416643
diag(all) min= 205.984371 max= 11601.416643
Trying gamma equal 0.042000
Convergence reached after 12 iterations with no gamma cycles
min(dx) = -2.685624960373447e-16
max(dx) = 2.040059778424581e-16
mean(dx)= 1.3005181457663742e-17
vdws = 4
atoms = 6
pairs = 14
 geom_x = 7.3090723007277925
 geom_a = 0
 geom_q = 0
 geom_c = 0.0
f1, 0= 7.3091e+00
min(dx) = -1.3428124801867235e-16
max(dx) = 1.0200298892122905e-16
mean(dx)= 6.502590728831871e-18
vdws = 4
atoms = 6
pairs = 14
 geom_x = 7.309072300727774
 geom_a = 0
 geom_q = 0
 geom_c = 0.0
f1, 1= 7.3091e+00
min(dx) = -6.714062400933618e-17
max(dx) = 5.1001494460614524e-17
mean(dx)= 3.2512953644159356e-18
vdws = 4
atoms = 6
pairs = 14
 geom_x = 7.309072300727774
 geom_a = 0
 geom_q = 0
 geom_c = 0.0
f1, 2= 7.3091e+00
WARNING: function not minimised
                          N restraints  r.m.s.d.  r.m.s.Z  Mn(sigma)
Bond distances, non H                5     0.005    0.313      0.016
Bond angles, non H                   5     1.088    0.645      2.428
Torsion angles, period 2             1     0.000    0.000      5.000
Planar groups                        4     0.000    0.000      0.020
VDW torsion                          1     0.347    1.735      0.200



====== CYCLE 18 ======

 weight = 1.0000e+00
 geom_x = 7.309072300727774
 geom_a = 0
 geom_q = 0
 geom_c = 0.0
f0= 7.3091e+00
using cgsolve in c++, ic=False
diag(geom) min= 205.984371 max= 11601.416643
diag(all) min= 205.984371 max= 11601.416643
Trying gamma equal 0.042000
Convergence reached after 12 iterations with no gamma cycles
min(dx) = -2.675761160353584e-16
max(dx) = 3.412734083634364e-16
mean(dx)= 2.522426319824785e-17
vdws = 4
atoms = 6
pairs = 14
 geom_x = 7.309072300727802
 geom_a = 0
 geom_q = 0
 geom_c = 0.0
f1, 0= 7.3091e+00
min(dx) = -1.337880580176792e-16
max(dx) = 1.706367041817182e-16
mean(dx)= 1.2612131599123924e-17
vdws = 4
atoms = 6
pairs = 14
 geom_x = 7.309072300727772
 geom_a = 0
 geom_q = 0
 geom_c = 0.0
f1, 1= 7.3091e+00
                          N restraints  r.m.s.d.  r.m.s.Z  Mn(sigma)
Bond distances, non H                5     0.005    0.313      0.016
Bond angles, non H                   5     1.088    0.645      2.428
Torsion angles, period 2             1     0.000    0.000      5.000
Planar groups                        4     0.000    0.000      0.020
VDW torsion                          1     0.347    1.735      0.200



====== CYCLE 19 ======

 weight = 1.0000e+00
 geom_x = 7.309072300727772
 geom_a = 0
 geom_q = 0
 geom_c = 0.0
f0= 7.3091e+00
using cgsolve in c++, ic=False
diag(geom) min= 205.984371 max= 11601.416643
diag(all) min= 205.984371 max= 11601.416643
Trying gamma equal 0.042000
Not converging with gamma equal 0.042000
Trying gamma equal 0.094500
Gamma decreased to 0.084000
min(dx) = -2.11442136882019e-16
max(dx) = 3.361497850643852e-16
mean(dx)= 4.3224467651231686e-17
vdws = 4
atoms = 6
pairs = 14
 geom_x = 7.309072300727792
 geom_a = 0
 geom_q = 0
 geom_c = 0.0
f1, 0= 7.3091e+00
min(dx) = -1.057210684410095e-16
max(dx) = 1.680748925321926e-16
mean(dx)= 2.1612233825615843e-17
vdws = 4
atoms = 6
pairs = 14
 geom_x = 7.3090723007277765
 geom_a = 0
 geom_q = 0
 geom_c = 0.0
f1, 1= 7.3091e+00
min(dx) = -5.286053422050475e-17
max(dx) = 8.40374462660963e-17
mean(dx)= 1.0806116912807921e-17
vdws = 4
atoms = 6
pairs = 14
 geom_x = 7.309072300727795
 geom_a = 0
 geom_q = 0
 geom_c = 0.0
f1, 2= 7.3091e+00
WARNING: function not minimised
                          N restraints  r.m.s.d.  r.m.s.Z  Mn(sigma)
Bond distances, non H                5     0.005    0.313      0.016
Bond angles, non H                   5     1.088    0.645      2.428
Torsion angles, period 2             1     0.000    0.000      5.000
Planar groups                        4     0.000    0.000      0.020
VDW torsion                          1     0.347    1.735      0.200



====== CYCLE 20 ======

 weight = 1.0000e+00
 geom_x = 7.309072300727795
 geom_a = 0
 geom_q = 0
 geom_c = 0.0
f0= 7.3091e+00
using cgsolve in c++, ic=False
diag(geom) min= 205.984371 max= 11601.416643
diag(all) min= 205.984371 max= 11601.416643
Trying gamma equal 0.084000
Convergence reached after 12 iterations with no gamma cycles
min(dx) = -2.2882656731210826e-16
max(dx) = 2.7718656128530325e-16
mean(dx)= 1.064340445296853e-17
vdws = 4
atoms = 6
pairs = 14
 geom_x = 7.309072300727801
 geom_a = 0
 geom_q = 0
 geom_c = 0.0
f1, 0= 7.3091e+00
min(dx) = -1.1441328365605413e-16
max(dx) = 1.3859328064265163e-16
mean(dx)= 5.321702226484265e-18
vdws = 4
atoms = 6
pairs = 14
 geom_x = 7.3090723007277765
 geom_a = 0
 geom_q = 0
 geom_c = 0.0
f1, 1= 7.3091e+00
                          N restraints  r.m.s.d.  r.m.s.Z  Mn(sigma)
Bond distances, non H                5     0.005    0.313      0.016
Bond angles, non H                   5     1.088    0.645      2.428
Torsion angles, period 2             1     0.000    0.000      5.000
Planar groups                        4     0.000    0.000      0.020
VDW torsion                          1     0.347    1.735      0.200



====== CYCLE 21 ======

 weight = 1.0000e+00
 geom_x = 7.3090723007277765
 geom_a = 0
 geom_q = 0
 geom_c = 0.0
f0= 7.3091e+00
using cgsolve in c++, ic=False
diag(geom) min= 205.984371 max= 11601.416643
diag(all) min= 205.984371 max= 11601.416643
Trying gamma equal 0.084000
Convergence reached after 12 iterations with no gamma cycles
min(dx) = -2.625169698106609e-16
max(dx) = 4.485565858392427e-16
mean(dx)= 4.8484060151743574e-17
vdws = 4
atoms = 6
pairs = 14
 geom_x = 7.309072300727781
 geom_a = 0
 geom_q = 0
 geom_c = 0.0
f1, 0= 7.3091e+00
min(dx) = -1.3125848490533044e-16
max(dx) = 2.2427829291962137e-16
mean(dx)= 2.4242030075871787e-17
vdws = 4
atoms = 6
pairs = 14
 geom_x = 7.3090723007277845
 geom_a = 0
 geom_q = 0
 geom_c = 0.0
f1, 1= 7.3091e+00
min(dx) = -6.562924245266522e-17
max(dx) = 1.1213914645981069e-16
mean(dx)= 1.2121015037935893e-17
vdws = 4
atoms = 6
pairs = 14
 geom_x = 7.3090723007277765
 geom_a = 0
 geom_q = 0
 geom_c = 0.0
f1, 2= 7.3091e+00
WARNING: function not minimised
                          N restraints  r.m.s.d.  r.m.s.Z  Mn(sigma)
Bond distances, non H                5     0.005    0.313      0.016
Bond angles, non H                   5     1.088    0.645      2.428
Torsion angles, period 2             1     0.000    0.000      5.000
Planar groups                        4     0.000    0.000      0.020
VDW torsion                          1     0.347    1.735      0.200



====== CYCLE 22 ======

 weight = 1.0000e+00
 geom_x = 7.3090723007277765
 geom_a = 0
 geom_q = 0
 geom_c = 0.0
f0= 7.3091e+00
using cgsolve in c++, ic=False
diag(geom) min= 205.984371 max= 11601.416643
diag(all) min= 205.984371 max= 11601.416643
Trying gamma equal 0.084000
Convergence reached after 12 iterations with no gamma cycles
min(dx) = -2.560700625425243e-16
max(dx) = 4.323210372285247e-16
mean(dx)= 4.8691055720652334e-17
vdws = 4
atoms = 6
pairs = 14
 geom_x = 7.309072300727781
 geom_a = 0
 geom_q = 0
 geom_c = 0.0
f1, 0= 7.3091e+00
min(dx) = -1.2803503127126216e-16
max(dx) = 2.1616051861426236e-16
mean(dx)= 2.4345527860326167e-17
vdws = 4
atoms = 6
pairs = 14
 geom_x = 7.3090723007277685
 geom_a = 0
 geom_q = 0
 geom_c = 0.0
f1, 1= 7.3091e+00
                          N restraints  r.m.s.d.  r.m.s.Z  Mn(sigma)
Bond distances, non H                5     0.005    0.313      0.016
Bond angles, non H                   5     1.088    0.645      2.428
Torsion angles, period 2             1     0.000    0.000      5.000
Planar groups                        4     0.000    0.000      0.020
VDW torsion                          1     0.347    1.735      0.200



====== CYCLE 23 ======

 weight = 1.0000e+00
 geom_x = 7.3090723007277685
 geom_a = 0
 geom_q = 0
 geom_c = 0.0
f0= 7.3091e+00
using cgsolve in c++, ic=False
diag(geom) min= 205.984371 max= 11601.416643
diag(all) min= 205.984371 max= 11601.416643
Trying gamma equal 0.084000
Convergence reached after 12 iterations with no gamma cycles
min(dx) = -7.51921029874664e-17
max(dx) = 1.4453960941935338e-16
mean(dx)= 1.8222129419684757e-17
vdws = 4
atoms = 6
pairs = 14
 geom_x = 7.309072300727777
 geom_a = 0
 geom_q = 0
 geom_c = 0.0
f1, 0= 7.3091e+00
min(dx) = -3.75960514937332e-17
max(dx) = 7.226980470967669e-17
mean(dx)= 9.111064709842378e-18
vdws = 4
atoms = 6
pairs = 14
 geom_x = 7.309072300727787
 geom_a = 0
 geom_q = 0
 geom_c = 0.0
f1, 1= 7.3091e+00
min(dx) = -1.87980257468666e-17
max(dx) = 3.6134902354838346e-17
mean(dx)= 4.555532354921189e-18
vdws = 4
atoms = 6
pairs = 14
 geom_x = 7.3090723007277685
 geom_a = 0
 geom_q = 0
 geom_c = 0.0
f1, 2= 7.3091e+00
WARNING: function not minimised
                          N restraints  r.m.s.d.  r.m.s.Z  Mn(sigma)
Bond distances, non H                5     0.005    0.313      0.016
Bond angles, non H                   5     1.088    0.645      2.428
Torsion angles, period 2             1     0.000    0.000      5.000
Planar groups                        4     0.000    0.000      0.020
VDW torsion                          1     0.347    1.735      0.200



====== CYCLE 24 ======

 weight = 1.0000e+00
 geom_x = 7.3090723007277685
 geom_a = 0
 geom_q = 0
 geom_c = 0.0
f0= 7.3091e+00
using cgsolve in c++, ic=False
diag(geom) min= 205.984371 max= 11601.416643
diag(all) min= 205.984371 max= 11601.416643
Trying gamma equal 0.084000
Convergence reached after 12 iterations with no gamma cycles
min(dx) = -7.232606089460707e-17
max(dx) = 1.4604823927707076e-16
mean(dx)= 1.786028812377438e-17
vdws = 4
atoms = 6
pairs = 14
 geom_x = 7.309072300727779
 geom_a = 0
 geom_q = 0
 geom_c = 0.0
f1, 0= 7.3091e+00
min(dx) = -3.6163030447303536e-17
max(dx) = 7.302411963853538e-17
mean(dx)= 8.93014406188719e-18
vdws = 4
atoms = 6
pairs = 14
 geom_x = 7.309072300727787
 geom_a = 0
 geom_q = 0
 geom_c = 0.0
f1, 1= 7.3091e+00
min(dx) = -1.8081515223651768e-17
max(dx) = 3.651205981926769e-17
mean(dx)= 4.465072030943595e-18
vdws = 4
atoms = 6
pairs = 14
 geom_x = 7.3090723007277685
 geom_a = 0
 geom_q = 0
 geom_c = 0.0
f1, 2= 7.3091e+00
WARNING: function not minimised
                          N restraints  r.m.s.d.  r.m.s.Z  Mn(sigma)
Bond distances, non H                5     0.005    0.313      0.016
Bond angles, non H                   5     1.088    0.645      2.428
Torsion angles, period 2             1     0.000    0.000      5.000
Planar groups                        4     0.000    0.000      0.020
VDW torsion                          1     0.347    1.735      0.200



====== CYCLE 25 ======

 weight = 1.0000e+00
 geom_x = 7.3090723007277685
 geom_a = 0
 geom_q = 0
 geom_c = 0.0
f0= 7.3091e+00
using cgsolve in c++, ic=False
diag(geom) min= 205.984371 max= 11601.416643
diag(all) min= 205.984371 max= 11601.416643
Trying gamma equal 0.084000
Convergence reached after 12 iterations with no gamma cycles
min(dx) = -1.0141053265562603e-16
max(dx) = 1.756655018649072e-16
mean(dx)= 4.903919600317426e-18
vdws = 4
atoms = 6
pairs = 14
 geom_x = 7.309072300727777
 geom_a = 0
 geom_q = 0
 geom_c = 0.0
f1, 0= 7.3091e+00
min(dx) = -5.0705266327813016e-17
max(dx) = 8.78327509324536e-17
mean(dx)= 2.451959800158713e-18
vdws = 4
atoms = 6
pairs = 14
 geom_x = 7.309072300727771
 geom_a = 0
 geom_q = 0
 geom_c = 0.0
f1, 1= 7.3091e+00
min(dx) = -2.5352633163906508e-17
max(dx) = 4.39163754662268e-17
mean(dx)= 1.2259799000793566e-18
vdws = 4
atoms = 6
pairs = 14
 geom_x = 7.3090723007277685
 geom_a = 0
 geom_q = 0
 geom_c = 0.0
f1, 2= 7.3091e+00
WARNING: function not minimised
                          N restraints  r.m.s.d.  r.m.s.Z  Mn(sigma)
Bond distances, non H                5     0.005    0.313      0.016
Bond angles, non H                   5     1.088    0.645      2.428
Torsion angles, period 2             1     0.000    0.000      5.000
Planar groups                        4     0.000    0.000      0.020
VDW torsion                          1     0.347    1.735      0.200



====== CYCLE 26 ======

 weight = 1.0000e+00
 geom_x = 7.3090723007277685
 geom_a = 0
 geom_q = 0
 geom_c = 0.0
f0= 7.3091e+00
using cgsolve in c++, ic=False
diag(geom) min= 205.984371 max= 11601.416643
diag(all) min= 205.984371 max= 11601.416643
Trying gamma equal 0.084000
Convergence reached after 12 iterations with no gamma cycles
min(dx) = -7.741262616985906e-17
max(dx) = 2.1815039257629163e-16
mean(dx)= 2.1669376659571412e-17
vdws = 4
atoms = 6
pairs = 14
 geom_x = 7.3090723007277925
 geom_a = 0
 geom_q = 0
 geom_c = 0.0
f1, 0= 7.3091e+00
min(dx) = -3.870631308492953e-17
max(dx) = 1.0907519628814582e-16
mean(dx)= 1.0834688329785706e-17
vdws = 4
atoms = 6
pairs = 14
 geom_x = 7.309072300727777
 geom_a = 0
 geom_q = 0
 geom_c = 0.0
f1, 1= 7.3091e+00
min(dx) = -1.9353156542464765e-17
max(dx) = 5.453759814407291e-17
mean(dx)= 5.417344164892853e-18
vdws = 4
atoms = 6
pairs = 14
 geom_x = 7.3090723007277685
 geom_a = 0
 geom_q = 0
 geom_c = 0.0
f1, 2= 7.3091e+00
WARNING: function not minimised
                          N restraints  r.m.s.d.  r.m.s.Z  Mn(sigma)
Bond distances, non H                5     0.005    0.313      0.016
Bond angles, non H                   5     1.088    0.645      2.428
Torsion angles, period 2             1     0.000    0.000      5.000
Planar groups                        4     0.000    0.000      0.020
VDW torsion                          1     0.347    1.735      0.200



====== CYCLE 27 ======

 weight = 1.0000e+00
 geom_x = 7.3090723007277685
 geom_a = 0
 geom_q = 0
 geom_c = 0.0
f0= 7.3091e+00
using cgsolve in c++, ic=False
diag(geom) min= 205.984371 max= 11601.416643
diag(all) min= 205.984371 max= 11601.416643
Trying gamma equal 0.084000
Convergence reached after 12 iterations with no gamma cycles
min(dx) = -3.767315656298148e-16
max(dx) = 2.0854210660275207e-16
mean(dx)= -4.792144909061145e-19
vdws = 4
atoms = 6
pairs = 14
 geom_x = 7.3090723007277925
 geom_a = 0
 geom_q = 0
 geom_c = 0.0
f1, 0= 7.3091e+00
min(dx) = -1.883657828149074e-16
max(dx) = 1.0427105330137603e-16
mean(dx)= -2.3960724545305725e-19
vdws = 4
atoms = 6
pairs = 14
 geom_x = 7.3090723007277845
 geom_a = 0
 geom_q = 0
 geom_c = 0.0
f1, 1= 7.3091e+00
min(dx) = -9.41828914074537e-17
max(dx) = 5.213552665068802e-17
mean(dx)= -1.1980362272652862e-19
vdws = 4
atoms = 6
pairs = 14
 geom_x = 7.3090723007277845
 geom_a = 0
 geom_q = 0
 geom_c = 0.0
f1, 2= 7.3091e+00
WARNING: function not minimised
                          N restraints  r.m.s.d.  r.m.s.Z  Mn(sigma)
Bond distances, non H                5     0.005    0.313      0.016
Bond angles, non H                   5     1.088    0.645      2.428
Torsion angles, period 2             1     0.000    0.000      5.000
Planar groups                        4     0.000    0.000      0.020
VDW torsion                          1     0.347    1.735      0.200



====== CYCLE 28 ======

 weight = 1.0000e+00
 geom_x = 7.3090723007277845
 geom_a = 0
 geom_q = 0
 geom_c = 0.0
f0= 7.3091e+00
using cgsolve in c++, ic=False
diag(geom) min= 205.984371 max= 11601.416643
diag(all) min= 205.984371 max= 11601.416643
Trying gamma equal 0.084000
Convergence reached after 12 iterations with no gamma cycles
min(dx) = -7.769285652063498e-17
max(dx) = 1.8963565786615105e-16
mean(dx)= 2.6181462722815568e-17
vdws = 4
atoms = 6
pairs = 14
 geom_x = 7.309072300727779
 geom_a = 0
 geom_q = 0
 geom_c = 0.0
f1, 0= 7.3091e+00
                          N restraints  r.m.s.d.  r.m.s.Z  Mn(sigma)
Bond distances, non H                5     0.005    0.313      0.016
Bond angles, non H                   5     1.088    0.645      2.428
Torsion angles, period 2             1     0.000    0.000      5.000
Planar groups                        4     0.000    0.000      0.020
VDW torsion                          1     0.347    1.735      0.200



====== CYCLE 29 ======

 weight = 1.0000e+00
 geom_x = 7.309072300727779
 geom_a = 0
 geom_q = 0
 geom_c = 0.0
f0= 7.3091e+00
using cgsolve in c++, ic=False
diag(geom) min= 205.984371 max= 11601.416643
diag(all) min= 205.984371 max= 11601.416643
Trying gamma equal 0.084000
Convergence reached after 12 iterations with no gamma cycles
min(dx) = -3.144610458445333e-16
max(dx) = 1.1579324018752524e-16
mean(dx)= -9.244602434569344e-18
vdws = 4
atoms = 6
pairs = 14
 geom_x = 7.309072300727776
 geom_a = 0
 geom_q = 0
 geom_c = 0.0
f1, 0= 7.3091e+00
                          N restraints  r.m.s.d.  r.m.s.Z  Mn(sigma)
Bond distances, non H                5     0.005    0.313      0.016
Bond angles, non H                   5     1.088    0.645      2.428
Torsion angles, period 2             1     0.000    0.000      5.000
Planar groups                        4     0.000    0.000      0.020
VDW torsion                          1     0.347    1.735      0.200



====== CYCLE 30 ======

 weight = 1.0000e+00
 geom_x = 7.309072300727776
 geom_a = 0
 geom_q = 0
 geom_c = 0.0
f0= 7.3091e+00
using cgsolve in c++, ic=False
diag(geom) min= 205.984371 max= 11601.416643
diag(all) min= 205.984371 max= 11601.416643
Trying gamma equal 0.084000
Convergence reached after 12 iterations with no gamma cycles
min(dx) = -4.829987353749022e-16
max(dx) = 3.645110340428461e-16
mean(dx)= -1.0831049577349427e-17
vdws = 4
atoms = 6
pairs = 14
 geom_x = 7.309072300727807
 geom_a = 0
 geom_q = 0
 geom_c = 0.0
f1, 0= 7.3091e+00
min(dx) = -2.414993676874511e-16
max(dx) = 1.8225551702142306e-16
mean(dx)= -5.415524788674713e-18
vdws = 4
atoms = 6
pairs = 14
 geom_x = 7.309072300727781
 geom_a = 0
 geom_q = 0
 geom_c = 0.0
f1, 1= 7.3091e+00
min(dx) = -1.2074968384372555e-16
max(dx) = 9.112775851071153e-17
mean(dx)= -2.7077623943373566e-18
vdws = 4
atoms = 6
pairs = 14
 geom_x = 7.3090723007277765
 geom_a = 0
 geom_q = 0
 geom_c = 0.0
f1, 2= 7.3091e+00
WARNING: function not minimised
                          N restraints  r.m.s.d.  r.m.s.Z  Mn(sigma)
Bond distances, non H                5     0.005    0.313      0.016
Bond angles, non H                   5     1.088    0.645      2.428
Torsion angles, period 2             1     0.000    0.000      5.000
Planar groups                        4     0.000    0.000      0.020
VDW torsion                          1     0.347    1.735      0.200


$TABLE: stats vs cycle :
$GRAPHS
: Geometry :A:1,2,4:
: Geometry Z :A:1,5,3:
$$
 Ncyc  rmsBOND  zBOND  rmsANGL  zANGL
$$
$$
    0   0.0053 0.3130   1.0879 0.6451
    1   0.0053 0.3130   1.0879 0.6451
    2   0.0053 0.3130   1.0879 0.6451
    3   0.0053 0.3130   1.0879 0.6451
    4   0.0053 0.3130   1.0879 0.6451
    5   0.0053 0.3130   1.0879 0.6451
    6   0.0053 0.3130   1.0879 0.6451
    7   0.0053 0.3130   1.0879 0.6451
    8   0.0053 0.3130   1.0879 0.6451
    9   0.0053 0.3130   1.0879 0.6451
   10   0.0053 0.3130   1.0879 0.6451
   11   0.0053 0.3130   1.0879 0.6451
   12   0.0053 0.3130   1.0879 0.6451
   13   0.0053 0.3130   1.0879 0.6451
   14   0.0053 0.3130   1.0879 0.6451
   15   0.0053 0.3130   1.0879 0.6451
   16   0.0053 0.3130   1.0879 0.6451
   17   0.0053 0.3130   1.0879 0.6451
   18   0.0053 0.3130   1.0879 0.6451
   19   0.0053 0.3130   1.0879 0.6451
   20   0.0053 0.3130   1.0879 0.6451
   21   0.0053 0.3130   1.0879 0.6451
   22   0.0053 0.3130   1.0879 0.6451
   23   0.0053 0.3130   1.0879 0.6451
   24   0.0053 0.3130   1.0879 0.6451
   25   0.0053 0.3130   1.0879 0.6451
   26   0.0053 0.3130   1.0879 0.6451
   27   0.0053 0.3130   1.0879 0.6451
   28   0.0053 0.3130   1.0879 0.6451
   29   0.0053 0.3130   1.0879 0.6451
   30   0.0053 0.3130   1.0879 0.6451
$$

Creating restraints..

Chain info:
 chain 
  ligands: CAA (1 residues)

Number of refinement parameters:
       n_params  n_atoms  n_atoms_geom_only  n_atoms_data_only
xyz          12       12                  6                  0
adp           0        0                  0                  0
occ           0        0                  0                  0
dfrac         0        0                  0                  0

Randomizing structure with rmsd of 0.01
Torsion angle rules:
 include:
  {'group': 'peptide', 'tors_name': 'chi*'}
  {'link': '*', 'tors_name': 'omega'}
  {'residue': '*', 'tors_name': 'sp2_sp2*'}
  {'link': '*', 'tors_name': 'sp2_sp2*'}
 exclude:
  none
External restraints from Refmac instructions
 Number of distances          : 0
 Number of angles             : 0
 Number of torsions           : 0
 Number of chirals            : 0
 Number of planes             : 0
 Number of intervals          : 0
 Number of stackings          : 0
 Number of harmonics          : 0
 Number of special positions  : 0

Running 10 cycles with wchir=4 wvdw=2 with hydrogen
Geometry weights
vdws = 23
atoms = 12
pairs = 52
                          N restraints  r.m.s.d.  r.m.s.Z  Mn(sigma)
Bond distances, non H                5     0.008    0.470      0.016
Bond distances, H                    6     0.005    0.359      0.017
Bond angles, non H                   5     1.143    0.637      2.428
Bond angles, H                      13     0.794    0.458      2.077
Torsion angles, period 2             1     0.463    0.093      5.000
Torsion angles, period 6             1     0.906    0.045     20.000
Planar groups                        8     0.001    0.052      0.020
VDW nonbonded                        2     0.182    0.911      0.200
VDW torsion                          5     0.211    1.057      0.200


====== CYCLE  1 ======

 weight = 1.0000e+00
 geom_x = 17.81447900080308
 geom_a = 0
 geom_q = 0
 geom_c = 0.0
f0= 1.7814e+01
using cgsolve in c++, ic=False
diag(geom) min= 301.644834 max= 15024.174790
diag(all) min= 301.644834 max= 15024.174790
Trying gamma equal 0.000000
Not converging with gamma equal 0.000000
Trying gamma equal 0.052500
Gamma decreased to 0.042000
min(dx) = -0.028809691340460786
max(dx) = 0.024702753897605914
mean(dx)= -0.0003508255823274329
vdws = 23
atoms = 12
pairs = 52
 geom_x = 13.99113118313046
 geom_a = 0
 geom_q = 0
 geom_c = 0.0
f1, 0= 1.3991e+01
                          N restraints  r.m.s.d.  r.m.s.Z  Mn(sigma)
Bond distances, non H                5     0.009    0.525      0.016
Bond distances, H                    6     0.001    0.070      0.017
Bond angles, non H                   5     1.554    0.865      2.428
Bond angles, H                      13     0.802    0.309      2.077
Torsion angles, period 2             1     0.060    0.012      5.000
Torsion angles, period 6             1     0.262    0.013     20.000
Planar groups                        8     0.000    0.001      0.020
VDW nonbonded                        2     0.142    0.711      0.200
VDW torsion                          4     0.209    1.047      0.200



====== CYCLE  2 ======

 weight = 1.0000e+00
 geom_x = 13.99113118313046
 geom_a = 0
 geom_q = 0
 geom_c = 0.0
f0= 1.3991e+01
using cgsolve in c++, ic=False
diag(geom) min= 299.538492 max= 15149.051085
diag(all) min= 299.538492 max= 15149.051085
Trying gamma equal 0.042000
Convergence reached after 26 iterations with no gamma cycles
min(dx) = -0.006974125942945826
max(dx) = 0.012461264398022767
mean(dx)= 0.00038647701006128604
vdws = 23
atoms = 12
pairs = 52
 geom_x = 13.811393189385237
 geom_a = 0
 geom_q = 0
 geom_c = 0.0
f1, 0= 1.3811e+01
                          N restraints  r.m.s.d.  r.m.s.Z  Mn(sigma)
Bond distances, non H                5     0.010    0.605      0.016
Bond distances, H                    6     0.001    0.060      0.017
Bond angles, non H                   5     1.697    0.922      2.428
Bond angles, H                      13     0.806    0.311      2.077
Torsion angles, period 2             1     0.009    0.002      5.000
Torsion angles, period 6             1     0.488    0.024     20.000
Planar groups                        8     0.000    0.009      0.020
VDW nonbonded                        1     0.193    0.964      0.200
VDW torsion                          4     0.203    1.017      0.200



====== CYCLE  3 ======

 weight = 1.0000e+00
 geom_x = 13.811393189385237
 geom_a = 0
 geom_q = 0
 geom_c = 0.0
f0= 1.3811e+01
using cgsolve in c++, ic=False
diag(geom) min= 295.806310 max= 15151.255343
diag(all) min= 295.806310 max= 15151.255343
Trying gamma equal 0.042000
Convergence reached after 26 iterations with no gamma cycles
min(dx) = -0.0039293031221615295
max(dx) = 0.008111821116423713
mean(dx)= 0.00015707017030695662
vdws = 23
atoms = 12
pairs = 52
 geom_x = 13.77984700906189
 geom_a = 0
 geom_q = 0
 geom_c = 0.0
f1, 0= 1.3780e+01
                          N restraints  r.m.s.d.  r.m.s.Z  Mn(sigma)
Bond distances, non H                5     0.010    0.632      0.016
Bond distances, H                    6     0.001    0.057      0.017
Bond angles, non H                   5     1.759    0.936      2.428
Bond angles, H                      13     0.815    0.314      2.077
Torsion angles, period 2             1     0.016    0.003      5.000
Torsion angles, period 6             1     0.734    0.037     20.000
Planar groups                        8     0.000    0.013      0.020
VDW nonbonded                        1     0.192    0.959      0.200
VDW torsion                          4     0.201    1.006      0.200



====== CYCLE  4 ======

 weight = 1.0000e+00
 geom_x = 13.77984700906189
 geom_a = 0
 geom_q = 0
 geom_c = 0.0
f0= 1.3780e+01
using cgsolve in c++, ic=False
diag(geom) min= 293.423242 max= 15145.382579
diag(all) min= 293.423242 max= 15145.382579
Trying gamma equal 0.042000
Not converging with gamma equal 0.042000
Trying gamma equal 0.094500
Gamma decreased to 0.084000
min(dx) = -0.002022544532150284
max(dx) = 0.0038737243761174985
mean(dx)= 4.933020682498432e-05
vdws = 23
atoms = 12
pairs = 52
 geom_x = 13.773973721677788
 geom_a = 0
 geom_q = 0
 geom_c = 0.0
f1, 0= 1.3774e+01
                          N restraints  r.m.s.d.  r.m.s.Z  Mn(sigma)
Bond distances, non H                5     0.011    0.639      0.016
Bond distances, H                    6     0.001    0.057      0.017
Bond angles, non H                   5     1.777    0.939      2.428
Bond angles, H                      13     0.813    0.313      2.077
Torsion angles, period 2             1     0.026    0.005      5.000
Torsion angles, period 6             1     0.879    0.044     20.000
Planar groups                        8     0.000    0.014      0.020
VDW nonbonded                        1     0.192    0.958      0.200
VDW torsion                          4     0.201    1.004      0.200



====== CYCLE  5 ======

 weight = 1.0000e+00
 geom_x = 13.773973721677788
 geom_a = 0
 geom_q = 0
 geom_c = 0.0
f0= 1.3774e+01
using cgsolve in c++, ic=False
diag(geom) min= 292.418306 max= 15142.865894
diag(all) min= 292.418306 max= 15142.865894
Trying gamma equal 0.084000
Convergence reached after 21 iterations with no gamma cycles
min(dx) = -0.002602096811413646
max(dx) = 0.004395161643663024
mean(dx)= 4.4428032170768344e-05
vdws = 23
atoms = 12
pairs = 52
 geom_x = 13.769506816172552
 geom_a = 0
 geom_q = 0
 geom_c = 0.0
f1, 0= 1.3770e+01
                          N restraints  r.m.s.d.  r.m.s.Z  Mn(sigma)
Bond distances, non H                5     0.011    0.642      0.016
Bond distances, H                    6     0.001    0.057      0.017
Bond angles, non H                   5     1.789    0.941      2.428
Bond angles, H                      13     0.812    0.313      2.077
Torsion angles, period 2             1     0.034    0.007      5.000
Torsion angles, period 6             1     1.054    0.053     20.000
Planar groups                        8     0.000    0.015      0.020
VDW nonbonded                        1     0.192    0.959      0.200
VDW torsion                          4     0.201    1.003      0.200



====== CYCLE  6 ======

 weight = 1.0000e+00
 geom_x = 13.769506816172552
 geom_a = 0
 geom_q = 0
 geom_c = 0.0
f0= 1.3770e+01
using cgsolve in c++, ic=False
diag(geom) min= 291.365465 max= 15140.541230
diag(all) min= 291.365465 max= 15140.541230
Trying gamma equal 0.084000
Convergence reached after 21 iterations with no gamma cycles
min(dx) = -0.0028558803590547745
max(dx) = 0.004592282200348261
mean(dx)= 4.1369396005167375e-05
vdws = 23
atoms = 12
pairs = 52
 geom_x = 13.765685676571328
 geom_a = 0
 geom_q = 0
 geom_c = 0.0
f1, 0= 1.3766e+01
                          N restraints  r.m.s.d.  r.m.s.Z  Mn(sigma)
Bond distances, non H                5     0.011    0.644      0.016
Bond distances, H                    6     0.001    0.057      0.017
Bond angles, non H                   5     1.798    0.942      2.428
Bond angles, H                      13     0.811    0.312      2.077
Torsion angles, period 2             1     0.041    0.008      5.000
Torsion angles, period 6             1     1.246    0.062     20.000
Planar groups                        8     0.000    0.015      0.020
VDW nonbonded                        1     0.192    0.959      0.200
VDW torsion                          4     0.200    1.002      0.200



====== CYCLE  7 ======

 weight = 1.0000e+00
 geom_x = 13.765685676571328
 geom_a = 0
 geom_q = 0
 geom_c = 0.0
f0= 1.3766e+01
using cgsolve in c++, ic=False
diag(geom) min= 290.347334 max= 15138.581308
diag(all) min= 290.347334 max= 15138.581308
Trying gamma equal 0.084000
Convergence reached after 21 iterations with no gamma cycles
min(dx) = -0.003062816820784231
max(dx) = 0.004800953204388931
mean(dx)= 4.089103799549338e-05
vdws = 23
atoms = 12
pairs = 52
 geom_x = 13.76194125323882
 geom_a = 0
 geom_q = 0
 geom_c = 0.0
f1, 0= 1.3762e+01
                          N restraints  r.m.s.d.  r.m.s.Z  Mn(sigma)
Bond distances, non H                5     0.011    0.645      0.016
Bond distances, H                    6     0.001    0.057      0.017
Bond angles, non H                   5     1.803    0.943      2.428
Bond angles, H                      13     0.810    0.312      2.077
Torsion angles, period 2             1     0.048    0.010      5.000
Torsion angles, period 6             1     1.453    0.073     20.000
Planar groups                        8     0.000    0.016      0.020
VDW nonbonded                        1     0.192    0.959      0.200
VDW torsion                          4     0.200    1.001      0.200



====== CYCLE  8 ======

 weight = 1.0000e+00
 geom_x = 13.76194125323882
 geom_a = 0
 geom_q = 0
 geom_c = 0.0
f0= 1.3762e+01
using cgsolve in c++, ic=False
diag(geom) min= 289.349996 max= 15136.876292
diag(all) min= 289.349996 max= 15136.876292
Trying gamma equal 0.084000
Not converging with gamma equal 0.084000
Trying gamma equal 0.136500
Gamma decreased to 0.126000
min(dx) = -0.002014555812695248
max(dx) = 0.003163365003392751
mean(dx)= 2.5874887864151147e-05
vdws = 23
atoms = 12
pairs = 52
 geom_x = 13.759502531891767
 geom_a = 0
 geom_q = 0
 geom_c = 0.0
f1, 0= 1.3760e+01
                          N restraints  r.m.s.d.  r.m.s.Z  Mn(sigma)
Bond distances, non H                5     0.011    0.645      0.016
Bond distances, H                    6     0.001    0.057      0.017
Bond angles, non H                   5     1.806    0.943      2.428
Bond angles, H                      13     0.809    0.312      2.077
Torsion angles, period 2             1     0.052    0.010      5.000
Torsion angles, period 6             1     1.596    0.080     20.000
Planar groups                        8     0.000    0.016      0.020
VDW nonbonded                        1     0.192    0.959      0.200
VDW torsion                          4     0.200    1.001      0.200



====== CYCLE  9 ======

 weight = 1.0000e+00
 geom_x = 13.759502531891767
 geom_a = 0
 geom_q = 0
 geom_c = 0.0
f0= 1.3760e+01
using cgsolve in c++, ic=False
diag(geom) min= 288.722767 max= 15135.843515
diag(all) min= 288.722767 max= 15135.843515
Trying gamma equal 0.126000
Convergence reached after 17 iterations with no gamma cycles
min(dx) = -0.0022598592355676044
max(dx) = 0.0034869900172613513
mean(dx)= 2.8192417646111577e-05
vdws = 23
atoms = 12
pairs = 52
 geom_x = 13.756758920117093
 geom_a = 0
 geom_q = 0
 geom_c = 0.0
f1, 0= 1.3757e+01
                          N restraints  r.m.s.d.  r.m.s.Z  Mn(sigma)
Bond distances, non H                5     0.011    0.645      0.016
Bond distances, H                    6     0.001    0.057      0.017
Bond angles, non H                   5     1.809    0.943      2.428
Bond angles, H                      13     0.809    0.312      2.077
Torsion angles, period 2             1     0.057    0.011      5.000
Torsion angles, period 6             1     1.756    0.088     20.000
Planar groups                        8     0.000    0.017      0.020
VDW nonbonded                        1     0.192    0.959      0.200
VDW torsion                          4     0.200    1.001      0.200



====== CYCLE 10 ======

 weight = 1.0000e+00
 geom_x = 13.756758920117093
 geom_a = 0
 geom_q = 0
 geom_c = 0.0
f0= 1.3757e+01
using cgsolve in c++, ic=False
diag(geom) min= 288.054940 max= 15134.818037
diag(all) min= 288.054940 max= 15134.818037
Trying gamma equal 0.126000
Convergence reached after 17 iterations with no gamma cycles
min(dx) = -0.0023376744602180964
max(dx) = 0.003587682667373799
mean(dx)= 2.8506357812058724e-05
vdws = 23
atoms = 12
pairs = 52
 geom_x = 13.753869670974085
 geom_a = 0
 geom_q = 0
 geom_c = 0.0
f1, 0= 1.3754e+01
                          N restraints  r.m.s.d.  r.m.s.Z  Mn(sigma)
Bond distances, non H                5     0.011    0.645      0.016
Bond distances, H                    6     0.001    0.057      0.017
Bond angles, non H                   5     1.811    0.943      2.428
Bond angles, H                      13     0.809    0.312      2.077
Torsion angles, period 2             1     0.062    0.012      5.000
Torsion angles, period 6             1     1.924    0.096     20.000
Planar groups                        8     0.000    0.017      0.020
VDW nonbonded                        1     0.192    0.959      0.200
VDW torsion                          4     0.200    1.000      0.200


$TABLE: stats vs cycle :
$GRAPHS
: Geometry :A:1,2,4:
: Geometry Z :A:1,5,3:
$$
 Ncyc  rmsBOND  zBOND  rmsANGL  zANGL
$$
$$
    0   0.0082 0.4697   1.1427 0.6374
    1   0.0087 0.5249   1.5543 0.8654
    2   0.0100 0.6047   1.6969 0.9215
    3   0.0105 0.6323   1.7588 0.9360
    4   0.0106 0.6385   1.7766 0.9391
    5   0.0106 0.6421   1.7892 0.9408
    6   0.0106 0.6438   1.7975 0.9418
    7   0.0107 0.6447   1.8033 0.9425
    8   0.0107 0.6449   1.8062 0.9428
    9   0.0107 0.6450   1.8087 0.9431
   10   0.0107 0.6450   1.8108 0.9434
$$

Running 30 cycles with wchir=1 wvdw=2 with hydrogen
Geometry weights
vdws = 23
atoms = 12
pairs = 52
                          N restraints  r.m.s.d.  r.m.s.Z  Mn(sigma)
Bond distances, non H                5     0.011    0.645      0.016
Bond distances, H                    6     0.001    0.057      0.017
Bond angles, non H                   5     1.811    0.943      2.428
Bond angles, H                      13     0.809    0.312      2.077
Torsion angles, period 2             1     0.062    0.012      5.000
Torsion angles, period 6             1     1.924    0.096     20.000
Planar groups                        8     0.000    0.017      0.020
VDW nonbonded                        1     0.192    0.959      0.200
VDW torsion                          4     0.200    1.000      0.200


====== CYCLE  1 ======

 weight = 1.0000e+00
 geom_x = 13.753869670974085
 geom_a = 0
 geom_q = 0
 geom_c = 0.0
f0= 1.3754e+01
using cgsolve in c++, ic=False
diag(geom) min= 287.391987 max= 15133.823143
diag(all) min= 287.391987 max= 15133.823143
Trying gamma equal 0.126000
Convergence reached after 17 iterations with no gamma cycles
min(dx) = -0.0024144656721687206
max(dx) = 0.0036920081292457162
mean(dx)= 2.8871980952441338e-05
vdws = 23
atoms = 12
pairs = 52
 geom_x = 13.750810466257125
 geom_a = 0
 geom_q = 0
 geom_c = 0.0
f1, 0= 1.3751e+01
                          N restraints  r.m.s.d.  r.m.s.Z  Mn(sigma)
Bond distances, non H                5     0.011    0.645      0.016
Bond distances, H                    6     0.001    0.057      0.017
Bond angles, non H                   5     1.813    0.944      2.428
Bond angles, H                      13     0.808    0.311      2.077
Torsion angles, period 2             1     0.067    0.013      5.000
Torsion angles, period 6             1     2.101    0.105     20.000
Planar groups                        8     0.000    0.017      0.020
VDW nonbonded                        1     0.192    0.958      0.200
VDW torsion                          4     0.200    1.000      0.200



====== CYCLE  2 ======

 weight = 1.0000e+00
 geom_x = 13.750810466257125
 geom_a = 0
 geom_q = 0
 geom_c = 0.0
f0= 1.3751e+01
using cgsolve in c++, ic=False
diag(geom) min= 286.733421 max= 15132.843565
diag(all) min= 286.733421 max= 15132.843565
Trying gamma equal 0.126000
Convergence reached after 18 iterations with no gamma cycles
min(dx) = -0.0024910686989766057
max(dx) = 0.00379991433944455
mean(dx)= 2.9258314340694987e-05
vdws = 23
atoms = 12
pairs = 52
 geom_x = 13.747559274086031
 geom_a = 0
 geom_q = 0
 geom_c = 0.0
f1, 0= 1.3748e+01
                          N restraints  r.m.s.d.  r.m.s.Z  Mn(sigma)
Bond distances, non H                5     0.011    0.645      0.016
Bond distances, H                    6     0.001    0.057      0.017
Bond angles, non H                   5     1.814    0.944      2.428
Bond angles, H                      13     0.808    0.311      2.077
Torsion angles, period 2             1     0.073    0.015      5.000
Torsion angles, period 6             1     2.287    0.114     20.000
Planar groups                        8     0.000    0.018      0.020
VDW nonbonded                        1     0.192    0.958      0.200
VDW torsion                          4     0.200    1.000      0.200



====== CYCLE  3 ======

 weight = 1.0000e+00
 geom_x = 13.747559274086031
 geom_a = 0
 geom_q = 0
 geom_c = 0.0
f0= 1.3748e+01
using cgsolve in c++, ic=False
diag(geom) min= 286.079293 max= 15131.866365
diag(all) min= 286.079293 max= 15131.866365
Trying gamma equal 0.126000
Convergence reached after 17 iterations with no gamma cycles
min(dx) = -0.002568498938925333
max(dx) = 0.003911662534524569
mean(dx)= 2.9653945554054423e-05
vdws = 23
atoms = 12
pairs = 52
 geom_x = 13.744094317496476
 geom_a = 0
 geom_q = 0
 geom_c = 0.0
f1, 0= 1.3744e+01
                          N restraints  r.m.s.d.  r.m.s.Z  Mn(sigma)
Bond distances, non H                5     0.011    0.645      0.016
Bond distances, H                    6     0.001    0.057      0.017
Bond angles, non H                   5     1.816    0.944      2.428
Bond angles, H                      13     0.808    0.311      2.077
Torsion angles, period 2             1     0.078    0.016      5.000
Torsion angles, period 6             1     2.482    0.124     20.000
Planar groups                        8     0.000    0.018      0.020
VDW nonbonded                        1     0.191    0.957      0.200
VDW torsion                          4     0.200    1.000      0.200



====== CYCLE  4 ======

 weight = 1.0000e+00
 geom_x = 13.744094317496476
 geom_a = 0
 geom_q = 0
 geom_c = 0.0
f0= 1.3744e+01
using cgsolve in c++, ic=False
diag(geom) min= 285.430050 max= 15130.881355
diag(all) min= 285.430050 max= 15130.881355
Trying gamma equal 0.126000
Convergence reached after 17 iterations with no gamma cycles
min(dx) = -0.002647556658091444
max(dx) = 0.004027512970716508
mean(dx)= 3.005058968032008e-05
vdws = 23
atoms = 12
pairs = 52
 geom_x = 13.740392996435004
 geom_a = 0
 geom_q = 0
 geom_c = 0.0
f1, 0= 1.3740e+01
                          N restraints  r.m.s.d.  r.m.s.Z  Mn(sigma)
Bond distances, non H                5     0.011    0.644      0.016
Bond distances, H                    6     0.001    0.057      0.017
Bond angles, non H                   5     1.817    0.944      2.428
Bond angles, H                      13     0.807    0.311      2.077
Torsion angles, period 2             1     0.084    0.017      5.000
Torsion angles, period 6             1     2.686    0.134     20.000
Planar groups                        8     0.000    0.019      0.020
VDW nonbonded                        1     0.191    0.957      0.200
VDW torsion                          4     0.200    1.000      0.200



====== CYCLE  5 ======

 weight = 1.0000e+00
 geom_x = 13.740392996435004
 geom_a = 0
 geom_q = 0
 geom_c = 0.0
f0= 1.3740e+01
using cgsolve in c++, ic=False
diag(geom) min= 284.786472 max= 15129.880625
diag(all) min= 284.786472 max= 15129.880625
Trying gamma equal 0.126000
Convergence reached after 17 iterations with no gamma cycles
min(dx) = -0.0027288178961305427
max(dx) = 0.00414782665219469
mean(dx)= 3.0448570328855e-05
vdws = 23
atoms = 12
pairs = 52
 geom_x = 13.736431286797753
 geom_a = 0
 geom_q = 0
 geom_c = 0.0
f1, 0= 1.3736e+01
                          N restraints  r.m.s.d.  r.m.s.Z  Mn(sigma)
Bond distances, non H                5     0.011    0.644      0.016
Bond distances, H                    6     0.001    0.057      0.017
Bond angles, non H                   5     1.818    0.944      2.428
Bond angles, H                      13     0.807    0.311      2.077
Torsion angles, period 2             1     0.090    0.018      5.000
Torsion angles, period 6             1     2.901    0.145     20.000
Planar groups                        8     0.000    0.019      0.020
VDW nonbonded                        1     0.191    0.956      0.200
VDW torsion                          4     0.200    0.999      0.200



====== CYCLE  6 ======

 weight = 1.0000e+00
 geom_x = 13.736431286797753
 geom_a = 0
 geom_q = 0
 geom_c = 0.0
f0= 1.3736e+01
using cgsolve in c++, ic=False
diag(geom) min= 284.149619 max= 15128.857746
diag(all) min= 284.149619 max= 15128.857746
Trying gamma equal 0.126000
Convergence reached after 17 iterations with no gamma cycles
min(dx) = -0.0028127270390900672
max(dx) = 0.004272879639647933
mean(dx)= 3.084811155568652e-05
vdws = 23
atoms = 12
pairs = 52
 geom_x = 13.732183381792959
 geom_a = 0
 geom_q = 0
 geom_c = 0.0
f1, 0= 1.3732e+01
                          N restraints  r.m.s.d.  r.m.s.Z  Mn(sigma)
Bond distances, non H                5     0.011    0.644      0.016
Bond distances, H                    6     0.001    0.057      0.017
Bond angles, non H                   5     1.820    0.944      2.428
Bond angles, H                      13     0.807    0.311      2.077
Torsion angles, period 2             1     0.097    0.019      5.000
Torsion angles, period 6             1     3.127    0.156     20.000
Planar groups                        8     0.000    0.019      0.020
VDW nonbonded                        1     0.191    0.956      0.200
VDW torsion                          4     0.200    0.999      0.200



====== CYCLE  7 ======

 weight = 1.0000e+00
 geom_x = 13.732183381792959
 geom_a = 0
 geom_q = 0
 geom_c = 0.0
f0= 1.3732e+01
using cgsolve in c++, ic=False
diag(geom) min= 283.520817 max= 15127.807511
diag(all) min= 283.520817 max= 15127.807511
Trying gamma equal 0.126000
Convergence reached after 17 iterations with no gamma cycles
min(dx) = -0.0028996011047098345
max(dx) = 0.004402891340371623
mean(dx)= 3.125007629814534e-05
vdws = 23
atoms = 12
pairs = 52
 geom_x = 13.727621462779274
 geom_a = 0
 geom_q = 0
 geom_c = 0.0
f1, 0= 1.3728e+01
                          N restraints  r.m.s.d.  r.m.s.Z  Mn(sigma)
Bond distances, non H                5     0.011    0.643      0.016
Bond distances, H                    6     0.001    0.057      0.017
Bond angles, non H                   5     1.821    0.945      2.428
Bond angles, H                      13     0.806    0.310      2.077
Torsion angles, period 2             1     0.104    0.021      5.000
Torsion angles, period 6             1     3.363    0.168     20.000
Planar groups                        8     0.000    0.020      0.020
VDW nonbonded                        1     0.191    0.955      0.200
VDW torsion                          4     0.200    0.999      0.200



====== CYCLE  8 ======

 weight = 1.0000e+00
 geom_x = 13.727621462779274
 geom_a = 0
 geom_q = 0
 geom_c = 0.0
f0= 1.3728e+01
using cgsolve in c++, ic=False
diag(geom) min= 282.901654 max= 15126.725537
diag(all) min= 282.901654 max= 15126.725537
Trying gamma equal 0.126000
Convergence reached after 17 iterations with no gamma cycles
min(dx) = -0.0029896665453521378
max(dx) = 0.0045380232404289185
mean(dx)= 3.1654490683281935e-05
vdws = 23
atoms = 12
pairs = 52
 geom_x = 13.722715542424421
 geom_a = 0
 geom_q = 0
 geom_c = 0.0
f1, 0= 1.3723e+01
                          N restraints  r.m.s.d.  r.m.s.Z  Mn(sigma)
Bond distances, non H                5     0.011    0.643      0.016
Bond distances, H                    6     0.001    0.057      0.017
Bond angles, non H                   5     1.822    0.945      2.428
Bond angles, H                      13     0.806    0.310      2.077
Torsion angles, period 2             1     0.111    0.022      5.000
Torsion angles, period 6             1     3.611    0.181     20.000
Planar groups                        8     0.000    0.020      0.020
VDW nonbonded                        1     0.191    0.954      0.200
VDW torsion                          4     0.200    0.999      0.200



====== CYCLE  9 ======

 weight = 1.0000e+00
 geom_x = 13.722715542424421
 geom_a = 0
 geom_q = 0
 geom_c = 0.0
f0= 1.3723e+01
using cgsolve in c++, ic=False
diag(geom) min= 282.293973 max= 15125.607970
diag(all) min= 282.293973 max= 15125.607970
Trying gamma equal 0.126000
Convergence reached after 17 iterations with no gamma cycles
min(dx) = -0.003083080575143116
max(dx) = 0.004678381708881845
mean(dx)= 3.2060809555632174e-05
vdws = 23
atoms = 12
pairs = 52
 geom_x = 13.717433354633318
 geom_a = 0
 geom_q = 0
 geom_c = 0.0
f1, 0= 1.3717e+01
                          N restraints  r.m.s.d.  r.m.s.Z  Mn(sigma)
Bond distances, non H                5     0.011    0.643      0.016
Bond distances, H                    6     0.001    0.057      0.017
Bond angles, non H                   5     1.823    0.945      2.428
Bond angles, H                      13     0.806    0.310      2.077
Torsion angles, period 2             1     0.118    0.024      5.000
Torsion angles, period 6             1     3.871    0.194     20.000
Planar groups                        8     0.000    0.021      0.020
VDW nonbonded                        1     0.191    0.953      0.200
VDW torsion                          4     0.200    0.999      0.200



====== CYCLE 10 ======

 weight = 1.0000e+00
 geom_x = 13.717433354633318
 geom_a = 0
 geom_q = 0
 geom_c = 0.0
f0= 1.3717e+01
using cgsolve in c++, ic=False
diag(geom) min= 281.699884 max= 15124.451308
diag(all) min= 281.699884 max= 15124.451308
Trying gamma equal 0.126000
Convergence reached after 17 iterations with no gamma cycles
min(dx) = -0.003179941532747364
max(dx) = 0.004824017570932705
mean(dx)= 3.2468034063981895e-05
vdws = 23
atoms = 12
pairs = 52
 geom_x = 13.711760403354129
 geom_a = 0
 geom_q = 0
 geom_c = 0.0
f1, 0= 1.3712e+01
                          N restraints  r.m.s.d.  r.m.s.Z  Mn(sigma)
Bond distances, non H                5     0.011    0.642      0.016
Bond distances, H                    6     0.001    0.057      0.017
Bond angles, non H                   5     1.824    0.945      2.428
Bond angles, H                      13     0.805    0.310      2.077
Torsion angles, period 2             1     0.126    0.025      5.000
Torsion angles, period 6             1     4.143    0.207     20.000
Planar groups                        8     0.000    0.021      0.020
VDW nonbonded                        2     0.135    0.673      0.200
VDW torsion                          4     0.200    0.999      0.200



====== CYCLE 11 ======

 weight = 1.0000e+00
 geom_x = 13.711760403354129
 geom_a = 0
 geom_q = 0
 geom_c = 0.0
f0= 1.3712e+01
using cgsolve in c++, ic=False
diag(geom) min= 281.121768 max= 15123.252269
diag(all) min= 281.121768 max= 15123.252269
Trying gamma equal 0.126000
Convergence reached after 18 iterations with no gamma cycles
min(dx) = -0.002946651190161858
max(dx) = 0.0047931571634006066
mean(dx)= 3.477306512086618e-05
vdws = 23
atoms = 12
pairs = 52
 geom_x = 13.705924258066414
 geom_a = 0
 geom_q = 0
 geom_c = 0.0
f1, 0= 1.3706e+01
                          N restraints  r.m.s.d.  r.m.s.Z  Mn(sigma)
Bond distances, non H                5     0.011    0.642      0.016
Bond distances, H                    6     0.001    0.056      0.017
Bond angles, non H                   5     1.826    0.945      2.428
Bond angles, H                      13     0.807    0.310      2.077
Torsion angles, period 2             1     0.137    0.027      5.000
Torsion angles, period 6             1     4.419    0.221     20.000
Planar groups                        8     0.000    0.022      0.020
VDW nonbonded                        2     0.134    0.672      0.200
VDW torsion                          4     0.200    0.998      0.200



====== CYCLE 12 ======

 weight = 1.0000e+00
 geom_x = 13.705924258066414
 geom_a = 0
 geom_q = 0
 geom_c = 0.0
f0= 1.3706e+01
using cgsolve in c++, ic=False
diag(geom) min= 280.571338 max= 15121.988955
diag(all) min= 280.571338 max= 15121.988955
Trying gamma equal 0.126000
Convergence reached after 18 iterations with no gamma cycles
min(dx) = -0.0029727914495644124
max(dx) = 0.004829770118374124
mean(dx)= 3.4058992307493226e-05
vdws = 23
atoms = 12
pairs = 52
 geom_x = 13.699807393278558
 geom_a = 0
 geom_q = 0
 geom_c = 0.0
f1, 0= 1.3700e+01
                          N restraints  r.m.s.d.  r.m.s.Z  Mn(sigma)
Bond distances, non H                5     0.011    0.642      0.016
Bond distances, H                    6     0.001    0.056      0.017
Bond angles, non H                   5     1.828    0.945      2.428
Bond angles, H                      13     0.808    0.310      2.077
Torsion angles, period 2             1     0.149    0.030      5.000
Torsion angles, period 6             1     4.705    0.235     20.000
Planar groups                        8     0.000    0.023      0.020
VDW nonbonded                        2     0.134    0.672      0.200
VDW torsion                          4     0.200    0.998      0.200



====== CYCLE 13 ======

 weight = 1.0000e+00
 geom_x = 13.699807393278558
 geom_a = 0
 geom_q = 0
 geom_c = 0.0
f0= 1.3700e+01
using cgsolve in c++, ic=False
diag(geom) min= 280.047795 max= 15120.675419
diag(all) min= 280.047795 max= 15120.675419
Trying gamma equal 0.126000
Convergence reached after 18 iterations with no gamma cycles
min(dx) = -0.0029851489476082774
max(dx) = 0.004882101348546605
mean(dx)= 3.3817045143687947e-05
vdws = 23
atoms = 12
pairs = 52
 geom_x = 13.69336821812868
 geom_a = 0
 geom_q = 0
 geom_c = 0.0
f1, 0= 1.3693e+01
                          N restraints  r.m.s.d.  r.m.s.Z  Mn(sigma)
Bond distances, non H                5     0.011    0.642      0.016
Bond distances, H                    6     0.001    0.056      0.017
Bond angles, non H                   5     1.831    0.945      2.428
Bond angles, H                      13     0.808    0.310      2.077
Torsion angles, period 2             1     0.163    0.033      5.000
Torsion angles, period 6             1     5.000    0.250     20.000
Planar groups                        8     0.000    0.024      0.020
VDW nonbonded                        2     0.134    0.671      0.200
VDW torsion                          4     0.200    0.998      0.200



====== CYCLE 14 ======

 weight = 1.0000e+00
 geom_x = 13.69336821812868
 geom_a = 0
 geom_q = 0
 geom_c = 0.0
f0= 1.3693e+01
using cgsolve in c++, ic=False
diag(geom) min= 279.551949 max= 15119.320269
diag(all) min= 279.551949 max= 15119.320269
Trying gamma equal 0.126000
Convergence reached after 18 iterations with no gamma cycles
min(dx) = -0.0030065142507322224
max(dx) = 0.004943155677300924
mean(dx)= 3.3563630555824084e-05
vdws = 23
atoms = 12
pairs = 52
 geom_x = 13.686568109931223
 geom_a = 0
 geom_q = 0
 geom_c = 0.0
f1, 0= 1.3687e+01
                          N restraints  r.m.s.d.  r.m.s.Z  Mn(sigma)
Bond distances, non H                5     0.011    0.642      0.016
Bond distances, H                    6     0.001    0.056      0.017
Bond angles, non H                   5     1.833    0.945      2.428
Bond angles, H                      13     0.809    0.310      2.077
Torsion angles, period 2             1     0.178    0.036      5.000
Torsion angles, period 6             1     5.306    0.265     20.000
Planar groups                        8     0.000    0.025      0.020
VDW nonbonded                        2     0.134    0.670      0.200
VDW torsion                          4     0.199    0.997      0.200



====== CYCLE 15 ======

 weight = 1.0000e+00
 geom_x = 13.686568109931223
 geom_a = 0
 geom_q = 0
 geom_c = 0.0
f0= 1.3687e+01
using cgsolve in c++, ic=False
diag(geom) min= 279.085103 max= 15117.928385
diag(all) min= 279.085103 max= 15117.928385
Trying gamma equal 0.126000
Convergence reached after 18 iterations with no gamma cycles
min(dx) = -0.0030363154922243628
max(dx) = 0.0050111643414348025
mean(dx)= 3.3271348646323414e-05
vdws = 23
atoms = 12
pairs = 52
 geom_x = 13.679368553530097
 geom_a = 0
 geom_q = 0
 geom_c = 0.0
f1, 0= 1.3679e+01
                          N restraints  r.m.s.d.  r.m.s.Z  Mn(sigma)
Bond distances, non H                5     0.011    0.642      0.016
Bond distances, H                    6     0.001    0.056      0.017
Bond angles, non H                   5     1.836    0.945      2.428
Bond angles, H                      13     0.809    0.310      2.077
Torsion angles, period 2             1     0.193    0.039      5.000
Torsion angles, period 6             1     5.622    0.281     20.000
Planar groups                        8     0.001    0.026      0.020
VDW nonbonded                        2     0.134    0.669      0.200
VDW torsion                          4     0.199    0.997      0.200



====== CYCLE 16 ======

 weight = 1.0000e+00
 geom_x = 13.679368553530097
 geom_a = 0
 geom_q = 0
 geom_c = 0.0
f0= 1.3679e+01
using cgsolve in c++, ic=False
diag(geom) min= 278.648685 max= 15116.501096
diag(all) min= 278.648685 max= 15116.501096
Trying gamma equal 0.126000
Convergence reached after 18 iterations with no gamma cycles
min(dx) = -0.003194575362682788
max(dx) = 0.005085053171205611
mean(dx)= 3.293975147378449e-05
vdws = 23
atoms = 12
pairs = 52
 geom_x = 13.67173056044975
 geom_a = 0
 geom_q = 0
 geom_c = 0.0
f1, 0= 1.3672e+01
                          N restraints  r.m.s.d.  r.m.s.Z  Mn(sigma)
Bond distances, non H                5     0.011    0.642      0.016
Bond distances, H                    6     0.001    0.056      0.017
Bond angles, non H                   5     1.838    0.945      2.428
Bond angles, H                      13     0.810    0.310      2.077
Torsion angles, period 2             1     0.209    0.042      5.000
Torsion angles, period 6             1     5.950    0.298     20.000
Planar groups                        8     0.001    0.026      0.020
VDW nonbonded                        2     0.134    0.668      0.200
VDW torsion                          4     0.199    0.997      0.200



====== CYCLE 17 ======

 weight = 1.0000e+00
 geom_x = 13.67173056044975
 geom_a = 0
 geom_q = 0
 geom_c = 0.0
f0= 1.3672e+01
using cgsolve in c++, ic=False
diag(geom) min= 278.244246 max= 15115.037778
diag(all) min= 278.244246 max= 15115.037778
Trying gamma equal 0.126000
Convergence reached after 18 iterations with no gamma cycles
min(dx) = -0.0033618075881315258
max(dx) = 0.005164002444461146
mean(dx)= 3.257005659496336e-05
vdws = 23
atoms = 12
pairs = 52
 geom_x = 13.663614538440017
 geom_a = 0
 geom_q = 0
 geom_c = 0.0
f1, 0= 1.3664e+01
                          N restraints  r.m.s.d.  r.m.s.Z  Mn(sigma)
Bond distances, non H                5     0.011    0.642      0.016
Bond distances, H                    6     0.001    0.056      0.017
Bond angles, non H                   5     1.841    0.944      2.428
Bond angles, H                      13     0.810    0.310      2.077
Torsion angles, period 2             1     0.226    0.045      5.000
Torsion angles, period 6             1     6.290    0.314     20.000
Planar groups                        8     0.001    0.027      0.020
VDW nonbonded                        2     0.133    0.666      0.200
VDW torsion                          4     0.199    0.996      0.200



====== CYCLE 18 ======

 weight = 1.0000e+00
 geom_x = 13.663614538440017
 geom_a = 0
 geom_q = 0
 geom_c = 0.0
f0= 1.3664e+01
using cgsolve in c++, ic=False
diag(geom) min= 277.873480 max= 15113.536627
diag(all) min= 277.873480 max= 15113.536627
Trying gamma equal 0.126000
Convergence reached after 18 iterations with no gamma cycles
min(dx) = -0.0035312789165213992
max(dx) = 0.0052473253781780815
mean(dx)= 3.216356444237149e-05
vdws = 23
atoms = 12
pairs = 52
 geom_x = 13.654980391372115
 geom_a = 0
 geom_q = 0
 geom_c = 0.0
f1, 0= 1.3655e+01
                          N restraints  r.m.s.d.  r.m.s.Z  Mn(sigma)
Bond distances, non H                5     0.011    0.642      0.016
Bond distances, H                    6     0.001    0.056      0.017
Bond angles, non H                   5     1.843    0.944      2.428
Bond angles, H                      13     0.810    0.310      2.077
Torsion angles, period 2             1     0.243    0.049      5.000
Torsion angles, period 6             1     6.641    0.332     20.000
Planar groups                        8     0.001    0.028      0.020
VDW nonbonded                        2     0.133    0.665      0.200
VDW torsion                          4     0.199    0.996      0.200



====== CYCLE 19 ======

 weight = 1.0000e+00
 geom_x = 13.654980391372115
 geom_a = 0
 geom_q = 0
 geom_c = 0.0
f0= 1.3655e+01
using cgsolve in c++, ic=False
diag(geom) min= 277.538241 max= 15111.995125
diag(all) min= 277.538241 max= 15111.995125
Trying gamma equal 0.126000
Convergence reached after 18 iterations with no gamma cycles
min(dx) = -0.003702809149393714
max(dx) = 0.005334395971514155
mean(dx)= 3.172153230848363e-05
vdws = 23
atoms = 12
pairs = 52
 geom_x = 13.645787763938063
 geom_a = 0
 geom_q = 0
 geom_c = 0.0
f1, 0= 1.3646e+01
                          N restraints  r.m.s.d.  r.m.s.Z  Mn(sigma)
Bond distances, non H                5     0.011    0.641      0.016
Bond distances, H                    6     0.001    0.056      0.017
Bond angles, non H                   5     1.846    0.944      2.428
Bond angles, H                      13     0.811    0.310      2.077
Torsion angles, period 2             1     0.261    0.052      5.000
Torsion angles, period 6             1     7.006    0.350     20.000
Planar groups                        8     0.001    0.029      0.020
VDW nonbonded                        2     0.133    0.664      0.200
VDW torsion                          4     0.199    0.996      0.200



====== CYCLE 20 ======

 weight = 1.0000e+00
 geom_x = 13.645787763938063
 geom_a = 0
 geom_q = 0
 geom_c = 0.0
f0= 1.3646e+01
using cgsolve in c++, ic=False
diag(geom) min= 277.240548 max= 15110.410344
diag(all) min= 277.240548 max= 15110.410344
Trying gamma equal 0.126000
Convergence reached after 18 iterations with no gamma cycles
min(dx) = -0.0038761128205149105
max(dx) = 0.005424599415935374
mean(dx)= 3.1245098355895e-05
vdws = 23
atoms = 12
pairs = 52
 geom_x = 13.635996398444094
 geom_a = 0
 geom_q = 0
 geom_c = 0.0
f1, 0= 1.3636e+01
                          N restraints  r.m.s.d.  r.m.s.Z  Mn(sigma)
Bond distances, non H                5     0.011    0.641      0.016
Bond distances, H                    6     0.001    0.056      0.017
Bond angles, non H                   5     1.848    0.943      2.428
Bond angles, H                      13     0.811    0.310      2.077
Torsion angles, period 2             1     0.280    0.056      5.000
Torsion angles, period 6             1     7.383    0.369     20.000
Planar groups                        8     0.001    0.030      0.020
VDW nonbonded                        2     0.132    0.662      0.200
VDW torsion                          4     0.199    0.995      0.200



====== CYCLE 21 ======

 weight = 1.0000e+00
 geom_x = 13.635996398444094
 geom_a = 0
 geom_q = 0
 geom_c = 0.0
f0= 1.3636e+01
using cgsolve in c++, ic=False
diag(geom) min= 276.982581 max= 15108.779160
diag(all) min= 276.982581 max= 15108.779160
Trying gamma equal 0.126000
Convergence reached after 18 iterations with no gamma cycles
min(dx) = -0.004050805344631892
max(dx) = 0.005517297593919029
mean(dx)= 3.073522256728363e-05
vdws = 23
atoms = 12
pairs = 52
 geom_x = 13.62556659301361
 geom_a = 0
 geom_q = 0
 geom_c = 0.0
f1, 0= 1.3626e+01
                          N restraints  r.m.s.d.  r.m.s.Z  Mn(sigma)
Bond distances, non H                5     0.011    0.641      0.016
Bond distances, H                    6     0.001    0.056      0.017
Bond angles, non H                   5     1.850    0.943      2.428
Bond angles, H                      13     0.811    0.309      2.077
Torsion angles, period 2             1     0.299    0.060      5.000
Torsion angles, period 6             1     7.773    0.389     20.000
Planar groups                        8     0.001    0.031      0.020
VDW nonbonded                        2     0.132    0.660      0.200
VDW torsion                          4     0.199    0.995      0.200



====== CYCLE 22 ======

 weight = 1.0000e+00
 geom_x = 13.62556659301361
 geom_a = 0
 geom_q = 0
 geom_c = 0.0
f0= 1.3626e+01
using cgsolve in c++, ic=False
diag(geom) min= 276.766672 max= 15107.098399
diag(all) min= 276.766672 max= 15107.098399
Trying gamma equal 0.126000
Convergence reached after 18 iterations with no gamma cycles
min(dx) = -0.004226406029290824
max(dx) = 0.0056118051569969294
mean(dx)= 3.0192662982313876e-05
vdws = 23
atoms = 12
pairs = 52
 geom_x = 13.614459758987689
 geom_a = 0
 geom_q = 0
 geom_c = 0.0
f1, 0= 1.3614e+01
                          N restraints  r.m.s.d.  r.m.s.Z  Mn(sigma)
Bond distances, non H                5     0.011    0.641      0.016
Bond distances, H                    6     0.001    0.055      0.017
Bond angles, non H                   5     1.852    0.942      2.428
Bond angles, H                      13     0.811    0.309      2.077
Torsion angles, period 2             1     0.318    0.064      5.000
Torsion angles, period 6             1     8.176    0.409     20.000
Planar groups                        8     0.001    0.032      0.020
VDW nonbonded                        2     0.132    0.658      0.200
VDW torsion                          4     0.199    0.995      0.200



====== CYCLE 23 ======

 weight = 1.0000e+00
 geom_x = 13.614459758987689
 geom_a = 0
 geom_q = 0
 geom_c = 0.0
f0= 1.3614e+01
using cgsolve in c++, ic=False
diag(geom) min= 276.595296 max= 15105.364940
diag(all) min= 276.595296 max= 15105.364940
Trying gamma equal 0.126000
Convergence reached after 18 iterations with no gamma cycles
min(dx) = -0.004402339410215707
max(dx) = 0.005707373184898723
mean(dx)= 2.9617988536852105e-05
vdws = 23
atoms = 12
pairs = 52
 geom_x = 13.602639077491611
 geom_a = 0
 geom_q = 0
 geom_c = 0.0
f1, 0= 1.3603e+01
                          N restraints  r.m.s.d.  r.m.s.Z  Mn(sigma)
Bond distances, non H                5     0.011    0.640      0.016
Bond distances, H                    6     0.001    0.055      0.017
Bond angles, non H                   5     1.854    0.942      2.428
Bond angles, H                      13     0.811    0.309      2.077
Torsion angles, period 2             1     0.338    0.068      5.000
Torsion angles, period 6             1     8.592    0.430     20.000
Planar groups                        8     0.001    0.033      0.020
VDW nonbonded                        2     0.131    0.656      0.200
VDW torsion                          4     0.199    0.994      0.200



====== CYCLE 24 ======

 weight = 1.0000e+00
 geom_x = 13.602639077491611
 geom_a = 0
 geom_q = 0
 geom_c = 0.0
f0= 1.3603e+01
using cgsolve in c++, ic=False
diag(geom) min= 276.471041 max= 15103.575807
diag(all) min= 276.471041 max= 15103.575807
Trying gamma equal 0.126000
Convergence reached after 18 iterations with no gamma cycles
min(dx) = -0.0045779360039236066
max(dx) = 0.005803178514710835
mean(dx)= 2.9011622360435588e-05
vdws = 23
atoms = 12
pairs = 52
 geom_x = 13.59007025408722
 geom_a = 0
 geom_q = 0
 geom_c = 0.0
f1, 0= 1.3590e+01
                          N restraints  r.m.s.d.  r.m.s.Z  Mn(sigma)
Bond distances, non H                5     0.011    0.640      0.016
Bond distances, H                    6     0.001    0.055      0.017
Bond angles, non H                   5     1.856    0.941      2.428
Bond angles, H                      13     0.811    0.309      2.077
Torsion angles, period 2             1     0.359    0.072      5.000
Torsion angles, period 6             1     9.022    0.451     20.000
Planar groups                        8     0.001    0.034      0.020
VDW nonbonded                        2     0.131    0.654      0.200
VDW torsion                          4     0.199    0.994      0.200



====== CYCLE 25 ======

 weight = 1.0000e+00
 geom_x = 13.59007025408722
 geom_a = 0
 geom_q = 0
 geom_c = 0.0
f0= 1.3590e+01
using cgsolve in c++, ic=False
diag(geom) min= 276.396585 max= 15101.728229
diag(all) min= 276.396585 max= 15101.728229
Trying gamma equal 0.126000
Convergence reached after 18 iterations with no gamma cycles
min(dx) = -0.0047524333370957805
max(dx) = 0.005898317604128478
mean(dx)= 2.8373907986961406e-05
vdws = 23
atoms = 12
pairs = 52
 geom_x = 13.576722367416696
 geom_a = 0
 geom_q = 0
 geom_c = 0.0
f1, 0= 1.3577e+01
                          N restraints  r.m.s.d.  r.m.s.Z  Mn(sigma)
Bond distances, non H                5     0.011    0.640      0.016
Bond distances, H                    6     0.001    0.055      0.017
Bond angles, non H                   5     1.857    0.940      2.428
Bond angles, H                      13     0.811    0.308      2.077
Torsion angles, period 2             1     0.379    0.076      5.000
Torsion angles, period 6             1     9.466    0.473     20.000
Planar groups                        8     0.001    0.035      0.020
VDW nonbonded                        2     0.130    0.651      0.200
VDW torsion                          4     0.199    0.994      0.200



====== CYCLE 26 ======

 weight = 1.0000e+00
 geom_x = 13.576722367416696
 geom_a = 0
 geom_q = 0
 geom_c = 0.0
f0= 1.3577e+01
using cgsolve in c++, ic=False
diag(geom) min= 276.374658 max= 15099.819713
diag(all) min= 276.374658 max= 15099.819713
Trying gamma equal 0.126000
Convergence reached after 18 iterations with no gamma cycles
min(dx) = -0.004924977956343705
max(dx) = 0.005991804324984106
mean(dx)= 2.770519151062327e-05
vdws = 23
atoms = 12
pairs = 52
 geom_x = 13.56256880330247
 geom_a = 0
 geom_q = 0
 geom_c = 0.0
f1, 0= 1.3563e+01
                          N restraints  r.m.s.d.  r.m.s.Z  Mn(sigma)
Bond distances, non H                5     0.011    0.639      0.016
Bond distances, H                    6     0.001    0.055      0.017
Bond angles, non H                   5     1.859    0.939      2.428
Bond angles, H                      13     0.810    0.308      2.077
Torsion angles, period 2             1     0.400    0.080      5.000
Torsion angles, period 6             1     9.922    0.496     20.000
Planar groups                        8     0.001    0.036      0.020
VDW nonbonded                        2     0.130    0.649      0.200
VDW torsion                          4     0.199    0.994      0.200



====== CYCLE 27 ======

 weight = 1.0000e+00
 geom_x = 13.56256880330247
 geom_a = 0
 geom_q = 0
 geom_c = 0.0
f0= 1.3563e+01
using cgsolve in c++, ic=False
diag(geom) min= 276.407994 max= 15097.848097
diag(all) min= 276.407994 max= 15097.848097
Trying gamma equal 0.126000
Convergence reached after 18 iterations with no gamma cycles
min(dx) = -0.005094629011905376
max(dx) = 0.006082571432186106
mean(dx)= 2.700591361773032e-05
vdws = 23
atoms = 12
pairs = 52
 geom_x = 13.547588260181378
 geom_a = 0
 geom_q = 0
 geom_c = 0.0
f1, 0= 1.3548e+01
                          N restraints  r.m.s.d.  r.m.s.Z  Mn(sigma)
Bond distances, non H                5     0.011    0.639      0.016
Bond distances, H                    6     0.001    0.055      0.017
Bond angles, non H                   5     1.860    0.938      2.428
Bond angles, H                      13     0.810    0.307      2.077
Torsion angles, period 2             1     0.422    0.084      5.000
Torsion angles, period 6             1    10.392    0.520     20.000
Planar groups                        8     0.001    0.038      0.020
VDW nonbonded                        2     0.129    0.646      0.200
VDW torsion                          4     0.199    0.993      0.200



====== CYCLE 28 ======

 weight = 1.0000e+00
 geom_x = 13.547588260181378
 geom_a = 0
 geom_q = 0
 geom_c = 0.0
f0= 1.3548e+01
using cgsolve in c++, ic=False
diag(geom) min= 276.499287 max= 15095.811614
diag(all) min= 276.499287 max= 15095.811614
Trying gamma equal 0.126000
Convergence reached after 18 iterations with no gamma cycles
min(dx) = -0.0052603639205662895
max(dx) = 0.006169475664130442
mean(dx)= 2.627670609577936e-05
vdws = 23
atoms = 12
pairs = 52
 geom_x = 13.531765805247122
 geom_a = 0
 geom_q = 0
 geom_c = 0.0
f1, 0= 1.3532e+01
                          N restraints  r.m.s.d.  r.m.s.Z  Mn(sigma)
Bond distances, non H                5     0.011    0.638      0.016
Bond distances, H                    6     0.001    0.055      0.017
Bond angles, non H                   5     1.861    0.937      2.428
Bond angles, H                      13     0.810    0.307      2.077
Torsion angles, period 2             1     0.444    0.089      5.000
Torsion angles, period 6             1    10.875    0.544     20.000
Planar groups                        8     0.001    0.039      0.020
VDW nonbonded                        2     0.129    0.643      0.200
VDW torsion                          4     0.199    0.993      0.200



====== CYCLE 29 ======

 weight = 1.0000e+00
 geom_x = 13.531765805247122
 geom_a = 0
 geom_q = 0
 geom_c = 0.0
f0= 1.3532e+01
using cgsolve in c++, ic=False
diag(geom) min= 276.651127 max= 15093.708951
diag(all) min= 276.651127 max= 15093.708951
Trying gamma equal 0.126000
Convergence reached after 18 iterations with no gamma cycles
min(dx) = -0.005421086528671294
max(dx) = 0.006251306534776324
mean(dx)= 2.5518487761008228e-05
vdws = 23
atoms = 12
pairs = 52
 geom_x = 13.515093953538928
 geom_a = 0
 geom_q = 0
 geom_c = 0.0
f1, 0= 1.3515e+01
                          N restraints  r.m.s.d.  r.m.s.Z  Mn(sigma)
Bond distances, non H                5     0.011    0.638      0.016
Bond distances, H                    6     0.001    0.055      0.017
Bond angles, non H                   5     1.862    0.935      2.428
Bond angles, H                      13     0.809    0.306      2.077
Torsion angles, period 2             1     0.466    0.093      5.000
Torsion angles, period 6             1    11.370    0.569     20.000
Planar groups                        8     0.001    0.040      0.020
VDW nonbonded                        2     0.128    0.639      0.200
VDW torsion                          4     0.199    0.993      0.200



====== CYCLE 30 ======

 weight = 1.0000e+00
 geom_x = 13.515093953538928
 geom_a = 0
 geom_q = 0
 geom_c = 0.0
f0= 1.3515e+01
using cgsolve in c++, ic=False
diag(geom) min= 276.865937 max= 15091.539306
diag(all) min= 276.865937 max= 15091.539306
Trying gamma equal 0.126000
Convergence reached after 18 iterations with no gamma cycles
min(dx) = -0.005575638102467633
max(dx) = 0.00632679889489933
mean(dx)= 2.4732554817214418e-05
vdws = 23
atoms = 12
pairs = 52
 geom_x = 13.497573734848231
 geom_a = 0
 geom_q = 0
 geom_c = 0.0
f1, 0= 1.3498e+01
                          N restraints  r.m.s.d.  r.m.s.Z  Mn(sigma)
Bond distances, non H                5     0.011    0.637      0.016
Bond distances, H                    6     0.001    0.054      0.017
Bond angles, non H                   5     1.863    0.934      2.428
Bond angles, H                      13     0.809    0.305      2.077
Torsion angles, period 2             1     0.488    0.098      5.000
Torsion angles, period 6             1    11.878    0.594     20.000
Planar groups                        8     0.001    0.041      0.020
VDW nonbonded                        2     0.127    0.636      0.200
VDW torsion                          4     0.199    0.993      0.200


$TABLE: stats vs cycle :
$GRAPHS
: Geometry :A:1,2,4:
: Geometry Z :A:1,5,3:
$$
 Ncyc  rmsBOND  zBOND  rmsANGL  zANGL
$$
$$
    0   0.0107 0.6450   1.8108 0.9434
    1   0.0107 0.6449   1.8126 0.9437
    2   0.0107 0.6447   1.8142 0.9439
    3   0.0106 0.6445   1.8157 0.9441
    4   0.0106 0.6443   1.8171 0.9442
    5   0.0106 0.6440   1.8184 0.9444
    6   0.0106 0.6437   1.8196 0.9445
    7   0.0106 0.6434   1.8208 0.9446
    8   0.0106 0.6430   1.8219 0.9447
    9   0.0106 0.6426   1.8230 0.9447
   10   0.0106 0.6422   1.8241 0.9447
   11   0.0106 0.6421   1.8261 0.9448
   12   0.0106 0.6420   1.8285 0.9449
   13   0.0106 0.6420   1.8309 0.9449
   14   0.0106 0.6419   1.8334 0.9449
   15   0.0106 0.6418   1.8360 0.9448
   16   0.0106 0.6418   1.8384 0.9447
   17   0.0106 0.6417   1.8409 0.9445
   18   0.0106 0.6415   1.8433 0.9442
   19   0.0106 0.6414   1.8456 0.9439
   20   0.0106 0.6412   1.8478 0.9434
   21   0.0106 0.6410   1.8499 0.9429
   22   0.0106 0.6407   1.8519 0.9424
   23   0.0106 0.6404   1.8538 0.9417
   24   0.0106 0.6400   1.8555 0.9409
   25   0.0106 0.6396   1.8572 0.9400
   26   0.0106 0.6392   1.8587 0.9390
   27   0.0105 0.6387   1.8600 0.9378
   28   0.0105 0.6381   1.8613 0.9366
   29   0.0105 0.6375   1.8623 0.9352
   30   0.0105 0.6369   1.8632 0.9336
$$

Updated dictionary saved: CAA_MODEL_TMP/mol_1_conf_6_updated.cif
Refinement statistics saved: CAA_MODEL_TMP/mol_1_conf_6_stats.json

# Finished on 2026-06-14 11:38:34.372472

=========END OF PROCESS INFORMATION ==========
