
============ PROCESS INFORMATION =============
# Servalcat ver. 0.4.128 (Python 3.9.18)
# Library vers. gemmi 0.7.4, scipy 1.7.3, numpy 1.19.5, pandas 1.3.5
# Started on 2026-06-14 11:38:57.381717
# Host: Mac.lan User: hilgersmt
# Command-line:
# servalcat --logfile CAA_MODEL_TMP/servalcat.log refine_geom --update_dictionary CAA_MODEL_TMP/mol_1_conf_19_init.cif -o CAA_MODEL_TMP/mol_1_conf_19 --randomize 0.01
Config loaded
--
refine:
  atom_selection:
    xyz:
      include:
      - '*'
      exclude: []
      exclude_restraint: []
    adp:
      include: []
      exclude: []
      exclude_restraint: []
    occ:
      include: []
      exclude: []
      exclude_restraint: []
    dfrac:
      include: []
      exclude: []
      exclude_restraint: []
  occ_groups: []
  occ_group_constraints: []
  occ_group_const_mu: 10.0
  occ_group_const_mu_update_factor: 1.1
  occ_group_const_mu_update_tol_rel: 0.25
  occ_group_const_mu_update_tol_abs: 0.01
  initialisation:
    adp: {}
    occ: {}
    dfrac: {}
  write_trajectory: false
--
Reading monomers from /Applications/ccp4-9/lib/data/monomers/
Reading monomer: CAA_MODEL_TMP/mol_1_conf_19_init.cif
WARNING:: updating monomer CAA using CAA_MODEL_TMP/mol_1_conf_19_init.cif
Monomer library loaded: 1 monomers, 109 links, 133 modifications
       loaded monomers: CAA

Checking if unknown atoms exist..
Creating restraints..

Chain info:
 chain 
  ligands: CAA (1 residues)

Number of refinement parameters:
       n_params  n_atoms  n_atoms_geom_only  n_atoms_data_only
xyz           6        6                  0                  0
adp           0        0                  0                  0
occ           0        0                  0                  0
dfrac         0        0                  0                  0

Randomizing structure with rmsd of 0.01
Torsion angle rules:
 include:
  {'group': 'peptide', 'tors_name': 'chi*'}
  {'link': '*', 'tors_name': 'omega'}
  {'residue': '*', 'tors_name': 'sp2_sp2*'}
  {'link': '*', 'tors_name': 'sp2_sp2*'}
 exclude:
  none
External restraints from Refmac instructions
 Number of distances          : 0
 Number of angles             : 0
 Number of torsions           : 0
 Number of chirals            : 0
 Number of planes             : 0
 Number of intervals          : 0
 Number of stackings          : 0
 Number of harmonics          : 0
 Number of special positions  : 0

Running 10 cycles with wchir=4 wvdw=2 without hydrogen
Geometry weights
vdws = 4
atoms = 6
pairs = 14
 *** Bond distances outliers (Z >= 5) ***

    atom1     atom2  value  ideal  sigma     z
/CAA 1/C2 /CAA 1/N1  1.434  1.335  0.016 6.077

                          N restraints  r.m.s.d.  r.m.s.Z  Mn(sigma)
Bond distances, non H                5     0.047    2.888      0.016
Bond angles, non H                   5     2.673    1.081      2.428
Torsion angles, period 2             1     1.406    0.281      5.000
Planar groups                        4     0.008    0.415      0.020
VDW torsion                          1     0.377    1.887      0.200


====== CYCLE  1 ======

 weight = 1.0000e+00
 geom_x = 31.273501138510042
 geom_a = 0
 geom_q = 0
 geom_c = 0.0
f0= 3.1274e+01
using cgsolve in c++, ic=False
diag(geom) min= 397.212797 max= 11907.161502
diag(all) min= 397.212797 max= 11907.161502
Trying gamma equal 0.000000
Convergence reached after 11 iterations with no gamma cycles
min(dx) = -0.07212176998543648
max(dx) = 0.08792288206198781
mean(dx)= 0.005779433685794155
vdws = 4
atoms = 6
pairs = 14
 geom_x = 7.467283841696557
 geom_a = 0
 geom_q = 0
 geom_c = 0.0
f1, 0= 7.4673e+00
                          N restraints  r.m.s.d.  r.m.s.Z  Mn(sigma)
Bond distances, non H                5     0.007    0.453      0.016
Bond angles, non H                   5     1.110    0.654      2.428
Torsion angles, period 2             1     0.225    0.045      5.000
Planar groups                        4     0.000    0.017      0.020
VDW torsion                          1     0.343    1.715      0.200



====== CYCLE  2 ======

 weight = 1.0000e+00
 geom_x = 7.467283841696557
 geom_a = 0
 geom_q = 0
 geom_c = 0.0
f0= 7.4673e+00
using cgsolve in c++, ic=False
diag(geom) min= 267.631432 max= 12250.821339
diag(all) min= 267.631432 max= 12250.821339
Trying gamma equal 0.000000
Convergence reached after 11 iterations with no gamma cycles
min(dx) = -0.003335890360229892
max(dx) = 0.002549607742926559
mean(dx)= -0.00021307199692997424
vdws = 4
atoms = 6
pairs = 14
 geom_x = 7.309080095540429
 geom_a = 0
 geom_q = 0
 geom_c = 0.0
f1, 0= 7.3091e+00
                          N restraints  r.m.s.d.  r.m.s.Z  Mn(sigma)
Bond distances, non H                5     0.005    0.313      0.016
Bond angles, non H                   5     1.090    0.646      2.428
Torsion angles, period 2             1     0.012    0.002      5.000
Planar groups                        4     0.000    0.001      0.020
VDW torsion                          1     0.347    1.735      0.200



====== CYCLE  3 ======

 weight = 1.0000e+00
 geom_x = 7.309080095540429
 geom_a = 0
 geom_q = 0
 geom_c = 0.0
f0= 7.3091e+00
using cgsolve in c++, ic=False
diag(geom) min= 271.088840 max= 12249.352427
diag(all) min= 271.088840 max= 12249.352427
Trying gamma equal 0.000000
Convergence reached after 11 iterations with no gamma cycles
min(dx) = -0.00016837580583256941
max(dx) = 5.5149383842774355e-05
mean(dx)= -4.796794272064408e-06
vdws = 4
atoms = 6
pairs = 14
 geom_x = 7.309072421762278
 geom_a = 0
 geom_q = 0
 geom_c = 0.0
f1, 0= 7.3091e+00
                          N restraints  r.m.s.d.  r.m.s.Z  Mn(sigma)
Bond distances, non H                5     0.005    0.313      0.016
Bond angles, non H                   5     1.088    0.645      2.428
Torsion angles, period 2             1     0.002    0.000      5.000
Planar groups                        4     0.000    0.000      0.020
VDW torsion                          1     0.347    1.735      0.200



====== CYCLE  4 ======

 weight = 1.0000e+00
 geom_x = 7.309072421762278
 geom_a = 0
 geom_q = 0
 geom_c = 0.0
f0= 7.3091e+00
using cgsolve in c++, ic=False
diag(geom) min= 271.417892 max= 12249.051667
diag(all) min= 271.417892 max= 12249.051667
Trying gamma equal 0.000000
Convergence reached after 11 iterations with no gamma cycles
min(dx) = -2.5828069770412806e-05
max(dx) = 9.124334587400452e-06
mean(dx)= -1.3518319864142786e-06
vdws = 4
atoms = 6
pairs = 14
 geom_x = 7.309072303990654
 geom_a = 0
 geom_q = 0
 geom_c = 0.0
f1, 0= 7.3091e+00
                          N restraints  r.m.s.d.  r.m.s.Z  Mn(sigma)
Bond distances, non H                5     0.005    0.313      0.016
Bond angles, non H                   5     1.088    0.645      2.428
Torsion angles, period 2             1     0.000    0.000      5.000
Planar groups                        4     0.000    0.000      0.020
VDW torsion                          1     0.347    1.735      0.200



====== CYCLE  5 ======

 weight = 1.0000e+00
 geom_x = 7.309072303990654
 geom_a = 0
 geom_q = 0
 geom_c = 0.0
f0= 7.3091e+00
using cgsolve in c++, ic=False
diag(geom) min= 271.473188 max= 12249.033718
diag(all) min= 271.473188 max= 12249.033718
Trying gamma equal 0.000000
Convergence reached after 11 iterations with no gamma cycles
min(dx) = -4.292339645433873e-06
max(dx) = 1.5181741401682114e-06
mean(dx)= -2.1621751159350033e-07
vdws = 4
atoms = 6
pairs = 14
 geom_x = 7.309072300816588
 geom_a = 0
 geom_q = 0
 geom_c = 0.0
f1, 0= 7.3091e+00
                          N restraints  r.m.s.d.  r.m.s.Z  Mn(sigma)
Bond distances, non H                5     0.005    0.313      0.016
Bond angles, non H                   5     1.088    0.645      2.428
Torsion angles, period 2             1     0.000    0.000      5.000
Planar groups                        4     0.000    0.000      0.020
VDW torsion                          1     0.347    1.735      0.200



====== CYCLE  6 ======

 weight = 1.0000e+00
 geom_x = 7.309072300816588
 geom_a = 0
 geom_q = 0
 geom_c = 0.0
f0= 7.3091e+00
using cgsolve in c++, ic=False
diag(geom) min= 271.482335 max= 12249.030233
diag(all) min= 271.482335 max= 12249.030233
Trying gamma equal 0.000000
Convergence reached after 11 iterations with no gamma cycles
min(dx) = -7.065514027134145e-07
max(dx) = 2.505431942991774e-07
mean(dx)= -3.5768789266430425e-08
vdws = 4
atoms = 6
pairs = 14
 geom_x = 7.309072300730212
 geom_a = 0
 geom_q = 0
 geom_c = 0.0
f1, 0= 7.3091e+00
                          N restraints  r.m.s.d.  r.m.s.Z  Mn(sigma)
Bond distances, non H                5     0.005    0.313      0.016
Bond angles, non H                   5     1.088    0.645      2.428
Torsion angles, period 2             1     0.000    0.000      5.000
Planar groups                        4     0.000    0.000      0.020
VDW torsion                          1     0.347    1.735      0.200



====== CYCLE  7 ======

 weight = 1.0000e+00
 geom_x = 7.309072300730212
 geom_a = 0
 geom_q = 0
 geom_c = 0.0
f0= 7.3091e+00
using cgsolve in c++, ic=False
diag(geom) min= 271.483842 max= 12249.029670
diag(all) min= 271.483842 max= 12249.029670
Trying gamma equal 0.000000
Convergence reached after 11 iterations with no gamma cycles
min(dx) = -1.1660454132120292e-07
max(dx) = 4.1336275111995615e-08
mean(dx)= -5.899571977732162e-09
vdws = 4
atoms = 6
pairs = 14
 geom_x = 7.309072300727847
 geom_a = 0
 geom_q = 0
 geom_c = 0.0
f1, 0= 7.3091e+00
                          N restraints  r.m.s.d.  r.m.s.Z  Mn(sigma)
Bond distances, non H                5     0.005    0.313      0.016
Bond angles, non H                   5     1.088    0.645      2.428
Torsion angles, period 2             1     0.000    0.000      5.000
Planar groups                        4     0.000    0.000      0.020
VDW torsion                          1     0.347    1.735      0.200



====== CYCLE  8 ======

 weight = 1.0000e+00
 geom_x = 7.309072300727847
 geom_a = 0
 geom_q = 0
 geom_c = 0.0
f0= 7.3091e+00
using cgsolve in c++, ic=False
diag(geom) min= 271.484091 max= 12249.029577
diag(all) min= 271.484091 max= 12249.029577
Trying gamma equal 0.000000
Convergence reached after 11 iterations with no gamma cycles
min(dx) = -1.923662610781336e-08
max(dx) = 6.819712966039088e-09
mean(dx)= -9.733447270223035e-10
vdws = 4
atoms = 6
pairs = 14
 geom_x = 7.309072300727789
 geom_a = 0
 geom_q = 0
 geom_c = 0.0
f1, 0= 7.3091e+00
                          N restraints  r.m.s.d.  r.m.s.Z  Mn(sigma)
Bond distances, non H                5     0.005    0.313      0.016
Bond angles, non H                   5     1.088    0.645      2.428
Torsion angles, period 2             1     0.000    0.000      5.000
Planar groups                        4     0.000    0.000      0.020
VDW torsion                          1     0.347    1.735      0.200



====== CYCLE  9 ======

 weight = 1.0000e+00
 geom_x = 7.309072300727789
 geom_a = 0
 geom_q = 0
 geom_c = 0.0
f0= 7.3091e+00
using cgsolve in c++, ic=False
diag(geom) min= 271.484132 max= 12249.029562
diag(all) min= 271.484132 max= 12249.029562
Trying gamma equal 0.000000
Convergence reached after 11 iterations with no gamma cycles
min(dx) = -3.173699867813329e-09
max(dx) = 1.1251239178222854e-09
mean(dx)= -1.6058282698997753e-10
vdws = 4
atoms = 6
pairs = 14
 geom_x = 7.309072300727804
 geom_a = 0
 geom_q = 0
 geom_c = 0.0
f1, 0= 7.3091e+00
min(dx) = -1.5868499339066645e-09
max(dx) = 5.625619589111427e-10
mean(dx)= -8.029141349498877e-11
vdws = 4
atoms = 6
pairs = 14
 geom_x = 7.309072300727798
 geom_a = 0
 geom_q = 0
 geom_c = 0.0
f1, 1= 7.3091e+00
min(dx) = -7.934249669533322e-10
max(dx) = 2.8128097945557134e-10
mean(dx)= -4.014570674749438e-11
vdws = 4
atoms = 6
pairs = 14
 geom_x = 7.309072300727796
 geom_a = 0
 geom_q = 0
 geom_c = 0.0
f1, 2= 7.3091e+00
WARNING: function not minimised
                          N restraints  r.m.s.d.  r.m.s.Z  Mn(sigma)
Bond distances, non H                5     0.005    0.313      0.016
Bond angles, non H                   5     1.088    0.645      2.428
Torsion angles, period 2             1     0.000    0.000      5.000
Planar groups                        4     0.000    0.000      0.020
VDW torsion                          1     0.347    1.735      0.200



====== CYCLE 10 ======

 weight = 1.0000e+00
 geom_x = 7.309072300727796
 geom_a = 0
 geom_q = 0
 geom_c = 0.0
f0= 7.3091e+00
using cgsolve in c++, ic=False
diag(geom) min= 271.484134 max= 12249.029561
diag(all) min= 271.484134 max= 12249.029561
Trying gamma equal 0.000000
Convergence reached after 11 iterations with no gamma cycles
min(dx) = -2.5111747871537234e-09
max(dx) = 8.90248652151294e-10
mean(dx)= -1.2706042057001262e-10
vdws = 4
atoms = 6
pairs = 14
 geom_x = 7.309072300727793
 geom_a = 0
 geom_q = 0
 geom_c = 0.0
f1, 0= 7.3091e+00
                          N restraints  r.m.s.d.  r.m.s.Z  Mn(sigma)
Bond distances, non H                5     0.005    0.313      0.016
Bond angles, non H                   5     1.088    0.645      2.428
Torsion angles, period 2             1     0.000    0.000      5.000
Planar groups                        4     0.000    0.000      0.020
VDW torsion                          1     0.347    1.735      0.200


$TABLE: stats vs cycle :
$GRAPHS
: Geometry :A:1,2,4:
: Geometry Z :A:1,5,3:
$$
 Ncyc  rmsBOND  zBOND  rmsANGL  zANGL
$$
$$
    0   0.0474 2.8879   2.6727 1.0810
    1   0.0070 0.4529   1.1098 0.6540
    2   0.0053 0.3131   1.0896 0.6462
    3   0.0053 0.3130   1.0879 0.6451
    4   0.0053 0.3130   1.0879 0.6451
    5   0.0053 0.3130   1.0879 0.6451
    6   0.0053 0.3130   1.0879 0.6451
    7   0.0053 0.3130   1.0879 0.6451
    8   0.0053 0.3130   1.0879 0.6451
    9   0.0053 0.3130   1.0879 0.6451
   10   0.0053 0.3130   1.0879 0.6451
$$

Running 30 cycles with wchir=1 wvdw=2 without hydrogen
Geometry weights
vdws = 4
atoms = 6
pairs = 14
                          N restraints  r.m.s.d.  r.m.s.Z  Mn(sigma)
Bond distances, non H                5     0.005    0.313      0.016
Bond angles, non H                   5     1.088    0.645      2.428
Torsion angles, period 2             1     0.000    0.000      5.000
Planar groups                        4     0.000    0.000      0.020
VDW torsion                          1     0.347    1.735      0.200


====== CYCLE  1 ======

 weight = 1.0000e+00
 geom_x = 7.309072300727793
 geom_a = 0
 geom_q = 0
 geom_c = 0.0
f0= 7.3091e+00
using cgsolve in c++, ic=False
diag(geom) min= 271.484139 max= 12249.029559
diag(all) min= 271.484139 max= 12249.029559
Trying gamma equal 0.000000
Convergence reached after 11 iterations with no gamma cycles
min(dx) = -4.142959175763921e-10
max(dx) = 1.4687428768235442e-10
mean(dx)= -2.0962539605988132e-11
vdws = 4
atoms = 6
pairs = 14
 geom_x = 7.309072300727796
 geom_a = 0
 geom_q = 0
 geom_c = 0.0
f1, 0= 7.3091e+00
min(dx) = -2.0714795878819606e-10
max(dx) = 7.343714384117721e-11
mean(dx)= -1.0481269802994066e-11
vdws = 4
atoms = 6
pairs = 14
 geom_x = 7.309072300727793
 geom_a = 0
 geom_q = 0
 geom_c = 0.0
f1, 1= 7.3091e+00
min(dx) = -1.0357397939409803e-10
max(dx) = 3.6718571920588606e-11
mean(dx)= -5.240634901497033e-12
vdws = 4
atoms = 6
pairs = 14
 geom_x = 7.309072300727775
 geom_a = 0
 geom_q = 0
 geom_c = 0.0
f1, 2= 7.3091e+00
                          N restraints  r.m.s.d.  r.m.s.Z  Mn(sigma)
Bond distances, non H                5     0.005    0.313      0.016
Bond angles, non H                   5     1.088    0.645      2.428
Torsion angles, period 2             1     0.000    0.000      5.000
Planar groups                        4     0.000    0.000      0.020
VDW torsion                          1     0.347    1.735      0.200



====== CYCLE  2 ======

 weight = 1.0000e+00
 geom_x = 7.309072300727775
 geom_a = 0
 geom_q = 0
 geom_c = 0.0
f0= 7.3091e+00
using cgsolve in c++, ic=False
diag(geom) min= 271.484140 max= 12249.029559
diag(all) min= 271.484140 max= 12249.029559
Trying gamma equal 0.000000
Convergence reached after 11 iterations with no gamma cycles
min(dx) = -3.2781000953279637e-10
max(dx) = 1.1621368509507763e-10
mean(dx)= -1.6586582802090585e-11
vdws = 4
atoms = 6
pairs = 14
 geom_x = 7.309072300727773
 geom_a = 0
 geom_q = 0
 geom_c = 0.0
f1, 0= 7.3091e+00
                          N restraints  r.m.s.d.  r.m.s.Z  Mn(sigma)
Bond distances, non H                5     0.005    0.313      0.016
Bond angles, non H                   5     1.088    0.645      2.428
Torsion angles, period 2             1     0.000    0.000      5.000
Planar groups                        4     0.000    0.000      0.020
VDW torsion                          1     0.347    1.735      0.200



====== CYCLE  3 ======

 weight = 1.0000e+00
 geom_x = 7.309072300727773
 geom_a = 0
 geom_q = 0
 geom_c = 0.0
f0= 7.3091e+00
using cgsolve in c++, ic=False
diag(geom) min= 271.484140 max= 12249.029559
diag(all) min= 271.484140 max= 12249.029559
Trying gamma equal 0.000000
Convergence reached after 11 iterations with no gamma cycles
min(dx) = -5.408192615171713e-11
max(dx) = 1.9172887347218222e-11
mean(dx)= -2.7363962729651072e-12
vdws = 4
atoms = 6
pairs = 14
 geom_x = 7.309072300727766
 geom_a = 0
 geom_q = 0
 geom_c = 0.0
f1, 0= 7.3091e+00
                          N restraints  r.m.s.d.  r.m.s.Z  Mn(sigma)
Bond distances, non H                5     0.005    0.313      0.016
Bond angles, non H                   5     1.088    0.645      2.428
Torsion angles, period 2             1     0.000    0.000      5.000
Planar groups                        4     0.000    0.000      0.020
VDW torsion                          1     0.347    1.735      0.200



====== CYCLE  4 ======

 weight = 1.0000e+00
 geom_x = 7.309072300727766
 geom_a = 0
 geom_q = 0
 geom_c = 0.0
f0= 7.3091e+00
using cgsolve in c++, ic=False
diag(geom) min= 271.484140 max= 12249.029559
diag(all) min= 271.484140 max= 12249.029559
Trying gamma equal 0.000000
Convergence reached after 11 iterations with no gamma cycles
min(dx) = -8.922654412753232e-12
max(dx) = 3.1632489111163733e-12
mean(dx)= -4.514647120779474e-13
vdws = 4
atoms = 6
pairs = 14
 geom_x = 7.3090723007278005
 geom_a = 0
 geom_q = 0
 geom_c = 0.0
f1, 0= 7.3091e+00
min(dx) = -4.461327206376616e-12
max(dx) = 1.5816244555581866e-12
mean(dx)= -2.257323560389737e-13
vdws = 4
atoms = 6
pairs = 14
 geom_x = 7.309072300727773
 geom_a = 0
 geom_q = 0
 geom_c = 0.0
f1, 1= 7.3091e+00
min(dx) = -2.230663603188308e-12
max(dx) = 7.908122277790933e-13
mean(dx)= -1.1286617801948686e-13
vdws = 4
atoms = 6
pairs = 14
 geom_x = 7.309072300727797
 geom_a = 0
 geom_q = 0
 geom_c = 0.0
f1, 2= 7.3091e+00
WARNING: function not minimised
                          N restraints  r.m.s.d.  r.m.s.Z  Mn(sigma)
Bond distances, non H                5     0.005    0.313      0.016
Bond angles, non H                   5     1.088    0.645      2.428
Torsion angles, period 2             1     0.000    0.000      5.000
Planar groups                        4     0.000    0.000      0.020
VDW torsion                          1     0.347    1.735      0.200



====== CYCLE  5 ======

 weight = 1.0000e+00
 geom_x = 7.309072300727797
 geom_a = 0
 geom_q = 0
 geom_c = 0.0
f0= 7.3091e+00
using cgsolve in c++, ic=False
diag(geom) min= 271.484140 max= 12249.029559
diag(all) min= 271.484140 max= 12249.029559
Trying gamma equal 0.000000
Convergence reached after 11 iterations with no gamma cycles
min(dx) = -7.060491094518853e-12
max(dx) = 2.5028736850636412e-12
mean(dx)= -3.5722062885488205e-13
vdws = 4
atoms = 6
pairs = 14
 geom_x = 7.309072300727799
 geom_a = 0
 geom_q = 0
 geom_c = 0.0
f1, 0= 7.3091e+00
min(dx) = -3.5302455472594263e-12
max(dx) = 1.2514368425318206e-12
mean(dx)= -1.7861031442744103e-13
vdws = 4
atoms = 6
pairs = 14
 geom_x = 7.309072300727774
 geom_a = 0
 geom_q = 0
 geom_c = 0.0
f1, 1= 7.3091e+00
                          N restraints  r.m.s.d.  r.m.s.Z  Mn(sigma)
Bond distances, non H                5     0.005    0.313      0.016
Bond angles, non H                   5     1.088    0.645      2.428
Torsion angles, period 2             1     0.000    0.000      5.000
Planar groups                        4     0.000    0.000      0.020
VDW torsion                          1     0.347    1.735      0.200



====== CYCLE  6 ======

 weight = 1.0000e+00
 geom_x = 7.309072300727774
 geom_a = 0
 geom_q = 0
 geom_c = 0.0
f0= 7.3091e+00
using cgsolve in c++, ic=False
diag(geom) min= 271.484140 max= 12249.029559
diag(all) min= 271.484140 max= 12249.029559
Trying gamma equal 0.000000
Convergence reached after 11 iterations with no gamma cycles
min(dx) = -4.1127988032177044e-12
max(dx) = 1.4580172500642138e-12
mean(dx)= -2.0813803649952155e-13
vdws = 4
atoms = 6
pairs = 14
 geom_x = 7.309072300727792
 geom_a = 0
 geom_q = 0
 geom_c = 0.0
f1, 0= 7.3091e+00
min(dx) = -2.0563994016088522e-12
max(dx) = 7.290086250321069e-13
mean(dx)= -1.0406901824976078e-13
vdws = 4
atoms = 6
pairs = 14
 geom_x = 7.309072300727792
 geom_a = 0
 geom_q = 0
 geom_c = 0.0
f1, 1= 7.3091e+00
min(dx) = -1.0281997008044261e-12
max(dx) = 3.6450431251605346e-13
mean(dx)= -5.203450912488039e-14
vdws = 4
atoms = 6
pairs = 14
 geom_x = 7.309072300727782
 geom_a = 0
 geom_q = 0
 geom_c = 0.0
f1, 2= 7.3091e+00
WARNING: function not minimised
                          N restraints  r.m.s.d.  r.m.s.Z  Mn(sigma)
Bond distances, non H                5     0.005    0.313      0.016
Bond angles, non H                   5     1.088    0.645      2.428
Torsion angles, period 2             1     0.000    0.000      5.000
Planar groups                        4     0.000    0.000      0.020
VDW torsion                          1     0.347    1.735      0.200



====== CYCLE  7 ======

 weight = 1.0000e+00
 geom_x = 7.309072300727782
 geom_a = 0
 geom_q = 0
 geom_c = 0.0
f0= 7.3091e+00
using cgsolve in c++, ic=False
diag(geom) min= 271.484140 max= 12249.029559
diag(all) min= 271.484140 max= 12249.029559
Trying gamma equal 0.000000
Convergence reached after 11 iterations with no gamma cycles
min(dx) = -3.253610364021454e-12
max(dx) = 1.153478923307633e-12
mean(dx)= -1.6463472990046546e-13
vdws = 4
atoms = 6
pairs = 14
 geom_x = 7.3090723007277845
 geom_a = 0
 geom_q = 0
 geom_c = 0.0
f1, 0= 7.3091e+00
min(dx) = -1.626805182010727e-12
max(dx) = 5.767394616538165e-13
mean(dx)= -8.231736495023273e-14
vdws = 4
atoms = 6
pairs = 14
 geom_x = 7.309072300727783
 geom_a = 0
 geom_q = 0
 geom_c = 0.0
f1, 1= 7.3091e+00
min(dx) = -8.134025910053635e-13
max(dx) = 2.8836973082690823e-13
mean(dx)= -4.1158682475116366e-14
vdws = 4
atoms = 6
pairs = 14
 geom_x = 7.309072300727773
 geom_a = 0
 geom_q = 0
 geom_c = 0.0
f1, 2= 7.3091e+00
                          N restraints  r.m.s.d.  r.m.s.Z  Mn(sigma)
Bond distances, non H                5     0.005    0.313      0.016
Bond angles, non H                   5     1.088    0.645      2.428
Torsion angles, period 2             1     0.000    0.000      5.000
Planar groups                        4     0.000    0.000      0.020
VDW torsion                          1     0.347    1.735      0.200



====== CYCLE  8 ======

 weight = 1.0000e+00
 geom_x = 7.309072300727773
 geom_a = 0
 geom_q = 0
 geom_c = 0.0
f0= 7.3091e+00
using cgsolve in c++, ic=False
diag(geom) min= 271.484140 max= 12249.029559
diag(all) min= 271.484140 max= 12249.029559
Trying gamma equal 0.000000
Convergence reached after 11 iterations with no gamma cycles
min(dx) = -2.5749886649643077e-12
max(dx) = 9.127629009283359e-13
mean(dx)= -1.302743297950911e-13
vdws = 4
atoms = 6
pairs = 14
 geom_x = 7.309072300727787
 geom_a = 0
 geom_q = 0
 geom_c = 0.0
f1, 0= 7.3091e+00
min(dx) = -1.2874943324821539e-12
max(dx) = 4.563814504641679e-13
mean(dx)= -6.513716489754555e-14
vdws = 4
atoms = 6
pairs = 14
 geom_x = 7.309072300727782
 geom_a = 0
 geom_q = 0
 geom_c = 0.0
f1, 1= 7.3091e+00
min(dx) = -6.437471662410769e-13
max(dx) = 2.2819072523208396e-13
mean(dx)= -3.2568582448772774e-14
vdws = 4
atoms = 6
pairs = 14
 geom_x = 7.309072300727795
 geom_a = 0
 geom_q = 0
 geom_c = 0.0
f1, 2= 7.3091e+00
WARNING: function not minimised
                          N restraints  r.m.s.d.  r.m.s.Z  Mn(sigma)
Bond distances, non H                5     0.005    0.313      0.016
Bond angles, non H                   5     1.088    0.645      2.428
Torsion angles, period 2             1     0.000    0.000      5.000
Planar groups                        4     0.000    0.000      0.020
VDW torsion                          1     0.347    1.735      0.200



====== CYCLE  9 ======

 weight = 1.0000e+00
 geom_x = 7.309072300727795
 geom_a = 0
 geom_q = 0
 geom_c = 0.0
f0= 7.3091e+00
using cgsolve in c++, ic=False
diag(geom) min= 271.484140 max= 12249.029559
diag(all) min= 271.484140 max= 12249.029559
Trying gamma equal 0.000000
Convergence reached after 11 iterations with no gamma cycles
min(dx) = -2.037568127952684e-12
max(dx) = 7.220152569873022e-13
mean(dx)= -1.0315504204670754e-13
vdws = 4
atoms = 6
pairs = 14
 geom_x = 7.309072300727793
 geom_a = 0
 geom_q = 0
 geom_c = 0.0
f1, 0= 7.3091e+00
                          N restraints  r.m.s.d.  r.m.s.Z  Mn(sigma)
Bond distances, non H                5     0.005    0.313      0.016
Bond angles, non H                   5     1.088    0.645      2.428
Torsion angles, period 2             1     0.000    0.000      5.000
Planar groups                        4     0.000    0.000      0.020
VDW torsion                          1     0.347    1.735      0.200



====== CYCLE 10 ======

 weight = 1.0000e+00
 geom_x = 7.309072300727793
 geom_a = 0
 geom_q = 0
 geom_c = 0.0
f0= 7.3091e+00
using cgsolve in c++, ic=False
diag(geom) min= 271.484140 max= 12249.029559
diag(all) min= 271.484140 max= 12249.029559
Trying gamma equal 0.000000
Convergence reached after 11 iterations with no gamma cycles
min(dx) = -3.3584669056824077e-13
max(dx) = 1.191962024408153e-13
mean(dx)= -1.6947417575794233e-14
vdws = 4
atoms = 6
pairs = 14
 geom_x = 7.309072300727782
 geom_a = 0
 geom_q = 0
 geom_c = 0.0
f1, 0= 7.3091e+00
                          N restraints  r.m.s.d.  r.m.s.Z  Mn(sigma)
Bond distances, non H                5     0.005    0.313      0.016
Bond angles, non H                   5     1.088    0.645      2.428
Torsion angles, period 2             1     0.000    0.000      5.000
Planar groups                        4     0.000    0.000      0.020
VDW torsion                          1     0.347    1.735      0.200



====== CYCLE 11 ======

 weight = 1.0000e+00
 geom_x = 7.309072300727782
 geom_a = 0
 geom_q = 0
 geom_c = 0.0
f0= 7.3091e+00
using cgsolve in c++, ic=False
diag(geom) min= 271.484140 max= 12249.029559
diag(all) min= 271.484140 max= 12249.029559
Trying gamma equal 0.000000
Not converging with gamma equal 0.000000
Trying gamma equal 0.052500
Gamma decreased to 0.042000
min(dx) = -4.8090311244911644e-14
max(dx) = 1.7598612584303393e-14
mean(dx)= -2.3091108266717647e-15
vdws = 4
atoms = 6
pairs = 14
 geom_x = 7.309072300727777
 geom_a = 0
 geom_q = 0
 geom_c = 0.0
f1, 0= 7.3091e+00
                          N restraints  r.m.s.d.  r.m.s.Z  Mn(sigma)
Bond distances, non H                5     0.005    0.313      0.016
Bond angles, non H                   5     1.088    0.645      2.428
Torsion angles, period 2             1     0.000    0.000      5.000
Planar groups                        4     0.000    0.000      0.020
VDW torsion                          1     0.347    1.735      0.200



====== CYCLE 12 ======

 weight = 1.0000e+00
 geom_x = 7.309072300727777
 geom_a = 0
 geom_q = 0
 geom_c = 0.0
f0= 7.3091e+00
using cgsolve in c++, ic=False
diag(geom) min= 271.484140 max= 12249.029559
diag(all) min= 271.484140 max= 12249.029559
Trying gamma equal 0.042000
Convergence reached after 12 iterations with no gamma cycles
min(dx) = -1.3925920926558337e-14
max(dx) = 4.729996130189805e-15
mean(dx)= -7.862421378376479e-16
vdws = 4
atoms = 6
pairs = 14
 geom_x = 7.30907230072779
 geom_a = 0
 geom_q = 0
 geom_c = 0.0
f1, 0= 7.3091e+00
min(dx) = -6.962960463279168e-15
max(dx) = 2.3649980650949027e-15
mean(dx)= -3.9312106891882395e-16
vdws = 4
atoms = 6
pairs = 14
 geom_x = 7.309072300727772
 geom_a = 0
 geom_q = 0
 geom_c = 0.0
f1, 1= 7.3091e+00
                          N restraints  r.m.s.d.  r.m.s.Z  Mn(sigma)
Bond distances, non H                5     0.005    0.313      0.016
Bond angles, non H                   5     1.088    0.645      2.428
Torsion angles, period 2             1     0.000    0.000      5.000
Planar groups                        4     0.000    0.000      0.020
VDW torsion                          1     0.347    1.735      0.200



====== CYCLE 13 ======

 weight = 1.0000e+00
 geom_x = 7.309072300727772
 geom_a = 0
 geom_q = 0
 geom_c = 0.0
f0= 7.3091e+00
using cgsolve in c++, ic=False
diag(geom) min= 271.484140 max= 12249.029559
diag(all) min= 271.484140 max= 12249.029559
Trying gamma equal 0.042000
Convergence reached after 12 iterations with no gamma cycles
min(dx) = -8.64423107544111e-15
max(dx) = 2.7869491735833295e-15
mean(dx)= -5.135759187476276e-16
vdws = 4
atoms = 6
pairs = 14
 geom_x = 7.309072300727784
 geom_a = 0
 geom_q = 0
 geom_c = 0.0
f1, 0= 7.3091e+00
min(dx) = -4.322115537720555e-15
max(dx) = 1.3934745867916647e-15
mean(dx)= -2.567879593738138e-16
vdws = 4
atoms = 6
pairs = 14
 geom_x = 7.309072300727795
 geom_a = 0
 geom_q = 0
 geom_c = 0.0
f1, 1= 7.3091e+00
min(dx) = -2.1610577688602775e-15
max(dx) = 6.967372933958324e-16
mean(dx)= -1.283939796869069e-16
vdws = 4
atoms = 6
pairs = 14
 geom_x = 7.309072300727779
 geom_a = 0
 geom_q = 0
 geom_c = 0.0
f1, 2= 7.3091e+00
WARNING: function not minimised
                          N restraints  r.m.s.d.  r.m.s.Z  Mn(sigma)
Bond distances, non H                5     0.005    0.313      0.016
Bond angles, non H                   5     1.088    0.645      2.428
Torsion angles, period 2             1     0.000    0.000      5.000
Planar groups                        4     0.000    0.000      0.020
VDW torsion                          1     0.347    1.735      0.200



====== CYCLE 14 ======

 weight = 1.0000e+00
 geom_x = 7.309072300727779
 geom_a = 0
 geom_q = 0
 geom_c = 0.0
f0= 7.3091e+00
using cgsolve in c++, ic=False
diag(geom) min= 271.484140 max= 12249.029559
diag(all) min= 271.484140 max= 12249.029559
Trying gamma equal 0.042000
Convergence reached after 12 iterations with no gamma cycles
min(dx) = -6.918125657723138e-15
max(dx) = 2.0936705783658544e-15
mean(dx)= -4.388845241141049e-16
vdws = 4
atoms = 6
pairs = 14
 geom_x = 7.309072300727774
 geom_a = 0
 geom_q = 0
 geom_c = 0.0
f1, 0= 7.3091e+00
                          N restraints  r.m.s.d.  r.m.s.Z  Mn(sigma)
Bond distances, non H                5     0.005    0.313      0.016
Bond angles, non H                   5     1.088    0.645      2.428
Torsion angles, period 2             1     0.000    0.000      5.000
Planar groups                        4     0.000    0.000      0.020
VDW torsion                          1     0.347    1.735      0.200



====== CYCLE 15 ======

 weight = 1.0000e+00
 geom_x = 7.309072300727774
 geom_a = 0
 geom_q = 0
 geom_c = 0.0
f0= 7.3091e+00
using cgsolve in c++, ic=False
diag(geom) min= 271.484140 max= 12249.029559
diag(all) min= 271.484140 max= 12249.029559
Trying gamma equal 0.042000
Convergence reached after 12 iterations with no gamma cycles
min(dx) = -1.5975813579556279e-15
max(dx) = 4.560053077818044e-16
mean(dx)= -8.161478923151433e-17
vdws = 4
atoms = 6
pairs = 14
 geom_x = 7.309072300727783
 geom_a = 0
 geom_q = 0
 geom_c = 0.0
f1, 0= 7.3091e+00
min(dx) = -7.987906789778139e-16
max(dx) = 2.280026538909022e-16
mean(dx)= -4.0807394615757167e-17
vdws = 4
atoms = 6
pairs = 14
 geom_x = 7.30907230072779
 geom_a = 0
 geom_q = 0
 geom_c = 0.0
f1, 1= 7.3091e+00
min(dx) = -3.9939533948890697e-16
max(dx) = 1.140013269454511e-16
mean(dx)= -2.0403697307878583e-17
vdws = 4
atoms = 6
pairs = 14
 geom_x = 7.309072300727769
 geom_a = 0
 geom_q = 0
 geom_c = 0.0
f1, 2= 7.3091e+00
                          N restraints  r.m.s.d.  r.m.s.Z  Mn(sigma)
Bond distances, non H                5     0.005    0.313      0.016
Bond angles, non H                   5     1.088    0.645      2.428
Torsion angles, period 2             1     0.000    0.000      5.000
Planar groups                        4     0.000    0.000      0.020
VDW torsion                          1     0.347    1.735      0.200



====== CYCLE 16 ======

 weight = 1.0000e+00
 geom_x = 7.309072300727769
 geom_a = 0
 geom_q = 0
 geom_c = 0.0
f0= 7.3091e+00
using cgsolve in c++, ic=False
diag(geom) min= 271.484140 max= 12249.029559
diag(all) min= 271.484140 max= 12249.029559
Trying gamma equal 0.042000
Convergence reached after 12 iterations with no gamma cycles
min(dx) = -1.3264698082343047e-15
max(dx) = 6.494915360685835e-16
mean(dx)= -6.589120553549239e-17
vdws = 4
atoms = 6
pairs = 14
 geom_x = 7.309072300727792
 geom_a = 0
 geom_q = 0
 geom_c = 0.0
f1, 0= 7.3091e+00
min(dx) = -6.632349041171524e-16
max(dx) = 3.2474576803429177e-16
mean(dx)= -3.2945602767746196e-17
vdws = 4
atoms = 6
pairs = 14
 geom_x = 7.30907230072777
 geom_a = 0
 geom_q = 0
 geom_c = 0.0
f1, 1= 7.3091e+00
min(dx) = -3.316174520585762e-16
max(dx) = 1.6237288401714588e-16
mean(dx)= -1.6472801383873098e-17
vdws = 4
atoms = 6
pairs = 14
 geom_x = 7.309072300727762
 geom_a = 0
 geom_q = 0
 geom_c = 0.0
f1, 2= 7.3091e+00
                          N restraints  r.m.s.d.  r.m.s.Z  Mn(sigma)
Bond distances, non H                5     0.005    0.313      0.016
Bond angles, non H                   5     1.088    0.645      2.428
Torsion angles, period 2             1     0.000    0.000      5.000
Planar groups                        4     0.000    0.000      0.020
VDW torsion                          1     0.347    1.735      0.200



====== CYCLE 17 ======

 weight = 1.0000e+00
 geom_x = 7.309072300727762
 geom_a = 0
 geom_q = 0
 geom_c = 0.0
f0= 7.3091e+00
using cgsolve in c++, ic=False
diag(geom) min= 271.484140 max= 12249.029559
diag(all) min= 271.484140 max= 12249.029559
Trying gamma equal 0.042000
Convergence reached after 12 iterations with no gamma cycles
min(dx) = -1.1148879341864892e-15
max(dx) = 4.716165007216065e-16
mean(dx)= -5.549848628248537e-17
vdws = 4
atoms = 6
pairs = 14
 geom_x = 7.309072300727796
 geom_a = 0
 geom_q = 0
 geom_c = 0.0
f1, 0= 7.3091e+00
min(dx) = -5.574439670932446e-16
max(dx) = 2.3580825036080323e-16
mean(dx)= -2.7749243141242685e-17
vdws = 4
atoms = 6
pairs = 14
 geom_x = 7.309072300727762
 geom_a = 0
 geom_q = 0
 geom_c = 0.0
f1, 1= 7.3091e+00
min(dx) = -2.787219835466223e-16
max(dx) = 1.1790412518040162e-16
mean(dx)= -1.3874621570621342e-17
vdws = 4
atoms = 6
pairs = 14
 geom_x = 7.309072300727762
 geom_a = 0
 geom_q = 0
 geom_c = 0.0
f1, 2= 7.3091e+00
WARNING: function not minimised
                          N restraints  r.m.s.d.  r.m.s.Z  Mn(sigma)
Bond distances, non H                5     0.005    0.313      0.016
Bond angles, non H                   5     1.088    0.645      2.428
Torsion angles, period 2             1     0.000    0.000      5.000
Planar groups                        4     0.000    0.000      0.020
VDW torsion                          1     0.347    1.735      0.200



====== CYCLE 18 ======

 weight = 1.0000e+00
 geom_x = 7.309072300727762
 geom_a = 0
 geom_q = 0
 geom_c = 0.0
f0= 7.3091e+00
using cgsolve in c++, ic=False
diag(geom) min= 271.484140 max= 12249.029559
diag(all) min= 271.484140 max= 12249.029559
Trying gamma equal 0.042000
Convergence reached after 12 iterations with no gamma cycles
min(dx) = -9.31488354701296e-16
max(dx) = 3.031883027878119e-16
mean(dx)= -4.56785393866869e-17
vdws = 4
atoms = 6
pairs = 14
 geom_x = 7.309072300727796
 geom_a = 0
 geom_q = 0
 geom_c = 0.0
f1, 0= 7.3091e+00
min(dx) = -4.65744177350648e-16
max(dx) = 1.5159415139390596e-16
mean(dx)= -2.283926969334345e-17
vdws = 4
atoms = 6
pairs = 14
 geom_x = 7.309072300727798
 geom_a = 0
 geom_q = 0
 geom_c = 0.0
f1, 1= 7.3091e+00
min(dx) = -2.32872088675324e-16
max(dx) = 7.579707569695298e-17
mean(dx)= -1.1419634846671725e-17
vdws = 4
atoms = 6
pairs = 14
 geom_x = 7.309072300727758
 geom_a = 0
 geom_q = 0
 geom_c = 0.0
f1, 2= 7.3091e+00
                          N restraints  r.m.s.d.  r.m.s.Z  Mn(sigma)
Bond distances, non H                5     0.005    0.313      0.016
Bond angles, non H                   5     1.088    0.645      2.428
Torsion angles, period 2             1     0.000    0.000      5.000
Planar groups                        4     0.000    0.000      0.020
VDW torsion                          1     0.347    1.735      0.200



====== CYCLE 19 ======

 weight = 1.0000e+00
 geom_x = 7.309072300727758
 geom_a = 0
 geom_q = 0
 geom_c = 0.0
f0= 7.3091e+00
using cgsolve in c++, ic=False
diag(geom) min= 271.484140 max= 12249.029559
diag(all) min= 271.484140 max= 12249.029559
Trying gamma equal 0.042000
Convergence reached after 12 iterations with no gamma cycles
min(dx) = -9.700097635516841e-16
max(dx) = 3.054282770528037e-16
mean(dx)= -4.736082696296944e-17
vdws = 4
atoms = 6
pairs = 14
 geom_x = 7.309072300727786
 geom_a = 0
 geom_q = 0
 geom_c = 0.0
f1, 0= 7.3091e+00
min(dx) = -4.850048817758421e-16
max(dx) = 1.5271413852640185e-16
mean(dx)= -2.368041348148472e-17
vdws = 4
atoms = 6
pairs = 14
 geom_x = 7.309072300727778
 geom_a = 0
 geom_q = 0
 geom_c = 0.0
f1, 1= 7.3091e+00
min(dx) = -2.4250244088792103e-16
max(dx) = 7.635706926320093e-17
mean(dx)= -1.184020674074236e-17
vdws = 4
atoms = 6
pairs = 14
 geom_x = 7.309072300727778
 geom_a = 0
 geom_q = 0
 geom_c = 0.0
f1, 2= 7.3091e+00
WARNING: function not minimised
                          N restraints  r.m.s.d.  r.m.s.Z  Mn(sigma)
Bond distances, non H                5     0.005    0.313      0.016
Bond angles, non H                   5     1.088    0.645      2.428
Torsion angles, period 2             1     0.000    0.000      5.000
Planar groups                        4     0.000    0.000      0.020
VDW torsion                          1     0.347    1.735      0.200



====== CYCLE 20 ======

 weight = 1.0000e+00
 geom_x = 7.309072300727778
 geom_a = 0
 geom_q = 0
 geom_c = 0.0
f0= 7.3091e+00
using cgsolve in c++, ic=False
diag(geom) min= 271.484140 max= 12249.029559
diag(all) min= 271.484140 max= 12249.029559
Trying gamma equal 0.042000
Convergence reached after 12 iterations with no gamma cycles
min(dx) = -6.536710637647716e-16
max(dx) = 3.0168618049895415e-16
mean(dx)= -3.3751954665111554e-17
vdws = 4
atoms = 6
pairs = 14
 geom_x = 7.309072300727779
 geom_a = 0
 geom_q = 0
 geom_c = 0.0
f1, 0= 7.3091e+00
min(dx) = -3.268355318823858e-16
max(dx) = 1.5084309024947708e-16
mean(dx)= -1.6875977332555777e-17
vdws = 4
atoms = 6
pairs = 14
 geom_x = 7.309072300727783
 geom_a = 0
 geom_q = 0
 geom_c = 0.0
f1, 1= 7.3091e+00
min(dx) = -1.634177659411929e-16
max(dx) = 7.542154512473854e-17
mean(dx)= -8.437988666277888e-18
vdws = 4
atoms = 6
pairs = 14
 geom_x = 7.3090723007277845
 geom_a = 0
 geom_q = 0
 geom_c = 0.0
f1, 2= 7.3091e+00
WARNING: function not minimised
                          N restraints  r.m.s.d.  r.m.s.Z  Mn(sigma)
Bond distances, non H                5     0.005    0.313      0.016
Bond angles, non H                   5     1.088    0.645      2.428
Torsion angles, period 2             1     0.000    0.000      5.000
Planar groups                        4     0.000    0.000      0.020
VDW torsion                          1     0.347    1.735      0.200



====== CYCLE 21 ======

 weight = 1.0000e+00
 geom_x = 7.3090723007277845
 geom_a = 0
 geom_q = 0
 geom_c = 0.0
f0= 7.3091e+00
using cgsolve in c++, ic=False
diag(geom) min= 271.484140 max= 12249.029559
diag(all) min= 271.484140 max= 12249.029559
Trying gamma equal 0.042000
Convergence reached after 12 iterations with no gamma cycles
min(dx) = -7.229629860694562e-16
max(dx) = 1.2936784094498192e-16
mean(dx)= -5.4191327591477285e-17
vdws = 4
atoms = 6
pairs = 14
 geom_x = 7.309072300727782
 geom_a = 0
 geom_q = 0
 geom_c = 0.0
f1, 0= 7.3091e+00
                          N restraints  r.m.s.d.  r.m.s.Z  Mn(sigma)
Bond distances, non H                5     0.005    0.313      0.016
Bond angles, non H                   5     1.088    0.645      2.428
Torsion angles, period 2             1     0.000    0.000      5.000
Planar groups                        4     0.000    0.000      0.020
VDW torsion                          1     0.347    1.735      0.200



====== CYCLE 22 ======

 weight = 1.0000e+00
 geom_x = 7.309072300727782
 geom_a = 0
 geom_q = 0
 geom_c = 0.0
f0= 7.3091e+00
using cgsolve in c++, ic=False
diag(geom) min= 271.484140 max= 12249.029559
diag(all) min= 271.484140 max= 12249.029559
Trying gamma equal 0.042000
Convergence reached after 12 iterations with no gamma cycles
min(dx) = -2.578469752883028e-16
max(dx) = 2.6377725080170003e-16
mean(dx)= 1.1163710250548423e-17
vdws = 4
atoms = 6
pairs = 14
 geom_x = 7.309072300727793
 geom_a = 0
 geom_q = 0
 geom_c = 0.0
f1, 0= 7.3091e+00
min(dx) = -1.289234876441514e-16
max(dx) = 1.3188862540085002e-16
mean(dx)= 5.581855125274212e-18
vdws = 4
atoms = 6
pairs = 14
 geom_x = 7.309072300727786
 geom_a = 0
 geom_q = 0
 geom_c = 0.0
f1, 1= 7.3091e+00
min(dx) = -6.44617438220757e-17
max(dx) = 6.594431270042501e-17
mean(dx)= 2.790927562637106e-18
vdws = 4
atoms = 6
pairs = 14
 geom_x = 7.309072300727786
 geom_a = 0
 geom_q = 0
 geom_c = 0.0
f1, 2= 7.3091e+00
WARNING: function not minimised
                          N restraints  r.m.s.d.  r.m.s.Z  Mn(sigma)
Bond distances, non H                5     0.005    0.313      0.016
Bond angles, non H                   5     1.088    0.645      2.428
Torsion angles, period 2             1     0.000    0.000      5.000
Planar groups                        4     0.000    0.000      0.020
VDW torsion                          1     0.347    1.735      0.200



====== CYCLE 23 ======

 weight = 1.0000e+00
 geom_x = 7.309072300727786
 geom_a = 0
 geom_q = 0
 geom_c = 0.0
f0= 7.3091e+00
using cgsolve in c++, ic=False
diag(geom) min= 271.484140 max= 12249.029559
diag(all) min= 271.484140 max= 12249.029559
Trying gamma equal 0.042000
Convergence reached after 12 iterations with no gamma cycles
min(dx) = -2.3160372380570825e-16
max(dx) = 2.0441006981043595e-16
mean(dx)= -1.176031406089733e-17
vdws = 4
atoms = 6
pairs = 14
 geom_x = 7.3090723007277845
 geom_a = 0
 geom_q = 0
 geom_c = 0.0
f1, 0= 7.3091e+00
                          N restraints  r.m.s.d.  r.m.s.Z  Mn(sigma)
Bond distances, non H                5     0.005    0.313      0.016
Bond angles, non H                   5     1.088    0.645      2.428
Torsion angles, period 2             1     0.000    0.000      5.000
Planar groups                        4     0.000    0.000      0.020
VDW torsion                          1     0.347    1.735      0.200



====== CYCLE 24 ======

 weight = 1.0000e+00
 geom_x = 7.3090723007277845
 geom_a = 0
 geom_q = 0
 geom_c = 0.0
f0= 7.3091e+00
using cgsolve in c++, ic=False
diag(geom) min= 271.484140 max= 12249.029559
diag(all) min= 271.484140 max= 12249.029559
Trying gamma equal 0.042000
Convergence reached after 12 iterations with no gamma cycles
min(dx) = -2.0306623362265406e-16
max(dx) = 1.2595967688380272e-16
mean(dx)= -1.461645667596388e-17
vdws = 4
atoms = 6
pairs = 14
 geom_x = 7.309072300727795
 geom_a = 0
 geom_q = 0
 geom_c = 0.0
f1, 0= 7.3091e+00
min(dx) = -1.0153311681132703e-16
max(dx) = 6.297983844190136e-17
mean(dx)= -7.30822833798194e-18
vdws = 4
atoms = 6
pairs = 14
 geom_x = 7.3090723007277845
 geom_a = 0
 geom_q = 0
 geom_c = 0.0
f1, 1= 7.3091e+00
min(dx) = -5.0766558405663516e-17
max(dx) = 3.148991922095068e-17
mean(dx)= -3.65411416899097e-18
vdws = 4
atoms = 6
pairs = 14
 geom_x = 7.3090723007277845
 geom_a = 0
 geom_q = 0
 geom_c = 0.0
f1, 2= 7.3091e+00
WARNING: function not minimised
                          N restraints  r.m.s.d.  r.m.s.Z  Mn(sigma)
Bond distances, non H                5     0.005    0.313      0.016
Bond angles, non H                   5     1.088    0.645      2.428
Torsion angles, period 2             1     0.000    0.000      5.000
Planar groups                        4     0.000    0.000      0.020
VDW torsion                          1     0.347    1.735      0.200



====== CYCLE 25 ======

 weight = 1.0000e+00
 geom_x = 7.3090723007277845
 geom_a = 0
 geom_q = 0
 geom_c = 0.0
f0= 7.3091e+00
using cgsolve in c++, ic=False
diag(geom) min= 271.484140 max= 12249.029559
diag(all) min= 271.484140 max= 12249.029559
Trying gamma equal 0.042000
Convergence reached after 11 iterations with no gamma cycles
min(dx) = -1.8787045932617446e-16
max(dx) = 1.1898154166576032e-16
mean(dx)= -1.6515749171521335e-17
vdws = 4
atoms = 6
pairs = 14
 geom_x = 7.309072300727795
 geom_a = 0
 geom_q = 0
 geom_c = 0.0
f1, 0= 7.3091e+00
min(dx) = -9.393522966308723e-17
max(dx) = 5.949077083288016e-17
mean(dx)= -8.257874585760667e-18
vdws = 4
atoms = 6
pairs = 14
 geom_x = 7.3090723007277845
 geom_a = 0
 geom_q = 0
 geom_c = 0.0
f1, 1= 7.3091e+00
min(dx) = -4.6967614831543616e-17
max(dx) = 2.974538541644008e-17
mean(dx)= -4.128937292880334e-18
vdws = 4
atoms = 6
pairs = 14
 geom_x = 7.3090723007277845
 geom_a = 0
 geom_q = 0
 geom_c = 0.0
f1, 2= 7.3091e+00
WARNING: function not minimised
                          N restraints  r.m.s.d.  r.m.s.Z  Mn(sigma)
Bond distances, non H                5     0.005    0.313      0.016
Bond angles, non H                   5     1.088    0.645      2.428
Torsion angles, period 2             1     0.000    0.000      5.000
Planar groups                        4     0.000    0.000      0.020
VDW torsion                          1     0.347    1.735      0.200



====== CYCLE 26 ======

 weight = 1.0000e+00
 geom_x = 7.3090723007277845
 geom_a = 0
 geom_q = 0
 geom_c = 0.0
f0= 7.3091e+00
using cgsolve in c++, ic=False
diag(geom) min= 271.484140 max= 12249.029559
diag(all) min= 271.484140 max= 12249.029559
Trying gamma equal 0.042000
Convergence reached after 12 iterations with no gamma cycles
min(dx) = -3.954024014648785e-16
max(dx) = 1.186180188301576e-16
mean(dx)= -3.1443585248558424e-17
vdws = 4
atoms = 6
pairs = 14
 geom_x = 7.309072300727795
 geom_a = 0
 geom_q = 0
 geom_c = 0.0
f1, 0= 7.3091e+00
min(dx) = -1.9770120073243925e-16
max(dx) = 5.93090094150788e-17
mean(dx)= -1.5721792624279212e-17
vdws = 4
atoms = 6
pairs = 14
 geom_x = 7.309072300727775
 geom_a = 0
 geom_q = 0
 geom_c = 0.0
f1, 1= 7.3091e+00
                          N restraints  r.m.s.d.  r.m.s.Z  Mn(sigma)
Bond distances, non H                5     0.005    0.313      0.016
Bond angles, non H                   5     1.088    0.645      2.428
Torsion angles, period 2             1     0.000    0.000      5.000
Planar groups                        4     0.000    0.000      0.020
VDW torsion                          1     0.347    1.735      0.200



====== CYCLE 27 ======

 weight = 1.0000e+00
 geom_x = 7.309072300727775
 geom_a = 0
 geom_q = 0
 geom_c = 0.0
f0= 7.3091e+00
using cgsolve in c++, ic=False
diag(geom) min= 271.484140 max= 12249.029559
diag(all) min= 271.484140 max= 12249.029559
Trying gamma equal 0.042000
Convergence reached after 12 iterations with no gamma cycles
min(dx) = -2.0507053785371362e-16
max(dx) = 2.596313865777328e-16
mean(dx)= 1.4616005767066998e-17
vdws = 4
atoms = 6
pairs = 14
 geom_x = 7.309072300727804
 geom_a = 0
 geom_q = 0
 geom_c = 0.0
f1, 0= 7.3091e+00
min(dx) = -1.0253526892685681e-16
max(dx) = 1.298156932888664e-16
mean(dx)= 7.308002883533499e-18
vdws = 4
atoms = 6
pairs = 14
 geom_x = 7.309072300727777
 geom_a = 0
 geom_q = 0
 geom_c = 0.0
f1, 1= 7.3091e+00
min(dx) = -5.1267634463428405e-17
max(dx) = 6.49078466444332e-17
mean(dx)= 3.6540014417667494e-18
vdws = 4
atoms = 6
pairs = 14
 geom_x = 7.309072300727775
 geom_a = 0
 geom_q = 0
 geom_c = 0.0
f1, 2= 7.3091e+00
WARNING: function not minimised
                          N restraints  r.m.s.d.  r.m.s.Z  Mn(sigma)
Bond distances, non H                5     0.005    0.313      0.016
Bond angles, non H                   5     1.088    0.645      2.428
Torsion angles, period 2             1     0.000    0.000      5.000
Planar groups                        4     0.000    0.000      0.020
VDW torsion                          1     0.347    1.735      0.200



====== CYCLE 28 ======

 weight = 1.0000e+00
 geom_x = 7.309072300727775
 geom_a = 0
 geom_q = 0
 geom_c = 0.0
f0= 7.3091e+00
using cgsolve in c++, ic=False
diag(geom) min= 271.484140 max= 12249.029559
diag(all) min= 271.484140 max= 12249.029559
Trying gamma equal 0.042000
Convergence reached after 12 iterations with no gamma cycles
min(dx) = -2.8044797309816317e-16
max(dx) = 1.5004141555559425e-16
mean(dx)= -2.1441202514428644e-17
vdws = 4
atoms = 6
pairs = 14
 geom_x = 7.309072300727793
 geom_a = 0
 geom_q = 0
 geom_c = 0.0
f1, 0= 7.3091e+00
min(dx) = -1.4022398654908159e-16
max(dx) = 7.502070777779713e-17
mean(dx)= -1.0720601257214322e-17
vdws = 4
atoms = 6
pairs = 14
 geom_x = 7.309072300727779
 geom_a = 0
 geom_q = 0
 geom_c = 0.0
f1, 1= 7.3091e+00
min(dx) = -7.011199327454079e-17
max(dx) = 3.7510353888898563e-17
mean(dx)= -5.360300628607161e-18
vdws = 4
atoms = 6
pairs = 14
 geom_x = 7.309072300727795
 geom_a = 0
 geom_q = 0
 geom_c = 0.0
f1, 2= 7.3091e+00
WARNING: function not minimised
                          N restraints  r.m.s.d.  r.m.s.Z  Mn(sigma)
Bond distances, non H                5     0.005    0.313      0.016
Bond angles, non H                   5     1.088    0.645      2.428
Torsion angles, period 2             1     0.000    0.000      5.000
Planar groups                        4     0.000    0.000      0.020
VDW torsion                          1     0.347    1.735      0.200



====== CYCLE 29 ======

 weight = 1.0000e+00
 geom_x = 7.309072300727795
 geom_a = 0
 geom_q = 0
 geom_c = 0.0
f0= 7.3091e+00
using cgsolve in c++, ic=False
diag(geom) min= 271.484140 max= 12249.029559
diag(all) min= 271.484140 max= 12249.029559
Trying gamma equal 0.042000
Convergence reached after 12 iterations with no gamma cycles
min(dx) = -2.658764786423222e-16
max(dx) = 2.7093495007681163e-16
mean(dx)= -1.4213952530003235e-17
vdws = 4
atoms = 6
pairs = 14
 geom_x = 7.30907230072779
 geom_a = 0
 geom_q = 0
 geom_c = 0.0
f1, 0= 7.3091e+00
                          N restraints  r.m.s.d.  r.m.s.Z  Mn(sigma)
Bond distances, non H                5     0.005    0.313      0.016
Bond angles, non H                   5     1.088    0.645      2.428
Torsion angles, period 2             1     0.000    0.000      5.000
Planar groups                        4     0.000    0.000      0.020
VDW torsion                          1     0.347    1.735      0.200



====== CYCLE 30 ======

 weight = 1.0000e+00
 geom_x = 7.30907230072779
 geom_a = 0
 geom_q = 0
 geom_c = 0.0
f0= 7.3091e+00
using cgsolve in c++, ic=False
diag(geom) min= 271.484140 max= 12249.029559
diag(all) min= 271.484140 max= 12249.029559
Trying gamma equal 0.042000
Convergence reached after 12 iterations with no gamma cycles
min(dx) = -2.4573914760831966e-16
max(dx) = 3.5710394609209446e-16
mean(dx)= 1.2127232346751479e-17
vdws = 4
atoms = 6
pairs = 14
 geom_x = 7.30907230072779
 geom_a = 0
 geom_q = 0
 geom_c = 0.0
f1, 0= 7.3091e+00
min(dx) = -1.2286957380415983e-16
max(dx) = 1.7855197304604723e-16
mean(dx)= 6.063616173375739e-18
vdws = 4
atoms = 6
pairs = 14
 geom_x = 7.3090723007278084
 geom_a = 0
 geom_q = 0
 geom_c = 0.0
f1, 1= 7.3091e+00
min(dx) = -6.143478690207991e-17
max(dx) = 8.927598652302361e-17
mean(dx)= 3.0318080866878697e-18
vdws = 4
atoms = 6
pairs = 14
 geom_x = 7.30907230072779
 geom_a = 0
 geom_q = 0
 geom_c = 0.0
f1, 2= 7.3091e+00
WARNING: function not minimised
                          N restraints  r.m.s.d.  r.m.s.Z  Mn(sigma)
Bond distances, non H                5     0.005    0.313      0.016
Bond angles, non H                   5     1.088    0.645      2.428
Torsion angles, period 2             1     0.000    0.000      5.000
Planar groups                        4     0.000    0.000      0.020
VDW torsion                          1     0.347    1.735      0.200


$TABLE: stats vs cycle :
$GRAPHS
: Geometry :A:1,2,4:
: Geometry Z :A:1,5,3:
$$
 Ncyc  rmsBOND  zBOND  rmsANGL  zANGL
$$
$$
    0   0.0053 0.3130   1.0879 0.6451
    1   0.0053 0.3130   1.0879 0.6451
    2   0.0053 0.3130   1.0879 0.6451
    3   0.0053 0.3130   1.0879 0.6451
    4   0.0053 0.3130   1.0879 0.6451
    5   0.0053 0.3130   1.0879 0.6451
    6   0.0053 0.3130   1.0879 0.6451
    7   0.0053 0.3130   1.0879 0.6451
    8   0.0053 0.3130   1.0879 0.6451
    9   0.0053 0.3130   1.0879 0.6451
   10   0.0053 0.3130   1.0879 0.6451
   11   0.0053 0.3130   1.0879 0.6451
   12   0.0053 0.3130   1.0879 0.6451
   13   0.0053 0.3130   1.0879 0.6451
   14   0.0053 0.3130   1.0879 0.6451
   15   0.0053 0.3130   1.0879 0.6451
   16   0.0053 0.3130   1.0879 0.6451
   17   0.0053 0.3130   1.0879 0.6451
   18   0.0053 0.3130   1.0879 0.6451
   19   0.0053 0.3130   1.0879 0.6451
   20   0.0053 0.3130   1.0879 0.6451
   21   0.0053 0.3130   1.0879 0.6451
   22   0.0053 0.3130   1.0879 0.6451
   23   0.0053 0.3130   1.0879 0.6451
   24   0.0053 0.3130   1.0879 0.6451
   25   0.0053 0.3130   1.0879 0.6451
   26   0.0053 0.3130   1.0879 0.6451
   27   0.0053 0.3130   1.0879 0.6451
   28   0.0053 0.3130   1.0879 0.6451
   29   0.0053 0.3130   1.0879 0.6451
   30   0.0053 0.3130   1.0879 0.6451
$$

Creating restraints..

Chain info:
 chain 
  ligands: CAA (1 residues)

Number of refinement parameters:
       n_params  n_atoms  n_atoms_geom_only  n_atoms_data_only
xyz          12       12                  6                  0
adp           0        0                  0                  0
occ           0        0                  0                  0
dfrac         0        0                  0                  0

Randomizing structure with rmsd of 0.01
Torsion angle rules:
 include:
  {'group': 'peptide', 'tors_name': 'chi*'}
  {'link': '*', 'tors_name': 'omega'}
  {'residue': '*', 'tors_name': 'sp2_sp2*'}
  {'link': '*', 'tors_name': 'sp2_sp2*'}
 exclude:
  none
External restraints from Refmac instructions
 Number of distances          : 0
 Number of angles             : 0
 Number of torsions           : 0
 Number of chirals            : 0
 Number of planes             : 0
 Number of intervals          : 0
 Number of stackings          : 0
 Number of harmonics          : 0
 Number of special positions  : 0

Running 10 cycles with wchir=4 wvdw=2 with hydrogen
Geometry weights
vdws = 23
atoms = 12
pairs = 52
                          N restraints  r.m.s.d.  r.m.s.Z  Mn(sigma)
Bond distances, non H                5     0.006    0.361      0.016
Bond distances, H                    6     0.009    0.668      0.017
Bond angles, non H                   5     1.092    0.611      2.428
Bond angles, H                      13     0.625    0.356      2.077
Torsion angles, period 2             1     0.623    0.125      5.000
Torsion angles, period 6             1     0.167    0.008     20.000
Planar groups                        8     0.002    0.096      0.020
VDW nonbonded                        2     0.182    0.912      0.200
VDW torsion                          5     0.213    1.066      0.200


====== CYCLE  1 ======

 weight = 1.0000e+00
 geom_x = 18.1534515401945
 geom_a = 0
 geom_q = 0
 geom_c = 0.0
f0= 1.8153e+01
using cgsolve in c++, ic=False
diag(geom) min= 613.458613 max= 15874.044389
diag(all) min= 613.458613 max= 15874.044389
Trying gamma equal 0.000000
Not converging with gamma equal 0.000000
Trying gamma equal 0.052500
Gamma decreased to 0.042000
min(dx) = -0.029014350018047353
max(dx) = 0.022210112446789318
mean(dx)= -0.0016702937537173357
vdws = 23
atoms = 12
pairs = 52
 geom_x = 13.95787691283437
 geom_a = 0
 geom_q = 0
 geom_c = 0.0
f1, 0= 1.3958e+01
                          N restraints  r.m.s.d.  r.m.s.Z  Mn(sigma)
Bond distances, non H                5     0.009    0.532      0.016
Bond distances, H                    6     0.001    0.065      0.017
Bond angles, non H                   5     1.562    0.869      2.428
Bond angles, H                      13     0.802    0.307      2.077
Torsion angles, period 2             1     0.127    0.025      5.000
Torsion angles, period 6             1     0.188    0.009     20.000
Planar groups                        8     0.000    0.006      0.020
VDW nonbonded                        2     0.142    0.712      0.200
VDW torsion                          4     0.209    1.044      0.200



====== CYCLE  2 ======

 weight = 1.0000e+00
 geom_x = 13.95787691283437
 geom_a = 0
 geom_q = 0
 geom_c = 0.0
f0= 1.3958e+01
using cgsolve in c++, ic=False
diag(geom) min= 611.139660 max= 15893.579641
diag(all) min= 611.139660 max= 15893.579641
Trying gamma equal 0.042000
Convergence reached after 24 iterations with no gamma cycles
min(dx) = -0.004941416224235805
max(dx) = 0.009556329947666826
mean(dx)= 0.00016235747225583707
vdws = 23
atoms = 12
pairs = 52
 geom_x = 13.794850457881514
 geom_a = 0
 geom_q = 0
 geom_c = 0.0
f1, 0= 1.3795e+01
                          N restraints  r.m.s.d.  r.m.s.Z  Mn(sigma)
Bond distances, non H                5     0.010    0.609      0.016
Bond distances, H                    6     0.001    0.059      0.017
Bond angles, non H                   5     1.710    0.925      2.428
Bond angles, H                      13     0.813    0.313      2.077
Torsion angles, period 2             1     0.077    0.015      5.000
Torsion angles, period 6             1     0.344    0.017     20.000
Planar groups                        8     0.000    0.007      0.020
VDW nonbonded                        1     0.193    0.963      0.200
VDW torsion                          4     0.203    1.014      0.200



====== CYCLE  3 ======

 weight = 1.0000e+00
 geom_x = 13.794850457881514
 geom_a = 0
 geom_q = 0
 geom_c = 0.0
f0= 1.3795e+01
using cgsolve in c++, ic=False
diag(geom) min= 611.177188 max= 15893.350426
diag(all) min= 611.177188 max= 15893.350426
Trying gamma equal 0.042000
Convergence reached after 26 iterations with no gamma cycles
min(dx) = -0.0035504789832363614
max(dx) = 0.004875736797823137
mean(dx)= 0.00013473462586438158
vdws = 23
atoms = 12
pairs = 52
 geom_x = 13.770337118944406
 geom_a = 0
 geom_q = 0
 geom_c = 0.0
f1, 0= 1.3770e+01
                          N restraints  r.m.s.d.  r.m.s.Z  Mn(sigma)
Bond distances, non H                5     0.010    0.634      0.016
Bond distances, H                    6     0.001    0.058      0.017
Bond angles, non H                   5     1.766    0.938      2.428
Bond angles, H                      13     0.815    0.314      2.077
Torsion angles, period 2             1     0.057    0.011      5.000
Torsion angles, period 6             1     0.467    0.023     20.000
Planar groups                        8     0.000    0.009      0.020
VDW nonbonded                        1     0.192    0.958      0.200
VDW torsion                          4     0.201    1.005      0.200



====== CYCLE  4 ======

 weight = 1.0000e+00
 geom_x = 13.770337118944406
 geom_a = 0
 geom_q = 0
 geom_c = 0.0
f0= 1.3770e+01
using cgsolve in c++, ic=False
diag(geom) min= 611.297683 max= 15890.793769
diag(all) min= 611.297683 max= 15890.793769
Trying gamma equal 0.042000
Convergence reached after 26 iterations with no gamma cycles
min(dx) = -0.0038632476155926678
max(dx) = 0.0033359489965754997
mean(dx)= 8.174411622628266e-05
vdws = 23
atoms = 12
pairs = 52
 geom_x = 13.763271183187566
 geom_a = 0
 geom_q = 0
 geom_c = 0.0
f1, 0= 1.3763e+01
                          N restraints  r.m.s.d.  r.m.s.Z  Mn(sigma)
Bond distances, non H                5     0.011    0.643      0.016
Bond distances, H                    6     0.001    0.057      0.017
Bond angles, non H                   5     1.792    0.942      2.428
Bond angles, H                      13     0.812    0.313      2.077
Torsion angles, period 2             1     0.033    0.007      5.000
Torsion angles, period 6             1     0.616    0.031     20.000
Planar groups                        8     0.000    0.010      0.020
VDW nonbonded                        1     0.192    0.958      0.200
VDW torsion                          4     0.200    1.002      0.200



====== CYCLE  5 ======

 weight = 1.0000e+00
 geom_x = 13.763271183187566
 geom_a = 0
 geom_q = 0
 geom_c = 0.0
f0= 1.3763e+01
using cgsolve in c++, ic=False
diag(geom) min= 611.467653 max= 15889.132890
diag(all) min= 611.467653 max= 15889.132890
Trying gamma equal 0.042000
Not converging with gamma equal 0.042000
Trying gamma equal 0.094500
Gamma decreased to 0.084000
min(dx) = -0.0019387676652903045
max(dx) = 0.001310234978354419
mean(dx)= 2.514741600153845e-05
vdws = 23
atoms = 12
pairs = 52
 geom_x = 13.761145961716913
 geom_a = 0
 geom_q = 0
 geom_c = 0.0
f1, 0= 1.3761e+01
                          N restraints  r.m.s.d.  r.m.s.Z  Mn(sigma)
Bond distances, non H                5     0.011    0.645      0.016
Bond distances, H                    6     0.001    0.057      0.017
Bond angles, non H                   5     1.799    0.943      2.428
Bond angles, H                      13     0.812    0.313      2.077
Torsion angles, period 2             1     0.021    0.004      5.000
Torsion angles, period 6             1     0.699    0.035     20.000
Planar groups                        8     0.000    0.011      0.020
VDW nonbonded                        1     0.192    0.958      0.200
VDW torsion                          4     0.200    1.001      0.200



====== CYCLE  6 ======

 weight = 1.0000e+00
 geom_x = 13.761145961716913
 geom_a = 0
 geom_q = 0
 geom_c = 0.0
f0= 1.3761e+01
using cgsolve in c++, ic=False
diag(geom) min= 611.601523 max= 15888.570645
diag(all) min= 611.601523 max= 15888.570645
Trying gamma equal 0.084000
Convergence reached after 24 iterations with no gamma cycles
min(dx) = -0.0022623948817026046
max(dx) = 0.001387826066690575
mean(dx)= 2.1445739444279345e-05
vdws = 23
atoms = 12
pairs = 52
 geom_x = 13.75905561620212
 geom_a = 0
 geom_q = 0
 geom_c = 0.0
f1, 0= 1.3759e+01
                          N restraints  r.m.s.d.  r.m.s.Z  Mn(sigma)
Bond distances, non H                5     0.011    0.646      0.016
Bond distances, H                    6     0.001    0.058      0.017
Bond angles, non H                   5     1.805    0.944      2.428
Bond angles, H                      13     0.811    0.313      2.077
Torsion angles, period 2             1     0.008    0.002      5.000
Torsion angles, period 6             1     0.798    0.040     20.000
Planar groups                        8     0.000    0.012      0.020
VDW nonbonded                        1     0.192    0.959      0.200
VDW torsion                          4     0.200    1.000      0.200



====== CYCLE  7 ======

 weight = 1.0000e+00
 geom_x = 13.75905561620212
 geom_a = 0
 geom_q = 0
 geom_c = 0.0
f0= 1.3759e+01
using cgsolve in c++, ic=False
diag(geom) min= 611.774045 max= 15888.089010
diag(all) min= 611.774045 max= 15888.089010
Trying gamma equal 0.084000
Convergence reached after 24 iterations with no gamma cycles
min(dx) = -0.0023407823294872335
max(dx) = 0.0014206593948836207
mean(dx)= 1.6753052133416237e-05
vdws = 23
atoms = 12
pairs = 52
 geom_x = 13.757039138492733
 geom_a = 0
 geom_q = 0
 geom_c = 0.0
f1, 0= 1.3757e+01
                          N restraints  r.m.s.d.  r.m.s.Z  Mn(sigma)
Bond distances, non H                5     0.011    0.647      0.016
Bond distances, H                    6     0.001    0.058      0.017
Bond angles, non H                   5     1.808    0.944      2.428
Bond angles, H                      13     0.811    0.312      2.077
Torsion angles, period 2             1     0.005    0.001      5.000
Torsion angles, period 6             1     0.907    0.045     20.000
Planar groups                        8     0.000    0.012      0.020
VDW nonbonded                        1     0.192    0.959      0.200
VDW torsion                          4     0.200    1.000      0.200



====== CYCLE  8 ======

 weight = 1.0000e+00
 geom_x = 13.757039138492733
 geom_a = 0
 geom_q = 0
 geom_c = 0.0
f0= 1.3757e+01
using cgsolve in c++, ic=False
diag(geom) min= 611.976472 max= 15887.707377
diag(all) min= 611.976472 max= 15887.707377
Trying gamma equal 0.084000
Convergence reached after 22 iterations with no gamma cycles
min(dx) = -0.002400776023214784
max(dx) = 0.0014618050824638505
mean(dx)= 1.3636851170151806e-05
vdws = 23
atoms = 12
pairs = 52
 geom_x = 13.75500365814594
 geom_a = 0
 geom_q = 0
 geom_c = 0.0
f1, 0= 1.3755e+01
                          N restraints  r.m.s.d.  r.m.s.Z  Mn(sigma)
Bond distances, non H                5     0.011    0.647      0.016
Bond distances, H                    6     0.001    0.058      0.017
Bond angles, non H                   5     1.811    0.945      2.428
Bond angles, H                      13     0.810    0.312      2.077
Torsion angles, period 2             1     0.018    0.004      5.000
Torsion angles, period 6             1     1.023    0.051     20.000
Planar groups                        8     0.000    0.012      0.020
VDW nonbonded                        1     0.192    0.959      0.200
VDW torsion                          4     0.200    1.000      0.200



====== CYCLE  9 ======

 weight = 1.0000e+00
 geom_x = 13.75500365814594
 geom_a = 0
 geom_q = 0
 geom_c = 0.0
f0= 1.3755e+01
using cgsolve in c++, ic=False
diag(geom) min= 612.212277 max= 15887.387205
diag(all) min= 612.212277 max= 15887.387205
Trying gamma equal 0.084000
Convergence reached after 22 iterations with no gamma cycles
min(dx) = -0.0024499798498715157
max(dx) = 0.0015079527644481865
mean(dx)= 1.1526485471656135e-05
vdws = 23
atoms = 12
pairs = 52
 geom_x = 13.752906566531253
 geom_a = 0
 geom_q = 0
 geom_c = 0.0
f1, 0= 1.3753e+01
                          N restraints  r.m.s.d.  r.m.s.Z  Mn(sigma)
Bond distances, non H                5     0.011    0.647      0.016
Bond distances, H                    6     0.001    0.058      0.017
Bond angles, non H                   5     1.813    0.945      2.428
Bond angles, H                      13     0.810    0.312      2.077
Torsion angles, period 2             1     0.029    0.006      5.000
Torsion angles, period 6             1     1.148    0.057     20.000
Planar groups                        8     0.000    0.013      0.020
VDW nonbonded                        1     0.192    0.959      0.200
VDW torsion                          4     0.200    0.999      0.200



====== CYCLE 10 ======

 weight = 1.0000e+00
 geom_x = 13.752906566531253
 geom_a = 0
 geom_q = 0
 geom_c = 0.0
f0= 1.3753e+01
using cgsolve in c++, ic=False
diag(geom) min= 612.484613 max= 15887.103301
diag(all) min= 612.484613 max= 15887.103301
Trying gamma equal 0.084000
Convergence reached after 22 iterations with no gamma cycles
min(dx) = -0.0024939518723043545
max(dx) = 0.0015569624890094669
mean(dx)= 1.0007214225128921e-05
vdws = 23
atoms = 12
pairs = 52
 geom_x = 13.750723126189259
 geom_a = 0
 geom_q = 0
 geom_c = 0.0
f1, 0= 1.3751e+01
                          N restraints  r.m.s.d.  r.m.s.Z  Mn(sigma)
Bond distances, non H                5     0.011    0.647      0.016
Bond distances, H                    6     0.001    0.058      0.017
Bond angles, non H                   5     1.815    0.945      2.428
Bond angles, H                      13     0.810    0.312      2.077
Torsion angles, period 2             1     0.039    0.008      5.000
Torsion angles, period 6             1     1.283    0.064     20.000
Planar groups                        8     0.000    0.013      0.020
VDW nonbonded                        1     0.192    0.958      0.200
VDW torsion                          4     0.200    0.999      0.200


$TABLE: stats vs cycle :
$GRAPHS
: Geometry :A:1,2,4:
: Geometry Z :A:1,5,3:
$$
 Ncyc  rmsBOND  zBOND  rmsANGL  zANGL
$$
$$
    0   0.0064 0.3606   1.0924 0.6111
    1   0.0088 0.5316   1.5619 0.8687
    2   0.0101 0.6093   1.7096 0.9250
    3   0.0105 0.6343   1.7662 0.9380
    4   0.0106 0.6427   1.7916 0.9420
    5   0.0107 0.6448   1.7991 0.9431
    6   0.0107 0.6460   1.8046 0.9438
    7   0.0107 0.6466   1.8085 0.9443
    8   0.0107 0.6469   1.8112 0.9447
    9   0.0107 0.6470   1.8133 0.9451
   10   0.0107 0.6470   1.8150 0.9454
$$

Running 30 cycles with wchir=1 wvdw=2 with hydrogen
Geometry weights
vdws = 23
atoms = 12
pairs = 52
                          N restraints  r.m.s.d.  r.m.s.Z  Mn(sigma)
Bond distances, non H                5     0.011    0.647      0.016
Bond distances, H                    6     0.001    0.058      0.017
Bond angles, non H                   5     1.815    0.945      2.428
Bond angles, H                      13     0.810    0.312      2.077
Torsion angles, period 2             1     0.039    0.008      5.000
Torsion angles, period 6             1     1.283    0.064     20.000
Planar groups                        8     0.000    0.013      0.020
VDW nonbonded                        1     0.192    0.958      0.200
VDW torsion                          4     0.200    0.999      0.200


====== CYCLE  1 ======

 weight = 1.0000e+00
 geom_x = 13.750723126189259
 geom_a = 0
 geom_q = 0
 geom_c = 0.0
f0= 1.3751e+01
using cgsolve in c++, ic=False
diag(geom) min= 612.796786 max= 15886.839443
diag(all) min= 612.796786 max= 15886.839443
Trying gamma equal 0.084000
Convergence reached after 21 iterations with no gamma cycles
min(dx) = -0.0025363467122159703
max(dx) = 0.0016074704759450652
mean(dx)= 8.815596033676329e-06
vdws = 23
atoms = 12
pairs = 52
 geom_x = 13.748434466773709
 geom_a = 0
 geom_q = 0
 geom_c = 0.0
f1, 0= 1.3748e+01
                          N restraints  r.m.s.d.  r.m.s.Z  Mn(sigma)
Bond distances, non H                5     0.011    0.647      0.016
Bond distances, H                    6     0.001    0.058      0.017
Bond angles, non H                   5     1.817    0.946      2.428
Bond angles, H                      13     0.810    0.312      2.077
Torsion angles, period 2             1     0.049    0.010      5.000
Torsion angles, period 6             1     1.426    0.071     20.000
Planar groups                        8     0.000    0.013      0.020
VDW nonbonded                        1     0.192    0.958      0.200
VDW torsion                          4     0.200    0.999      0.200



====== CYCLE  2 ======

 weight = 1.0000e+00
 geom_x = 13.748434466773709
 geom_a = 0
 geom_q = 0
 geom_c = 0.0
f0= 1.3748e+01
using cgsolve in c++, ic=False
diag(geom) min= 613.152368 max= 15886.585569
diag(all) min= 613.152368 max= 15886.585569
Trying gamma equal 0.084000
Convergence reached after 20 iterations with no gamma cycles
min(dx) = -0.002579558922757624
max(dx) = 0.0016585819675087635
mean(dx)= 7.78799225174441e-06
vdws = 23
atoms = 12
pairs = 52
 geom_x = 13.746022992617421
 geom_a = 0
 geom_q = 0
 geom_c = 0.0
f1, 0= 1.3746e+01
                          N restraints  r.m.s.d.  r.m.s.Z  Mn(sigma)
Bond distances, non H                5     0.011    0.647      0.016
Bond distances, H                    6     0.001    0.058      0.017
Bond angles, non H                   5     1.818    0.946      2.428
Bond angles, H                      13     0.810    0.312      2.077
Torsion angles, period 2             1     0.057    0.011      5.000
Torsion angles, period 6             1     1.578    0.079     20.000
Planar groups                        8     0.000    0.014      0.020
VDW nonbonded                        1     0.192    0.958      0.200
VDW torsion                          4     0.200    0.999      0.200



====== CYCLE  3 ======

 weight = 1.0000e+00
 geom_x = 13.746022992617421
 geom_a = 0
 geom_q = 0
 geom_c = 0.0
f0= 1.3746e+01
using cgsolve in c++, ic=False
diag(geom) min= 613.555194 max= 15886.335463
diag(all) min= 613.555194 max= 15886.335463
Trying gamma equal 0.084000
Convergence reached after 20 iterations with no gamma cycles
min(dx) = -0.002624909148549437
max(dx) = 0.001710195425777483
mean(dx)= 6.827387775483819e-06
vdws = 23
atoms = 12
pairs = 52
 geom_x = 13.743470520028438
 geom_a = 0
 geom_q = 0
 geom_c = 0.0
f1, 0= 1.3743e+01
                          N restraints  r.m.s.d.  r.m.s.Z  Mn(sigma)
Bond distances, non H                5     0.011    0.647      0.016
Bond distances, H                    6     0.001    0.058      0.017
Bond angles, non H                   5     1.819    0.946      2.428
Bond angles, H                      13     0.809    0.312      2.077
Torsion angles, period 2             1     0.065    0.013      5.000
Torsion angles, period 6             1     1.741    0.087     20.000
Planar groups                        8     0.000    0.014      0.020
VDW nonbonded                        1     0.192    0.958      0.200
VDW torsion                          4     0.200    0.999      0.200



====== CYCLE  4 ======

 weight = 1.0000e+00
 geom_x = 13.743470520028438
 geom_a = 0
 geom_q = 0
 geom_c = 0.0
f0= 1.3743e+01
using cgsolve in c++, ic=False
diag(geom) min= 614.009507 max= 15886.085563
diag(all) min= 614.009507 max= 15886.085563
Trying gamma equal 0.084000
Convergence reached after 20 iterations with no gamma cycles
min(dx) = -0.002673246333545
max(dx) = 0.001762150706522315
mean(dx)= 5.882052095020697e-06
vdws = 23
atoms = 12
pairs = 52
 geom_x = 13.740757426175447
 geom_a = 0
 geom_q = 0
 geom_c = 0.0
f1, 0= 1.3741e+01
                          N restraints  r.m.s.d.  r.m.s.Z  Mn(sigma)
Bond distances, non H                5     0.011    0.646      0.016
Bond distances, H                    6     0.001    0.058      0.017
Bond angles, non H                   5     1.820    0.946      2.428
Bond angles, H                      13     0.809    0.312      2.077
Torsion angles, period 2             1     0.073    0.015      5.000
Torsion angles, period 6             1     1.913    0.096     20.000
Planar groups                        8     0.000    0.014      0.020
VDW nonbonded                        1     0.191    0.957      0.200
VDW torsion                          4     0.200    0.999      0.200



====== CYCLE  5 ======

 weight = 1.0000e+00
 geom_x = 13.740757426175447
 geom_a = 0
 geom_q = 0
 geom_c = 0.0
f0= 1.3741e+01
using cgsolve in c++, ic=False
diag(geom) min= 614.519914 max= 15885.833544
diag(all) min= 614.519914 max= 15885.833544
Trying gamma equal 0.084000
Convergence reached after 20 iterations with no gamma cycles
min(dx) = -0.0027250855193909737
max(dx) = 0.0018145873550418506
mean(dx)= 4.918328553236172e-06
vdws = 23
atoms = 12
pairs = 52
 geom_x = 13.737862173525944
 geom_a = 0
 geom_q = 0
 geom_c = 0.0
f1, 0= 1.3738e+01
                          N restraints  r.m.s.d.  r.m.s.Z  Mn(sigma)
Bond distances, non H                5     0.011    0.646      0.016
Bond distances, H                    6     0.001    0.058      0.017
Bond angles, non H                   5     1.821    0.947      2.428
Bond angles, H                      13     0.809    0.312      2.077
Torsion angles, period 2             1     0.080    0.016      5.000
Torsion angles, period 6             1     2.097    0.105     20.000
Planar groups                        8     0.000    0.015      0.020
VDW nonbonded                        1     0.191    0.957      0.200
VDW torsion                          4     0.200    0.998      0.200



====== CYCLE  6 ======

 weight = 1.0000e+00
 geom_x = 13.737862173525944
 geom_a = 0
 geom_q = 0
 geom_c = 0.0
f0= 1.3738e+01
using cgsolve in c++, ic=False
diag(geom) min= 615.091485 max= 15885.578045
diag(all) min= 615.091485 max= 15885.578045
Trying gamma equal 0.084000
Convergence reached after 20 iterations with no gamma cycles
min(dx) = -0.0027806980637437597
max(dx) = 0.0018677269230402693
mean(dx)= 3.920674440539014e-06
vdws = 23
atoms = 12
pairs = 52
 geom_x = 13.734760969531846
 geom_a = 0
 geom_q = 0
 geom_c = 0.0
f1, 0= 1.3735e+01
                          N restraints  r.m.s.d.  r.m.s.Z  Mn(sigma)
Bond distances, non H                5     0.011    0.646      0.016
Bond distances, H                    6     0.001    0.058      0.017
Bond angles, non H                   5     1.822    0.947      2.428
Bond angles, H                      13     0.809    0.312      2.077
Torsion angles, period 2             1     0.086    0.017      5.000
Torsion angles, period 6             1     2.291    0.115     20.000
Planar groups                        8     0.000    0.015      0.020
VDW nonbonded                        1     0.191    0.956      0.200
VDW torsion                          4     0.200    0.998      0.200



====== CYCLE  7 ======

 weight = 1.0000e+00
 geom_x = 13.734760969531846
 geom_a = 0
 geom_q = 0
 geom_c = 0.0
f0= 1.3735e+01
using cgsolve in c++, ic=False
diag(geom) min= 615.729793 max= 15885.318178
diag(all) min= 615.729793 max= 15885.318178
Trying gamma equal 0.084000
Convergence reached after 20 iterations with no gamma cycles
min(dx) = -0.002840240811338251
max(dx) = 0.0019218038316876286
mean(dx)= 2.8826553957314447e-06
vdws = 23
atoms = 12
pairs = 52
 geom_x = 13.731429228086434
 geom_a = 0
 geom_q = 0
 geom_c = 0.0
f1, 0= 1.3731e+01
                          N restraints  r.m.s.d.  r.m.s.Z  Mn(sigma)
Bond distances, non H                5     0.011    0.646      0.016
Bond distances, H                    6     0.001    0.058      0.017
Bond angles, non H                   5     1.823    0.947      2.428
Bond angles, H                      13     0.809    0.312      2.077
Torsion angles, period 2             1     0.093    0.019      5.000
Torsion angles, period 6             1     2.497    0.125     20.000
Planar groups                        8     0.000    0.015      0.020
VDW nonbonded                        2     0.135    0.676      0.200
VDW torsion                          4     0.200    0.998      0.200



====== CYCLE  8 ======

 weight = 1.0000e+00
 geom_x = 13.731429228086434
 geom_a = 0
 geom_q = 0
 geom_c = 0.0
f0= 1.3731e+01
using cgsolve in c++, ic=False
diag(geom) min= 616.440972 max= 15885.053305
diag(all) min= 616.440972 max= 15885.053305
Trying gamma equal 0.084000
Convergence reached after 21 iterations with no gamma cycles
min(dx) = -0.0028105509287245293
max(dx) = 0.001889253546231722
mean(dx)= 2.053184214654879e-07
vdws = 23
atoms = 12
pairs = 52
 geom_x = 13.727969314566948
 geom_a = 0
 geom_q = 0
 geom_c = 0.0
f1, 0= 1.3728e+01
                          N restraints  r.m.s.d.  r.m.s.Z  Mn(sigma)
Bond distances, non H                5     0.011    0.646      0.016
Bond distances, H                    6     0.001    0.057      0.017
Bond angles, non H                   5     1.825    0.947      2.428
Bond angles, H                      13     0.810    0.312      2.077
Torsion angles, period 2             1     0.099    0.020      5.000
Torsion angles, period 6             1     2.712    0.136     20.000
Planar groups                        8     0.000    0.016      0.020
VDW nonbonded                        2     0.135    0.675      0.200
VDW torsion                          4     0.200    0.998      0.200



====== CYCLE  9 ======

 weight = 1.0000e+00
 geom_x = 13.727969314566948
 geom_a = 0
 geom_q = 0
 geom_c = 0.0
f0= 1.3728e+01
using cgsolve in c++, ic=False
diag(geom) min= 617.239241 max= 15884.737294
diag(all) min= 617.239241 max= 15884.737294
Trying gamma equal 0.084000
Convergence reached after 20 iterations with no gamma cycles
min(dx) = -0.002806589153758083
max(dx) = 0.0020062434967783225
mean(dx)= -8.569233358454484e-07
vdws = 23
atoms = 12
pairs = 52
 geom_x = 13.724343119398606
 geom_a = 0
 geom_q = 0
 geom_c = 0.0
f1, 0= 1.3724e+01
                          N restraints  r.m.s.d.  r.m.s.Z  Mn(sigma)
Bond distances, non H                5     0.011    0.646      0.016
Bond distances, H                    6     0.001    0.057      0.017
Bond angles, non H                   5     1.828    0.948      2.428
Bond angles, H                      13     0.811    0.312      2.077
Torsion angles, period 2             1     0.106    0.021      5.000
Torsion angles, period 6             1     2.937    0.147     20.000
Planar groups                        8     0.000    0.017      0.020
VDW nonbonded                        2     0.135    0.675      0.200
VDW torsion                          4     0.199    0.997      0.200



====== CYCLE 10 ======

 weight = 1.0000e+00
 geom_x = 13.724343119398606
 geom_a = 0
 geom_q = 0
 geom_c = 0.0
f0= 1.3724e+01
using cgsolve in c++, ic=False
diag(geom) min= 618.126230 max= 15884.404812
diag(all) min= 618.126230 max= 15884.404812
Trying gamma equal 0.084000
Convergence reached after 19 iterations with no gamma cycles
min(dx) = -0.002816349690140894
max(dx) = 0.0021741124832958996
mean(dx)= -2.434166669203513e-06
vdws = 23
atoms = 12
pairs = 52
 geom_x = 13.72051290925199
 geom_a = 0
 geom_q = 0
 geom_c = 0.0
f1, 0= 1.3721e+01
                          N restraints  r.m.s.d.  r.m.s.Z  Mn(sigma)
Bond distances, non H                5     0.011    0.646      0.016
Bond distances, H                    6     0.001    0.057      0.017
Bond angles, non H                   5     1.830    0.948      2.428
Bond angles, H                      13     0.811    0.312      2.077
Torsion angles, period 2             1     0.113    0.023      5.000
Torsion angles, period 6             1     3.172    0.159     20.000
Planar groups                        8     0.000    0.017      0.020
VDW nonbonded                        2     0.135    0.674      0.200
VDW torsion                          4     0.199    0.997      0.200



====== CYCLE 11 ======

 weight = 1.0000e+00
 geom_x = 13.72051290925199
 geom_a = 0
 geom_q = 0
 geom_c = 0.0
f0= 1.3721e+01
using cgsolve in c++, ic=False
diag(geom) min= 619.109069 max= 15884.067053
diag(all) min= 619.109069 max= 15884.067053
Trying gamma equal 0.084000
Convergence reached after 19 iterations with no gamma cycles
min(dx) = -0.0028354460884884277
max(dx) = 0.002351249726133192
mean(dx)= -4.213615369211732e-06
vdws = 23
atoms = 12
pairs = 52
 geom_x = 13.716440726740341
 geom_a = 0
 geom_q = 0
 geom_c = 0.0
f1, 0= 1.3716e+01
                          N restraints  r.m.s.d.  r.m.s.Z  Mn(sigma)
Bond distances, non H                5     0.011    0.646      0.016
Bond distances, H                    6     0.001    0.057      0.017
Bond angles, non H                   5     1.832    0.948      2.428
Bond angles, H                      13     0.812    0.312      2.077
Torsion angles, period 2             1     0.121    0.024      5.000
Torsion angles, period 6             1     3.419    0.171     20.000
Planar groups                        8     0.000    0.018      0.020
VDW nonbonded                        2     0.135    0.674      0.200
VDW torsion                          4     0.199    0.997      0.200



====== CYCLE 12 ======

 weight = 1.0000e+00
 geom_x = 13.716440726740341
 geom_a = 0
 geom_q = 0
 geom_c = 0.0
f0= 1.3716e+01
using cgsolve in c++, ic=False
diag(geom) min= 620.195857 max= 15883.728736
diag(all) min= 620.195857 max= 15883.728736
Trying gamma equal 0.084000
Convergence reached after 19 iterations with no gamma cycles
min(dx) = -0.0028617263254551626
max(dx) = 0.002537399576595097
mean(dx)= -6.083751122007475e-06
vdws = 23
atoms = 12
pairs = 52
 geom_x = 13.71208647198257
 geom_a = 0
 geom_q = 0
 geom_c = 0.0
f1, 0= 1.3712e+01
                          N restraints  r.m.s.d.  r.m.s.Z  Mn(sigma)
Bond distances, non H                5     0.011    0.646      0.016
Bond distances, H                    6     0.001    0.057      0.017
Bond angles, non H                   5     1.834    0.948      2.428
Bond angles, H                      13     0.812    0.312      2.077
Torsion angles, period 2             1     0.129    0.026      5.000
Torsion angles, period 6             1     3.678    0.184     20.000
Planar groups                        8     0.000    0.018      0.020
VDW nonbonded                        2     0.135    0.673      0.200
VDW torsion                          4     0.199    0.997      0.200



====== CYCLE 13 ======

 weight = 1.0000e+00
 geom_x = 13.71208647198257
 geom_a = 0
 geom_q = 0
 geom_c = 0.0
f0= 1.3712e+01
using cgsolve in c++, ic=False
diag(geom) min= 621.395526 max= 15883.391941
diag(all) min= 621.395526 max= 15883.391941
Trying gamma equal 0.084000
Not converging with gamma equal 0.084000
Trying gamma equal 0.136500
Gamma decreased to 0.126000
min(dx) = -0.001836408264415167
max(dx) = 0.0017387532799492623
mean(dx)= -5.2254200698599145e-06
vdws = 23
atoms = 12
pairs = 52
 geom_x = 13.709160201549665
 geom_a = 0
 geom_q = 0
 geom_c = 0.0
f1, 0= 1.3709e+01
                          N restraints  r.m.s.d.  r.m.s.Z  Mn(sigma)
Bond distances, non H                5     0.011    0.646      0.016
Bond distances, H                    6     0.001    0.057      0.017
Bond angles, non H                   5     1.836    0.948      2.428
Bond angles, H                      13     0.813    0.312      2.077
Torsion angles, period 2             1     0.134    0.027      5.000
Torsion angles, period 6             1     3.852    0.193     20.000
Planar groups                        8     0.000    0.019      0.020
VDW nonbonded                        2     0.135    0.673      0.200
VDW torsion                          4     0.199    0.996      0.200



====== CYCLE 14 ======

 weight = 1.0000e+00
 geom_x = 13.709160201549665
 geom_a = 0
 geom_q = 0
 geom_c = 0.0
f0= 1.3709e+01
using cgsolve in c++, ic=False
diag(geom) min= 622.225632 max= 15883.197706
diag(all) min= 622.225632 max= 15883.197706
Trying gamma equal 0.126000
Convergence reached after 18 iterations with no gamma cycles
min(dx) = -0.00198803790762737
max(dx) = 0.0019453828000947386
mean(dx)= -6.525768529240431e-06
vdws = 23
atoms = 12
pairs = 52
 geom_x = 13.705842114876562
 geom_a = 0
 geom_q = 0
 geom_c = 0.0
f1, 0= 1.3706e+01
                          N restraints  r.m.s.d.  r.m.s.Z  Mn(sigma)
Bond distances, non H                5     0.011    0.646      0.016
Bond distances, H                    6     0.001    0.057      0.017
Bond angles, non H                   5     1.837    0.948      2.428
Bond angles, H                      13     0.813    0.312      2.077
Torsion angles, period 2             1     0.140    0.028      5.000
Torsion angles, period 6             1     4.043    0.202     20.000
Planar groups                        8     0.000    0.019      0.020
VDW nonbonded                        2     0.134    0.672      0.200
VDW torsion                          4     0.199    0.996      0.200



====== CYCLE 15 ======

 weight = 1.0000e+00
 geom_x = 13.705842114876562
 geom_a = 0
 geom_q = 0
 geom_c = 0.0
f0= 1.3706e+01
using cgsolve in c++, ic=False
diag(geom) min= 623.178503 max= 15882.972687
diag(all) min= 623.178503 max= 15882.972687
Trying gamma equal 0.126000
Convergence reached after 18 iterations with no gamma cycles
min(dx) = -0.0020780286296120136
max(dx) = 0.002042318789147553
mean(dx)= -7.22675849910093e-06
vdws = 23
atoms = 12
pairs = 52
 geom_x = 13.70234168879616
 geom_a = 0
 geom_q = 0
 geom_c = 0.0
f1, 0= 1.3702e+01
                          N restraints  r.m.s.d.  r.m.s.Z  Mn(sigma)
Bond distances, non H                5     0.011    0.646      0.016
Bond distances, H                    6     0.001    0.057      0.017
Bond angles, non H                   5     1.839    0.949      2.428
Bond angles, H                      13     0.813    0.312      2.077
Torsion angles, period 2             1     0.146    0.029      5.000
Torsion angles, period 6             1     4.241    0.212     20.000
Planar groups                        8     0.000    0.020      0.020
VDW nonbonded                        2     0.134    0.672      0.200
VDW torsion                          4     0.199    0.996      0.200



====== CYCLE 16 ======

 weight = 1.0000e+00
 geom_x = 13.70234168879616
 geom_a = 0
 geom_q = 0
 geom_c = 0.0
f0= 1.3702e+01
using cgsolve in c++, ic=False
diag(geom) min= 624.194836 max= 15882.749633
diag(all) min= 624.194836 max= 15882.749633
Trying gamma equal 0.126000
Convergence reached after 18 iterations with no gamma cycles
min(dx) = -0.002178511526888559
max(dx) = 0.002142241213223183
mean(dx)= -8.012470204536776e-06
vdws = 23
atoms = 12
pairs = 52
 geom_x = 13.698642850038466
 geom_a = 0
 geom_q = 0
 geom_c = 0.0
f1, 0= 1.3699e+01
                          N restraints  r.m.s.d.  r.m.s.Z  Mn(sigma)
Bond distances, non H                5     0.011    0.646      0.016
Bond distances, H                    6     0.001    0.057      0.017
Bond angles, non H                   5     1.840    0.949      2.428
Bond angles, H                      13     0.814    0.312      2.077
Torsion angles, period 2             1     0.152    0.030      5.000
Torsion angles, period 6             1     4.446    0.222     20.000
Planar groups                        8     0.000    0.020      0.020
VDW nonbonded                        2     0.134    0.671      0.200
VDW torsion                          4     0.199    0.996      0.200



====== CYCLE 17 ======

 weight = 1.0000e+00
 geom_x = 13.698642850038466
 geom_a = 0
 geom_q = 0
 geom_c = 0.0
f0= 1.3699e+01
using cgsolve in c++, ic=False
diag(geom) min= 625.279101 max= 15882.526593
diag(all) min= 625.279101 max= 15882.526593
Trying gamma equal 0.126000
Convergence reached after 18 iterations with no gamma cycles
min(dx) = -0.00228185102956734
max(dx) = 0.002245347820150742
mean(dx)= -8.81689384965933e-06
vdws = 23
atoms = 12
pairs = 52
 geom_x = 13.694728739604262
 geom_a = 0
 geom_q = 0
 geom_c = 0.0
f1, 0= 1.3695e+01
                          N restraints  r.m.s.d.  r.m.s.Z  Mn(sigma)
Bond distances, non H                5     0.011    0.646      0.016
Bond distances, H                    6     0.001    0.057      0.017
Bond angles, non H                   5     1.842    0.949      2.428
Bond angles, H                      13     0.814    0.312      2.077
Torsion angles, period 2             1     0.159    0.032      5.000
Torsion angles, period 6             1     4.658    0.233     20.000
Planar groups                        8     0.000    0.021      0.020
VDW nonbonded                        2     0.134    0.671      0.200
VDW torsion                          4     0.199    0.996      0.200



====== CYCLE 18 ======

 weight = 1.0000e+00
 geom_x = 13.694728739604262
 geom_a = 0
 geom_q = 0
 geom_c = 0.0
f0= 1.3695e+01
using cgsolve in c++, ic=False
diag(geom) min= 626.435412 max= 15882.303337
diag(all) min= 626.435412 max= 15882.303337
Trying gamma equal 0.126000
Convergence reached after 18 iterations with no gamma cycles
min(dx) = -0.0023879080278042947
max(dx) = 0.00235166293001379
mean(dx)= -9.615787039174747e-06
vdws = 23
atoms = 12
pairs = 52
 geom_x = 13.69058169317121
 geom_a = 0
 geom_q = 0
 geom_c = 0.0
f1, 0= 1.3691e+01
                          N restraints  r.m.s.d.  r.m.s.Z  Mn(sigma)
Bond distances, non H                5     0.011    0.646      0.016
Bond distances, H                    6     0.001    0.057      0.017
Bond angles, non H                   5     1.843    0.949      2.428
Bond angles, H                      13     0.814    0.312      2.077
Torsion angles, period 2             1     0.165    0.033      5.000
Torsion angles, period 6             1     4.877    0.244     20.000
Planar groups                        8     0.000    0.021      0.020
VDW nonbonded                        2     0.134    0.670      0.200
VDW torsion                          4     0.199    0.995      0.200



====== CYCLE 19 ======

 weight = 1.0000e+00
 geom_x = 13.69058169317121
 geom_a = 0
 geom_q = 0
 geom_c = 0.0
f0= 1.3691e+01
using cgsolve in c++, ic=False
diag(geom) min= 627.668059 max= 15882.079625
diag(all) min= 627.668059 max= 15882.079625
Trying gamma equal 0.126000
Convergence reached after 18 iterations with no gamma cycles
min(dx) = -0.002496610511097907
max(dx) = 0.002461213265148803
mean(dx)= -1.0396795524357233e-05
vdws = 23
atoms = 12
pairs = 52
 geom_x = 13.686183233640472
 geom_a = 0
 geom_q = 0
 geom_c = 0.0
f1, 0= 1.3686e+01
                          N restraints  r.m.s.d.  r.m.s.Z  Mn(sigma)
Bond distances, non H                5     0.011    0.646      0.016
Bond distances, H                    6     0.001    0.057      0.017
Bond angles, non H                   5     1.844    0.948      2.428
Bond angles, H                      13     0.814    0.312      2.077
Torsion angles, period 2             1     0.172    0.034      5.000
Torsion angles, period 6             1     5.104    0.255     20.000
Planar groups                        8     0.000    0.022      0.020
VDW nonbonded                        2     0.134    0.669      0.200
VDW torsion                          4     0.199    0.995      0.200



====== CYCLE 20 ======

 weight = 1.0000e+00
 geom_x = 13.686183233640472
 geom_a = 0
 geom_q = 0
 geom_c = 0.0
f0= 1.3686e+01
using cgsolve in c++, ic=False
diag(geom) min= 628.981561 max= 15881.855132
diag(all) min= 628.981561 max= 15881.855132
Trying gamma equal 0.126000
Convergence reached after 18 iterations with no gamma cycles
min(dx) = -0.002607898420422577
max(dx) = 0.002574025229424878
mean(dx)= -1.1152199924073208e-05
vdws = 23
atoms = 12
pairs = 52
 geom_x = 13.68151407431461
 geom_a = 0
 geom_q = 0
 geom_c = 0.0
f1, 0= 1.3682e+01
                          N restraints  r.m.s.d.  r.m.s.Z  Mn(sigma)
Bond distances, non H                5     0.011    0.646      0.016
Bond distances, H                    6     0.001    0.057      0.017
Bond angles, non H                   5     1.846    0.948      2.428
Bond angles, H                      13     0.815    0.312      2.077
Torsion angles, period 2             1     0.180    0.036      5.000
Torsion angles, period 6             1     5.338    0.267     20.000
Planar groups                        8     0.000    0.022      0.020
VDW nonbonded                        2     0.134    0.669      0.200
VDW torsion                          4     0.199    0.995      0.200



====== CYCLE 21 ======

 weight = 1.0000e+00
 geom_x = 13.68151407431461
 geom_a = 0
 geom_q = 0
 geom_c = 0.0
f0= 1.3682e+01
using cgsolve in c++, ic=False
diag(geom) min= 630.380679 max= 15881.629472
diag(all) min= 630.380679 max= 15881.629472
Trying gamma equal 0.126000
Convergence reached after 18 iterations with no gamma cycles
min(dx) = -0.0027217082257229453
max(dx) = 0.002690118139622207
mean(dx)= -1.1876187354027133e-05
vdws = 23
atoms = 12
pairs = 52
 geom_x = 13.676554133570916
 geom_a = 0
 geom_q = 0
 geom_c = 0.0
f1, 0= 1.3677e+01
                          N restraints  r.m.s.d.  r.m.s.Z  Mn(sigma)
Bond distances, non H                5     0.011    0.646      0.016
Bond distances, H                    6     0.001    0.057      0.017
Bond angles, non H                   5     1.847    0.948      2.428
Bond angles, H                      13     0.815    0.312      2.077
Torsion angles, period 2             1     0.187    0.037      5.000
Torsion angles, period 6             1     5.581    0.279     20.000
Planar groups                        8     0.000    0.023      0.020
VDW nonbonded                        2     0.134    0.668      0.200
VDW torsion                          4     0.199    0.995      0.200



====== CYCLE 22 ======

 weight = 1.0000e+00
 geom_x = 13.676554133570916
 geom_a = 0
 geom_q = 0
 geom_c = 0.0
f0= 1.3677e+01
using cgsolve in c++, ic=False
diag(geom) min= 631.870417 max= 15881.402219
diag(all) min= 631.870417 max= 15881.402219
Trying gamma equal 0.126000
Convergence reached after 18 iterations with no gamma cycles
min(dx) = -0.0028379654239372486
max(dx) = 0.0028094997681028457
mean(dx)= -1.2563670511562302e-05
vdws = 23
atoms = 12
pairs = 52
 geom_x = 13.671282562636627
 geom_a = 0
 geom_q = 0
 geom_c = 0.0
f1, 0= 1.3671e+01
                          N restraints  r.m.s.d.  r.m.s.Z  Mn(sigma)
Bond distances, non H                5     0.011    0.646      0.016
Bond distances, H                    6     0.001    0.057      0.017
Bond angles, non H                   5     1.848    0.948      2.428
Bond angles, H                      13     0.815    0.312      2.077
Torsion angles, period 2             1     0.195    0.039      5.000
Torsion angles, period 6             1     5.832    0.292     20.000
Planar groups                        8     0.000    0.023      0.020
VDW nonbonded                        2     0.133    0.667      0.200
VDW torsion                          4     0.199    0.995      0.200



====== CYCLE 23 ======

 weight = 1.0000e+00
 geom_x = 13.671282562636627
 geom_a = 0
 geom_q = 0
 geom_c = 0.0
f0= 1.3671e+01
using cgsolve in c++, ic=False
diag(geom) min= 633.456029 max= 15881.172914
diag(all) min= 633.456029 max= 15881.172914
Trying gamma equal 0.126000
Convergence reached after 18 iterations with no gamma cycles
min(dx) = -0.002956579776009208
max(dx) = 0.002932162978939956
mean(dx)= -1.3209752512990011e-05
vdws = 23
atoms = 12
pairs = 52
 geom_x = 13.665677788424647
 geom_a = 0
 geom_q = 0
 geom_c = 0.0
f1, 0= 1.3666e+01
                          N restraints  r.m.s.d.  r.m.s.Z  Mn(sigma)
Bond distances, non H                5     0.011    0.646      0.016
Bond distances, H                    6     0.001    0.057      0.017
Bond angles, non H                   5     1.849    0.948      2.428
Bond angles, H                      13     0.815    0.312      2.077
Torsion angles, period 2             1     0.202    0.040      5.000
Torsion angles, period 6             1     6.091    0.305     20.000
Planar groups                        8     0.000    0.024      0.020
VDW nonbonded                        2     0.133    0.666      0.200
VDW torsion                          4     0.199    0.994      0.200



====== CYCLE 24 ======

 weight = 1.0000e+00
 geom_x = 13.665677788424647
 geom_a = 0
 geom_q = 0
 geom_c = 0.0
f0= 1.3666e+01
using cgsolve in c++, ic=False
diag(geom) min= 635.143014 max= 15880.941077
diag(all) min= 635.143014 max= 15880.941077
Trying gamma equal 0.126000
Convergence reached after 18 iterations with no gamma cycles
min(dx) = -0.0030774417746513337
max(dx) = 0.003058082796840051
mean(dx)= -1.3809479180038797e-05
vdws = 23
atoms = 12
pairs = 52
 geom_x = 13.659717573605912
 geom_a = 0
 geom_q = 0
 geom_c = 0.0
f1, 0= 1.3660e+01
                          N restraints  r.m.s.d.  r.m.s.Z  Mn(sigma)
Bond distances, non H                5     0.011    0.646      0.016
Bond distances, H                    6     0.001    0.057      0.017
Bond angles, non H                   5     1.850    0.948      2.428
Bond angles, H                      13     0.815    0.312      2.077
Torsion angles, period 2             1     0.211    0.042      5.000
Torsion angles, period 6             1     6.358    0.318     20.000
Planar groups                        8     0.000    0.025      0.020
VDW nonbonded                        2     0.133    0.665      0.200
VDW torsion                          4     0.199    0.994      0.200



====== CYCLE 25 ======

 weight = 1.0000e+00
 geom_x = 13.659717573605912
 geom_a = 0
 geom_q = 0
 geom_c = 0.0
f0= 1.3660e+01
using cgsolve in c++, ic=False
diag(geom) min= 636.937114 max= 15880.706210
diag(all) min= 636.937114 max= 15880.706210
Trying gamma equal 0.126000
Convergence reached after 18 iterations with no gamma cycles
min(dx) = -0.0032004197212549463
max(dx) = 0.003187213621928818
mean(dx)= -1.4357725339087504e-05
vdws = 23
atoms = 12
pairs = 52
 geom_x = 13.653379096246372
 geom_a = 0
 geom_q = 0
 geom_c = 0.0
f1, 0= 1.3653e+01
                          N restraints  r.m.s.d.  r.m.s.Z  Mn(sigma)
Bond distances, non H                5     0.011    0.645      0.016
Bond distances, H                    6     0.001    0.057      0.017
Bond angles, non H                   5     1.851    0.947      2.428
Bond angles, H                      13     0.815    0.312      2.077
Torsion angles, period 2             1     0.219    0.044      5.000
Torsion angles, period 6             1     6.635    0.332     20.000
Planar groups                        8     0.001    0.025      0.020
VDW nonbonded                        2     0.133    0.664      0.200
VDW torsion                          4     0.199    0.994      0.200



====== CYCLE 26 ======

 weight = 1.0000e+00
 geom_x = 13.653379096246372
 geom_a = 0
 geom_q = 0
 geom_c = 0.0
f0= 1.3653e+01
using cgsolve in c++, ic=False
diag(geom) min= 638.844307 max= 15880.467796
diag(all) min= 638.844307 max= 15880.467796
Trying gamma equal 0.126000
Convergence reached after 18 iterations with no gamma cycles
min(dx) = -0.0033253571266360655
max(dx) = 0.003319486459874403
mean(dx)= -1.4849147658227996e-05
vdws = 23
atoms = 12
pairs = 52
 geom_x = 13.64663905144242
 geom_a = 0
 geom_q = 0
 geom_c = 0.0
f1, 0= 1.3647e+01
                          N restraints  r.m.s.d.  r.m.s.Z  Mn(sigma)
Bond distances, non H                5     0.011    0.645      0.016
Bond distances, H                    6     0.001    0.057      0.017
Bond angles, non H                   5     1.852    0.947      2.428
Bond angles, H                      13     0.815    0.312      2.077
Torsion angles, period 2             1     0.228    0.046      5.000
Torsion angles, period 6             1     6.921    0.346     20.000
Planar groups                        8     0.001    0.026      0.020
VDW nonbonded                        2     0.133    0.663      0.200
VDW torsion                          4     0.199    0.994      0.200



====== CYCLE 27 ======

 weight = 1.0000e+00
 geom_x = 13.64663905144242
 geom_a = 0
 geom_q = 0
 geom_c = 0.0
f0= 1.3647e+01
using cgsolve in c++, ic=False
diag(geom) min= 640.870797 max= 15880.225307
diag(all) min= 640.870797 max= 15880.225307
Trying gamma equal 0.126000
Convergence reached after 18 iterations with no gamma cycles
min(dx) = -0.0034520703059348146
max(dx) = 0.003454806109624386
mean(dx)= -1.527817386643347e-05
vdws = 23
atoms = 12
pairs = 52
 geom_x = 13.639473777431832
 geom_a = 0
 geom_q = 0
 geom_c = 0.0
f1, 0= 1.3639e+01
                          N restraints  r.m.s.d.  r.m.s.Z  Mn(sigma)
Bond distances, non H                5     0.011    0.645      0.016
Bond distances, H                    6     0.001    0.057      0.017
Bond angles, non H                   5     1.853    0.947      2.428
Bond angles, H                      13     0.815    0.312      2.077
Torsion angles, period 2             1     0.237    0.047      5.000
Torsion angles, period 6             1     7.215    0.361     20.000
Planar groups                        8     0.001    0.026      0.020
VDW nonbonded                        2     0.132    0.661      0.200
VDW torsion                          4     0.199    0.994      0.200



====== CYCLE 28 ======

 weight = 1.0000e+00
 geom_x = 13.639473777431832
 geom_a = 0
 geom_q = 0
 geom_c = 0.0
f0= 1.3639e+01
using cgsolve in c++, ic=False
diag(geom) min= 643.022997 max= 15879.978199
diag(all) min= 643.022997 max= 15879.978199
Trying gamma equal 0.126000
Convergence reached after 18 iterations with no gamma cycles
min(dx) = -0.003580346117783041
max(dx) = 0.0035930482905951948
mean(dx)= -1.563901475618985e-05
vdws = 23
atoms = 12
pairs = 52
 geom_x = 13.63185940863945
 geom_a = 0
 geom_q = 0
 geom_c = 0.0
f1, 0= 1.3632e+01
                          N restraints  r.m.s.d.  r.m.s.Z  Mn(sigma)
Bond distances, non H                5     0.011    0.645      0.016
Bond distances, H                    6     0.001    0.057      0.017
Bond angles, non H                   5     1.854    0.946      2.428
Bond angles, H                      13     0.815    0.311      2.077
Torsion angles, period 2             1     0.246    0.049      5.000
Torsion angles, period 6             1     7.520    0.376     20.000
Planar groups                        8     0.001    0.027      0.020
VDW nonbonded                        2     0.132    0.660      0.200
VDW torsion                          4     0.199    0.994      0.200



====== CYCLE 29 ======

 weight = 1.0000e+00
 geom_x = 13.63185940863945
 geom_a = 0
 geom_q = 0
 geom_c = 0.0
f0= 1.3632e+01
using cgsolve in c++, ic=False
diag(geom) min= 645.307515 max= 15879.725922
diag(all) min= 645.307515 max= 15879.725922
Trying gamma equal 0.126000
Convergence reached after 18 iterations with no gamma cycles
min(dx) = -0.003709939842713372
max(dx) = 0.003734056716255859
mean(dx)= -1.5925692884302574e-05
vdws = 23
atoms = 12
pairs = 52
 geom_x = 13.623772058005219
 geom_a = 0
 geom_q = 0
 geom_c = 0.0
f1, 0= 1.3624e+01
                          N restraints  r.m.s.d.  r.m.s.Z  Mn(sigma)
Bond distances, non H                5     0.011    0.645      0.016
Bond distances, H                    6     0.001    0.056      0.017
Bond angles, non H                   5     1.854    0.946      2.428
Bond angles, H                      13     0.815    0.311      2.077
Torsion angles, period 2             1     0.255    0.051      5.000
Torsion angles, period 6             1     7.833    0.392     20.000
Planar groups                        8     0.001    0.028      0.020
VDW nonbonded                        2     0.132    0.658      0.200
VDW torsion                          4     0.199    0.993      0.200



====== CYCLE 30 ======

 weight = 1.0000e+00
 geom_x = 13.623772058005219
 geom_a = 0
 geom_q = 0
 geom_c = 0.0
f0= 1.3624e+01
using cgsolve in c++, ic=False
diag(geom) min= 647.731128 max= 15879.467915
diag(all) min= 647.731128 max= 15879.467915
Trying gamma equal 0.126000
Convergence reached after 18 iterations with no gamma cycles
min(dx) = -0.0038405732237879035
max(dx) = 0.003877640139617992
mean(dx)= -1.6132085370047858e-05
vdws = 23
atoms = 12
pairs = 52
 geom_x = 13.615188030729584
 geom_a = 0
 geom_q = 0
 geom_c = 0.0
f1, 0= 1.3615e+01
                          N restraints  r.m.s.d.  r.m.s.Z  Mn(sigma)
Bond distances, non H                5     0.011    0.644      0.016
Bond distances, H                    6     0.001    0.056      0.017
Bond angles, non H                   5     1.855    0.945      2.428
Bond angles, H                      13     0.815    0.311      2.077
Torsion angles, period 2             1     0.265    0.053      5.000
Torsion angles, period 6             1     8.156    0.408     20.000
Planar groups                        8     0.001    0.028      0.020
VDW nonbonded                        2     0.131    0.657      0.200
VDW torsion                          4     0.199    0.993      0.200


$TABLE: stats vs cycle :
$GRAPHS
: Geometry :A:1,2,4:
: Geometry Z :A:1,5,3:
$$
 Ncyc  rmsBOND  zBOND  rmsANGL  zANGL
$$
$$
    0   0.0107 0.6470   1.8150 0.9454
    1   0.0107 0.6469   1.8165 0.9457
    2   0.0107 0.6468   1.8178 0.9459
    3   0.0107 0.6466   1.8191 0.9462
    4   0.0107 0.6465   1.8202 0.9465
    5   0.0107 0.6463   1.8213 0.9467
    6   0.0107 0.6460   1.8224 0.9469
    7   0.0107 0.6458   1.8235 0.9471
    8   0.0107 0.6458   1.8254 0.9474
    9   0.0107 0.6458   1.8275 0.9476
   10   0.0107 0.6458   1.8298 0.9479
   11   0.0107 0.6459   1.8322 0.9481
   12   0.0107 0.6459   1.8345 0.9483
   13   0.0107 0.6459   1.8359 0.9484
   14   0.0107 0.6460   1.8374 0.9485
   15   0.0107 0.6460   1.8388 0.9485
   16   0.0107 0.6460   1.8403 0.9486
   17   0.0107 0.6460   1.8417 0.9486
   18   0.0107 0.6459   1.8430 0.9485
   19   0.0107 0.6459   1.8443 0.9485
   20   0.0107 0.6459   1.8456 0.9484
   21   0.0107 0.6458   1.8468 0.9483
   22   0.0107 0.6457   1.8480 0.9481
   23   0.0107 0.6456   1.8491 0.9479
   24   0.0107 0.6455   1.8501 0.9477
   25   0.0107 0.6454   1.8511 0.9474
   26   0.0107 0.6453   1.8520 0.9470
   27   0.0107 0.6451   1.8529 0.9466
   28   0.0107 0.6449   1.8537 0.9462
   29   0.0106 0.6447   1.8544 0.9457
   30   0.0106 0.6444   1.8550 0.9451
$$

Updated dictionary saved: CAA_MODEL_TMP/mol_1_conf_19_updated.cif
Refinement statistics saved: CAA_MODEL_TMP/mol_1_conf_19_stats.json

# Finished on 2026-06-14 11:38:57.520656

=========END OF PROCESS INFORMATION ==========
