
============ PROCESS INFORMATION =============
# Servalcat ver. 0.4.128 (Python 3.9.18)
# Library vers. gemmi 0.7.4, scipy 1.7.3, numpy 1.19.5, pandas 1.3.5
# Started on 2026-06-14 11:38:59.162729
# Host: Mac.lan User: hilgersmt
# Command-line:
# servalcat --logfile CAA_MODEL_TMP/servalcat.log refine_geom --update_dictionary CAA_MODEL_TMP/mol_1_conf_20_init.cif -o CAA_MODEL_TMP/mol_1_conf_20 --randomize 0.01
Config loaded
--
refine:
  atom_selection:
    xyz:
      include:
      - '*'
      exclude: []
      exclude_restraint: []
    adp:
      include: []
      exclude: []
      exclude_restraint: []
    occ:
      include: []
      exclude: []
      exclude_restraint: []
    dfrac:
      include: []
      exclude: []
      exclude_restraint: []
  occ_groups: []
  occ_group_constraints: []
  occ_group_const_mu: 10.0
  occ_group_const_mu_update_factor: 1.1
  occ_group_const_mu_update_tol_rel: 0.25
  occ_group_const_mu_update_tol_abs: 0.01
  initialisation:
    adp: {}
    occ: {}
    dfrac: {}
  write_trajectory: false
--
Reading monomers from /Applications/ccp4-9/lib/data/monomers/
Reading monomer: CAA_MODEL_TMP/mol_1_conf_20_init.cif
WARNING:: updating monomer CAA using CAA_MODEL_TMP/mol_1_conf_20_init.cif
Monomer library loaded: 1 monomers, 109 links, 133 modifications
       loaded monomers: CAA

Checking if unknown atoms exist..
Creating restraints..

Chain info:
 chain 
  ligands: CAA (1 residues)

Number of refinement parameters:
       n_params  n_atoms  n_atoms_geom_only  n_atoms_data_only
xyz           6        6                  0                  0
adp           0        0                  0                  0
occ           0        0                  0                  0
dfrac         0        0                  0                  0

Randomizing structure with rmsd of 0.01
Torsion angle rules:
 include:
  {'group': 'peptide', 'tors_name': 'chi*'}
  {'link': '*', 'tors_name': 'omega'}
  {'residue': '*', 'tors_name': 'sp2_sp2*'}
  {'link': '*', 'tors_name': 'sp2_sp2*'}
 exclude:
  none
External restraints from Refmac instructions
 Number of distances          : 0
 Number of angles             : 0
 Number of torsions           : 0
 Number of chirals            : 0
 Number of planes             : 0
 Number of intervals          : 0
 Number of stackings          : 0
 Number of harmonics          : 0
 Number of special positions  : 0

Running 10 cycles with wchir=4 wvdw=2 without hydrogen
Geometry weights
vdws = 4
atoms = 6
pairs = 14
 *** Bond distances outliers (Z >= 5) ***

    atom1     atom2  value  ideal  sigma     z
/CAA 1/C2 /CAA 1/N1  1.435  1.335  0.016 6.130

                          N restraints  r.m.s.d.  r.m.s.Z  Mn(sigma)
Bond distances, non H                5     0.046    2.806      0.016
Bond angles, non H                   5     2.744    1.112      2.428
Torsion angles, period 2             1     1.341    0.268      5.000
Planar groups                        4     0.005    0.274      0.020
VDW torsion                          1     0.365    1.825      0.200


====== CYCLE  1 ======

 weight = 1.0000e+00
 geom_x = 29.626081773524916
 geom_a = 0
 geom_q = 0
 geom_c = 0.0
f0= 2.9626e+01
using cgsolve in c++, ic=False
diag(geom) min= 122.645369 max= 11951.321911
diag(all) min= 122.645369 max= 11951.321911
Trying gamma equal 0.000000
Convergence reached after 11 iterations with no gamma cycles
min(dx) = -0.09253719472222585
max(dx) = 0.052916165295640395
mean(dx)= -0.007231875661117326
vdws = 4
atoms = 6
pairs = 14
 geom_x = 7.5090852089516975
 geom_a = 0
 geom_q = 0
 geom_c = 0.0
f1, 0= 7.5091e+00
                          N restraints  r.m.s.d.  r.m.s.Z  Mn(sigma)
Bond distances, non H                5     0.008    0.473      0.016
Bond angles, non H                   5     1.133    0.661      2.428
Torsion angles, period 2             1     0.263    0.053      5.000
Planar groups                        4     0.000    0.003      0.020
VDW torsion                          1     0.342    1.711      0.200



====== CYCLE  2 ======

 weight = 1.0000e+00
 geom_x = 7.5090852089516975
 geom_a = 0
 geom_q = 0
 geom_c = 0.0
f0= 7.5091e+00
using cgsolve in c++, ic=False
diag(geom) min= 124.681978 max= 12161.296912
diag(all) min= 124.681978 max= 12161.296912
Trying gamma equal 0.000000
Convergence reached after 11 iterations with no gamma cycles
min(dx) = -0.006078319274712421
max(dx) = 0.005053917977780252
mean(dx)= 7.890745610490086e-05
vdws = 4
atoms = 6
pairs = 14
 geom_x = 7.309102641457562
 geom_a = 0
 geom_q = 0
 geom_c = 0.0
f1, 0= 7.3091e+00
                          N restraints  r.m.s.d.  r.m.s.Z  Mn(sigma)
Bond distances, non H                5     0.005    0.313      0.016
Bond angles, non H                   5     1.090    0.646      2.428
Torsion angles, period 2             1     0.032    0.006      5.000
Planar groups                        4     0.000    0.002      0.020
VDW torsion                          1     0.347    1.735      0.200



====== CYCLE  3 ======

 weight = 1.0000e+00
 geom_x = 7.309102641457562
 geom_a = 0
 geom_q = 0
 geom_c = 0.0
f0= 7.3091e+00
using cgsolve in c++, ic=False
diag(geom) min= 124.101975 max= 12165.616942
diag(all) min= 124.101975 max= 12165.616942
Trying gamma equal 0.000000
Convergence reached after 11 iterations with no gamma cycles
min(dx) = -0.00013116820880120606
max(dx) = 0.00041936697984354203
mean(dx)= 1.116671908785476e-05
vdws = 4
atoms = 6
pairs = 14
 geom_x = 7.309072988032094
 geom_a = 0
 geom_q = 0
 geom_c = 0.0
f1, 0= 7.3091e+00
                          N restraints  r.m.s.d.  r.m.s.Z  Mn(sigma)
Bond distances, non H                5     0.005    0.313      0.016
Bond angles, non H                   5     1.088    0.645      2.428
Torsion angles, period 2             1     0.005    0.001      5.000
Planar groups                        4     0.000    0.000      0.020
VDW torsion                          1     0.347    1.735      0.200



====== CYCLE  4 ======

 weight = 1.0000e+00
 geom_x = 7.309072988032094
 geom_a = 0
 geom_q = 0
 geom_c = 0.0
f0= 7.3091e+00
using cgsolve in c++, ic=False
diag(geom) min= 123.926898 max= 12165.892496
diag(all) min= 123.926898 max= 12165.892496
Trying gamma equal 0.000000
Convergence reached after 11 iterations with no gamma cycles
min(dx) = -2.5279224439794755e-05
max(dx) = 6.458033275834309e-05
mean(dx)= 9.088537320254586e-07
vdws = 4
atoms = 6
pairs = 14
 geom_x = 7.30907231940229
 geom_a = 0
 geom_q = 0
 geom_c = 0.0
f1, 0= 7.3091e+00
                          N restraints  r.m.s.d.  r.m.s.Z  Mn(sigma)
Bond distances, non H                5     0.005    0.313      0.016
Bond angles, non H                   5     1.088    0.645      2.428
Torsion angles, period 2             1     0.001    0.000      5.000
Planar groups                        4     0.000    0.000      0.020
VDW torsion                          1     0.347    1.735      0.200



====== CYCLE  5 ======

 weight = 1.0000e+00
 geom_x = 7.30907231940229
 geom_a = 0
 geom_q = 0
 geom_c = 0.0
f0= 7.3091e+00
using cgsolve in c++, ic=False
diag(geom) min= 123.900823 max= 12165.974761
diag(all) min= 123.900823 max= 12165.974761
Trying gamma equal 0.000000
Convergence reached after 11 iterations with no gamma cycles
min(dx) = -4.189749807810695e-06
max(dx) = 1.0655677818778438e-05
mean(dx)= 1.627049553716051e-07
vdws = 4
atoms = 6
pairs = 14
 geom_x = 7.309072301236091
 geom_a = 0
 geom_q = 0
 geom_c = 0.0
f1, 0= 7.3091e+00
                          N restraints  r.m.s.d.  r.m.s.Z  Mn(sigma)
Bond distances, non H                5     0.005    0.313      0.016
Bond angles, non H                   5     1.088    0.645      2.428
Torsion angles, period 2             1     0.000    0.000      5.000
Planar groups                        4     0.000    0.000      0.020
VDW torsion                          1     0.347    1.735      0.200



====== CYCLE  6 ======

 weight = 1.0000e+00
 geom_x = 7.309072301236091
 geom_a = 0
 geom_q = 0
 geom_c = 0.0
f0= 7.3091e+00
using cgsolve in c++, ic=False
diag(geom) min= 123.896504 max= 12165.987762
diag(all) min= 123.896504 max= 12165.987762
Trying gamma equal 0.000000
Convergence reached after 11 iterations with no gamma cycles
min(dx) = -6.917632344594736e-07
max(dx) = 1.7568382896520071e-06
mean(dx)= 2.6526776068466184e-08
vdws = 4
atoms = 6
pairs = 14
 geom_x = 7.30907230074163
 geom_a = 0
 geom_q = 0
 geom_c = 0.0
f1, 0= 7.3091e+00
                          N restraints  r.m.s.d.  r.m.s.Z  Mn(sigma)
Bond distances, non H                5     0.005    0.313      0.016
Bond angles, non H                   5     1.088    0.645      2.428
Torsion angles, period 2             1     0.000    0.000      5.000
Planar groups                        4     0.000    0.000      0.020
VDW torsion                          1     0.347    1.735      0.200



====== CYCLE  7 ======

 weight = 1.0000e+00
 geom_x = 7.30907230074163
 geom_a = 0
 geom_q = 0
 geom_c = 0.0
f0= 7.3091e+00
using cgsolve in c++, ic=False
diag(geom) min= 123.895792 max= 12165.989917
diag(all) min= 123.895792 max= 12165.989917
Trying gamma equal 0.000000
Convergence reached after 11 iterations with no gamma cycles
min(dx) = -1.1412878123436536e-07
max(dx) = 2.898568686408064e-07
mean(dx)= 4.382619291063117e-09
vdws = 4
atoms = 6
pairs = 14
 geom_x = 7.30907230072815
 geom_a = 0
 geom_q = 0
 geom_c = 0.0
f1, 0= 7.3091e+00
                          N restraints  r.m.s.d.  r.m.s.Z  Mn(sigma)
Bond distances, non H                5     0.005    0.313      0.016
Bond angles, non H                   5     1.088    0.645      2.428
Torsion angles, period 2             1     0.000    0.000      5.000
Planar groups                        4     0.000    0.000      0.020
VDW torsion                          1     0.347    1.735      0.200



====== CYCLE  8 ======

 weight = 1.0000e+00
 geom_x = 7.30907230072815
 geom_a = 0
 geom_q = 0
 geom_c = 0.0
f0= 7.3091e+00
using cgsolve in c++, ic=False
diag(geom) min= 123.895675 max= 12165.990273
diag(all) min= 123.895675 max= 12165.990273
Trying gamma equal 0.000000
Convergence reached after 11 iterations with no gamma cycles
min(dx) = -1.882926083463379e-08
max(dx) = 4.782037315752562e-08
mean(dx)= 7.228930965217279e-10
vdws = 4
atoms = 6
pairs = 14
 geom_x = 7.309072300727797
 geom_a = 0
 geom_q = 0
 geom_c = 0.0
f1, 0= 7.3091e+00
                          N restraints  r.m.s.d.  r.m.s.Z  Mn(sigma)
Bond distances, non H                5     0.005    0.313      0.016
Bond angles, non H                   5     1.088    0.645      2.428
Torsion angles, period 2             1     0.000    0.000      5.000
Planar groups                        4     0.000    0.000      0.020
VDW torsion                          1     0.347    1.735      0.200



====== CYCLE  9 ======

 weight = 1.0000e+00
 geom_x = 7.309072300727797
 geom_a = 0
 geom_q = 0
 geom_c = 0.0
f0= 7.3091e+00
using cgsolve in c++, ic=False
diag(geom) min= 123.895655 max= 12165.990332
diag(all) min= 123.895655 max= 12165.990332
Trying gamma equal 0.000000
Convergence reached after 11 iterations with no gamma cycles
min(dx) = -3.1064717127702154e-09
max(dx) = 7.889463218918273e-09
mean(dx)= 1.1926683199001872e-10
vdws = 4
atoms = 6
pairs = 14
 geom_x = 7.309072300727802
 geom_a = 0
 geom_q = 0
 geom_c = 0.0
f1, 0= 7.3091e+00
min(dx) = -1.5532358563851077e-09
max(dx) = 3.944731609459137e-09
mean(dx)= 5.963341599500936e-11
vdws = 4
atoms = 6
pairs = 14
 geom_x = 7.309072300727784
 geom_a = 0
 geom_q = 0
 geom_c = 0.0
f1, 1= 7.3091e+00
                          N restraints  r.m.s.d.  r.m.s.Z  Mn(sigma)
Bond distances, non H                5     0.005    0.313      0.016
Bond angles, non H                   5     1.088    0.645      2.428
Torsion angles, period 2             1     0.000    0.000      5.000
Planar groups                        4     0.000    0.000      0.020
VDW torsion                          1     0.347    1.735      0.200



====== CYCLE 10 ======

 weight = 1.0000e+00
 geom_x = 7.309072300727784
 geom_a = 0
 geom_q = 0
 geom_c = 0.0
f0= 7.3091e+00
using cgsolve in c++, ic=False
diag(geom) min= 123.895654 max= 12165.990336
diag(all) min= 123.895654 max= 12165.990336
Trying gamma equal 0.000000
Convergence reached after 11 iterations with no gamma cycles
min(dx) = -1.80949012279936e-09
max(dx) = 4.595537859781257e-09
mean(dx)= 6.947182091670686e-11
vdws = 4
atoms = 6
pairs = 14
 geom_x = 7.309072300727815
 geom_a = 0
 geom_q = 0
 geom_c = 0.0
f1, 0= 7.3091e+00
min(dx) = -9.0474506139968e-10
max(dx) = 2.2977689298906285e-09
mean(dx)= 3.473591045835343e-11
vdws = 4
atoms = 6
pairs = 14
 geom_x = 7.309072300727795
 geom_a = 0
 geom_q = 0
 geom_c = 0.0
f1, 1= 7.3091e+00
min(dx) = -4.5237253069984e-10
max(dx) = 1.1488844649453143e-09
mean(dx)= 1.7367955229176715e-11
vdws = 4
atoms = 6
pairs = 14
 geom_x = 7.309072300727781
 geom_a = 0
 geom_q = 0
 geom_c = 0.0
f1, 2= 7.3091e+00
                          N restraints  r.m.s.d.  r.m.s.Z  Mn(sigma)
Bond distances, non H                5     0.005    0.313      0.016
Bond angles, non H                   5     1.088    0.645      2.428
Torsion angles, period 2             1     0.000    0.000      5.000
Planar groups                        4     0.000    0.000      0.020
VDW torsion                          1     0.347    1.735      0.200


$TABLE: stats vs cycle :
$GRAPHS
: Geometry :A:1,4,2:
: Geometry Z :A:1,3,5:
$$
 Ncyc  rmsBOND  zBOND  rmsANGL  zANGL
$$
$$
    0   0.0459 2.8059   2.7441 1.1123
    1   0.0076 0.4730   1.1326 0.6614
    2   0.0053 0.3134   1.0897 0.6462
    3   0.0053 0.3130   1.0879 0.6451
    4   0.0053 0.3130   1.0879 0.6451
    5   0.0053 0.3130   1.0879 0.6451
    6   0.0053 0.3130   1.0879 0.6451
    7   0.0053 0.3130   1.0879 0.6451
    8   0.0053 0.3130   1.0879 0.6451
    9   0.0053 0.3130   1.0879 0.6451
   10   0.0053 0.3130   1.0879 0.6451
$$

Running 30 cycles with wchir=1 wvdw=2 without hydrogen
Geometry weights
vdws = 4
atoms = 6
pairs = 14
                          N restraints  r.m.s.d.  r.m.s.Z  Mn(sigma)
Bond distances, non H                5     0.005    0.313      0.016
Bond angles, non H                   5     1.088    0.645      2.428
Torsion angles, period 2             1     0.000    0.000      5.000
Planar groups                        4     0.000    0.000      0.020
VDW torsion                          1     0.347    1.735      0.200


====== CYCLE  1 ======

 weight = 1.0000e+00
 geom_x = 7.309072300727781
 geom_a = 0
 geom_q = 0
 geom_c = 0.0
f0= 7.3091e+00
using cgsolve in c++, ic=False
diag(geom) min= 123.895653 max= 12165.990338
diag(all) min= 123.895653 max= 12165.990338
Trying gamma equal 0.000000
Convergence reached after 11 iterations with no gamma cycles
min(dx) = -1.4317506407375352e-09
max(dx) = 3.636197719422372e-09
mean(dx)= 5.496923578676751e-11
vdws = 4
atoms = 6
pairs = 14
 geom_x = 7.309072300727779
 geom_a = 0
 geom_q = 0
 geom_c = 0.0
f1, 0= 7.3091e+00
                          N restraints  r.m.s.d.  r.m.s.Z  Mn(sigma)
Bond distances, non H                5     0.005    0.313      0.016
Bond angles, non H                   5     1.088    0.645      2.428
Torsion angles, period 2             1     0.000    0.000      5.000
Planar groups                        4     0.000    0.000      0.020
VDW torsion                          1     0.347    1.735      0.200



====== CYCLE  2 ======

 weight = 1.0000e+00
 geom_x = 7.309072300727779
 geom_a = 0
 geom_q = 0
 geom_c = 0.0
f0= 7.3091e+00
using cgsolve in c++, ic=False
diag(geom) min= 123.895652 max= 12165.990342
diag(all) min= 123.895652 max= 12165.990342
Trying gamma equal 0.000000
Convergence reached after 11 iterations with no gamma cycles
min(dx) = -2.3621183134360533e-10
max(dx) = 5.999029457716446e-10
mean(dx)= 9.068781858580628e-12
vdws = 4
atoms = 6
pairs = 14
 geom_x = 7.3090723007278
 geom_a = 0
 geom_q = 0
 geom_c = 0.0
f1, 0= 7.3091e+00
min(dx) = -1.1810591567180266e-10
max(dx) = 2.999514728858223e-10
mean(dx)= 4.534390929290314e-12
vdws = 4
atoms = 6
pairs = 14
 geom_x = 7.309072300727775
 geom_a = 0
 geom_q = 0
 geom_c = 0.0
f1, 1= 7.3091e+00
                          N restraints  r.m.s.d.  r.m.s.Z  Mn(sigma)
Bond distances, non H                5     0.005    0.313      0.016
Bond angles, non H                   5     1.088    0.645      2.428
Torsion angles, period 2             1     0.000    0.000      5.000
Planar groups                        4     0.000    0.000      0.020
VDW torsion                          1     0.347    1.735      0.200



====== CYCLE  3 ======

 weight = 1.0000e+00
 geom_x = 7.309072300727775
 geom_a = 0
 geom_q = 0
 geom_c = 0.0
f0= 7.3091e+00
using cgsolve in c++, ic=False
diag(geom) min= 123.895652 max= 12165.990343
diag(all) min= 123.895652 max= 12165.990343
Trying gamma equal 0.000000
Convergence reached after 11 iterations with no gamma cycles
min(dx) = -1.3759108215833556e-10
max(dx) = 3.4943798185553164e-10
mean(dx)= 5.2825039746558796e-12
vdws = 4
atoms = 6
pairs = 14
 geom_x = 7.309072300727779
 geom_a = 0
 geom_q = 0
 geom_c = 0.0
f1, 0= 7.3091e+00
min(dx) = -6.879554107916778e-11
max(dx) = 1.7471899092776582e-10
mean(dx)= 2.6412519873279398e-12
vdws = 4
atoms = 6
pairs = 14
 geom_x = 7.309072300727781
 geom_a = 0
 geom_q = 0
 geom_c = 0.0
f1, 1= 7.3091e+00
min(dx) = -3.439777053958389e-11
max(dx) = 8.735949546388291e-11
mean(dx)= 1.3206259936639699e-12
vdws = 4
atoms = 6
pairs = 14
 geom_x = 7.30907230072779
 geom_a = 0
 geom_q = 0
 geom_c = 0.0
f1, 2= 7.3091e+00
WARNING: function not minimised
                          N restraints  r.m.s.d.  r.m.s.Z  Mn(sigma)
Bond distances, non H                5     0.005    0.313      0.016
Bond angles, non H                   5     1.088    0.645      2.428
Torsion angles, period 2             1     0.000    0.000      5.000
Planar groups                        4     0.000    0.000      0.020
VDW torsion                          1     0.347    1.735      0.200



====== CYCLE  4 ======

 weight = 1.0000e+00
 geom_x = 7.30907230072779
 geom_a = 0
 geom_q = 0
 geom_c = 0.0
f0= 7.3091e+00
using cgsolve in c++, ic=False
diag(geom) min= 123.895651 max= 12165.990343
diag(all) min= 123.895651 max= 12165.990343
Trying gamma equal 0.000000
Convergence reached after 11 iterations with no gamma cycles
min(dx) = -1.0886835233783428e-10
max(dx) = 2.764913362128863e-10
mean(dx)= 4.1797988634621736e-12
vdws = 4
atoms = 6
pairs = 14
 geom_x = 7.309072300727789
 geom_a = 0
 geom_q = 0
 geom_c = 0.0
f1, 0= 7.3091e+00
                          N restraints  r.m.s.d.  r.m.s.Z  Mn(sigma)
Bond distances, non H                5     0.005    0.313      0.016
Bond angles, non H                   5     1.088    0.645      2.428
Torsion angles, period 2             1     0.000    0.000      5.000
Planar groups                        4     0.000    0.000      0.020
VDW torsion                          1     0.347    1.735      0.200



====== CYCLE  5 ======

 weight = 1.0000e+00
 geom_x = 7.309072300727789
 geom_a = 0
 geom_q = 0
 geom_c = 0.0
f0= 7.3091e+00
using cgsolve in c++, ic=False
diag(geom) min= 123.895651 max= 12165.990343
diag(all) min= 123.895651 max= 12165.990343
Trying gamma equal 0.000000
Convergence reached after 11 iterations with no gamma cycles
min(dx) = -1.796125017238289e-11
max(dx) = 4.5616062820240336e-11
mean(dx)= 6.895657020307977e-13
vdws = 4
atoms = 6
pairs = 14
 geom_x = 7.309072300727773
 geom_a = 0
 geom_q = 0
 geom_c = 0.0
f1, 0= 7.3091e+00
                          N restraints  r.m.s.d.  r.m.s.Z  Mn(sigma)
Bond distances, non H                5     0.005    0.313      0.016
Bond angles, non H                   5     1.088    0.645      2.428
Torsion angles, period 2             1     0.000    0.000      5.000
Planar groups                        4     0.000    0.000      0.020
VDW torsion                          1     0.347    1.735      0.200



====== CYCLE  6 ======

 weight = 1.0000e+00
 geom_x = 7.309072300727773
 geom_a = 0
 geom_q = 0
 geom_c = 0.0
f0= 7.3091e+00
using cgsolve in c++, ic=False
diag(geom) min= 123.895651 max= 12165.990343
diag(all) min= 123.895651 max= 12165.990343
Trying gamma equal 0.000000
Convergence reached after 11 iterations with no gamma cycles
min(dx) = -2.9631693833663723e-12
max(dx) = 7.524741158331775e-12
mean(dx)= 1.1375862161561448e-13
vdws = 4
atoms = 6
pairs = 14
 geom_x = 7.309072300727774
 geom_a = 0
 geom_q = 0
 geom_c = 0.0
f1, 0= 7.3091e+00
min(dx) = -1.4815846916831862e-12
max(dx) = 3.762370579165888e-12
mean(dx)= 5.687931080780724e-14
vdws = 4
atoms = 6
pairs = 14
 geom_x = 7.309072300727766
 geom_a = 0
 geom_q = 0
 geom_c = 0.0
f1, 1= 7.3091e+00
                          N restraints  r.m.s.d.  r.m.s.Z  Mn(sigma)
Bond distances, non H                5     0.005    0.313      0.016
Bond angles, non H                   5     1.088    0.645      2.428
Torsion angles, period 2             1     0.000    0.000      5.000
Planar groups                        4     0.000    0.000      0.020
VDW torsion                          1     0.347    1.735      0.200



====== CYCLE  7 ======

 weight = 1.0000e+00
 geom_x = 7.309072300727766
 geom_a = 0
 geom_q = 0
 geom_c = 0.0
f0= 7.3091e+00
using cgsolve in c++, ic=False
diag(geom) min= 123.895651 max= 12165.990343
diag(all) min= 123.895651 max= 12165.990343
Trying gamma equal 0.000000
Convergence reached after 11 iterations with no gamma cycles
min(dx) = -1.7260905058898415e-12
max(dx) = 4.38386674305727e-12
mean(dx)= 6.62673875033096e-14
vdws = 4
atoms = 6
pairs = 14
 geom_x = 7.309072300727783
 geom_a = 0
 geom_q = 0
 geom_c = 0.0
f1, 0= 7.3091e+00
min(dx) = -8.630452529449207e-13
max(dx) = 2.191933371528635e-12
mean(dx)= 3.31336937516548e-14
vdws = 4
atoms = 6
pairs = 14
 geom_x = 7.3090723007278005
 geom_a = 0
 geom_q = 0
 geom_c = 0.0
f1, 1= 7.3091e+00
min(dx) = -4.3152262647246037e-13
max(dx) = 1.0959666857643175e-12
mean(dx)= 1.65668468758274e-14
vdws = 4
atoms = 6
pairs = 14
 geom_x = 7.3090723007277845
 geom_a = 0
 geom_q = 0
 geom_c = 0.0
f1, 2= 7.3091e+00
WARNING: function not minimised
                          N restraints  r.m.s.d.  r.m.s.Z  Mn(sigma)
Bond distances, non H                5     0.005    0.313      0.016
Bond angles, non H                   5     1.088    0.645      2.428
Torsion angles, period 2             1     0.000    0.000      5.000
Planar groups                        4     0.000    0.000      0.020
VDW torsion                          1     0.347    1.735      0.200



====== CYCLE  8 ======

 weight = 1.0000e+00
 geom_x = 7.3090723007277845
 geom_a = 0
 geom_q = 0
 geom_c = 0.0
f0= 7.3091e+00
using cgsolve in c++, ic=False
diag(geom) min= 123.895651 max= 12165.990343
diag(all) min= 123.895651 max= 12165.990343
Trying gamma equal 0.000000
Convergence reached after 11 iterations with no gamma cycles
min(dx) = -1.3655826866601726e-12
max(dx) = 3.4680636457058847e-12
mean(dx)= 5.24320557529495e-14
vdws = 4
atoms = 6
pairs = 14
 geom_x = 7.309072300727763
 geom_a = 0
 geom_q = 0
 geom_c = 0.0
f1, 0= 7.3091e+00
                          N restraints  r.m.s.d.  r.m.s.Z  Mn(sigma)
Bond distances, non H                5     0.005    0.313      0.016
Bond angles, non H                   5     1.088    0.645      2.428
Torsion angles, period 2             1     0.000    0.000      5.000
Planar groups                        4     0.000    0.000      0.020
VDW torsion                          1     0.347    1.735      0.200



====== CYCLE  9 ======

 weight = 1.0000e+00
 geom_x = 7.309072300727763
 geom_a = 0
 geom_q = 0
 geom_c = 0.0
f0= 7.3091e+00
using cgsolve in c++, ic=False
diag(geom) min= 123.895651 max= 12165.990343
diag(all) min= 123.895651 max= 12165.990343
Trying gamma equal 0.000000
Convergence reached after 11 iterations with no gamma cycles
min(dx) = -2.256455843983895e-13
max(dx) = 5.733688029510565e-13
mean(dx)= 8.66693727729596e-15
vdws = 4
atoms = 6
pairs = 14
 geom_x = 7.309072300727786
 geom_a = 0
 geom_q = 0
 geom_c = 0.0
f1, 0= 7.3091e+00
min(dx) = -1.1282279219919474e-13
max(dx) = 2.8668440147552826e-13
mean(dx)= 4.33346863864798e-15
vdws = 4
atoms = 6
pairs = 14
 geom_x = 7.309072300727789
 geom_a = 0
 geom_q = 0
 geom_c = 0.0
f1, 1= 7.3091e+00
min(dx) = -5.641139609959737e-14
max(dx) = 1.4334220073776413e-13
mean(dx)= 2.16673431932399e-15
vdws = 4
atoms = 6
pairs = 14
 geom_x = 7.309072300727799
 geom_a = 0
 geom_q = 0
 geom_c = 0.0
f1, 2= 7.3091e+00
WARNING: function not minimised
                          N restraints  r.m.s.d.  r.m.s.Z  Mn(sigma)
Bond distances, non H                5     0.005    0.313      0.016
Bond angles, non H                   5     1.088    0.645      2.428
Torsion angles, period 2             1     0.000    0.000      5.000
Planar groups                        4     0.000    0.000      0.020
VDW torsion                          1     0.347    1.735      0.200



====== CYCLE 10 ======

 weight = 1.0000e+00
 geom_x = 7.309072300727799
 geom_a = 0
 geom_q = 0
 geom_c = 0.0
f0= 7.3091e+00
using cgsolve in c++, ic=False
diag(geom) min= 123.895651 max= 12165.990343
diag(all) min= 123.895651 max= 12165.990343
Trying gamma equal 0.000000
Convergence reached after 11 iterations with no gamma cycles
min(dx) = -1.7827681711420253e-13
max(dx) = 4.530659922533267e-13
mean(dx)= 6.887581970016921e-15
vdws = 4
atoms = 6
pairs = 14
 geom_x = 7.309072300727793
 geom_a = 0
 geom_q = 0
 geom_c = 0.0
f1, 0= 7.3091e+00
                          N restraints  r.m.s.d.  r.m.s.Z  Mn(sigma)
Bond distances, non H                5     0.005    0.313      0.016
Bond angles, non H                   5     1.088    0.645      2.428
Torsion angles, period 2             1     0.000    0.000      5.000
Planar groups                        4     0.000    0.000      0.020
VDW torsion                          1     0.347    1.735      0.200



====== CYCLE 11 ======

 weight = 1.0000e+00
 geom_x = 7.309072300727793
 geom_a = 0
 geom_q = 0
 geom_c = 0.0
f0= 7.3091e+00
using cgsolve in c++, ic=False
diag(geom) min= 123.895651 max= 12165.990343
diag(all) min= 123.895651 max= 12165.990343
Trying gamma equal 0.000000
Convergence reached after 11 iterations with no gamma cycles
min(dx) = -2.974126839907201e-14
max(dx) = 7.451326516055469e-14
mean(dx)= 1.083008725046742e-15
vdws = 4
atoms = 6
pairs = 14
 geom_x = 7.30907230072777
 geom_a = 0
 geom_q = 0
 geom_c = 0.0
f1, 0= 7.3091e+00
                          N restraints  r.m.s.d.  r.m.s.Z  Mn(sigma)
Bond distances, non H                5     0.005    0.313      0.016
Bond angles, non H                   5     1.088    0.645      2.428
Torsion angles, period 2             1     0.000    0.000      5.000
Planar groups                        4     0.000    0.000      0.020
VDW torsion                          1     0.347    1.735      0.200



====== CYCLE 12 ======

 weight = 1.0000e+00
 geom_x = 7.30907230072777
 geom_a = 0
 geom_q = 0
 geom_c = 0.0
f0= 7.3091e+00
using cgsolve in c++, ic=False
diag(geom) min= 123.895651 max= 12165.990343
diag(all) min= 123.895651 max= 12165.990343
Trying gamma equal 0.000000
Not converging with gamma equal 0.000000
Trying gamma equal 0.052500
Gamma decreased to 0.042000
min(dx) = -4.45440302888695e-15
max(dx) = 1.1660568831720167e-14
mean(dx)= 1.5765720507466499e-16
vdws = 4
atoms = 6
pairs = 14
 geom_x = 7.309072300727788
 geom_a = 0
 geom_q = 0
 geom_c = 0.0
f1, 0= 7.3091e+00
min(dx) = -2.227201514443475e-15
max(dx) = 5.830284415860084e-15
mean(dx)= 7.882860253733249e-17
vdws = 4
atoms = 6
pairs = 14
 geom_x = 7.309072300727777
 geom_a = 0
 geom_q = 0
 geom_c = 0.0
f1, 1= 7.3091e+00
min(dx) = -1.1136007572217375e-15
max(dx) = 2.915142207930042e-15
mean(dx)= 3.9414301268666247e-17
vdws = 4
atoms = 6
pairs = 14
 geom_x = 7.3090723007277685
 geom_a = 0
 geom_q = 0
 geom_c = 0.0
f1, 2= 7.3091e+00
                          N restraints  r.m.s.d.  r.m.s.Z  Mn(sigma)
Bond distances, non H                5     0.005    0.313      0.016
Bond angles, non H                   5     1.088    0.645      2.428
Torsion angles, period 2             1     0.000    0.000      5.000
Planar groups                        4     0.000    0.000      0.020
VDW torsion                          1     0.347    1.735      0.200



====== CYCLE 13 ======

 weight = 1.0000e+00
 geom_x = 7.3090723007277685
 geom_a = 0
 geom_q = 0
 geom_c = 0.0
f0= 7.3091e+00
using cgsolve in c++, ic=False
diag(geom) min= 123.895651 max= 12165.990343
diag(all) min= 123.895651 max= 12165.990343
Trying gamma equal 0.042000
Convergence reached after 12 iterations with no gamma cycles
min(dx) = -3.36965498861561e-15
max(dx) = 8.863211880145684e-15
mean(dx)= 1.3385224285160567e-16
vdws = 4
atoms = 6
pairs = 14
 geom_x = 7.309072300727796
 geom_a = 0
 geom_q = 0
 geom_c = 0.0
f1, 0= 7.3091e+00
min(dx) = -1.684827494307805e-15
max(dx) = 4.431605940072842e-15
mean(dx)= 6.692612142580284e-17
vdws = 4
atoms = 6
pairs = 14
 geom_x = 7.309072300727775
 geom_a = 0
 geom_q = 0
 geom_c = 0.0
f1, 1= 7.3091e+00
min(dx) = -8.424137471539025e-16
max(dx) = 2.215802970036421e-15
mean(dx)= 3.346306071290142e-17
vdws = 4
atoms = 6
pairs = 14
 geom_x = 7.309072300727774
 geom_a = 0
 geom_q = 0
 geom_c = 0.0
f1, 2= 7.3091e+00
WARNING: function not minimised
                          N restraints  r.m.s.d.  r.m.s.Z  Mn(sigma)
Bond distances, non H                5     0.005    0.313      0.016
Bond angles, non H                   5     1.088    0.645      2.428
Torsion angles, period 2             1     0.000    0.000      5.000
Planar groups                        4     0.000    0.000      0.020
VDW torsion                          1     0.347    1.735      0.200



====== CYCLE 14 ======

 weight = 1.0000e+00
 geom_x = 7.309072300727774
 geom_a = 0
 geom_q = 0
 geom_c = 0.0
f0= 7.3091e+00
using cgsolve in c++, ic=False
diag(geom) min= 123.895651 max= 12165.990343
diag(all) min= 123.895651 max= 12165.990343
Trying gamma equal 0.042000
Not converging with gamma equal 0.042000
Trying gamma equal 0.094500
Gamma decreased to 0.084000
min(dx) = -2.5442823345612537e-15
max(dx) = 6.7536233121653755e-15
mean(dx)= 1.0766582755866211e-16
vdws = 4
atoms = 6
pairs = 14
 geom_x = 7.309072300727788
 geom_a = 0
 geom_q = 0
 geom_c = 0.0
f1, 0= 7.3091e+00
min(dx) = -1.2721411672806268e-15
max(dx) = 3.3768116560826878e-15
mean(dx)= 5.3832913779331053e-17
vdws = 4
atoms = 6
pairs = 14
 geom_x = 7.309072300727789
 geom_a = 0
 geom_q = 0
 geom_c = 0.0
f1, 1= 7.3091e+00
min(dx) = -6.360705836403134e-16
max(dx) = 1.6884058280413439e-15
mean(dx)= 2.6916456889665527e-17
vdws = 4
atoms = 6
pairs = 14
 geom_x = 7.309072300727781
 geom_a = 0
 geom_q = 0
 geom_c = 0.0
f1, 2= 7.3091e+00
WARNING: function not minimised
                          N restraints  r.m.s.d.  r.m.s.Z  Mn(sigma)
Bond distances, non H                5     0.005    0.313      0.016
Bond angles, non H                   5     1.088    0.645      2.428
Torsion angles, period 2             1     0.000    0.000      5.000
Planar groups                        4     0.000    0.000      0.020
VDW torsion                          1     0.347    1.735      0.200



====== CYCLE 15 ======

 weight = 1.0000e+00
 geom_x = 7.309072300727781
 geom_a = 0
 geom_q = 0
 geom_c = 0.0
f0= 7.3091e+00
using cgsolve in c++, ic=False
diag(geom) min= 123.895651 max= 12165.990343
diag(all) min= 123.895651 max= 12165.990343
Trying gamma equal 0.084000
Convergence reached after 12 iterations with no gamma cycles
min(dx) = -2.1912255296810994e-15
max(dx) = 5.653988951723182e-15
mean(dx)= 1.0695310153917087e-16
vdws = 4
atoms = 6
pairs = 14
 geom_x = 7.309072300727793
 geom_a = 0
 geom_q = 0
 geom_c = 0.0
f1, 0= 7.3091e+00
min(dx) = -1.0956127648405497e-15
max(dx) = 2.826994475861591e-15
mean(dx)= 5.3476550769585435e-17
vdws = 4
atoms = 6
pairs = 14
 geom_x = 7.309072300727779
 geom_a = 0
 geom_q = 0
 geom_c = 0.0
f1, 1= 7.3091e+00
                          N restraints  r.m.s.d.  r.m.s.Z  Mn(sigma)
Bond distances, non H                5     0.005    0.313      0.016
Bond angles, non H                   5     1.088    0.645      2.428
Torsion angles, period 2             1     0.000    0.000      5.000
Planar groups                        4     0.000    0.000      0.020
VDW torsion                          1     0.347    1.735      0.200



====== CYCLE 16 ======

 weight = 1.0000e+00
 geom_x = 7.309072300727779
 geom_a = 0
 geom_q = 0
 geom_c = 0.0
f0= 7.3091e+00
using cgsolve in c++, ic=False
diag(geom) min= 123.895651 max= 12165.990343
diag(all) min= 123.895651 max= 12165.990343
Trying gamma equal 0.084000
Convergence reached after 12 iterations with no gamma cycles
min(dx) = -1.5316804703820635e-15
max(dx) = 4.170418356895191e-15
mean(dx)= 8.865062713691243e-17
vdws = 4
atoms = 6
pairs = 14
 geom_x = 7.3090723007278005
 geom_a = 0
 geom_q = 0
 geom_c = 0.0
f1, 0= 7.3091e+00
min(dx) = -7.658402351910317e-16
max(dx) = 2.0852091784475955e-15
mean(dx)= 4.4325313568456214e-17
vdws = 4
atoms = 6
pairs = 14
 geom_x = 7.3090723007277925
 geom_a = 0
 geom_q = 0
 geom_c = 0.0
f1, 1= 7.3091e+00
min(dx) = -3.8292011759551587e-16
max(dx) = 1.0426045892237977e-15
mean(dx)= 2.2162656784228107e-17
vdws = 4
atoms = 6
pairs = 14
 geom_x = 7.3090723007277845
 geom_a = 0
 geom_q = 0
 geom_c = 0.0
f1, 2= 7.3091e+00
WARNING: function not minimised
                          N restraints  r.m.s.d.  r.m.s.Z  Mn(sigma)
Bond distances, non H                5     0.005    0.313      0.016
Bond angles, non H                   5     1.088    0.645      2.428
Torsion angles, period 2             1     0.000    0.000      5.000
Planar groups                        4     0.000    0.000      0.020
VDW torsion                          1     0.347    1.735      0.200



====== CYCLE 17 ======

 weight = 1.0000e+00
 geom_x = 7.3090723007277845
 geom_a = 0
 geom_q = 0
 geom_c = 0.0
f0= 7.3091e+00
using cgsolve in c++, ic=False
diag(geom) min= 123.895651 max= 12165.990343
diag(all) min= 123.895651 max= 12165.990343
Trying gamma equal 0.084000
Convergence reached after 12 iterations with no gamma cycles
min(dx) = -8.851641548029044e-16
max(dx) = 2.3080269180533937e-15
mean(dx)= 4.179710499016476e-17
vdws = 4
atoms = 6
pairs = 14
 geom_x = 7.3090723007278
 geom_a = 0
 geom_q = 0
 geom_c = 0.0
f1, 0= 7.3091e+00
min(dx) = -4.425820774014522e-16
max(dx) = 1.1540134590266969e-15
mean(dx)= 2.089855249508238e-17
vdws = 4
atoms = 6
pairs = 14
 geom_x = 7.309072300727808
 geom_a = 0
 geom_q = 0
 geom_c = 0.0
f1, 1= 7.3091e+00
min(dx) = -2.212910387007261e-16
max(dx) = 5.770067295133484e-16
mean(dx)= 1.044927624754119e-17
vdws = 4
atoms = 6
pairs = 14
 geom_x = 7.309072300727792
 geom_a = 0
 geom_q = 0
 geom_c = 0.0
f1, 2= 7.3091e+00
WARNING: function not minimised
                          N restraints  r.m.s.d.  r.m.s.Z  Mn(sigma)
Bond distances, non H                5     0.005    0.313      0.016
Bond angles, non H                   5     1.088    0.645      2.428
Torsion angles, period 2             1     0.000    0.000      5.000
Planar groups                        4     0.000    0.000      0.020
VDW torsion                          1     0.347    1.735      0.200



====== CYCLE 18 ======

 weight = 1.0000e+00
 geom_x = 7.309072300727792
 geom_a = 0
 geom_q = 0
 geom_c = 0.0
f0= 7.3091e+00
using cgsolve in c++, ic=False
diag(geom) min= 123.895651 max= 12165.990343
diag(all) min= 123.895651 max= 12165.990343
Trying gamma equal 0.084000
Convergence reached after 12 iterations with no gamma cycles
min(dx) = -9.840375887881378e-16
max(dx) = 2.256729325802102e-15
mean(dx)= 3.4787353996548223e-17
vdws = 4
atoms = 6
pairs = 14
 geom_x = 7.3090723007278005
 geom_a = 0
 geom_q = 0
 geom_c = 0.0
f1, 0= 7.3091e+00
min(dx) = -4.920187943940689e-16
max(dx) = 1.128364662901051e-15
mean(dx)= 1.7393676998274112e-17
vdws = 4
atoms = 6
pairs = 14
 geom_x = 7.309072300727804
 geom_a = 0
 geom_q = 0
 geom_c = 0.0
f1, 1= 7.3091e+00
min(dx) = -2.4600939719703446e-16
max(dx) = 5.641823314505255e-16
mean(dx)= 8.696838499137056e-18
vdws = 4
atoms = 6
pairs = 14
 geom_x = 7.309072300727808
 geom_a = 0
 geom_q = 0
 geom_c = 0.0
f1, 2= 7.3091e+00
WARNING: function not minimised
                          N restraints  r.m.s.d.  r.m.s.Z  Mn(sigma)
Bond distances, non H                5     0.005    0.313      0.016
Bond angles, non H                   5     1.088    0.645      2.428
Torsion angles, period 2             1     0.000    0.000      5.000
Planar groups                        4     0.000    0.000      0.020
VDW torsion                          1     0.347    1.735      0.200



====== CYCLE 19 ======

 weight = 1.0000e+00
 geom_x = 7.309072300727808
 geom_a = 0
 geom_q = 0
 geom_c = 0.0
f0= 7.3091e+00
using cgsolve in c++, ic=False
diag(geom) min= 123.895651 max= 12165.990343
diag(all) min= 123.895651 max= 12165.990343
Trying gamma equal 0.084000
Convergence reached after 12 iterations with no gamma cycles
min(dx) = -7.600073969705109e-16
max(dx) = 1.6609074701994772e-15
mean(dx)= 3.300972472543795e-17
vdws = 4
atoms = 6
pairs = 14
 geom_x = 7.309072300727783
 geom_a = 0
 geom_q = 0
 geom_c = 0.0
f1, 0= 7.3091e+00
                          N restraints  r.m.s.d.  r.m.s.Z  Mn(sigma)
Bond distances, non H                5     0.005    0.313      0.016
Bond angles, non H                   5     1.088    0.645      2.428
Torsion angles, period 2             1     0.000    0.000      5.000
Planar groups                        4     0.000    0.000      0.020
VDW torsion                          1     0.347    1.735      0.200



====== CYCLE 20 ======

 weight = 1.0000e+00
 geom_x = 7.309072300727783
 geom_a = 0
 geom_q = 0
 geom_c = 0.0
f0= 7.3091e+00
using cgsolve in c++, ic=False
diag(geom) min= 123.895651 max= 12165.990343
diag(all) min= 123.895651 max= 12165.990343
Trying gamma equal 0.084000
Convergence reached after 12 iterations with no gamma cycles
min(dx) = -2.6955505689816943e-16
max(dx) = 9.105916865224027e-16
mean(dx)= 2.3098650745779974e-17
vdws = 4
atoms = 6
pairs = 14
 geom_x = 7.309072300727786
 geom_a = 0
 geom_q = 0
 geom_c = 0.0
f1, 0= 7.3091e+00
min(dx) = -1.3477752844908471e-16
max(dx) = 4.552958432612014e-16
mean(dx)= 1.1549325372889987e-17
vdws = 4
atoms = 6
pairs = 14
 geom_x = 7.309072300727775
 geom_a = 0
 geom_q = 0
 geom_c = 0.0
f1, 1= 7.3091e+00
                          N restraints  r.m.s.d.  r.m.s.Z  Mn(sigma)
Bond distances, non H                5     0.005    0.313      0.016
Bond angles, non H                   5     1.088    0.645      2.428
Torsion angles, period 2             1     0.000    0.000      5.000
Planar groups                        4     0.000    0.000      0.020
VDW torsion                          1     0.347    1.735      0.200



====== CYCLE 21 ======

 weight = 1.0000e+00
 geom_x = 7.309072300727775
 geom_a = 0
 geom_q = 0
 geom_c = 0.0
f0= 7.3091e+00
using cgsolve in c++, ic=False
diag(geom) min= 123.895651 max= 12165.990343
diag(all) min= 123.895651 max= 12165.990343
Trying gamma equal 0.084000
Convergence reached after 12 iterations with no gamma cycles
min(dx) = -2.0694464292646828e-16
max(dx) = 2.295466539084668e-16
mean(dx)= -1.8409352520585417e-17
vdws = 4
atoms = 6
pairs = 14
 geom_x = 7.309072300727796
 geom_a = 0
 geom_q = 0
 geom_c = 0.0
f1, 0= 7.3091e+00
min(dx) = -1.0347232146323414e-16
max(dx) = 1.147733269542334e-16
mean(dx)= -9.204676260292709e-18
vdws = 4
atoms = 6
pairs = 14
 geom_x = 7.309072300727779
 geom_a = 0
 geom_q = 0
 geom_c = 0.0
f1, 1= 7.3091e+00
min(dx) = -5.173616073161707e-17
max(dx) = 5.73866634771167e-17
mean(dx)= -4.602338130146354e-18
vdws = 4
atoms = 6
pairs = 14
 geom_x = 7.309072300727791
 geom_a = 0
 geom_q = 0
 geom_c = 0.0
f1, 2= 7.3091e+00
WARNING: function not minimised
                          N restraints  r.m.s.d.  r.m.s.Z  Mn(sigma)
Bond distances, non H                5     0.005    0.313      0.016
Bond angles, non H                   5     1.088    0.645      2.428
Torsion angles, period 2             1     0.000    0.000      5.000
Planar groups                        4     0.000    0.000      0.020
VDW torsion                          1     0.347    1.735      0.200



====== CYCLE 22 ======

 weight = 1.0000e+00
 geom_x = 7.309072300727791
 geom_a = 0
 geom_q = 0
 geom_c = 0.0
f0= 7.3091e+00
using cgsolve in c++, ic=False
diag(geom) min= 123.895651 max= 12165.990343
diag(all) min= 123.895651 max= 12165.990343
Trying gamma equal 0.084000
Convergence reached after 12 iterations with no gamma cycles
min(dx) = -1.2599078375678024e-16
max(dx) = 1.6596507902529906e-16
mean(dx)= -2.4799634385630636e-18
vdws = 4
atoms = 6
pairs = 14
 geom_x = 7.309072300727786
 geom_a = 0
 geom_q = 0
 geom_c = 0.0
f1, 0= 7.3091e+00
                          N restraints  r.m.s.d.  r.m.s.Z  Mn(sigma)
Bond distances, non H                5     0.005    0.313      0.016
Bond angles, non H                   5     1.088    0.645      2.428
Torsion angles, period 2             1     0.000    0.000      5.000
Planar groups                        4     0.000    0.000      0.020
VDW torsion                          1     0.347    1.735      0.200



====== CYCLE 23 ======

 weight = 1.0000e+00
 geom_x = 7.309072300727786
 geom_a = 0
 geom_q = 0
 geom_c = 0.0
f0= 7.3091e+00
using cgsolve in c++, ic=False
diag(geom) min= 123.895651 max= 12165.990343
diag(all) min= 123.895651 max= 12165.990343
Trying gamma equal 0.084000
Convergence reached after 12 iterations with no gamma cycles
min(dx) = -1.9409938506223735e-16
max(dx) = 2.1007669102770993e-16
mean(dx)= -7.87975104180092e-18
vdws = 4
atoms = 6
pairs = 14
 geom_x = 7.309072300727795
 geom_a = 0
 geom_q = 0
 geom_c = 0.0
f1, 0= 7.3091e+00
min(dx) = -9.704969253111868e-17
max(dx) = 1.0503834551385496e-16
mean(dx)= -3.93987552090046e-18
vdws = 4
atoms = 6
pairs = 14
 geom_x = 7.309072300727798
 geom_a = 0
 geom_q = 0
 geom_c = 0.0
f1, 1= 7.3091e+00
min(dx) = -4.852484626555934e-17
max(dx) = 5.251917275692748e-17
mean(dx)= -1.96993776045023e-18
vdws = 4
atoms = 6
pairs = 14
 geom_x = 7.309072300727798
 geom_a = 0
 geom_q = 0
 geom_c = 0.0
f1, 2= 7.3091e+00
WARNING: function not minimised
                          N restraints  r.m.s.d.  r.m.s.Z  Mn(sigma)
Bond distances, non H                5     0.005    0.313      0.016
Bond angles, non H                   5     1.088    0.645      2.428
Torsion angles, period 2             1     0.000    0.000      5.000
Planar groups                        4     0.000    0.000      0.020
VDW torsion                          1     0.347    1.735      0.200



====== CYCLE 24 ======

 weight = 1.0000e+00
 geom_x = 7.309072300727798
 geom_a = 0
 geom_q = 0
 geom_c = 0.0
f0= 7.3091e+00
using cgsolve in c++, ic=False
diag(geom) min= 123.895651 max= 12165.990343
diag(all) min= 123.895651 max= 12165.990343
Trying gamma equal 0.084000
Convergence reached after 12 iterations with no gamma cycles
min(dx) = -1.9319650246543515e-16
max(dx) = 1.906135121927069e-16
mean(dx)= 1.1324034520286108e-17
vdws = 4
atoms = 6
pairs = 14
 geom_x = 7.309072300727781
 geom_a = 0
 geom_q = 0
 geom_c = 0.0
f1, 0= 7.3091e+00
                          N restraints  r.m.s.d.  r.m.s.Z  Mn(sigma)
Bond distances, non H                5     0.005    0.313      0.016
Bond angles, non H                   5     1.088    0.645      2.428
Torsion angles, period 2             1     0.000    0.000      5.000
Planar groups                        4     0.000    0.000      0.020
VDW torsion                          1     0.347    1.735      0.200



====== CYCLE 25 ======

 weight = 1.0000e+00
 geom_x = 7.309072300727781
 geom_a = 0
 geom_q = 0
 geom_c = 0.0
f0= 7.3091e+00
using cgsolve in c++, ic=False
diag(geom) min= 123.895651 max= 12165.990343
diag(all) min= 123.895651 max= 12165.990343
Trying gamma equal 0.084000
Convergence reached after 12 iterations with no gamma cycles
min(dx) = -1.427065250930829e-16
max(dx) = 2.980701239526933e-16
mean(dx)= 3.846942454974878e-17
vdws = 4
atoms = 6
pairs = 14
 geom_x = 7.309072300727781
 geom_a = 0
 geom_q = 0
 geom_c = 0.0
f1, 0= 7.3091e+00
min(dx) = -7.135326254654145e-17
max(dx) = 1.4903506197634664e-16
mean(dx)= 1.923471227487439e-17
vdws = 4
atoms = 6
pairs = 14
 geom_x = 7.309072300727763
 geom_a = 0
 geom_q = 0
 geom_c = 0.0
f1, 1= 7.3091e+00
                          N restraints  r.m.s.d.  r.m.s.Z  Mn(sigma)
Bond distances, non H                5     0.005    0.313      0.016
Bond angles, non H                   5     1.088    0.645      2.428
Torsion angles, period 2             1     0.000    0.000      5.000
Planar groups                        4     0.000    0.000      0.020
VDW torsion                          1     0.347    1.735      0.200



====== CYCLE 26 ======

 weight = 1.0000e+00
 geom_x = 7.309072300727763
 geom_a = 0
 geom_q = 0
 geom_c = 0.0
f0= 7.3091e+00
using cgsolve in c++, ic=False
diag(geom) min= 123.895651 max= 12165.990343
diag(all) min= 123.895651 max= 12165.990343
Trying gamma equal 0.084000
Convergence reached after 12 iterations with no gamma cycles
min(dx) = -1.9852227775668326e-16
max(dx) = 1.9038455837008623e-16
mean(dx)= -2.167205674111659e-17
vdws = 4
atoms = 6
pairs = 14
 geom_x = 7.309072300727796
 geom_a = 0
 geom_q = 0
 geom_c = 0.0
f1, 0= 7.3091e+00
min(dx) = -9.926113887834163e-17
max(dx) = 9.519227918504312e-17
mean(dx)= -1.0836028370558295e-17
vdws = 4
atoms = 6
pairs = 14
 geom_x = 7.309072300727773
 geom_a = 0
 geom_q = 0
 geom_c = 0.0
f1, 1= 7.3091e+00
min(dx) = -4.9630569439170816e-17
max(dx) = 4.759613959252156e-17
mean(dx)= -5.418014185279148e-18
vdws = 4
atoms = 6
pairs = 14
 geom_x = 7.309072300727781
 geom_a = 0
 geom_q = 0
 geom_c = 0.0
f1, 2= 7.3091e+00
WARNING: function not minimised
                          N restraints  r.m.s.d.  r.m.s.Z  Mn(sigma)
Bond distances, non H                5     0.005    0.313      0.016
Bond angles, non H                   5     1.088    0.645      2.428
Torsion angles, period 2             1     0.000    0.000      5.000
Planar groups                        4     0.000    0.000      0.020
VDW torsion                          1     0.347    1.735      0.200



====== CYCLE 27 ======

 weight = 1.0000e+00
 geom_x = 7.309072300727781
 geom_a = 0
 geom_q = 0
 geom_c = 0.0
f0= 7.3091e+00
using cgsolve in c++, ic=False
diag(geom) min= 123.895651 max= 12165.990343
diag(all) min= 123.895651 max= 12165.990343
Trying gamma equal 0.084000
Convergence reached after 12 iterations with no gamma cycles
min(dx) = -2.0999294552727485e-16
max(dx) = 1.8939118961873895e-16
mean(dx)= -4.2252568687336944e-18
vdws = 4
atoms = 6
pairs = 14
 geom_x = 7.3090723007277845
 geom_a = 0
 geom_q = 0
 geom_c = 0.0
f1, 0= 7.3091e+00
min(dx) = -1.0499647276363742e-16
max(dx) = 9.469559480936948e-17
mean(dx)= -2.1126284343668472e-18
vdws = 4
atoms = 6
pairs = 14
 geom_x = 7.30907230072777
 geom_a = 0
 geom_q = 0
 geom_c = 0.0
f1, 1= 7.3091e+00
                          N restraints  r.m.s.d.  r.m.s.Z  Mn(sigma)
Bond distances, non H                5     0.005    0.313      0.016
Bond angles, non H                   5     1.088    0.645      2.428
Torsion angles, period 2             1     0.000    0.000      5.000
Planar groups                        4     0.000    0.000      0.020
VDW torsion                          1     0.347    1.735      0.200



====== CYCLE 28 ======

 weight = 1.0000e+00
 geom_x = 7.30907230072777
 geom_a = 0
 geom_q = 0
 geom_c = 0.0
f0= 7.3091e+00
using cgsolve in c++, ic=False
diag(geom) min= 123.895651 max= 12165.990343
diag(all) min= 123.895651 max= 12165.990343
Trying gamma equal 0.084000
Convergence reached after 12 iterations with no gamma cycles
min(dx) = -2.0118534466270284e-16
max(dx) = 1.7488973959535256e-16
mean(dx)= -1.8535641284547187e-17
vdws = 4
atoms = 6
pairs = 14
 geom_x = 7.309072300727788
 geom_a = 0
 geom_q = 0
 geom_c = 0.0
f1, 0= 7.3091e+00
min(dx) = -1.0059267233135142e-16
max(dx) = 8.744486979767628e-17
mean(dx)= -9.267820642273593e-18
vdws = 4
atoms = 6
pairs = 14
 geom_x = 7.3090723007278005
 geom_a = 0
 geom_q = 0
 geom_c = 0.0
f1, 1= 7.3091e+00
min(dx) = -5.029633616567571e-17
max(dx) = 4.372243489883814e-17
mean(dx)= -4.633910321136797e-18
vdws = 4
atoms = 6
pairs = 14
 geom_x = 7.309072300727788
 geom_a = 0
 geom_q = 0
 geom_c = 0.0
f1, 2= 7.3091e+00
WARNING: function not minimised
                          N restraints  r.m.s.d.  r.m.s.Z  Mn(sigma)
Bond distances, non H                5     0.005    0.313      0.016
Bond angles, non H                   5     1.088    0.645      2.428
Torsion angles, period 2             1     0.000    0.000      5.000
Planar groups                        4     0.000    0.000      0.020
VDW torsion                          1     0.347    1.735      0.200



====== CYCLE 29 ======

 weight = 1.0000e+00
 geom_x = 7.309072300727788
 geom_a = 0
 geom_q = 0
 geom_c = 0.0
f0= 7.3091e+00
using cgsolve in c++, ic=False
diag(geom) min= 123.895651 max= 12165.990343
diag(all) min= 123.895651 max= 12165.990343
Trying gamma equal 0.084000
Convergence reached after 12 iterations with no gamma cycles
min(dx) = -1.9513959157189277e-16
max(dx) = 3.258097613071495e-16
mean(dx)= 2.182005262654141e-17
vdws = 4
atoms = 6
pairs = 14
 geom_x = 7.309072300727786
 geom_a = 0
 geom_q = 0
 geom_c = 0.0
f1, 0= 7.3091e+00
                          N restraints  r.m.s.d.  r.m.s.Z  Mn(sigma)
Bond distances, non H                5     0.005    0.313      0.016
Bond angles, non H                   5     1.088    0.645      2.428
Torsion angles, period 2             1     0.000    0.000      5.000
Planar groups                        4     0.000    0.000      0.020
VDW torsion                          1     0.347    1.735      0.200



====== CYCLE 30 ======

 weight = 1.0000e+00
 geom_x = 7.309072300727786
 geom_a = 0
 geom_q = 0
 geom_c = 0.0
f0= 7.3091e+00
using cgsolve in c++, ic=False
diag(geom) min= 123.895651 max= 12165.990343
diag(all) min= 123.895651 max= 12165.990343
Trying gamma equal 0.084000
Convergence reached after 12 iterations with no gamma cycles
min(dx) = -3.686170427857288e-16
max(dx) = 2.3492433408654896e-16
mean(dx)= -3.915168410809733e-17
vdws = 4
atoms = 6
pairs = 14
 geom_x = 7.309072300727777
 geom_a = 0
 geom_q = 0
 geom_c = 0.0
f1, 0= 7.3091e+00
                          N restraints  r.m.s.d.  r.m.s.Z  Mn(sigma)
Bond distances, non H                5     0.005    0.313      0.016
Bond angles, non H                   5     1.088    0.645      2.428
Torsion angles, period 2             1     0.000    0.000      5.000
Planar groups                        4     0.000    0.000      0.020
VDW torsion                          1     0.347    1.735      0.200


$TABLE: stats vs cycle :
$GRAPHS
: Geometry :A:1,4,2:
: Geometry Z :A:1,3,5:
$$
 Ncyc  rmsBOND  zBOND  rmsANGL  zANGL
$$
$$
    0   0.0053 0.3130   1.0879 0.6451
    1   0.0053 0.3130   1.0879 0.6451
    2   0.0053 0.3130   1.0879 0.6451
    3   0.0053 0.3130   1.0879 0.6451
    4   0.0053 0.3130   1.0879 0.6451
    5   0.0053 0.3130   1.0879 0.6451
    6   0.0053 0.3130   1.0879 0.6451
    7   0.0053 0.3130   1.0879 0.6451
    8   0.0053 0.3130   1.0879 0.6451
    9   0.0053 0.3130   1.0879 0.6451
   10   0.0053 0.3130   1.0879 0.6451
   11   0.0053 0.3130   1.0879 0.6451
   12   0.0053 0.3130   1.0879 0.6451
   13   0.0053 0.3130   1.0879 0.6451
   14   0.0053 0.3130   1.0879 0.6451
   15   0.0053 0.3130   1.0879 0.6451
   16   0.0053 0.3130   1.0879 0.6451
   17   0.0053 0.3130   1.0879 0.6451
   18   0.0053 0.3130   1.0879 0.6451
   19   0.0053 0.3130   1.0879 0.6451
   20   0.0053 0.3130   1.0879 0.6451
   21   0.0053 0.3130   1.0879 0.6451
   22   0.0053 0.3130   1.0879 0.6451
   23   0.0053 0.3130   1.0879 0.6451
   24   0.0053 0.3130   1.0879 0.6451
   25   0.0053 0.3130   1.0879 0.6451
   26   0.0053 0.3130   1.0879 0.6451
   27   0.0053 0.3130   1.0879 0.6451
   28   0.0053 0.3130   1.0879 0.6451
   29   0.0053 0.3130   1.0879 0.6451
   30   0.0053 0.3130   1.0879 0.6451
$$

Creating restraints..

Chain info:
 chain 
  ligands: CAA (1 residues)

Number of refinement parameters:
       n_params  n_atoms  n_atoms_geom_only  n_atoms_data_only
xyz          12       12                  6                  0
adp           0        0                  0                  0
occ           0        0                  0                  0
dfrac         0        0                  0                  0

Randomizing structure with rmsd of 0.01
Torsion angle rules:
 include:
  {'group': 'peptide', 'tors_name': 'chi*'}
  {'link': '*', 'tors_name': 'omega'}
  {'residue': '*', 'tors_name': 'sp2_sp2*'}
  {'link': '*', 'tors_name': 'sp2_sp2*'}
 exclude:
  none
External restraints from Refmac instructions
 Number of distances          : 0
 Number of angles             : 0
 Number of torsions           : 0
 Number of chirals            : 0
 Number of planes             : 0
 Number of intervals          : 0
 Number of stackings          : 0
 Number of harmonics          : 0
 Number of special positions  : 0

Running 10 cycles with wchir=4 wvdw=2 with hydrogen
Geometry weights
vdws = 23
atoms = 12
pairs = 52
                          N restraints  r.m.s.d.  r.m.s.Z  Mn(sigma)
Bond distances, non H                5     0.010    0.638      0.016
Bond distances, H                    6     0.008    0.698      0.017
Bond angles, non H                   5     1.141    0.681      2.428
Bond angles, H                      13     0.758    0.382      2.077
Torsion angles, period 2             1     0.544    0.109      5.000
Torsion angles, period 6             1     0.935    0.047     20.000
Planar groups                        8     0.001    0.048      0.020
VDW nonbonded                        2     0.178    0.891      0.200
VDW torsion                          5     0.212    1.062      0.200


====== CYCLE  1 ======

 weight = 1.0000e+00
 geom_x = 19.052042761776217
 geom_a = 0
 geom_q = 0
 geom_c = 0.0
f0= 1.9052e+01
using cgsolve in c++, ic=False
diag(geom) min= 330.343459 max= 15828.338128
diag(all) min= 330.343459 max= 15828.338128
Trying gamma equal 0.000000
Not converging with gamma equal 0.000000
Trying gamma equal 0.052500
Gamma decreased to 0.042000
min(dx) = -0.02893523285977811
max(dx) = 0.0389152097098549
mean(dx)= -0.0009603003657977071
vdws = 23
atoms = 12
pairs = 52
 geom_x = 13.907815948381778
 geom_a = 0
 geom_q = 0
 geom_c = 0.0
f1, 0= 1.3908e+01
                          N restraints  r.m.s.d.  r.m.s.Z  Mn(sigma)
Bond distances, non H                5     0.009    0.572      0.016
Bond distances, H                    6     0.001    0.064      0.017
Bond angles, non H                   5     1.580    0.897      2.428
Bond angles, H                      13     0.790    0.304      2.077
Torsion angles, period 2             1     0.163    0.033      5.000
Torsion angles, period 6             1     1.177    0.059     20.000
Planar groups                        8     0.000    0.008      0.020
VDW nonbonded                        2     0.138    0.690      0.200
VDW torsion                          4     0.207    1.034      0.200



====== CYCLE  2 ======

 weight = 1.0000e+00
 geom_x = 13.907815948381778
 geom_a = 0
 geom_q = 0
 geom_c = 0.0
f0= 1.3908e+01
using cgsolve in c++, ic=False
diag(geom) min= 339.581470 max= 15803.499835
diag(all) min= 339.581470 max= 15803.499835
Trying gamma equal 0.042000
Convergence reached after 24 iterations with no gamma cycles
min(dx) = -0.008022477285051642
max(dx) = 0.012651068957751288
mean(dx)= 1.2800500651740432e-05
vdws = 23
atoms = 12
pairs = 52
 geom_x = 13.785638849974674
 geom_a = 0
 geom_q = 0
 geom_c = 0.0
f1, 0= 1.3786e+01
                          N restraints  r.m.s.d.  r.m.s.Z  Mn(sigma)
Bond distances, non H                5     0.010    0.621      0.016
Bond distances, H                    6     0.001    0.058      0.017
Bond angles, non H                   5     1.717    0.933      2.428
Bond angles, H                      13     0.818    0.315      2.077
Torsion angles, period 2             1     0.083    0.017      5.000
Torsion angles, period 6             1     1.511    0.076     20.000
Planar groups                        8     0.000    0.007      0.020
VDW nonbonded                        1     0.191    0.954      0.200
VDW torsion                          4     0.202    1.010      0.200



====== CYCLE  3 ======

 weight = 1.0000e+00
 geom_x = 13.785638849974674
 geom_a = 0
 geom_q = 0
 geom_c = 0.0
f0= 1.3786e+01
using cgsolve in c++, ic=False
diag(geom) min= 345.061951 max= 15798.848523
diag(all) min= 345.061951 max= 15798.848523
Trying gamma equal 0.042000
Convergence reached after 26 iterations with no gamma cycles
min(dx) = -0.005938182670426384
max(dx) = 0.009494528497692023
mean(dx)= 1.4532184346939771e-05
vdws = 23
atoms = 12
pairs = 52
 geom_x = 13.760034786212454
 geom_a = 0
 geom_q = 0
 geom_c = 0.0
f1, 0= 1.3760e+01
                          N restraints  r.m.s.d.  r.m.s.Z  Mn(sigma)
Bond distances, non H                5     0.011    0.638      0.016
Bond distances, H                    6     0.001    0.058      0.017
Bond angles, non H                   5     1.771    0.941      2.428
Bond angles, H                      13     0.816    0.314      2.077
Torsion angles, period 2             1     0.036    0.007      5.000
Torsion angles, period 6             1     1.876    0.094     20.000
Planar groups                        8     0.000    0.012      0.020
VDW nonbonded                        1     0.191    0.954      0.200
VDW torsion                          4     0.201    1.003      0.200



====== CYCLE  4 ======

 weight = 1.0000e+00
 geom_x = 13.760034786212454
 geom_a = 0
 geom_q = 0
 geom_c = 0.0
f0= 1.3760e+01
using cgsolve in c++, ic=False
diag(geom) min= 349.581610 max= 15795.720069
diag(all) min= 349.581610 max= 15795.720069
Trying gamma equal 0.042000
Not converging with gamma equal 0.042000
Trying gamma equal 0.094500
Gamma decreased to 0.084000
min(dx) = -0.0026576806174614482
max(dx) = 0.0045696631478196045
mean(dx)= 6.087937408755152e-06
vdws = 23
atoms = 12
pairs = 52
 geom_x = 13.753612377866617
 geom_a = 0
 geom_q = 0
 geom_c = 0.0
f1, 0= 1.3754e+01
                          N restraints  r.m.s.d.  r.m.s.Z  Mn(sigma)
Bond distances, non H                5     0.011    0.642      0.016
Bond distances, H                    6     0.001    0.058      0.017
Bond angles, non H                   5     1.787    0.943      2.428
Bond angles, H                      13     0.814    0.313      2.077
Torsion angles, period 2             1     0.013    0.003      5.000
Torsion angles, period 6             1     2.080    0.104     20.000
Planar groups                        8     0.000    0.014      0.020
VDW nonbonded                        1     0.191    0.954      0.200
VDW torsion                          4     0.200    1.002      0.200



====== CYCLE  5 ======

 weight = 1.0000e+00
 geom_x = 13.753612377866617
 geom_a = 0
 geom_q = 0
 geom_c = 0.0
f0= 1.3754e+01
using cgsolve in c++, ic=False
diag(geom) min= 351.900512 max= 15794.880064
diag(all) min= 351.900512 max= 15794.880064
Trying gamma equal 0.084000
Convergence reached after 23 iterations with no gamma cycles
min(dx) = -0.003068215189419349
max(dx) = 0.005162115472809764
mean(dx)= 6.23282268218073e-06
vdws = 23
atoms = 12
pairs = 52
 geom_x = 13.747855175423998
 geom_a = 0
 geom_q = 0
 geom_c = 0.0
f1, 0= 1.3748e+01
                          N restraints  r.m.s.d.  r.m.s.Z  Mn(sigma)
Bond distances, non H                5     0.011    0.645      0.016
Bond distances, H                    6     0.001    0.058      0.017
Bond angles, non H                   5     1.799    0.944      2.428
Bond angles, H                      13     0.812    0.313      2.077
Torsion angles, period 2             1     0.013    0.003      5.000
Torsion angles, period 6             1     2.321    0.116     20.000
Planar groups                        8     0.000    0.015      0.020
VDW nonbonded                        1     0.191    0.954      0.200
VDW torsion                          4     0.200    1.000      0.200



====== CYCLE  6 ======

 weight = 1.0000e+00
 geom_x = 13.747855175423998
 geom_a = 0
 geom_q = 0
 geom_c = 0.0
f0= 1.3748e+01
using cgsolve in c++, ic=False
diag(geom) min= 354.583122 max= 15794.333137
diag(all) min= 354.583122 max= 15794.333137
Trying gamma equal 0.084000
Convergence reached after 23 iterations with no gamma cycles
min(dx) = -0.003168615840278428
max(dx) = 0.0053140793894237365
mean(dx)= 4.554587133322111e-06
vdws = 23
atoms = 12
pairs = 52
 geom_x = 13.74241695516531
 geom_a = 0
 geom_q = 0
 geom_c = 0.0
f1, 0= 1.3742e+01
                          N restraints  r.m.s.d.  r.m.s.Z  Mn(sigma)
Bond distances, non H                5     0.011    0.646      0.016
Bond distances, H                    6     0.001    0.058      0.017
Bond angles, non H                   5     1.807    0.945      2.428
Bond angles, H                      13     0.811    0.312      2.077
Torsion angles, period 2             1     0.038    0.008      5.000
Torsion angles, period 6             1     2.582    0.129     20.000
Planar groups                        8     0.000    0.016      0.020
VDW nonbonded                        1     0.191    0.954      0.200
VDW torsion                          4     0.200    1.000      0.200



====== CYCLE  7 ======

 weight = 1.0000e+00
 geom_x = 13.74241695516531
 geom_a = 0
 geom_q = 0
 geom_c = 0.0
f0= 1.3742e+01
using cgsolve in c++, ic=False
diag(geom) min= 357.430678 max= 15794.125902
diag(all) min= 357.430678 max= 15794.125902
Trying gamma equal 0.084000
Not converging with gamma equal 0.084000
Trying gamma equal 0.136500
Gamma decreased to 0.126000
min(dx) = -0.0020383344249466336
max(dx) = 0.003458345440293675
mean(dx)= 1.3194581506376498e-06
vdws = 23
atoms = 12
pairs = 52
 geom_x = 13.738902613966095
 geom_a = 0
 geom_q = 0
 geom_c = 0.0
f1, 0= 1.3739e+01
                          N restraints  r.m.s.d.  r.m.s.Z  Mn(sigma)
Bond distances, non H                5     0.011    0.646      0.016
Bond distances, H                    6     0.001    0.058      0.017
Bond angles, non H                   5     1.811    0.945      2.428
Bond angles, H                      13     0.810    0.312      2.077
Torsion angles, period 2             1     0.053    0.011      5.000
Torsion angles, period 6             1     2.761    0.138     20.000
Planar groups                        8     0.000    0.017      0.020
VDW nonbonded                        1     0.191    0.954      0.200
VDW torsion                          4     0.200    0.999      0.200



====== CYCLE  8 ======

 weight = 1.0000e+00
 geom_x = 13.738902613966095
 geom_a = 0
 geom_q = 0
 geom_c = 0.0
f0= 1.3739e+01
using cgsolve in c++, ic=False
diag(geom) min= 359.331107 max= 15794.134972
diag(all) min= 359.331107 max= 15794.134972
Trying gamma equal 0.126000
Convergence reached after 20 iterations with no gamma cycles
min(dx) = -0.0022767095592118964
max(dx) = 0.003777338854559479
mean(dx)= -3.6934075977407223e-07
vdws = 23
atoms = 12
pairs = 52
 geom_x = 13.73496374701384
 geom_a = 0
 geom_q = 0
 geom_c = 0.0
f1, 0= 1.3735e+01
                          N restraints  r.m.s.d.  r.m.s.Z  Mn(sigma)
Bond distances, non H                5     0.011    0.647      0.016
Bond distances, H                    6     0.001    0.058      0.017
Bond angles, non H                   5     1.814    0.945      2.428
Bond angles, H                      13     0.810    0.312      2.077
Torsion angles, period 2             1     0.069    0.014      5.000
Torsion angles, period 6             1     2.962    0.148     20.000
Planar groups                        8     0.000    0.017      0.020
VDW nonbonded                        1     0.191    0.954      0.200
VDW torsion                          4     0.200    0.999      0.200



====== CYCLE  9 ======

 weight = 1.0000e+00
 geom_x = 13.73496374701384
 geom_a = 0
 geom_q = 0
 geom_c = 0.0
f0= 1.3735e+01
using cgsolve in c++, ic=False
diag(geom) min= 361.432958 max= 15794.201928
diag(all) min= 361.432958 max= 15794.201928
Trying gamma equal 0.126000
Convergence reached after 20 iterations with no gamma cycles
min(dx) = -0.002345003000452103
max(dx) = 0.0038461385147362903
mean(dx)= -2.3540152877245574e-06
vdws = 23
atoms = 12
pairs = 52
 geom_x = 13.730817503305326
 geom_a = 0
 geom_q = 0
 geom_c = 0.0
f1, 0= 1.3731e+01
                          N restraints  r.m.s.d.  r.m.s.Z  Mn(sigma)
Bond distances, non H                5     0.011    0.647      0.016
Bond distances, H                    6     0.001    0.058      0.017
Bond angles, non H                   5     1.816    0.946      2.428
Bond angles, H                      13     0.810    0.312      2.077
Torsion angles, period 2             1     0.085    0.017      5.000
Torsion angles, period 6             1     3.173    0.159     20.000
Planar groups                        8     0.000    0.018      0.020
VDW nonbonded                        1     0.191    0.953      0.200
VDW torsion                          4     0.200    0.999      0.200



====== CYCLE 10 ======

 weight = 1.0000e+00
 geom_x = 13.730817503305326
 geom_a = 0
 geom_q = 0
 geom_c = 0.0
f0= 1.3731e+01
using cgsolve in c++, ic=False
diag(geom) min= 363.607244 max= 15794.339594
diag(all) min= 363.607244 max= 15794.339594
Trying gamma equal 0.126000
Convergence reached after 19 iterations with no gamma cycles
min(dx) = -0.0024159611250642163
max(dx) = 0.00391600913579627
mean(dx)= -4.43010336799343e-06
vdws = 23
atoms = 12
pairs = 52
 geom_x = 13.726423960402217
 geom_a = 0
 geom_q = 0
 geom_c = 0.0
f1, 0= 1.3726e+01
                          N restraints  r.m.s.d.  r.m.s.Z  Mn(sigma)
Bond distances, non H                5     0.011    0.647      0.016
Bond distances, H                    6     0.001    0.058      0.017
Bond angles, non H                   5     1.819    0.946      2.428
Bond angles, H                      13     0.809    0.312      2.077
Torsion angles, period 2             1     0.099    0.020      5.000
Torsion angles, period 6             1     3.393    0.170     20.000
Planar groups                        8     0.000    0.018      0.020
VDW nonbonded                        1     0.190    0.952      0.200
VDW torsion                          4     0.200    0.998      0.200


$TABLE: stats vs cycle :
$GRAPHS
: Geometry :A:1,4,2:
: Geometry Z :A:1,3,5:
$$
 Ncyc  rmsBOND  zBOND  rmsANGL  zANGL
$$
$$
    0   0.0097 0.6381   1.1407 0.6812
    1   0.0095 0.5717   1.5802 0.8968
    2   0.0103 0.6215   1.7166 0.9329
    3   0.0105 0.6381   1.7708 0.9408
    4   0.0106 0.6421   1.7870 0.9427
    5   0.0107 0.6446   1.7987 0.9439
    6   0.0107 0.6459   1.8067 0.9447
    7   0.0107 0.6464   1.8105 0.9451
    8   0.0107 0.6466   1.8138 0.9454
    9   0.0107 0.6468   1.8164 0.9457
   10   0.0107 0.6468   1.8185 0.9459
$$

Running 30 cycles with wchir=1 wvdw=2 with hydrogen
Geometry weights
vdws = 23
atoms = 12
pairs = 52
                          N restraints  r.m.s.d.  r.m.s.Z  Mn(sigma)
Bond distances, non H                5     0.011    0.647      0.016
Bond distances, H                    6     0.001    0.058      0.017
Bond angles, non H                   5     1.819    0.946      2.428
Bond angles, H                      13     0.809    0.312      2.077
Torsion angles, period 2             1     0.099    0.020      5.000
Torsion angles, period 6             1     3.393    0.170     20.000
Planar groups                        8     0.000    0.018      0.020
VDW nonbonded                        1     0.190    0.952      0.200
VDW torsion                          4     0.200    0.998      0.200


====== CYCLE  1 ======

 weight = 1.0000e+00
 geom_x = 13.726423960402217
 geom_a = 0
 geom_q = 0
 geom_c = 0.0
f0= 1.3726e+01
using cgsolve in c++, ic=False
diag(geom) min= 365.854626 max= 15794.529866
diag(all) min= 365.854626 max= 15794.529866
Trying gamma equal 0.126000
Convergence reached after 19 iterations with no gamma cycles
min(dx) = -0.0024881252054852754
max(dx) = 0.003986927199431265
mean(dx)= -6.587790912876097e-06
vdws = 23
atoms = 12
pairs = 52
 geom_x = 13.721750202309195
 geom_a = 0
 geom_q = 0
 geom_c = 0.0
f1, 0= 1.3722e+01
                          N restraints  r.m.s.d.  r.m.s.Z  Mn(sigma)
Bond distances, non H                5     0.011    0.647      0.016
Bond distances, H                    6     0.001    0.058      0.017
Bond angles, non H                   5     1.820    0.946      2.428
Bond angles, H                      13     0.809    0.311      2.077
Torsion angles, period 2             1     0.113    0.023      5.000
Torsion angles, period 6             1     3.625    0.181     20.000
Planar groups                        8     0.000    0.019      0.020
VDW nonbonded                        1     0.190    0.952      0.200
VDW torsion                          4     0.200    0.998      0.200



====== CYCLE  2 ======

 weight = 1.0000e+00
 geom_x = 13.721750202309195
 geom_a = 0
 geom_q = 0
 geom_c = 0.0
f0= 1.3722e+01
using cgsolve in c++, ic=False
diag(geom) min= 368.176136 max= 15794.760119
diag(all) min= 368.176136 max= 15794.760119
Trying gamma equal 0.126000
Convergence reached after 19 iterations with no gamma cycles
min(dx) = -0.002560974138111054
max(dx) = 0.004059078295793074
mean(dx)= -8.81620033778082e-06
vdws = 23
atoms = 12
pairs = 52
 geom_x = 13.716766157323224
 geom_a = 0
 geom_q = 0
 geom_c = 0.0
f1, 0= 1.3717e+01
                          N restraints  r.m.s.d.  r.m.s.Z  Mn(sigma)
Bond distances, non H                5     0.011    0.647      0.016
Bond distances, H                    6     0.001    0.058      0.017
Bond angles, non H                   5     1.822    0.946      2.428
Bond angles, H                      13     0.808    0.311      2.077
Torsion angles, period 2             1     0.127    0.025      5.000
Torsion angles, period 6             1     3.867    0.193     20.000
Planar groups                        8     0.000    0.019      0.020
VDW nonbonded                        1     0.190    0.951      0.200
VDW torsion                          4     0.200    0.998      0.200



====== CYCLE  3 ======

 weight = 1.0000e+00
 geom_x = 13.716766157323224
 geom_a = 0
 geom_q = 0
 geom_c = 0.0
f0= 1.3717e+01
using cgsolve in c++, ic=False
diag(geom) min= 370.573215 max= 15795.020850
diag(all) min= 370.573215 max= 15795.020850
Trying gamma equal 0.126000
Convergence reached after 19 iterations with no gamma cycles
min(dx) = -0.002634110905720563
max(dx) = 0.004132702763291316
mean(dx)= -1.1101325506439624e-05
vdws = 23
atoms = 12
pairs = 52
 geom_x = 13.711492569630881
 geom_a = 0
 geom_q = 0
 geom_c = 0.0
f1, 0= 1.3711e+01
                          N restraints  r.m.s.d.  r.m.s.Z  Mn(sigma)
Bond distances, non H                5     0.011    0.646      0.016
Bond distances, H                    6     0.001    0.058      0.017
Bond angles, non H                   5     1.823    0.946      2.428
Bond angles, H                      13     0.808    0.311      2.077
Torsion angles, period 2             1     0.140    0.028      5.000
Torsion angles, period 6             1     4.119    0.206     20.000
Planar groups                        8     0.000    0.020      0.020
VDW nonbonded                        2     0.134    0.671      0.200
VDW torsion                          4     0.200    0.998      0.200



====== CYCLE  4 ======

 weight = 1.0000e+00
 geom_x = 13.711492569630881
 geom_a = 0
 geom_q = 0
 geom_c = 0.0
f0= 1.3711e+01
using cgsolve in c++, ic=False
diag(geom) min= 373.047698 max= 15795.304667
diag(all) min= 373.047698 max= 15795.304667
Trying gamma equal 0.126000
Convergence reached after 18 iterations with no gamma cycles
min(dx) = -0.0025259882844330117
max(dx) = 0.004041680558930201
mean(dx)= -1.188933964508755e-05
vdws = 23
atoms = 12
pairs = 52
 geom_x = 13.706093408110338
 geom_a = 0
 geom_q = 0
 geom_c = 0.0
f1, 0= 1.3706e+01
                          N restraints  r.m.s.d.  r.m.s.Z  Mn(sigma)
Bond distances, non H                5     0.011    0.646      0.016
Bond distances, H                    6     0.001    0.058      0.017
Bond angles, non H                   5     1.826    0.946      2.428
Bond angles, H                      13     0.810    0.311      2.077
Torsion angles, period 2             1     0.153    0.031      5.000
Torsion angles, period 6             1     4.376    0.219     20.000
Planar groups                        8     0.000    0.021      0.020
VDW nonbonded                        2     0.134    0.671      0.200
VDW torsion                          4     0.199    0.997      0.200



====== CYCLE  5 ======

 weight = 1.0000e+00
 geom_x = 13.706093408110338
 geom_a = 0
 geom_q = 0
 geom_c = 0.0
f0= 1.3706e+01
using cgsolve in c++, ic=False
diag(geom) min= 375.494733 max= 15795.484290
diag(all) min= 375.494733 max= 15795.484290
Trying gamma equal 0.126000
Convergence reached after 18 iterations with no gamma cycles
min(dx) = -0.002541849002389115
max(dx) = 0.004024531618855405
mean(dx)= -1.5848459166656704e-05
vdws = 23
atoms = 12
pairs = 52
 geom_x = 13.70045954255488
 geom_a = 0
 geom_q = 0
 geom_c = 0.0
f1, 0= 1.3700e+01
                          N restraints  r.m.s.d.  r.m.s.Z  Mn(sigma)
Bond distances, non H                5     0.011    0.646      0.016
Bond distances, H                    6     0.001    0.058      0.017
Bond angles, non H                   5     1.828    0.947      2.428
Bond angles, H                      13     0.811    0.312      2.077
Torsion angles, period 2             1     0.167    0.033      5.000
Torsion angles, period 6             1     4.641    0.232     20.000
Planar groups                        8     0.000    0.021      0.020
VDW nonbonded                        2     0.134    0.670      0.200
VDW torsion                          4     0.199    0.997      0.200



====== CYCLE  6 ======

 weight = 1.0000e+00
 geom_x = 13.70045954255488
 geom_a = 0
 geom_q = 0
 geom_c = 0.0
f0= 1.3700e+01
using cgsolve in c++, ic=False
diag(geom) min= 377.959569 max= 15795.632581
diag(all) min= 377.959569 max= 15795.632581
Trying gamma equal 0.126000
Convergence reached after 18 iterations with no gamma cycles
min(dx) = -0.00267589812968203
max(dx) = 0.0040254502300015324
mean(dx)= -1.864897241563293e-05
vdws = 23
atoms = 12
pairs = 52
 geom_x = 13.694556545856843
 geom_a = 0
 geom_q = 0
 geom_c = 0.0
f1, 0= 1.3695e+01
                          N restraints  r.m.s.d.  r.m.s.Z  Mn(sigma)
Bond distances, non H                5     0.011    0.646      0.016
Bond distances, H                    6     0.001    0.057      0.017
Bond angles, non H                   5     1.831    0.947      2.428
Bond angles, H                      13     0.811    0.312      2.077
Torsion angles, period 2             1     0.181    0.036      5.000
Torsion angles, period 6             1     4.915    0.246     20.000
Planar groups                        8     0.000    0.022      0.020
VDW nonbonded                        2     0.134    0.669      0.200
VDW torsion                          4     0.199    0.997      0.200



====== CYCLE  7 ======

 weight = 1.0000e+00
 geom_x = 13.694556545856843
 geom_a = 0
 geom_q = 0
 geom_c = 0.0
f0= 1.3695e+01
using cgsolve in c++, ic=False
diag(geom) min= 380.454875 max= 15795.762742
diag(all) min= 380.454875 max= 15795.762742
Trying gamma equal 0.126000
Convergence reached after 18 iterations with no gamma cycles
min(dx) = -0.00283048776610572
max(dx) = 0.004033584852247907
mean(dx)= -2.1331165274340298e-05
vdws = 23
atoms = 12
pairs = 52
 geom_x = 13.688353369348375
 geom_a = 0
 geom_q = 0
 geom_c = 0.0
f1, 0= 1.3688e+01
                          N restraints  r.m.s.d.  r.m.s.Z  Mn(sigma)
Bond distances, non H                5     0.011    0.646      0.016
Bond distances, H                    6     0.001    0.057      0.017
Bond angles, non H                   5     1.833    0.947      2.428
Bond angles, H                      13     0.812    0.312      2.077
Torsion angles, period 2             1     0.195    0.039      5.000
Torsion angles, period 6             1     5.198    0.260     20.000
Planar groups                        8     0.000    0.023      0.020
VDW nonbonded                        2     0.134    0.668      0.200
VDW torsion                          4     0.199    0.996      0.200



====== CYCLE  8 ======

 weight = 1.0000e+00
 geom_x = 13.688353369348375
 geom_a = 0
 geom_q = 0
 geom_c = 0.0
f0= 1.3688e+01
using cgsolve in c++, ic=False
diag(geom) min= 382.985873 max= 15795.878073
diag(all) min= 382.985873 max= 15795.878073
Trying gamma equal 0.126000
Convergence reached after 18 iterations with no gamma cycles
min(dx) = -0.002988950104954079
max(dx) = 0.004046613556215792
mean(dx)= -2.4002343586618227e-05
vdws = 23
atoms = 12
pairs = 52
 geom_x = 13.681818409028072
 geom_a = 0
 geom_q = 0
 geom_c = 0.0
f1, 0= 1.3682e+01
                          N restraints  r.m.s.d.  r.m.s.Z  Mn(sigma)
Bond distances, non H                5     0.011    0.646      0.016
Bond distances, H                    6     0.001    0.057      0.017
Bond angles, non H                   5     1.835    0.947      2.428
Bond angles, H                      13     0.812    0.312      2.077
Torsion angles, period 2             1     0.210    0.042      5.000
Torsion angles, period 6             1     5.491    0.275     20.000
Planar groups                        8     0.000    0.024      0.020
VDW nonbonded                        2     0.133    0.667      0.200
VDW torsion                          4     0.199    0.996      0.200



====== CYCLE  9 ======

 weight = 1.0000e+00
 geom_x = 13.681818409028072
 geom_a = 0
 geom_q = 0
 geom_c = 0.0
f0= 1.3682e+01
using cgsolve in c++, ic=False
diag(geom) min= 385.556233 max= 15795.979878
diag(all) min= 385.556233 max= 15795.979878
Trying gamma equal 0.126000
Convergence reached after 18 iterations with no gamma cycles
min(dx) = -0.003151151520573715
max(dx) = 0.004063656294101489
mean(dx)= -2.667995479619426e-05
vdws = 23
atoms = 12
pairs = 52
 geom_x = 13.674919418101682
 geom_a = 0
 geom_q = 0
 geom_c = 0.0
f1, 0= 1.3675e+01
                          N restraints  r.m.s.d.  r.m.s.Z  Mn(sigma)
Bond distances, non H                5     0.011    0.646      0.016
Bond distances, H                    6     0.001    0.057      0.017
Bond angles, non H                   5     1.838    0.947      2.428
Bond angles, H                      13     0.813    0.312      2.077
Torsion angles, period 2             1     0.225    0.045      5.000
Torsion angles, period 6             1     5.793    0.290     20.000
Planar groups                        8     0.000    0.024      0.020
VDW nonbonded                        2     0.133    0.666      0.200
VDW torsion                          4     0.199    0.996      0.200



====== CYCLE 10 ======

 weight = 1.0000e+00
 geom_x = 13.674919418101682
 geom_a = 0
 geom_q = 0
 geom_c = 0.0
f0= 1.3675e+01
using cgsolve in c++, ic=False
diag(geom) min= 388.169125 max= 15796.068608
diag(all) min= 388.169125 max= 15796.068608
Trying gamma equal 0.126000
Convergence reached after 18 iterations with no gamma cycles
min(dx) = -0.003316952499141912
max(dx) = 0.00408415146135593
mean(dx)= -2.93675946316989e-05
vdws = 23
atoms = 12
pairs = 52
 geom_x = 13.667623558869838
 geom_a = 0
 geom_q = 0
 geom_c = 0.0
f1, 0= 1.3668e+01
                          N restraints  r.m.s.d.  r.m.s.Z  Mn(sigma)
Bond distances, non H                5     0.011    0.646      0.016
Bond distances, H                    6     0.001    0.057      0.017
Bond angles, non H                   5     1.840    0.947      2.428
Bond angles, H                      13     0.813    0.312      2.077
Torsion angles, period 2             1     0.240    0.048      5.000
Torsion angles, period 6             1     6.105    0.305     20.000
Planar groups                        8     0.001    0.025      0.020
VDW nonbonded                        2     0.133    0.665      0.200
VDW torsion                          4     0.199    0.995      0.200



====== CYCLE 11 ======

 weight = 1.0000e+00
 geom_x = 13.667623558869838
 geom_a = 0
 geom_q = 0
 geom_c = 0.0
f0= 1.3668e+01
using cgsolve in c++, ic=False
diag(geom) min= 390.827434 max= 15796.144185
diag(all) min= 390.827434 max= 15796.144185
Trying gamma equal 0.126000
Convergence reached after 18 iterations with no gamma cycles
min(dx) = -0.0034861929321808155
max(dx) = 0.00410764023447844
mean(dx)= -3.20646271472272e-05
vdws = 23
atoms = 12
pairs = 52
 geom_x = 13.659897519079166
 geom_a = 0
 geom_q = 0
 geom_c = 0.0
f1, 0= 1.3660e+01
                          N restraints  r.m.s.d.  r.m.s.Z  Mn(sigma)
Bond distances, non H                5     0.011    0.646      0.016
Bond distances, H                    6     0.001    0.057      0.017
Bond angles, non H                   5     1.842    0.946      2.428
Bond angles, H                      13     0.814    0.311      2.077
Torsion angles, period 2             1     0.255    0.051      5.000
Torsion angles, period 6             1     6.428    0.321     20.000
Planar groups                        8     0.001    0.026      0.020
VDW nonbonded                        2     0.133    0.664      0.200
VDW torsion                          4     0.199    0.995      0.200



====== CYCLE 12 ======

 weight = 1.0000e+00
 geom_x = 13.659897519079166
 geom_a = 0
 geom_q = 0
 geom_c = 0.0
f0= 1.3660e+01
using cgsolve in c++, ic=False
diag(geom) min= 393.533830 max= 15796.206150
diag(all) min= 393.533830 max= 15796.206150
Trying gamma equal 0.126000
Convergence reached after 18 iterations with no gamma cycles
min(dx) = -0.0036586804628739424
max(dx) = 0.004133704631954318
mean(dx)= -3.4768136469853725e-05
vdws = 23
atoms = 12
pairs = 52
 geom_x = 13.651707682801918
 geom_a = 0
 geom_q = 0
 geom_c = 0.0
f1, 0= 1.3652e+01
                          N restraints  r.m.s.d.  r.m.s.Z  Mn(sigma)
Bond distances, non H                5     0.011    0.646      0.016
Bond distances, H                    6     0.001    0.057      0.017
Bond angles, non H                   5     1.844    0.946      2.428
Bond angles, H                      13     0.814    0.311      2.077
Torsion angles, period 2             1     0.270    0.054      5.000
Torsion angles, period 6             1     6.761    0.338     20.000
Planar groups                        8     0.001    0.027      0.020
VDW nonbonded                        2     0.132    0.662      0.200
VDW torsion                          4     0.199    0.995      0.200



====== CYCLE 13 ======

 weight = 1.0000e+00
 geom_x = 13.651707682801918
 geom_a = 0
 geom_q = 0
 geom_c = 0.0
f0= 1.3652e+01
using cgsolve in c++, ic=False
diag(geom) min= 396.290786 max= 15796.253771
diag(all) min= 396.290786 max= 15796.253771
Trying gamma equal 0.126000
Convergence reached after 18 iterations with no gamma cycles
min(dx) = -0.003834180949804318
max(dx) = 0.004161939766604981
mean(dx)= -3.74735507502252e-05
vdws = 23
atoms = 12
pairs = 52
 geom_x = 13.643020354343314
 geom_a = 0
 geom_q = 0
 geom_c = 0.0
f1, 0= 1.3643e+01
                          N restraints  r.m.s.d.  r.m.s.Z  Mn(sigma)
Bond distances, non H                5     0.011    0.646      0.016
Bond distances, H                    6     0.001    0.057      0.017
Bond angles, non H                   5     1.846    0.946      2.428
Bond angles, H                      13     0.814    0.311      2.077
Torsion angles, period 2             1     0.286    0.057      5.000
Torsion angles, period 6             1     7.105    0.355     20.000
Planar groups                        8     0.001    0.028      0.020
VDW nonbonded                        2     0.132    0.661      0.200
VDW torsion                          4     0.199    0.994      0.200



====== CYCLE 14 ======

 weight = 1.0000e+00
 geom_x = 13.643020354343314
 geom_a = 0
 geom_q = 0
 geom_c = 0.0
f0= 1.3643e+01
using cgsolve in c++, ic=False
diag(geom) min= 399.100577 max= 15796.286103
diag(all) min= 399.100577 max= 15796.286103
Trying gamma equal 0.126000
Convergence reached after 18 iterations with no gamma cycles
min(dx) = -0.0040124106535230925
max(dx) = 0.004191937999188192
mean(dx)= -4.0174903900680615e-05
vdws = 23
atoms = 12
pairs = 52
 geom_x = 13.633802036755743
 geom_a = 0
 geom_q = 0
 geom_c = 0.0
f1, 0= 1.3634e+01
                          N restraints  r.m.s.d.  r.m.s.Z  Mn(sigma)
Bond distances, non H                5     0.011    0.646      0.016
Bond distances, H                    6     0.001    0.057      0.017
Bond angles, non H                   5     1.848    0.945      2.428
Bond angles, H                      13     0.814    0.311      2.077
Torsion angles, period 2             1     0.303    0.061      5.000
Torsion angles, period 6             1     7.460    0.373     20.000
Planar groups                        8     0.001    0.029      0.020
VDW nonbonded                        2     0.132    0.659      0.200
VDW torsion                          4     0.199    0.994      0.200



====== CYCLE 15 ======

 weight = 1.0000e+00
 geom_x = 13.633802036755743
 geom_a = 0
 geom_q = 0
 geom_c = 0.0
f0= 1.3634e+01
using cgsolve in c++, ic=False
diag(geom) min= 401.965266 max= 15796.302033
diag(all) min= 401.965266 max= 15796.302033
Trying gamma equal 0.126000
Convergence reached after 18 iterations with no gamma cycles
min(dx) = -0.004193029683683193
max(dx) = 0.004223279095083186
mean(dx)= -4.2864956594279864e-05
vdws = 23
atoms = 12
pairs = 52
 geom_x = 13.62401976745926
 geom_a = 0
 geom_q = 0
 geom_c = 0.0
f1, 0= 1.3624e+01
                          N restraints  r.m.s.d.  r.m.s.Z  Mn(sigma)
Bond distances, non H                5     0.011    0.646      0.016
Bond distances, H                    6     0.001    0.057      0.017
Bond angles, non H                   5     1.850    0.945      2.428
Bond angles, H                      13     0.814    0.311      2.077
Torsion angles, period 2             1     0.319    0.064      5.000
Torsion angles, period 6             1     7.826    0.391     20.000
Planar groups                        8     0.001    0.029      0.020
VDW nonbonded                        2     0.132    0.658      0.200
VDW torsion                          4     0.199    0.994      0.200



====== CYCLE 16 ======

 weight = 1.0000e+00
 geom_x = 13.62401976745926
 geom_a = 0
 geom_q = 0
 geom_c = 0.0
f0= 1.3624e+01
using cgsolve in c++, ic=False
diag(geom) min= 404.886682 max= 15796.300315
diag(all) min= 404.886682 max= 15796.300315
Trying gamma equal 0.126000
Convergence reached after 18 iterations with no gamma cycles
min(dx) = -0.004375636397466002
max(dx) = 0.004255524072677939
mean(dx)= -4.5535248884513635e-05
vdws = 23
atoms = 12
pairs = 52
 geom_x = 13.613641513262634
 geom_a = 0
 geom_q = 0
 geom_c = 0.0
f1, 0= 1.3614e+01
                          N restraints  r.m.s.d.  r.m.s.Z  Mn(sigma)
Bond distances, non H                5     0.011    0.645      0.016
Bond distances, H                    6     0.001    0.057      0.017
Bond angles, non H                   5     1.851    0.944      2.428
Bond angles, H                      13     0.814    0.311      2.077
Torsion angles, period 2             1     0.336    0.067      5.000
Torsion angles, period 6             1     8.204    0.410     20.000
Planar groups                        8     0.001    0.030      0.020
VDW nonbonded                        2     0.131    0.656      0.200
VDW torsion                          4     0.199    0.993      0.200



====== CYCLE 17 ======

 weight = 1.0000e+00
 geom_x = 13.613641513262634
 geom_a = 0
 geom_q = 0
 geom_c = 0.0
f0= 1.3614e+01
using cgsolve in c++, ic=False
diag(geom) min= 407.866393 max= 15796.279590
diag(all) min= 407.866393 max= 15796.279590
Trying gamma equal 0.126000
Convergence reached after 18 iterations with no gamma cycles
min(dx) = -0.004559762599975805
max(dx) = 0.00428821150770347
mean(dx)= -4.8176122050844563e-05
vdws = 23
atoms = 12
pairs = 52
 geom_x = 13.602636626160706
 geom_a = 0
 geom_q = 0
 geom_c = 0.0
f1, 0= 1.3603e+01
                          N restraints  r.m.s.d.  r.m.s.Z  Mn(sigma)
Bond distances, non H                5     0.011    0.645      0.016
Bond distances, H                    6     0.001    0.057      0.017
Bond angles, non H                   5     1.853    0.944      2.428
Bond angles, H                      13     0.814    0.310      2.077
Torsion angles, period 2             1     0.353    0.071      5.000
Torsion angles, period 6             1     8.593    0.430     20.000
Planar groups                        8     0.001    0.031      0.020
VDW nonbonded                        2     0.131    0.654      0.200
VDW torsion                          4     0.199    0.993      0.200



====== CYCLE 18 ======

 weight = 1.0000e+00
 geom_x = 13.602636626160706
 geom_a = 0
 geom_q = 0
 geom_c = 0.0
f0= 1.3603e+01
using cgsolve in c++, ic=False
diag(geom) min= 410.905677 max= 15796.238410
diag(all) min= 410.905677 max= 15796.238410
Trying gamma equal 0.126000
Convergence reached after 18 iterations with no gamma cycles
min(dx) = -0.004744869633519487
max(dx) = 0.004320855253716361
mean(dx)= -5.077677434326888e-05
vdws = 23
atoms = 12
pairs = 52
 geom_x = 13.590976359816658
 geom_a = 0
 geom_q = 0
 geom_c = 0.0
f1, 0= 1.3591e+01
                          N restraints  r.m.s.d.  r.m.s.Z  Mn(sigma)
Bond distances, non H                5     0.011    0.645      0.016
Bond distances, H                    6     0.001    0.056      0.017
Bond angles, non H                   5     1.854    0.943      2.428
Bond angles, H                      13     0.814    0.310      2.077
Torsion angles, period 2             1     0.370    0.074      5.000
Torsion angles, period 6             1     8.993    0.450     20.000
Planar groups                        8     0.001    0.032      0.020
VDW nonbonded                        2     0.130    0.651      0.200
VDW torsion                          4     0.199    0.993      0.200



====== CYCLE 19 ======

 weight = 1.0000e+00
 geom_x = 13.590976359816658
 geom_a = 0
 geom_q = 0
 geom_c = 0.0
f0= 1.3591e+01
using cgsolve in c++, ic=False
diag(geom) min= 414.005481 max= 15796.175260
diag(all) min= 414.005481 max= 15796.175260
Trying gamma equal 0.126000
Convergence reached after 18 iterations with no gamma cycles
min(dx) = -0.004930345682482445
max(dx) = 0.0043529433105244375
mean(dx)= -5.332538450475884e-05
vdws = 23
atoms = 12
pairs = 52
 geom_x = 13.578634444671307
 geom_a = 0
 geom_q = 0
 geom_c = 0.0
f1, 0= 1.3579e+01
                          N restraints  r.m.s.d.  r.m.s.Z  Mn(sigma)
Bond distances, non H                5     0.011    0.644      0.016
Bond distances, H                    6     0.001    0.056      0.017
Bond angles, non H                   5     1.855    0.942      2.428
Bond angles, H                      13     0.814    0.310      2.077
Torsion angles, period 2             1     0.388    0.078      5.000
Torsion angles, period 6             1     9.405    0.470     20.000
Planar groups                        8     0.001    0.033      0.020
VDW nonbonded                        2     0.130    0.649      0.200
VDW torsion                          4     0.199    0.993      0.200



====== CYCLE 20 ======

 weight = 1.0000e+00
 geom_x = 13.578634444671307
 geom_a = 0
 geom_q = 0
 geom_c = 0.0
f0= 1.3579e+01
using cgsolve in c++, ic=False
diag(geom) min= 417.166386 max= 15796.088571
diag(all) min= 417.166386 max= 15796.088571
Trying gamma equal 0.126000
Convergence reached after 18 iterations with no gamma cycles
min(dx) = -0.005115504026321677
max(dx) = 0.004383939317873173
mean(dx)= -5.580911499640878e-05
vdws = 23
atoms = 12
pairs = 52
 geom_x = 13.565587717156012
 geom_a = 0
 geom_q = 0
 geom_c = 0.0
f1, 0= 1.3566e+01
                          N restraints  r.m.s.d.  r.m.s.Z  Mn(sigma)
Bond distances, non H                5     0.011    0.644      0.016
Bond distances, H                    6     0.001    0.056      0.017
Bond angles, non H                   5     1.857    0.941      2.428
Bond angles, H                      13     0.814    0.309      2.077
Torsion angles, period 2             1     0.407    0.081      5.000
Torsion angles, period 6             1     9.829    0.491     20.000
Planar groups                        8     0.001    0.034      0.020
VDW nonbonded                        2     0.129    0.647      0.200
VDW torsion                          4     0.199    0.993      0.200



====== CYCLE 21 ======

 weight = 1.0000e+00
 geom_x = 13.565587717156012
 geom_a = 0
 geom_q = 0
 geom_c = 0.0
f0= 1.3566e+01
using cgsolve in c++, ic=False
diag(geom) min= 420.388568 max= 15795.976741
diag(all) min= 420.388568 max= 15795.976741
Trying gamma equal 0.126000
Convergence reached after 18 iterations with no gamma cycles
min(dx) = -0.005299582020153469
max(dx) = 0.0044132854751096256
mean(dx)= -5.821405726580704e-05
vdws = 23
atoms = 12
pairs = 52
 geom_x = 13.551816795524868
 geom_a = 0
 geom_q = 0
 geom_c = 0.0
f1, 0= 1.3552e+01
                          N restraints  r.m.s.d.  r.m.s.Z  Mn(sigma)
Bond distances, non H                5     0.011    0.644      0.016
Bond distances, H                    6     0.001    0.056      0.017
Bond angles, non H                   5     1.857    0.940      2.428
Bond angles, H                      13     0.814    0.309      2.077
Torsion angles, period 2             1     0.425    0.085      5.000
Torsion angles, period 6             1    10.263    0.513     20.000
Planar groups                        8     0.001    0.035      0.020
VDW nonbonded                        2     0.129    0.644      0.200
VDW torsion                          4     0.198    0.992      0.200



====== CYCLE 22 ======

 weight = 1.0000e+00
 geom_x = 13.551816795524868
 geom_a = 0
 geom_q = 0
 geom_c = 0.0
f0= 1.3552e+01
using cgsolve in c++, ic=False
diag(geom) min= 423.671755 max= 15795.838152
diag(all) min= 423.671755 max= 15795.838152
Trying gamma equal 0.126000
Convergence reached after 18 iterations with no gamma cycles
min(dx) = -0.005481741860490413
max(dx) = 0.004440404991879867
mean(dx)= -6.0525390406891644e-05
vdws = 23
atoms = 12
pairs = 52
 geom_x = 13.537306791549764
 geom_a = 0
 geom_q = 0
 geom_c = 0.0
f1, 0= 1.3537e+01
                          N restraints  r.m.s.d.  r.m.s.Z  Mn(sigma)
Bond distances, non H                5     0.011    0.643      0.016
Bond distances, H                    6     0.001    0.056      0.017
Bond angles, non H                   5     1.858    0.939      2.428
Bond angles, H                      13     0.813    0.308      2.077
Torsion angles, period 2             1     0.444    0.089      5.000
Torsion angles, period 6             1    10.709    0.535     20.000
Planar groups                        8     0.001    0.036      0.020
VDW nonbonded                        2     0.128    0.641      0.200
VDW torsion                          4     0.198    0.992      0.200



====== CYCLE 23 ======

 weight = 1.0000e+00
 geom_x = 13.537306791549764
 geom_a = 0
 geom_q = 0
 geom_c = 0.0
f0= 1.3537e+01
using cgsolve in c++, ic=False
diag(geom) min= 427.015194 max= 15795.671195
diag(all) min= 427.015194 max= 15795.671195
Trying gamma equal 0.126000
Convergence reached after 18 iterations with no gamma cycles
min(dx) = -0.005661073348125313
max(dx) = 0.004464705768721979
mean(dx)= -6.272759124147362e-05
vdws = 23
atoms = 12
pairs = 52
 geom_x = 13.522048043745441
 geom_a = 0
 geom_q = 0
 geom_c = 0.0
f1, 0= 1.3522e+01
                          N restraints  r.m.s.d.  r.m.s.Z  Mn(sigma)
Bond distances, non H                5     0.011    0.643      0.016
Bond distances, H                    6     0.001    0.056      0.017
Bond angles, non H                   5     1.859    0.938      2.428
Bond angles, H                      13     0.813    0.308      2.077
Torsion angles, period 2             1     0.463    0.093      5.000
Torsion angles, period 6             1    11.166    0.558     20.000
Planar groups                        8     0.001    0.037      0.020
VDW nonbonded                        2     0.128    0.638      0.200
VDW torsion                          4     0.198    0.992      0.200



====== CYCLE 24 ======

 weight = 1.0000e+00
 geom_x = 13.522048043745441
 geom_a = 0
 geom_q = 0
 geom_c = 0.0
f0= 1.3522e+01
using cgsolve in c++, ic=False
diag(geom) min= 430.417604 max= 15795.474292
diag(all) min= 430.417604 max= 15795.474292
Trying gamma equal 0.126000
Convergence reached after 18 iterations with no gamma cycles
min(dx) = -0.005836598456570326
max(dx) = 0.0044855857241477195
mean(dx)= -6.480461495353644e-05
vdws = 23
atoms = 12
pairs = 52
 geom_x = 13.506036853971393
 geom_a = 0
 geom_q = 0
 geom_c = 0.0
f1, 0= 1.3506e+01
                          N restraints  r.m.s.d.  r.m.s.Z  Mn(sigma)
Bond distances, non H                5     0.011    0.642      0.016
Bond distances, H                    6     0.001    0.056      0.017
Bond angles, non H                   5     1.859    0.937      2.428
Bond angles, H                      13     0.812    0.307      2.077
Torsion angles, period 2             1     0.483    0.097      5.000
Torsion angles, period 6             1    11.633    0.582     20.000
Planar groups                        8     0.001    0.038      0.020
VDW nonbonded                        2     0.127    0.634      0.200
VDW torsion                          4     0.198    0.992      0.200



====== CYCLE 25 ======

 weight = 1.0000e+00
 geom_x = 13.506036853971393
 geom_a = 0
 geom_q = 0
 geom_c = 0.0
f0= 1.3506e+01
using cgsolve in c++, ic=False
diag(geom) min= 433.877150 max= 15795.245927
diag(all) min= 433.877150 max= 15795.245927
Trying gamma equal 0.126000
Convergence reached after 18 iterations with no gamma cycles
min(dx) = -0.006007277946149865
max(dx) = 0.004502439202720563
mean(dx)= -6.674010573982151e-05
vdws = 23
atoms = 12
pairs = 52
 geom_x = 13.489276205487775
 geom_a = 0
 geom_q = 0
 geom_c = 0.0
f1, 0= 1.3489e+01
                          N restraints  r.m.s.d.  r.m.s.Z  Mn(sigma)
Bond distances, non H                5     0.011    0.641      0.016
Bond distances, H                    6     0.001    0.056      0.017
Bond angles, non H                   5     1.860    0.935      2.428
Bond angles, H                      13     0.812    0.307      2.077
Torsion angles, period 2             1     0.503    0.101      5.000
Torsion angles, period 6             1    12.110    0.606     20.000
Planar groups                        8     0.001    0.039      0.020
VDW nonbonded                        2     0.126    0.631      0.200
VDW torsion                          4     0.198    0.992      0.200



====== CYCLE 26 ======

 weight = 1.0000e+00
 geom_x = 13.489276205487775
 geom_a = 0
 geom_q = 0
 geom_c = 0.0
f0= 1.3489e+01
using cgsolve in c++, ic=False
diag(geom) min= 437.391403 max= 15794.984672
diag(all) min= 437.391403 max= 15794.984672
Trying gamma equal 0.126000
Convergence reached after 18 iterations with no gamma cycles
min(dx) = -0.006172020251145518
max(dx) = 0.004601805772004666
mean(dx)= -6.851765553283934e-05
vdws = 23
atoms = 12
pairs = 52
 geom_x = 13.471776437072156
 geom_a = 0
 geom_q = 0
 geom_c = 0.0
f1, 0= 1.3472e+01
                          N restraints  r.m.s.d.  r.m.s.Z  Mn(sigma)
Bond distances, non H                5     0.011    0.641      0.016
Bond distances, H                    6     0.001    0.056      0.017
Bond angles, non H                   5     1.860    0.933      2.428
Bond angles, H                      13     0.811    0.306      2.077
Torsion angles, period 2             1     0.523    0.105      5.000
Torsion angles, period 6             1    12.597    0.630     20.000
Planar groups                        8     0.001    0.040      0.020
VDW nonbonded                        2     0.125    0.627      0.200
VDW torsion                          4     0.198    0.992      0.200



====== CYCLE 27 ======

 weight = 1.0000e+00
 geom_x = 13.471776437072156
 geom_a = 0
 geom_q = 0
 geom_c = 0.0
f0= 1.3472e+01
using cgsolve in c++, ic=False
diag(geom) min= 440.957318 max= 15794.689217
diag(all) min= 440.957318 max= 15794.689217
Trying gamma equal 0.126000
Convergence reached after 17 iterations with no gamma cycles
min(dx) = -0.006329685914625541
max(dx) = 0.00475038575910685
mean(dx)= -7.011789115668719e-05
vdws = 23
atoms = 12
pairs = 52
 geom_x = 13.453555845424429
 geom_a = 0
 geom_q = 0
 geom_c = 0.0
f1, 0= 1.3454e+01
                          N restraints  r.m.s.d.  r.m.s.Z  Mn(sigma)
Bond distances, non H                5     0.011    0.640      0.016
Bond distances, H                    6     0.001    0.055      0.017
Bond angles, non H                   5     1.860    0.932      2.428
Bond angles, H                      13     0.810    0.305      2.077
Torsion angles, period 2             1     0.543    0.109      5.000
Torsion angles, period 6             1    13.094    0.655     20.000
Planar groups                        8     0.001    0.040      0.020
VDW nonbonded                        2     0.125    0.623      0.200
VDW torsion                          4     0.198    0.992      0.200



====== CYCLE 28 ======

 weight = 1.0000e+00
 geom_x = 13.453555845424429
 geom_a = 0
 geom_q = 0
 geom_c = 0.0
f0= 1.3454e+01
using cgsolve in c++, ic=False
diag(geom) min= 444.571205 max= 15794.358348
diag(all) min= 444.571205 max= 15794.358348
Trying gamma equal 0.126000
Convergence reached after 17 iterations with no gamma cycles
min(dx) = -0.006479129872319773
max(dx) = 0.004895373574309006
mean(dx)= -7.153481650746926e-05
vdws = 23
atoms = 12
pairs = 52
 geom_x = 13.434641182346974
 geom_a = 0
 geom_q = 0
 geom_c = 0.0
f1, 0= 1.3435e+01
                          N restraints  r.m.s.d.  r.m.s.Z  Mn(sigma)
Bond distances, non H                5     0.011    0.639      0.016
Bond distances, H                    6     0.001    0.055      0.017
Bond angles, non H                   5     1.860    0.930      2.428
Bond angles, H                      13     0.809    0.305      2.077
Torsion angles, period 2             1     0.564    0.113      5.000
Torsion angles, period 6             1    13.598    0.680     20.000
Planar groups                        8     0.001    0.041      0.020
VDW nonbonded                        2     0.124    0.619      0.200
VDW torsion                          4     0.198    0.991      0.200



====== CYCLE 29 ======

 weight = 1.0000e+00
 geom_x = 13.434641182346974
 geom_a = 0
 geom_q = 0
 geom_c = 0.0
f0= 1.3435e+01
using cgsolve in c++, ic=False
diag(geom) min= 448.228750 max= 15793.991175
diag(all) min= 448.228750 max= 15793.991175
Trying gamma equal 0.126000
Convergence reached after 17 iterations with no gamma cycles
min(dx) = -0.006619170997762612
max(dx) = 0.005035769623742866
mean(dx)= -7.274439667352119e-05
vdws = 23
atoms = 12
pairs = 52
 geom_x = 13.41506802384626
 geom_a = 0
 geom_q = 0
 geom_c = 0.0
f1, 0= 1.3415e+01
                          N restraints  r.m.s.d.  r.m.s.Z  Mn(sigma)
Bond distances, non H                5     0.011    0.638      0.016
Bond distances, H                    6     0.001    0.055      0.017
Bond angles, non H                   5     1.859    0.928      2.428
Bond angles, H                      13     0.808    0.304      2.077
Torsion angles, period 2             1     0.585    0.117      5.000
Torsion angles, period 6             1    14.111    0.706     20.000
Planar groups                        8     0.001    0.042      0.020
VDW nonbonded                        2     0.123    0.615      0.200
VDW torsion                          4     0.198    0.991      0.200



====== CYCLE 30 ======

 weight = 1.0000e+00
 geom_x = 13.41506802384626
 geom_a = 0
 geom_q = 0
 geom_c = 0.0
f0= 1.3415e+01
using cgsolve in c++, ic=False
diag(geom) min= 451.924960 max= 15793.586893
diag(all) min= 451.924960 max= 15793.586893
Trying gamma equal 0.126000
Convergence reached after 17 iterations with no gamma cycles
min(dx) = -0.00674864593806799
max(dx) = 0.005170554679028257
mean(dx)= -7.37362368726225e-05
vdws = 23
atoms = 12
pairs = 52
 geom_x = 13.394880969273576
 geom_a = 0
 geom_q = 0
 geom_c = 0.0
f1, 0= 1.3395e+01
                          N restraints  r.m.s.d.  r.m.s.Z  Mn(sigma)
Bond distances, non H                5     0.011    0.637      0.016
Bond distances, H                    6     0.001    0.055      0.017
Bond angles, non H                   5     1.859    0.925      2.428
Bond angles, H                      13     0.807    0.303      2.077
Torsion angles, period 2             1     0.606    0.121      5.000
Torsion angles, period 6             1    14.630    0.732     20.000
Planar groups                        8     0.001    0.043      0.020
VDW nonbonded                        2     0.122    0.610      0.200
VDW torsion                          4     0.198    0.991      0.200


$TABLE: stats vs cycle :
$GRAPHS
: Geometry :A:1,4,2:
: Geometry Z :A:1,3,5:
$$
 Ncyc  rmsBOND  zBOND  rmsANGL  zANGL
$$
$$
    0   0.0107 0.6468   1.8185 0.9459
    1   0.0107 0.6467   1.8204 0.9460
    2   0.0107 0.6465   1.8219 0.9462
    3   0.0107 0.6463   1.8233 0.9462
    4   0.0107 0.6462   1.8256 0.9464
    5   0.0107 0.6463   1.8281 0.9466
    6   0.0107 0.6463   1.8306 0.9467
    7   0.0107 0.6463   1.8330 0.9467
    8   0.0107 0.6463   1.8354 0.9467
    9   0.0107 0.6462   1.8377 0.9467
   10   0.0107 0.6462   1.8399 0.9466
   11   0.0107 0.6461   1.8421 0.9464
   12   0.0107 0.6460   1.8441 0.9462
   13   0.0107 0.6459   1.8461 0.9459
   14   0.0107 0.6458   1.8479 0.9455
   15   0.0107 0.6456   1.8497 0.9450
   16   0.0107 0.6453   1.8513 0.9445
   17   0.0107 0.6451   1.8528 0.9439
   18   0.0107 0.6448   1.8542 0.9431
   19   0.0106 0.6444   1.8554 0.9423
   20   0.0106 0.6440   1.8565 0.9414
   21   0.0106 0.6436   1.8575 0.9403
   22   0.0106 0.6431   1.8583 0.9392
   23   0.0106 0.6426   1.8589 0.9379
   24   0.0106 0.6420   1.8594 0.9365
   25   0.0106 0.6413   1.8597 0.9350
   26   0.0106 0.6406   1.8598 0.9333
   27   0.0106 0.6399   1.8598 0.9315
   28   0.0106 0.6390   1.8596 0.9296
   29   0.0106 0.6381   1.8591 0.9275
   30   0.0105 0.6372   1.8585 0.9253
$$

Updated dictionary saved: CAA_MODEL_TMP/mol_1_conf_20_updated.cif
Refinement statistics saved: CAA_MODEL_TMP/mol_1_conf_20_stats.json

# Finished on 2026-06-14 11:38:59.301055

=========END OF PROCESS INFORMATION ==========
