
============ PROCESS INFORMATION =============
# Servalcat ver. 0.4.128 (Python 3.9.18)
# Library vers. gemmi 0.7.4, scipy 1.7.3, numpy 1.19.5, pandas 1.3.5
# Started on 2026-06-14 11:38:32.467452
# Host: Mac.lan User: hilgersmt
# Command-line:
# servalcat --logfile CAA_MODEL_TMP/servalcat.log refine_geom --update_dictionary CAA_MODEL_TMP/mol_1_conf_5_init.cif -o CAA_MODEL_TMP/mol_1_conf_5 --randomize 0.01
Config loaded
--
refine:
  atom_selection:
    xyz:
      include:
      - '*'
      exclude: []
      exclude_restraint: []
    adp:
      include: []
      exclude: []
      exclude_restraint: []
    occ:
      include: []
      exclude: []
      exclude_restraint: []
    dfrac:
      include: []
      exclude: []
      exclude_restraint: []
  occ_groups: []
  occ_group_constraints: []
  occ_group_const_mu: 10.0
  occ_group_const_mu_update_factor: 1.1
  occ_group_const_mu_update_tol_rel: 0.25
  occ_group_const_mu_update_tol_abs: 0.01
  initialisation:
    adp: {}
    occ: {}
    dfrac: {}
  write_trajectory: false
--
Reading monomers from /Applications/ccp4-9/lib/data/monomers/
Reading monomer: CAA_MODEL_TMP/mol_1_conf_5_init.cif
WARNING:: updating monomer CAA using CAA_MODEL_TMP/mol_1_conf_5_init.cif
Monomer library loaded: 1 monomers, 109 links, 133 modifications
       loaded monomers: CAA

Checking if unknown atoms exist..
Creating restraints..

Chain info:
 chain 
  ligands: CAA (1 residues)

Number of refinement parameters:
       n_params  n_atoms  n_atoms_geom_only  n_atoms_data_only
xyz           6        6                  0                  0
adp           0        0                  0                  0
occ           0        0                  0                  0
dfrac         0        0                  0                  0

Randomizing structure with rmsd of 0.01
Torsion angle rules:
 include:
  {'group': 'peptide', 'tors_name': 'chi*'}
  {'link': '*', 'tors_name': 'omega'}
  {'residue': '*', 'tors_name': 'sp2_sp2*'}
  {'link': '*', 'tors_name': 'sp2_sp2*'}
 exclude:
  none
External restraints from Refmac instructions
 Number of distances          : 0
 Number of angles             : 0
 Number of torsions           : 0
 Number of chirals            : 0
 Number of planes             : 0
 Number of intervals          : 0
 Number of stackings          : 0
 Number of harmonics          : 0
 Number of special positions  : 0

Running 10 cycles with wchir=4 wvdw=2 without hydrogen
Geometry weights
vdws = 4
atoms = 6
pairs = 14
 *** Bond distances outliers (Z >= 5) ***

    atom1     atom2  value  ideal  sigma     z
/CAA 1/C2 /CAA 1/N1  1.433  1.335  0.016 6.016

                          N restraints  r.m.s.d.  r.m.s.Z  Mn(sigma)
Bond distances, non H                5     0.046    2.825      0.016
Bond angles, non H                   5     2.768    1.123      2.428
Torsion angles, period 2             1     1.407    0.281      5.000
Planar groups                        4     0.008    0.424      0.020
VDW torsion                          1     0.361    1.805      0.200


====== CYCLE  1 ======

 weight = 1.0000e+00
 geom_x = 30.019150861428447
 geom_a = 0
 geom_q = 0
 geom_c = 0.0
f0= 3.0019e+01
using cgsolve in c++, ic=False
diag(geom) min= 226.364496 max= 11927.517024
diag(all) min= 226.364496 max= 11927.517024
Trying gamma equal 0.000000
Convergence reached after 11 iterations with no gamma cycles
min(dx) = -0.07565291047710847
max(dx) = 0.1274594970244926
mean(dx)= 0.01479518216299109
vdws = 4
atoms = 6
pairs = 14
 geom_x = 7.4503205840485505
 geom_a = 0
 geom_q = 0
 geom_c = 0.0
f1, 0= 7.4503e+00
                          N restraints  r.m.s.d.  r.m.s.Z  Mn(sigma)
Bond distances, non H                5     0.007    0.432      0.016
Bond angles, non H                   5     1.149    0.678      2.428
Torsion angles, period 2             1     0.046    0.009      5.000
Planar groups                        4     0.000    0.014      0.020
VDW torsion                          1     0.342    1.708      0.200



====== CYCLE  2 ======

 weight = 1.0000e+00
 geom_x = 7.4503205840485505
 geom_a = 0
 geom_q = 0
 geom_c = 0.0
f0= 7.4503e+00
using cgsolve in c++, ic=False
diag(geom) min= 166.162864 max= 12188.104404
diag(all) min= 166.162864 max= 12188.104404
Trying gamma equal 0.000000
Convergence reached after 10 iterations with no gamma cycles
min(dx) = -0.0033805660822429236
max(dx) = 0.0071158119347974
mean(dx)= 0.0006203988474225217
vdws = 4
atoms = 6
pairs = 14
 geom_x = 7.3090746334098755
 geom_a = 0
 geom_q = 0
 geom_c = 0.0
f1, 0= 7.3091e+00
                          N restraints  r.m.s.d.  r.m.s.Z  Mn(sigma)
Bond distances, non H                5     0.005    0.313      0.016
Bond angles, non H                   5     1.088    0.645      2.428
Torsion angles, period 2             1     0.006    0.001      5.000
Planar groups                        4     0.000    0.000      0.020
VDW torsion                          1     0.347    1.735      0.200



====== CYCLE  3 ======

 weight = 1.0000e+00
 geom_x = 7.3090746334098755
 geom_a = 0
 geom_q = 0
 geom_c = 0.0
f0= 7.3091e+00
using cgsolve in c++, ic=False
diag(geom) min= 161.262830 max= 12184.001927
diag(all) min= 161.262830 max= 12184.001927
Trying gamma equal 0.000000
Convergence reached after 11 iterations with no gamma cycles
min(dx) = -2.5776815782173976e-05
max(dx) = 9.21716868844931e-05
mean(dx)= 6.0150337067604925e-06
vdws = 4
atoms = 6
pairs = 14
 geom_x = 7.30907231760999
 geom_a = 0
 geom_q = 0
 geom_c = 0.0
f1, 0= 7.3091e+00
                          N restraints  r.m.s.d.  r.m.s.Z  Mn(sigma)
Bond distances, non H                5     0.005    0.313      0.016
Bond angles, non H                   5     1.088    0.645      2.428
Torsion angles, period 2             1     0.001    0.000      5.000
Planar groups                        4     0.000    0.000      0.020
VDW torsion                          1     0.347    1.735      0.200



====== CYCLE  4 ======

 weight = 1.0000e+00
 geom_x = 7.30907231760999
 geom_a = 0
 geom_q = 0
 geom_c = 0.0
f0= 7.3091e+00
using cgsolve in c++, ic=False
diag(geom) min= 161.222646 max= 12183.983764
diag(all) min= 161.222646 max= 12183.983764
Trying gamma equal 0.000000
Convergence reached after 11 iterations with no gamma cycles
min(dx) = -3.166753470757701e-06
max(dx) = 9.869712382781207e-06
mean(dx)= 5.096695330553373e-07
vdws = 4
atoms = 6
pairs = 14
 geom_x = 7.309072301183828
 geom_a = 0
 geom_q = 0
 geom_c = 0.0
f1, 0= 7.3091e+00
                          N restraints  r.m.s.d.  r.m.s.Z  Mn(sigma)
Bond distances, non H                5     0.005    0.313      0.016
Bond angles, non H                   5     1.088    0.645      2.428
Torsion angles, period 2             1     0.000    0.000      5.000
Planar groups                        4     0.000    0.000      0.020
VDW torsion                          1     0.347    1.735      0.200



====== CYCLE  5 ======

 weight = 1.0000e+00
 geom_x = 7.309072301183828
 geom_a = 0
 geom_q = 0
 geom_c = 0.0
f0= 7.3091e+00
using cgsolve in c++, ic=False
diag(geom) min= 161.222194 max= 12183.985727
diag(all) min= 161.222194 max= 12183.985727
Trying gamma equal 0.000000
Convergence reached after 11 iterations with no gamma cycles
min(dx) = -5.361191443099651e-07
max(dx) = 1.6329521130489762e-06
mean(dx)= 8.734220738550804e-08
vdws = 4
atoms = 6
pairs = 14
 geom_x = 7.309072300740192
 geom_a = 0
 geom_q = 0
 geom_c = 0.0
f1, 0= 7.3091e+00
                          N restraints  r.m.s.d.  r.m.s.Z  Mn(sigma)
Bond distances, non H                5     0.005    0.313      0.016
Bond angles, non H                   5     1.088    0.645      2.428
Torsion angles, period 2             1     0.000    0.000      5.000
Planar groups                        4     0.000    0.000      0.020
VDW torsion                          1     0.347    1.735      0.200



====== CYCLE  6 ======

 weight = 1.0000e+00
 geom_x = 7.309072300740192
 geom_a = 0
 geom_q = 0
 geom_c = 0.0
f0= 7.3091e+00
using cgsolve in c++, ic=False
diag(geom) min= 161.222124 max= 12183.986083
diag(all) min= 161.222124 max= 12183.986083
Trying gamma equal 0.000000
Convergence reached after 11 iterations with no gamma cycles
min(dx) = -8.856105482414774e-08
max(dx) = 2.690368898715521e-07
mean(dx)= 1.4385553263247297e-08
vdws = 4
atoms = 6
pairs = 14
 geom_x = 7.3090723007281255
 geom_a = 0
 geom_q = 0
 geom_c = 0.0
f1, 0= 7.3091e+00
                          N restraints  r.m.s.d.  r.m.s.Z  Mn(sigma)
Bond distances, non H                5     0.005    0.313      0.016
Bond angles, non H                   5     1.088    0.645      2.428
Torsion angles, period 2             1     0.000    0.000      5.000
Planar groups                        4     0.000    0.000      0.020
VDW torsion                          1     0.347    1.735      0.200



====== CYCLE  7 ======

 weight = 1.0000e+00
 geom_x = 7.3090723007281255
 geom_a = 0
 geom_q = 0
 geom_c = 0.0
f0= 7.3091e+00
using cgsolve in c++, ic=False
diag(geom) min= 161.222112 max= 12183.986142
diag(all) min= 161.222112 max= 12183.986142
Trying gamma equal 0.000000
Convergence reached after 11 iterations with no gamma cycles
min(dx) = -1.4612405681488604e-08
max(dx) = 4.438452931786724e-08
mean(dx)= 2.373677885437959e-09
vdws = 4
atoms = 6
pairs = 14
 geom_x = 7.30907230072779
 geom_a = 0
 geom_q = 0
 geom_c = 0.0
f1, 0= 7.3091e+00
                          N restraints  r.m.s.d.  r.m.s.Z  Mn(sigma)
Bond distances, non H                5     0.005    0.313      0.016
Bond angles, non H                   5     1.088    0.645      2.428
Torsion angles, period 2             1     0.000    0.000      5.000
Planar groups                        4     0.000    0.000      0.020
VDW torsion                          1     0.347    1.735      0.200



====== CYCLE  8 ======

 weight = 1.0000e+00
 geom_x = 7.30907230072779
 geom_a = 0
 geom_q = 0
 geom_c = 0.0
f0= 7.3091e+00
using cgsolve in c++, ic=False
diag(geom) min= 161.222110 max= 12183.986151
diag(all) min= 161.222110 max= 12183.986151
Trying gamma equal 0.000000
Convergence reached after 11 iterations with no gamma cycles
min(dx) = -2.410778748250666e-09
max(dx) = 7.322616931664406e-09
mean(dx)= 3.9160890119960893e-10
vdws = 4
atoms = 6
pairs = 14
 geom_x = 7.309072300727773
 geom_a = 0
 geom_q = 0
 geom_c = 0.0
f1, 0= 7.3091e+00
                          N restraints  r.m.s.d.  r.m.s.Z  Mn(sigma)
Bond distances, non H                5     0.005    0.313      0.016
Bond angles, non H                   5     1.088    0.645      2.428
Torsion angles, period 2             1     0.000    0.000      5.000
Planar groups                        4     0.000    0.000      0.020
VDW torsion                          1     0.347    1.735      0.200



====== CYCLE  9 ======

 weight = 1.0000e+00
 geom_x = 7.309072300727773
 geom_a = 0
 geom_q = 0
 geom_c = 0.0
f0= 7.3091e+00
using cgsolve in c++, ic=False
diag(geom) min= 161.222110 max= 12183.986153
diag(all) min= 161.222110 max= 12183.986153
Trying gamma equal 0.000000
Convergence reached after 11 iterations with no gamma cycles
min(dx) = -3.9773279887904205e-10
max(dx) = 1.2080919163580135e-09
mean(dx)= 6.460809684951745e-11
vdws = 4
atoms = 6
pairs = 14
 geom_x = 7.309072300727772
 geom_a = 0
 geom_q = 0
 geom_c = 0.0
f1, 0= 7.3091e+00
                          N restraints  r.m.s.d.  r.m.s.Z  Mn(sigma)
Bond distances, non H                5     0.005    0.313      0.016
Bond angles, non H                   5     1.088    0.645      2.428
Torsion angles, period 2             1     0.000    0.000      5.000
Planar groups                        4     0.000    0.000      0.020
VDW torsion                          1     0.347    1.735      0.200



====== CYCLE 10 ======

 weight = 1.0000e+00
 geom_x = 7.309072300727772
 geom_a = 0
 geom_q = 0
 geom_c = 0.0
f0= 7.3091e+00
using cgsolve in c++, ic=False
diag(geom) min= 161.222110 max= 12183.986153
diag(all) min= 161.222110 max= 12183.986153
Trying gamma equal 0.000000
Convergence reached after 11 iterations with no gamma cycles
min(dx) = -6.5618596744361e-11
max(dx) = 1.9931258623933818e-10
mean(dx)= 1.0659154221279795e-11
vdws = 4
atoms = 6
pairs = 14
 geom_x = 7.309072300727799
 geom_a = 0
 geom_q = 0
 geom_c = 0.0
f1, 0= 7.3091e+00
min(dx) = -3.28092983721805e-11
max(dx) = 9.965629311966909e-11
mean(dx)= 5.329577110639897e-12
vdws = 4
atoms = 6
pairs = 14
 geom_x = 7.309072300727796
 geom_a = 0
 geom_q = 0
 geom_c = 0.0
f1, 1= 7.3091e+00
min(dx) = -1.640464918609025e-11
max(dx) = 4.9828146559834546e-11
mean(dx)= 2.6647885553199487e-12
vdws = 4
atoms = 6
pairs = 14
 geom_x = 7.309072300727799
 geom_a = 0
 geom_q = 0
 geom_c = 0.0
f1, 2= 7.3091e+00
WARNING: function not minimised
                          N restraints  r.m.s.d.  r.m.s.Z  Mn(sigma)
Bond distances, non H                5     0.005    0.313      0.016
Bond angles, non H                   5     1.088    0.645      2.428
Torsion angles, period 2             1     0.000    0.000      5.000
Planar groups                        4     0.000    0.000      0.020
VDW torsion                          1     0.347    1.735      0.200


$TABLE: stats vs cycle :
$GRAPHS
: Geometry :A:1,2,4:
: Geometry Z :A:1,5,3:
$$
 Ncyc  rmsBOND  zBOND  rmsANGL  zANGL
$$
$$
    0   0.0465 2.8249   2.7676 1.1228
    1   0.0069 0.4322   1.1488 0.6778
    2   0.0053 0.3134   1.0884 0.6454
    3   0.0053 0.3130   1.0879 0.6451
    4   0.0053 0.3130   1.0879 0.6451
    5   0.0053 0.3130   1.0879 0.6451
    6   0.0053 0.3130   1.0879 0.6451
    7   0.0053 0.3130   1.0879 0.6451
    8   0.0053 0.3130   1.0879 0.6451
    9   0.0053 0.3130   1.0879 0.6451
   10   0.0053 0.3130   1.0879 0.6451
$$

Running 30 cycles with wchir=1 wvdw=2 without hydrogen
Geometry weights
vdws = 4
atoms = 6
pairs = 14
                          N restraints  r.m.s.d.  r.m.s.Z  Mn(sigma)
Bond distances, non H                5     0.005    0.313      0.016
Bond angles, non H                   5     1.088    0.645      2.428
Torsion angles, period 2             1     0.000    0.000      5.000
Planar groups                        4     0.000    0.000      0.020
VDW torsion                          1     0.347    1.735      0.200


====== CYCLE  1 ======

 weight = 1.0000e+00
 geom_x = 7.309072300727799
 geom_a = 0
 geom_q = 0
 geom_c = 0.0
f0= 7.3091e+00
using cgsolve in c++, ic=False
diag(geom) min= 161.222110 max= 12183.986153
diag(all) min= 161.222110 max= 12183.986153
Trying gamma equal 0.000000
Convergence reached after 11 iterations with no gamma cycles
min(dx) = -5.192034909512277e-11
max(dx) = 1.5770519964678458e-10
mean(dx)= 8.43399105976315e-12
vdws = 4
atoms = 6
pairs = 14
 geom_x = 7.309072300727811
 geom_a = 0
 geom_q = 0
 geom_c = 0.0
f1, 0= 7.3091e+00
min(dx) = -2.5960174547561387e-11
max(dx) = 7.885259982339229e-11
mean(dx)= 4.216995529881575e-12
vdws = 4
atoms = 6
pairs = 14
 geom_x = 7.309072300727784
 geom_a = 0
 geom_q = 0
 geom_c = 0.0
f1, 1= 7.3091e+00
                          N restraints  r.m.s.d.  r.m.s.Z  Mn(sigma)
Bond distances, non H                5     0.005    0.313      0.016
Bond angles, non H                   5     1.088    0.645      2.428
Torsion angles, period 2             1     0.000    0.000      5.000
Planar groups                        4     0.000    0.000      0.020
VDW torsion                          1     0.347    1.735      0.200



====== CYCLE  2 ======

 weight = 1.0000e+00
 geom_x = 7.309072300727784
 geom_a = 0
 geom_q = 0
 geom_c = 0.0
f0= 7.3091e+00
using cgsolve in c++, ic=False
diag(geom) min= 161.222110 max= 12183.986153
diag(all) min= 161.222110 max= 12183.986153
Trying gamma equal 0.000000
Convergence reached after 11 iterations with no gamma cycles
min(dx) = -3.024315323769899e-11
max(dx) = 9.186148456051261e-11
mean(dx)= 4.912743152631524e-12
vdws = 4
atoms = 6
pairs = 14
 geom_x = 7.309072300727773
 geom_a = 0
 geom_q = 0
 geom_c = 0.0
f1, 0= 7.3091e+00
                          N restraints  r.m.s.d.  r.m.s.Z  Mn(sigma)
Bond distances, non H                5     0.005    0.313      0.016
Bond angles, non H                   5     1.088    0.645      2.428
Torsion angles, period 2             1     0.000    0.000      5.000
Planar groups                        4     0.000    0.000      0.020
VDW torsion                          1     0.347    1.735      0.200



====== CYCLE  3 ======

 weight = 1.0000e+00
 geom_x = 7.309072300727773
 geom_a = 0
 geom_q = 0
 geom_c = 0.0
f0= 7.3091e+00
using cgsolve in c++, ic=False
diag(geom) min= 161.222110 max= 12183.986153
diag(all) min= 161.222110 max= 12183.986153
Trying gamma equal 0.000000
Convergence reached after 11 iterations with no gamma cycles
min(dx) = -4.989470632447556e-12
max(dx) = 1.515500392498015e-11
mean(dx)= 8.104861367069675e-13
vdws = 4
atoms = 6
pairs = 14
 geom_x = 7.309072300727796
 geom_a = 0
 geom_q = 0
 geom_c = 0.0
f1, 0= 7.3091e+00
min(dx) = -2.494735316223778e-12
max(dx) = 7.577501962490075e-12
mean(dx)= 4.0524306835348373e-13
vdws = 4
atoms = 6
pairs = 14
 geom_x = 7.309072300727786
 geom_a = 0
 geom_q = 0
 geom_c = 0.0
f1, 1= 7.3091e+00
min(dx) = -1.247367658111889e-12
max(dx) = 3.788750981245038e-12
mean(dx)= 2.0262153417674186e-13
vdws = 4
atoms = 6
pairs = 14
 geom_x = 7.309072300727789
 geom_a = 0
 geom_q = 0
 geom_c = 0.0
f1, 2= 7.3091e+00
WARNING: function not minimised
                          N restraints  r.m.s.d.  r.m.s.Z  Mn(sigma)
Bond distances, non H                5     0.005    0.313      0.016
Bond angles, non H                   5     1.088    0.645      2.428
Torsion angles, period 2             1     0.000    0.000      5.000
Planar groups                        4     0.000    0.000      0.020
VDW torsion                          1     0.347    1.735      0.200



====== CYCLE  4 ======

 weight = 1.0000e+00
 geom_x = 7.309072300727789
 geom_a = 0
 geom_q = 0
 geom_c = 0.0
f0= 7.3091e+00
using cgsolve in c++, ic=False
diag(geom) min= 161.222110 max= 12183.986153
diag(all) min= 161.222110 max= 12183.986153
Trying gamma equal 0.000000
Convergence reached after 11 iterations with no gamma cycles
min(dx) = -3.9480059270342325e-12
max(dx) = 1.1992270512432401e-11
mean(dx)= 6.412968477058281e-13
vdws = 4
atoms = 6
pairs = 14
 geom_x = 7.3090723007277765
 geom_a = 0
 geom_q = 0
 geom_c = 0.0
f1, 0= 7.3091e+00
                          N restraints  r.m.s.d.  r.m.s.Z  Mn(sigma)
Bond distances, non H                5     0.005    0.313      0.016
Bond angles, non H                   5     1.088    0.645      2.428
Torsion angles, period 2             1     0.000    0.000      5.000
Planar groups                        4     0.000    0.000      0.020
VDW torsion                          1     0.347    1.735      0.200



====== CYCLE  5 ======

 weight = 1.0000e+00
 geom_x = 7.3090723007277765
 geom_a = 0
 geom_q = 0
 geom_c = 0.0
f0= 7.3091e+00
using cgsolve in c++, ic=False
diag(geom) min= 161.222110 max= 12183.986153
diag(all) min= 161.222110 max= 12183.986153
Trying gamma equal 0.000000
Convergence reached after 11 iterations with no gamma cycles
min(dx) = -6.5134196039036e-13
max(dx) = 1.977791174959595e-12
mean(dx)= 1.0574658554594112e-13
vdws = 4
atoms = 6
pairs = 14
 geom_x = 7.309072300727816
 geom_a = 0
 geom_q = 0
 geom_c = 0.0
f1, 0= 7.3091e+00
min(dx) = -3.2567098019518e-13
max(dx) = 9.888955874797975e-13
mean(dx)= 5.287329277297056e-14
vdws = 4
atoms = 6
pairs = 14
 geom_x = 7.309072300727782
 geom_a = 0
 geom_q = 0
 geom_c = 0.0
f1, 1= 7.3091e+00
min(dx) = -1.6283549009759e-13
max(dx) = 4.944477937398988e-13
mean(dx)= 2.643664638648528e-14
vdws = 4
atoms = 6
pairs = 14
 geom_x = 7.309072300727785
 geom_a = 0
 geom_q = 0
 geom_c = 0.0
f1, 2= 7.3091e+00
WARNING: function not minimised
                          N restraints  r.m.s.d.  r.m.s.Z  Mn(sigma)
Bond distances, non H                5     0.005    0.313      0.016
Bond angles, non H                   5     1.088    0.645      2.428
Torsion angles, period 2             1     0.000    0.000      5.000
Planar groups                        4     0.000    0.000      0.020
VDW torsion                          1     0.347    1.735      0.200



====== CYCLE  6 ======

 weight = 1.0000e+00
 geom_x = 7.309072300727785
 geom_a = 0
 geom_q = 0
 geom_c = 0.0
f0= 7.3091e+00
using cgsolve in c++, ic=False
diag(geom) min= 161.222110 max= 12183.986153
diag(all) min= 161.222110 max= 12183.986153
Trying gamma equal 0.000000
Convergence reached after 11 iterations with no gamma cycles
min(dx) = -5.153689501693318e-13
max(dx) = 1.5653628321231537e-12
mean(dx)= 8.36826127710099e-14
vdws = 4
atoms = 6
pairs = 14
 geom_x = 7.309072300727796
 geom_a = 0
 geom_q = 0
 geom_c = 0.0
f1, 0= 7.3091e+00
min(dx) = -2.576844750846659e-13
max(dx) = 7.826814160615768e-13
mean(dx)= 4.184130638550495e-14
vdws = 4
atoms = 6
pairs = 14
 geom_x = 7.309072300727774
 geom_a = 0
 geom_q = 0
 geom_c = 0.0
f1, 1= 7.3091e+00
                          N restraints  r.m.s.d.  r.m.s.Z  Mn(sigma)
Bond distances, non H                5     0.005    0.313      0.016
Bond angles, non H                   5     1.088    0.645      2.428
Torsion angles, period 2             1     0.000    0.000      5.000
Planar groups                        4     0.000    0.000      0.020
VDW torsion                          1     0.347    1.735      0.200



====== CYCLE  7 ======

 weight = 1.0000e+00
 geom_x = 7.309072300727774
 geom_a = 0
 geom_q = 0
 geom_c = 0.0
f0= 7.3091e+00
using cgsolve in c++, ic=False
diag(geom) min= 161.222110 max= 12183.986153
diag(all) min= 161.222110 max= 12183.986153
Trying gamma equal 0.000000
Convergence reached after 11 iterations with no gamma cycles
min(dx) = -3.0007077258970595e-13
max(dx) = 9.108219244825701e-13
mean(dx)= 4.871301689689431e-14
vdws = 4
atoms = 6
pairs = 14
 geom_x = 7.309072300727788
 geom_a = 0
 geom_q = 0
 geom_c = 0.0
f1, 0= 7.3091e+00
min(dx) = -1.5003538629485298e-13
max(dx) = 4.554109622412851e-13
mean(dx)= 2.4356508448447155e-14
vdws = 4
atoms = 6
pairs = 14
 geom_x = 7.3090723007277925
 geom_a = 0
 geom_q = 0
 geom_c = 0.0
f1, 1= 7.3091e+00
min(dx) = -7.501769314742649e-14
max(dx) = 2.2770548112064253e-13
mean(dx)= 1.2178254224223577e-14
vdws = 4
atoms = 6
pairs = 14
 geom_x = 7.309072300727776
 geom_a = 0
 geom_q = 0
 geom_c = 0.0
f1, 2= 7.3091e+00
WARNING: function not minimised
                          N restraints  r.m.s.d.  r.m.s.Z  Mn(sigma)
Bond distances, non H                5     0.005    0.313      0.016
Bond angles, non H                   5     1.088    0.645      2.428
Torsion angles, period 2             1     0.000    0.000      5.000
Planar groups                        4     0.000    0.000      0.020
VDW torsion                          1     0.347    1.735      0.200



====== CYCLE  8 ======

 weight = 1.0000e+00
 geom_x = 7.309072300727776
 geom_a = 0
 geom_q = 0
 geom_c = 0.0
f0= 7.3091e+00
using cgsolve in c++, ic=False
diag(geom) min= 161.222110 max= 12183.986153
diag(all) min= 161.222110 max= 12183.986153
Trying gamma equal 0.000000
Convergence reached after 11 iterations with no gamma cycles
min(dx) = -2.3749769862991984e-13
max(dx) = 7.209887206877225e-13
mean(dx)= 3.853699751903758e-14
vdws = 4
atoms = 6
pairs = 14
 geom_x = 7.309072300727774
 geom_a = 0
 geom_q = 0
 geom_c = 0.0
f1, 0= 7.3091e+00
                          N restraints  r.m.s.d.  r.m.s.Z  Mn(sigma)
Bond distances, non H                5     0.005    0.313      0.016
Bond angles, non H                   5     1.088    0.645      2.428
Torsion angles, period 2             1     0.000    0.000      5.000
Planar groups                        4     0.000    0.000      0.020
VDW torsion                          1     0.347    1.735      0.200



====== CYCLE  9 ======

 weight = 1.0000e+00
 geom_x = 7.309072300727774
 geom_a = 0
 geom_q = 0
 geom_c = 0.0
f0= 7.3091e+00
using cgsolve in c++, ic=False
diag(geom) min= 161.222110 max= 12183.986153
diag(all) min= 161.222110 max= 12183.986153
Trying gamma equal 0.000000
Convergence reached after 11 iterations with no gamma cycles
min(dx) = -3.925865758567761e-14
max(dx) = 1.2002446399815617e-13
mean(dx)= 6.493691436000072e-15
vdws = 4
atoms = 6
pairs = 14
 geom_x = 7.309072300727793
 geom_a = 0
 geom_q = 0
 geom_c = 0.0
f1, 0= 7.3091e+00
min(dx) = -1.9629328792838804e-14
max(dx) = 6.001223199907808e-14
mean(dx)= 3.246845718000036e-15
vdws = 4
atoms = 6
pairs = 14
 geom_x = 7.309072300727781
 geom_a = 0
 geom_q = 0
 geom_c = 0.0
f1, 1= 7.3091e+00
min(dx) = -9.814664396419402e-15
max(dx) = 3.000611599953904e-14
mean(dx)= 1.623422859000018e-15
vdws = 4
atoms = 6
pairs = 14
 geom_x = 7.309072300727805
 geom_a = 0
 geom_q = 0
 geom_c = 0.0
f1, 2= 7.3091e+00
WARNING: function not minimised
                          N restraints  r.m.s.d.  r.m.s.Z  Mn(sigma)
Bond distances, non H                5     0.005    0.313      0.016
Bond angles, non H                   5     1.088    0.645      2.428
Torsion angles, period 2             1     0.000    0.000      5.000
Planar groups                        4     0.000    0.000      0.020
VDW torsion                          1     0.347    1.735      0.200



====== CYCLE 10 ======

 weight = 1.0000e+00
 geom_x = 7.309072300727805
 geom_a = 0
 geom_q = 0
 geom_c = 0.0
f0= 7.3091e+00
using cgsolve in c++, ic=False
diag(geom) min= 161.222110 max= 12183.986153
diag(all) min= 161.222110 max= 12183.986153
Trying gamma equal 0.000000
Not converging with gamma equal 0.000000
Trying gamma equal 0.052500
Gamma decreased to 0.042000
min(dx) = -2.7718131106146072e-14
max(dx) = 8.313852964849727e-14
mean(dx)= 4.2720151786525976e-15
vdws = 4
atoms = 6
pairs = 14
 geom_x = 7.309072300727798
 geom_a = 0
 geom_q = 0
 geom_c = 0.0
f1, 0= 7.3091e+00
                          N restraints  r.m.s.d.  r.m.s.Z  Mn(sigma)
Bond distances, non H                5     0.005    0.313      0.016
Bond angles, non H                   5     1.088    0.645      2.428
Torsion angles, period 2             1     0.000    0.000      5.000
Planar groups                        4     0.000    0.000      0.020
VDW torsion                          1     0.347    1.735      0.200



====== CYCLE 11 ======

 weight = 1.0000e+00
 geom_x = 7.309072300727798
 geom_a = 0
 geom_q = 0
 geom_c = 0.0
f0= 7.3091e+00
using cgsolve in c++, ic=False
diag(geom) min= 161.222110 max= 12183.986153
diag(all) min= 161.222110 max= 12183.986153
Trying gamma equal 0.042000
Convergence reached after 12 iterations with no gamma cycles
min(dx) = -7.05125789930576e-15
max(dx) = 2.2641956974969986e-14
mean(dx)= 1.3365698801305052e-15
vdws = 4
atoms = 6
pairs = 14
 geom_x = 7.309072300727788
 geom_a = 0
 geom_q = 0
 geom_c = 0.0
f1, 0= 7.3091e+00
                          N restraints  r.m.s.d.  r.m.s.Z  Mn(sigma)
Bond distances, non H                5     0.005    0.313      0.016
Bond angles, non H                   5     1.088    0.645      2.428
Torsion angles, period 2             1     0.000    0.000      5.000
Planar groups                        4     0.000    0.000      0.020
VDW torsion                          1     0.347    1.735      0.200



====== CYCLE 12 ======

 weight = 1.0000e+00
 geom_x = 7.309072300727788
 geom_a = 0
 geom_q = 0
 geom_c = 0.0
f0= 7.3091e+00
using cgsolve in c++, ic=False
diag(geom) min= 161.222110 max= 12183.986153
diag(all) min= 161.222110 max= 12183.986153
Trying gamma equal 0.042000
Convergence reached after 12 iterations with no gamma cycles
min(dx) = -1.8242566697698983e-15
max(dx) = 6.186790837558888e-15
mean(dx)= 3.5832729542546167e-16
vdws = 4
atoms = 6
pairs = 14
 geom_x = 7.309072300727787
 geom_a = 0
 geom_q = 0
 geom_c = 0.0
f1, 0= 7.3091e+00
                          N restraints  r.m.s.d.  r.m.s.Z  Mn(sigma)
Bond distances, non H                5     0.005    0.313      0.016
Bond angles, non H                   5     1.088    0.645      2.428
Torsion angles, period 2             1     0.000    0.000      5.000
Planar groups                        4     0.000    0.000      0.020
VDW torsion                          1     0.347    1.735      0.200



====== CYCLE 13 ======

 weight = 1.0000e+00
 geom_x = 7.309072300727787
 geom_a = 0
 geom_q = 0
 geom_c = 0.0
f0= 7.3091e+00
using cgsolve in c++, ic=False
diag(geom) min= 161.222110 max= 12183.986153
diag(all) min= 161.222110 max= 12183.986153
Trying gamma equal 0.042000
Convergence reached after 12 iterations with no gamma cycles
min(dx) = -4.47398871268271e-16
max(dx) = 1.0658367296764443e-15
mean(dx)= 7.565253020358039e-17
vdws = 4
atoms = 6
pairs = 14
 geom_x = 7.3090723007277845
 geom_a = 0
 geom_q = 0
 geom_c = 0.0
f1, 0= 7.3091e+00
                          N restraints  r.m.s.d.  r.m.s.Z  Mn(sigma)
Bond distances, non H                5     0.005    0.313      0.016
Bond angles, non H                   5     1.088    0.645      2.428
Torsion angles, period 2             1     0.000    0.000      5.000
Planar groups                        4     0.000    0.000      0.020
VDW torsion                          1     0.347    1.735      0.200



====== CYCLE 14 ======

 weight = 1.0000e+00
 geom_x = 7.3090723007277845
 geom_a = 0
 geom_q = 0
 geom_c = 0.0
f0= 7.3091e+00
using cgsolve in c++, ic=False
diag(geom) min= 161.222110 max= 12183.986153
diag(all) min= 161.222110 max= 12183.986153
Trying gamma equal 0.042000
Convergence reached after 12 iterations with no gamma cycles
min(dx) = -9.798200773237128e-17
max(dx) = 5.365919141454572e-16
mean(dx)= 5.0351493778287095e-17
vdws = 4
atoms = 6
pairs = 14
 geom_x = 7.309072300727793
 geom_a = 0
 geom_q = 0
 geom_c = 0.0
f1, 0= 7.3091e+00
min(dx) = -4.899100386618564e-17
max(dx) = 2.682959570727286e-16
mean(dx)= 2.5175746889143547e-17
vdws = 4
atoms = 6
pairs = 14
 geom_x = 7.309072300727793
 geom_a = 0
 geom_q = 0
 geom_c = 0.0
f1, 1= 7.3091e+00
min(dx) = -2.449550193309282e-17
max(dx) = 1.341479785363643e-16
mean(dx)= 1.2587873444571774e-17
vdws = 4
atoms = 6
pairs = 14
 geom_x = 7.3090723007277845
 geom_a = 0
 geom_q = 0
 geom_c = 0.0
f1, 2= 7.3091e+00
WARNING: function not minimised
                          N restraints  r.m.s.d.  r.m.s.Z  Mn(sigma)
Bond distances, non H                5     0.005    0.313      0.016
Bond angles, non H                   5     1.088    0.645      2.428
Torsion angles, period 2             1     0.000    0.000      5.000
Planar groups                        4     0.000    0.000      0.020
VDW torsion                          1     0.347    1.735      0.200



====== CYCLE 15 ======

 weight = 1.0000e+00
 geom_x = 7.3090723007277845
 geom_a = 0
 geom_q = 0
 geom_c = 0.0
f0= 7.3091e+00
using cgsolve in c++, ic=False
diag(geom) min= 161.222110 max= 12183.986153
diag(all) min= 161.222110 max= 12183.986153
Trying gamma equal 0.042000
Convergence reached after 12 iterations with no gamma cycles
min(dx) = -8.255548224871698e-17
max(dx) = 5.496218285050086e-16
mean(dx)= 4.45252584978874e-17
vdws = 4
atoms = 6
pairs = 14
 geom_x = 7.309072300727793
 geom_a = 0
 geom_q = 0
 geom_c = 0.0
f1, 0= 7.3091e+00
min(dx) = -4.127774112435849e-17
max(dx) = 2.748109142525043e-16
mean(dx)= 2.22626292489437e-17
vdws = 4
atoms = 6
pairs = 14
 geom_x = 7.309072300727793
 geom_a = 0
 geom_q = 0
 geom_c = 0.0
f1, 1= 7.3091e+00
min(dx) = -2.0638870562179245e-17
max(dx) = 1.3740545712625215e-16
mean(dx)= 1.113131462447185e-17
vdws = 4
atoms = 6
pairs = 14
 geom_x = 7.3090723007277845
 geom_a = 0
 geom_q = 0
 geom_c = 0.0
f1, 2= 7.3091e+00
WARNING: function not minimised
                          N restraints  r.m.s.d.  r.m.s.Z  Mn(sigma)
Bond distances, non H                5     0.005    0.313      0.016
Bond angles, non H                   5     1.088    0.645      2.428
Torsion angles, period 2             1     0.000    0.000      5.000
Planar groups                        4     0.000    0.000      0.020
VDW torsion                          1     0.347    1.735      0.200



====== CYCLE 16 ======

 weight = 1.0000e+00
 geom_x = 7.3090723007277845
 geom_a = 0
 geom_q = 0
 geom_c = 0.0
f0= 7.3091e+00
using cgsolve in c++, ic=False
diag(geom) min= 161.222110 max= 12183.986153
diag(all) min= 161.222110 max= 12183.986153
Trying gamma equal 0.042000
Convergence reached after 12 iterations with no gamma cycles
min(dx) = -8.50323072984593e-17
max(dx) = 5.4474214628334945e-16
mean(dx)= 5.0931205652430445e-17
vdws = 4
atoms = 6
pairs = 14
 geom_x = 7.309072300727793
 geom_a = 0
 geom_q = 0
 geom_c = 0.0
f1, 0= 7.3091e+00
min(dx) = -4.251615364922965e-17
max(dx) = 2.7237107314167473e-16
mean(dx)= 2.5465602826215223e-17
vdws = 4
atoms = 6
pairs = 14
 geom_x = 7.309072300727793
 geom_a = 0
 geom_q = 0
 geom_c = 0.0
f1, 1= 7.3091e+00
min(dx) = -2.1258076824614826e-17
max(dx) = 1.3618553657083736e-16
mean(dx)= 1.2732801413107611e-17
vdws = 4
atoms = 6
pairs = 14
 geom_x = 7.3090723007277845
 geom_a = 0
 geom_q = 0
 geom_c = 0.0
f1, 2= 7.3091e+00
WARNING: function not minimised
                          N restraints  r.m.s.d.  r.m.s.Z  Mn(sigma)
Bond distances, non H                5     0.005    0.313      0.016
Bond angles, non H                   5     1.088    0.645      2.428
Torsion angles, period 2             1     0.000    0.000      5.000
Planar groups                        4     0.000    0.000      0.020
VDW torsion                          1     0.347    1.735      0.200



====== CYCLE 17 ======

 weight = 1.0000e+00
 geom_x = 7.3090723007277845
 geom_a = 0
 geom_q = 0
 geom_c = 0.0
f0= 7.3091e+00
using cgsolve in c++, ic=False
diag(geom) min= 161.222110 max= 12183.986153
diag(all) min= 161.222110 max= 12183.986153
Trying gamma equal 0.042000
Convergence reached after 11 iterations with no gamma cycles
min(dx) = -8.011620401231713e-17
max(dx) = 5.106673424159431e-16
mean(dx)= 3.8318745983328415e-17
vdws = 4
atoms = 6
pairs = 14
 geom_x = 7.309072300727793
 geom_a = 0
 geom_q = 0
 geom_c = 0.0
f1, 0= 7.3091e+00
min(dx) = -4.0058102006158566e-17
max(dx) = 2.5533367120797154e-16
mean(dx)= 1.9159372991664208e-17
vdws = 4
atoms = 6
pairs = 14
 geom_x = 7.309072300727793
 geom_a = 0
 geom_q = 0
 geom_c = 0.0
f1, 1= 7.3091e+00
min(dx) = -2.0029051003079283e-17
max(dx) = 1.2766683560398577e-16
mean(dx)= 9.579686495832104e-18
vdws = 4
atoms = 6
pairs = 14
 geom_x = 7.3090723007277845
 geom_a = 0
 geom_q = 0
 geom_c = 0.0
f1, 2= 7.3091e+00
WARNING: function not minimised
                          N restraints  r.m.s.d.  r.m.s.Z  Mn(sigma)
Bond distances, non H                5     0.005    0.313      0.016
Bond angles, non H                   5     1.088    0.645      2.428
Torsion angles, period 2             1     0.000    0.000      5.000
Planar groups                        4     0.000    0.000      0.020
VDW torsion                          1     0.347    1.735      0.200



====== CYCLE 18 ======

 weight = 1.0000e+00
 geom_x = 7.3090723007277845
 geom_a = 0
 geom_q = 0
 geom_c = 0.0
f0= 7.3091e+00
using cgsolve in c++, ic=False
diag(geom) min= 161.222110 max= 12183.986153
diag(all) min= 161.222110 max= 12183.986153
Trying gamma equal 0.042000
Convergence reached after 12 iterations with no gamma cycles
min(dx) = -2.8025701696539546e-16
max(dx) = 2.0730277222609155e-16
mean(dx)= -9.61179144814783e-19
vdws = 4
atoms = 6
pairs = 14
 geom_x = 7.309072300727778
 geom_a = 0
 geom_q = 0
 geom_c = 0.0
f1, 0= 7.3091e+00
                          N restraints  r.m.s.d.  r.m.s.Z  Mn(sigma)
Bond distances, non H                5     0.005    0.313      0.016
Bond angles, non H                   5     1.088    0.645      2.428
Torsion angles, period 2             1     0.000    0.000      5.000
Planar groups                        4     0.000    0.000      0.020
VDW torsion                          1     0.347    1.735      0.200



====== CYCLE 19 ======

 weight = 1.0000e+00
 geom_x = 7.309072300727778
 geom_a = 0
 geom_q = 0
 geom_c = 0.0
f0= 7.3091e+00
using cgsolve in c++, ic=False
diag(geom) min= 161.222110 max= 12183.986153
diag(all) min= 161.222110 max= 12183.986153
Trying gamma equal 0.042000
Convergence reached after 12 iterations with no gamma cycles
min(dx) = -3.2869043540561965e-16
max(dx) = 3.484446158482566e-16
mean(dx)= 2.634451292949024e-17
vdws = 4
atoms = 6
pairs = 14
 geom_x = 7.309072300727786
 geom_a = 0
 geom_q = 0
 geom_c = 0.0
f1, 0= 7.3091e+00
min(dx) = -1.6434521770280982e-16
max(dx) = 1.742223079241283e-16
mean(dx)= 1.317225646474512e-17
vdws = 4
atoms = 6
pairs = 14
 geom_x = 7.309072300727791
 geom_a = 0
 geom_q = 0
 geom_c = 0.0
f1, 1= 7.3091e+00
min(dx) = -8.217260885140491e-17
max(dx) = 8.711115396206415e-17
mean(dx)= 6.58612823237256e-18
vdws = 4
atoms = 6
pairs = 14
 geom_x = 7.309072300727793
 geom_a = 0
 geom_q = 0
 geom_c = 0.0
f1, 2= 7.3091e+00
WARNING: function not minimised
                          N restraints  r.m.s.d.  r.m.s.Z  Mn(sigma)
Bond distances, non H                5     0.005    0.313      0.016
Bond angles, non H                   5     1.088    0.645      2.428
Torsion angles, period 2             1     0.000    0.000      5.000
Planar groups                        4     0.000    0.000      0.020
VDW torsion                          1     0.347    1.735      0.200



====== CYCLE 20 ======

 weight = 1.0000e+00
 geom_x = 7.309072300727793
 geom_a = 0
 geom_q = 0
 geom_c = 0.0
f0= 7.3091e+00
using cgsolve in c++, ic=False
diag(geom) min= 161.222110 max= 12183.986153
diag(all) min= 161.222110 max= 12183.986153
Trying gamma equal 0.042000
Convergence reached after 12 iterations with no gamma cycles
min(dx) = -3.586311480513344e-16
max(dx) = 3.841838987367234e-16
mean(dx)= 2.864423645269283e-17
vdws = 4
atoms = 6
pairs = 14
 geom_x = 7.309072300727786
 geom_a = 0
 geom_q = 0
 geom_c = 0.0
f1, 0= 7.3091e+00
                          N restraints  r.m.s.d.  r.m.s.Z  Mn(sigma)
Bond distances, non H                5     0.005    0.313      0.016
Bond angles, non H                   5     1.088    0.645      2.428
Torsion angles, period 2             1     0.000    0.000      5.000
Planar groups                        4     0.000    0.000      0.020
VDW torsion                          1     0.347    1.735      0.200



====== CYCLE 21 ======

 weight = 1.0000e+00
 geom_x = 7.309072300727786
 geom_a = 0
 geom_q = 0
 geom_c = 0.0
f0= 7.3091e+00
using cgsolve in c++, ic=False
diag(geom) min= 161.222110 max= 12183.986153
diag(all) min= 161.222110 max= 12183.986153
Trying gamma equal 0.042000
Convergence reached after 12 iterations with no gamma cycles
min(dx) = -1.9351410271496786e-16
max(dx) = 3.3579725933217206e-16
mean(dx)= -6.580569749327144e-18
vdws = 4
atoms = 6
pairs = 14
 geom_x = 7.309072300727789
 geom_a = 0
 geom_q = 0
 geom_c = 0.0
f1, 0= 7.3091e+00
min(dx) = -9.675705135748393e-17
max(dx) = 1.6789862966608603e-16
mean(dx)= -3.290284874663572e-18
vdws = 4
atoms = 6
pairs = 14
 geom_x = 7.309072300727786
 geom_a = 0
 geom_q = 0
 geom_c = 0.0
f1, 1= 7.3091e+00
min(dx) = -4.8378525678741966e-17
max(dx) = 8.394931483304301e-17
mean(dx)= -1.645142437331786e-18
vdws = 4
atoms = 6
pairs = 14
 geom_x = 7.309072300727789
 geom_a = 0
 geom_q = 0
 geom_c = 0.0
f1, 2= 7.3091e+00
WARNING: function not minimised
                          N restraints  r.m.s.d.  r.m.s.Z  Mn(sigma)
Bond distances, non H                5     0.005    0.313      0.016
Bond angles, non H                   5     1.088    0.645      2.428
Torsion angles, period 2             1     0.000    0.000      5.000
Planar groups                        4     0.000    0.000      0.020
VDW torsion                          1     0.347    1.735      0.200



====== CYCLE 22 ======

 weight = 1.0000e+00
 geom_x = 7.309072300727789
 geom_a = 0
 geom_q = 0
 geom_c = 0.0
f0= 7.3091e+00
using cgsolve in c++, ic=False
diag(geom) min= 161.222110 max= 12183.986153
diag(all) min= 161.222110 max= 12183.986153
Trying gamma equal 0.042000
Convergence reached after 12 iterations with no gamma cycles
min(dx) = -2.8715524674914926e-16
max(dx) = 9.314027820176819e-17
mean(dx)= -2.1735689343509455e-17
vdws = 4
atoms = 6
pairs = 14
 geom_x = 7.309072300727779
 geom_a = 0
 geom_q = 0
 geom_c = 0.0
f1, 0= 7.3091e+00
                          N restraints  r.m.s.d.  r.m.s.Z  Mn(sigma)
Bond distances, non H                5     0.005    0.313      0.016
Bond angles, non H                   5     1.088    0.645      2.428
Torsion angles, period 2             1     0.000    0.000      5.000
Planar groups                        4     0.000    0.000      0.020
VDW torsion                          1     0.347    1.735      0.200



====== CYCLE 23 ======

 weight = 1.0000e+00
 geom_x = 7.309072300727779
 geom_a = 0
 geom_q = 0
 geom_c = 0.0
f0= 7.3091e+00
using cgsolve in c++, ic=False
diag(geom) min= 161.222110 max= 12183.986153
diag(all) min= 161.222110 max= 12183.986153
Trying gamma equal 0.042000
Convergence reached after 12 iterations with no gamma cycles
min(dx) = -2.353793656753725e-16
max(dx) = 2.0717372238312345e-16
mean(dx)= -8.730262881848934e-18
vdws = 4
atoms = 6
pairs = 14
 geom_x = 7.309072300727776
 geom_a = 0
 geom_q = 0
 geom_c = 0.0
f1, 0= 7.3091e+00
                          N restraints  r.m.s.d.  r.m.s.Z  Mn(sigma)
Bond distances, non H                5     0.005    0.313      0.016
Bond angles, non H                   5     1.088    0.645      2.428
Torsion angles, period 2             1     0.000    0.000      5.000
Planar groups                        4     0.000    0.000      0.020
VDW torsion                          1     0.347    1.735      0.200



====== CYCLE 24 ======

 weight = 1.0000e+00
 geom_x = 7.309072300727776
 geom_a = 0
 geom_q = 0
 geom_c = 0.0
f0= 7.3091e+00
using cgsolve in c++, ic=False
diag(geom) min= 161.222110 max= 12183.986153
diag(all) min= 161.222110 max= 12183.986153
Trying gamma equal 0.042000
Convergence reached after 12 iterations with no gamma cycles
min(dx) = -1.9603090888948248e-16
max(dx) = 2.9592424011736797e-16
mean(dx)= 1.204422816480844e-17
vdws = 4
atoms = 6
pairs = 14
 geom_x = 7.3090723007277685
 geom_a = 0
 geom_q = 0
 geom_c = 0.0
f1, 0= 7.3091e+00
                          N restraints  r.m.s.d.  r.m.s.Z  Mn(sigma)
Bond distances, non H                5     0.005    0.313      0.016
Bond angles, non H                   5     1.088    0.645      2.428
Torsion angles, period 2             1     0.000    0.000      5.000
Planar groups                        4     0.000    0.000      0.020
VDW torsion                          1     0.347    1.735      0.200



====== CYCLE 25 ======

 weight = 1.0000e+00
 geom_x = 7.3090723007277685
 geom_a = 0
 geom_q = 0
 geom_c = 0.0
f0= 7.3091e+00
using cgsolve in c++, ic=False
diag(geom) min= 161.222110 max= 12183.986153
diag(all) min= 161.222110 max= 12183.986153
Trying gamma equal 0.042000
Convergence reached after 12 iterations with no gamma cycles
min(dx) = -3.749483331417284e-16
max(dx) = 2.260514682056178e-16
mean(dx)= -1.9006923233094987e-17
vdws = 4
atoms = 6
pairs = 14
 geom_x = 7.309072300727763
 geom_a = 0
 geom_q = 0
 geom_c = 0.0
f1, 0= 7.3091e+00
                          N restraints  r.m.s.d.  r.m.s.Z  Mn(sigma)
Bond distances, non H                5     0.005    0.313      0.016
Bond angles, non H                   5     1.088    0.645      2.428
Torsion angles, period 2             1     0.000    0.000      5.000
Planar groups                        4     0.000    0.000      0.020
VDW torsion                          1     0.347    1.735      0.200



====== CYCLE 26 ======

 weight = 1.0000e+00
 geom_x = 7.309072300727763
 geom_a = 0
 geom_q = 0
 geom_c = 0.0
f0= 7.3091e+00
using cgsolve in c++, ic=False
diag(geom) min= 161.222110 max= 12183.986153
diag(all) min= 161.222110 max= 12183.986153
Trying gamma equal 0.042000
Convergence reached after 12 iterations with no gamma cycles
min(dx) = -1.0343860218355598e-16
max(dx) = 6.496519448228139e-16
mean(dx)= 3.276832518445299e-17
vdws = 4
atoms = 6
pairs = 14
 geom_x = 7.309072300727774
 geom_a = 0
 geom_q = 0
 geom_c = 0.0
f1, 0= 7.3091e+00
min(dx) = -5.171930109177799e-17
max(dx) = 3.2482597241140696e-16
mean(dx)= 1.6384162592226496e-17
vdws = 4
atoms = 6
pairs = 14
 geom_x = 7.309072300727774
 geom_a = 0
 geom_q = 0
 geom_c = 0.0
f1, 1= 7.3091e+00
min(dx) = -2.5859650545888996e-17
max(dx) = 1.6241298620570348e-16
mean(dx)= 8.192081296113248e-18
vdws = 4
atoms = 6
pairs = 14
 geom_x = 7.309072300727763
 geom_a = 0
 geom_q = 0
 geom_c = 0.0
f1, 2= 7.3091e+00
WARNING: function not minimised
                          N restraints  r.m.s.d.  r.m.s.Z  Mn(sigma)
Bond distances, non H                5     0.005    0.313      0.016
Bond angles, non H                   5     1.088    0.645      2.428
Torsion angles, period 2             1     0.000    0.000      5.000
Planar groups                        4     0.000    0.000      0.020
VDW torsion                          1     0.347    1.735      0.200



====== CYCLE 27 ======

 weight = 1.0000e+00
 geom_x = 7.309072300727763
 geom_a = 0
 geom_q = 0
 geom_c = 0.0
f0= 7.3091e+00
using cgsolve in c++, ic=False
diag(geom) min= 161.222110 max= 12183.986153
diag(all) min= 161.222110 max= 12183.986153
Trying gamma equal 0.042000
Convergence reached after 12 iterations with no gamma cycles
min(dx) = -1.0686453446969157e-16
max(dx) = 6.470751782306986e-16
mean(dx)= 3.4090537881976766e-17
vdws = 4
atoms = 6
pairs = 14
 geom_x = 7.309072300727774
 geom_a = 0
 geom_q = 0
 geom_c = 0.0
f1, 0= 7.3091e+00
min(dx) = -5.3432267234845785e-17
max(dx) = 3.235375891153493e-16
mean(dx)= 1.7045268940988383e-17
vdws = 4
atoms = 6
pairs = 14
 geom_x = 7.309072300727774
 geom_a = 0
 geom_q = 0
 geom_c = 0.0
f1, 1= 7.3091e+00
min(dx) = -2.6716133617422892e-17
max(dx) = 1.6176879455767466e-16
mean(dx)= 8.522634470494191e-18
vdws = 4
atoms = 6
pairs = 14
 geom_x = 7.309072300727784
 geom_a = 0
 geom_q = 0
 geom_c = 0.0
f1, 2= 7.3091e+00
WARNING: function not minimised
                          N restraints  r.m.s.d.  r.m.s.Z  Mn(sigma)
Bond distances, non H                5     0.005    0.313      0.016
Bond angles, non H                   5     1.088    0.645      2.428
Torsion angles, period 2             1     0.000    0.000      5.000
Planar groups                        4     0.000    0.000      0.020
VDW torsion                          1     0.347    1.735      0.200



====== CYCLE 28 ======

 weight = 1.0000e+00
 geom_x = 7.309072300727784
 geom_a = 0
 geom_q = 0
 geom_c = 0.0
f0= 7.3091e+00
using cgsolve in c++, ic=False
diag(geom) min= 161.222110 max= 12183.986153
diag(all) min= 161.222110 max= 12183.986153
Trying gamma equal 0.042000
Convergence reached after 12 iterations with no gamma cycles
min(dx) = -2.847569677155586e-16
max(dx) = 1.9203265714939745e-16
mean(dx)= -1.672290670895714e-17
vdws = 4
atoms = 6
pairs = 14
 geom_x = 7.309072300727769
 geom_a = 0
 geom_q = 0
 geom_c = 0.0
f1, 0= 7.3091e+00
                          N restraints  r.m.s.d.  r.m.s.Z  Mn(sigma)
Bond distances, non H                5     0.005    0.313      0.016
Bond angles, non H                   5     1.088    0.645      2.428
Torsion angles, period 2             1     0.000    0.000      5.000
Planar groups                        4     0.000    0.000      0.020
VDW torsion                          1     0.347    1.735      0.200



====== CYCLE 29 ======

 weight = 1.0000e+00
 geom_x = 7.309072300727769
 geom_a = 0
 geom_q = 0
 geom_c = 0.0
f0= 7.3091e+00
using cgsolve in c++, ic=False
diag(geom) min= 161.222110 max= 12183.986153
diag(all) min= 161.222110 max= 12183.986153
Trying gamma equal 0.042000
Convergence reached after 12 iterations with no gamma cycles
min(dx) = -2.412801658670705e-16
max(dx) = 3.5181638557471004e-16
mean(dx)= 3.7632756245219615e-18
vdws = 4
atoms = 6
pairs = 14
 geom_x = 7.309072300727786
 geom_a = 0
 geom_q = 0
 geom_c = 0.0
f1, 0= 7.3091e+00
min(dx) = -1.2064008293353526e-16
max(dx) = 1.7590819278735502e-16
mean(dx)= 1.8816378122609807e-18
vdws = 4
atoms = 6
pairs = 14
 geom_x = 7.3090723007278005
 geom_a = 0
 geom_q = 0
 geom_c = 0.0
f1, 1= 7.3091e+00
min(dx) = -6.032004146676763e-17
max(dx) = 8.795409639367751e-17
mean(dx)= 9.408189061304904e-19
vdws = 4
atoms = 6
pairs = 14
 geom_x = 7.309072300727782
 geom_a = 0
 geom_q = 0
 geom_c = 0.0
f1, 2= 7.3091e+00
WARNING: function not minimised
                          N restraints  r.m.s.d.  r.m.s.Z  Mn(sigma)
Bond distances, non H                5     0.005    0.313      0.016
Bond angles, non H                   5     1.088    0.645      2.428
Torsion angles, period 2             1     0.000    0.000      5.000
Planar groups                        4     0.000    0.000      0.020
VDW torsion                          1     0.347    1.735      0.200



====== CYCLE 30 ======

 weight = 1.0000e+00
 geom_x = 7.309072300727782
 geom_a = 0
 geom_q = 0
 geom_c = 0.0
f0= 7.3091e+00
using cgsolve in c++, ic=False
diag(geom) min= 161.222110 max= 12183.986153
diag(all) min= 161.222110 max= 12183.986153
Trying gamma equal 0.042000
Convergence reached after 12 iterations with no gamma cycles
min(dx) = -2.803664060232659e-16
max(dx) = 2.862433641745652e-16
mean(dx)= 9.838770503329287e-18
vdws = 4
atoms = 6
pairs = 14
 geom_x = 7.309072300727783
 geom_a = 0
 geom_q = 0
 geom_c = 0.0
f1, 0= 7.3091e+00
min(dx) = -1.4018320301163295e-16
max(dx) = 1.431216820872826e-16
mean(dx)= 4.919385251664644e-18
vdws = 4
atoms = 6
pairs = 14
 geom_x = 7.30907230072779
 geom_a = 0
 geom_q = 0
 geom_c = 0.0
f1, 1= 7.3091e+00
min(dx) = -7.009160150581648e-17
max(dx) = 7.15608410436413e-17
mean(dx)= 2.459692625832322e-18
vdws = 4
atoms = 6
pairs = 14
 geom_x = 7.309072300727779
 geom_a = 0
 geom_q = 0
 geom_c = 0.0
f1, 2= 7.3091e+00
                          N restraints  r.m.s.d.  r.m.s.Z  Mn(sigma)
Bond distances, non H                5     0.005    0.313      0.016
Bond angles, non H                   5     1.088    0.645      2.428
Torsion angles, period 2             1     0.000    0.000      5.000
Planar groups                        4     0.000    0.000      0.020
VDW torsion                          1     0.347    1.735      0.200


$TABLE: stats vs cycle :
$GRAPHS
: Geometry :A:1,2,4:
: Geometry Z :A:1,5,3:
$$
 Ncyc  rmsBOND  zBOND  rmsANGL  zANGL
$$
$$
    0   0.0053 0.3130   1.0879 0.6451
    1   0.0053 0.3130   1.0879 0.6451
    2   0.0053 0.3130   1.0879 0.6451
    3   0.0053 0.3130   1.0879 0.6451
    4   0.0053 0.3130   1.0879 0.6451
    5   0.0053 0.3130   1.0879 0.6451
    6   0.0053 0.3130   1.0879 0.6451
    7   0.0053 0.3130   1.0879 0.6451
    8   0.0053 0.3130   1.0879 0.6451
    9   0.0053 0.3130   1.0879 0.6451
   10   0.0053 0.3130   1.0879 0.6451
   11   0.0053 0.3130   1.0879 0.6451
   12   0.0053 0.3130   1.0879 0.6451
   13   0.0053 0.3130   1.0879 0.6451
   14   0.0053 0.3130   1.0879 0.6451
   15   0.0053 0.3130   1.0879 0.6451
   16   0.0053 0.3130   1.0879 0.6451
   17   0.0053 0.3130   1.0879 0.6451
   18   0.0053 0.3130   1.0879 0.6451
   19   0.0053 0.3130   1.0879 0.6451
   20   0.0053 0.3130   1.0879 0.6451
   21   0.0053 0.3130   1.0879 0.6451
   22   0.0053 0.3130   1.0879 0.6451
   23   0.0053 0.3130   1.0879 0.6451
   24   0.0053 0.3130   1.0879 0.6451
   25   0.0053 0.3130   1.0879 0.6451
   26   0.0053 0.3130   1.0879 0.6451
   27   0.0053 0.3130   1.0879 0.6451
   28   0.0053 0.3130   1.0879 0.6451
   29   0.0053 0.3130   1.0879 0.6451
   30   0.0053 0.3130   1.0879 0.6451
$$

Creating restraints..

Chain info:
 chain 
  ligands: CAA (1 residues)

Number of refinement parameters:
       n_params  n_atoms  n_atoms_geom_only  n_atoms_data_only
xyz          12       12                  6                  0
adp           0        0                  0                  0
occ           0        0                  0                  0
dfrac         0        0                  0                  0

Randomizing structure with rmsd of 0.01
Torsion angle rules:
 include:
  {'group': 'peptide', 'tors_name': 'chi*'}
  {'link': '*', 'tors_name': 'omega'}
  {'residue': '*', 'tors_name': 'sp2_sp2*'}
  {'link': '*', 'tors_name': 'sp2_sp2*'}
 exclude:
  none
External restraints from Refmac instructions
 Number of distances          : 0
 Number of angles             : 0
 Number of torsions           : 0
 Number of chirals            : 0
 Number of planes             : 0
 Number of intervals          : 0
 Number of stackings          : 0
 Number of harmonics          : 0
 Number of special positions  : 0

Running 10 cycles with wchir=4 wvdw=2 with hydrogen
Geometry weights
vdws = 23
atoms = 12
pairs = 52
                          N restraints  r.m.s.d.  r.m.s.Z  Mn(sigma)
Bond distances, non H                5     0.010    0.542      0.016
Bond distances, H                    6     0.005    0.252      0.017
Bond angles, non H                   5     1.153    0.703      2.428
Bond angles, H                      13     0.799    0.459      2.077
Torsion angles, period 2             1     0.623    0.125      5.000
Torsion angles, period 6             1     0.160    0.008     20.000
Planar groups                        8     0.002    0.094      0.020
VDW nonbonded                        2     0.179    0.894      0.200
VDW torsion                          5     0.210    1.050      0.200


====== CYCLE  1 ======

 weight = 1.0000e+00
 geom_x = 17.799707234108393
 geom_a = 0
 geom_q = 0
 geom_c = 0.0
f0= 1.7800e+01
using cgsolve in c++, ic=False
diag(geom) min= 615.447595 max= 15766.984772
diag(all) min= 615.447595 max= 15766.984772
Trying gamma equal 0.000000
Not converging with gamma equal 0.000000
Trying gamma equal 0.052500
Gamma decreased to 0.042000
min(dx) = -0.033078684680940953
max(dx) = 0.04208157425085394
mean(dx)= -0.0015552955153520698
vdws = 23
atoms = 12
pairs = 52
 geom_x = 13.905260408291664
 geom_a = 0
 geom_q = 0
 geom_c = 0.0
f1, 0= 1.3905e+01
                          N restraints  r.m.s.d.  r.m.s.Z  Mn(sigma)
Bond distances, non H                5     0.009    0.561      0.016
Bond distances, H                    6     0.001    0.065      0.017
Bond angles, non H                   5     1.589    0.897      2.428
Bond angles, H                      13     0.793    0.306      2.077
Torsion angles, period 2             1     0.128    0.026      5.000
Torsion angles, period 6             1     0.175    0.009     20.000
Planar groups                        8     0.000    0.005      0.020
VDW nonbonded                        2     0.138    0.692      0.200
VDW torsion                          4     0.207    1.035      0.200



====== CYCLE  2 ======

 weight = 1.0000e+00
 geom_x = 13.905260408291664
 geom_a = 0
 geom_q = 0
 geom_c = 0.0
f0= 1.3905e+01
using cgsolve in c++, ic=False
diag(geom) min= 612.401023 max= 15788.396913
diag(all) min= 612.401023 max= 15788.396913
Trying gamma equal 0.042000
Convergence reached after 27 iterations with no gamma cycles
min(dx) = -0.008690655098860944
max(dx) = 0.006062073765273217
mean(dx)= -0.0006255061233952257
vdws = 23
atoms = 12
pairs = 52
 geom_x = 13.792627914853428
 geom_a = 0
 geom_q = 0
 geom_c = 0.0
f1, 0= 1.3793e+01
                          N restraints  r.m.s.d.  r.m.s.Z  Mn(sigma)
Bond distances, non H                5     0.010    0.615      0.016
Bond distances, H                    6     0.001    0.057      0.017
Bond angles, non H                   5     1.718    0.931      2.428
Bond angles, H                      13     0.812    0.313      2.077
Torsion angles, period 2             1     0.154    0.031      5.000
Torsion angles, period 6             1     0.020    0.001     20.000
Planar groups                        8     0.000    0.010      0.020
VDW nonbonded                        1     0.192    0.958      0.200
VDW torsion                          4     0.202    1.012      0.200



====== CYCLE  3 ======

 weight = 1.0000e+00
 geom_x = 13.792627914853428
 geom_a = 0
 geom_q = 0
 geom_c = 0.0
f0= 1.3793e+01
using cgsolve in c++, ic=False
diag(geom) min= 604.037941 max= 15783.349801
diag(all) min= 604.037941 max= 15783.349801
Trying gamma equal 0.042000
Convergence reached after 27 iterations with no gamma cycles
min(dx) = -0.005514256476067598
max(dx) = 0.0027178762447781003
mean(dx)= -0.0003375898174288672
vdws = 23
atoms = 12
pairs = 52
 geom_x = 13.770647031856436
 geom_a = 0
 geom_q = 0
 geom_c = 0.0
f1, 0= 1.3771e+01
                          N restraints  r.m.s.d.  r.m.s.Z  Mn(sigma)
Bond distances, non H                5     0.010    0.635      0.016
Bond distances, H                    6     0.001    0.056      0.017
Bond angles, non H                   5     1.772    0.940      2.428
Bond angles, H                      13     0.814    0.314      2.077
Torsion angles, period 2             1     0.143    0.029      5.000
Torsion angles, period 6             1     0.201    0.010     20.000
Planar groups                        8     0.000    0.013      0.020
VDW nonbonded                        1     0.192    0.958      0.200
VDW torsion                          4     0.201    1.004      0.200



====== CYCLE  4 ======

 weight = 1.0000e+00
 geom_x = 13.770647031856436
 geom_a = 0
 geom_q = 0
 geom_c = 0.0
f0= 1.3771e+01
using cgsolve in c++, ic=False
diag(geom) min= 598.721159 max= 15779.124169
diag(all) min= 598.721159 max= 15779.124169
Trying gamma equal 0.042000
Not converging with gamma equal 0.042000
Trying gamma equal 0.094500
Gamma decreased to 0.084000
min(dx) = -0.002267719144730537
max(dx) = 0.0012006547354101765
mean(dx)= -0.00011472885330061662
vdws = 23
atoms = 12
pairs = 52
 geom_x = 13.766585790625788
 geom_a = 0
 geom_q = 0
 geom_c = 0.0
f1, 0= 1.3767e+01
                          N restraints  r.m.s.d.  r.m.s.Z  Mn(sigma)
Bond distances, non H                5     0.011    0.640      0.016
Bond distances, H                    6     0.001    0.056      0.017
Bond angles, non H                   5     1.787    0.942      2.428
Bond angles, H                      13     0.813    0.313      2.077
Torsion angles, period 2             1     0.135    0.027      5.000
Torsion angles, period 6             1     0.295    0.015     20.000
Planar groups                        8     0.000    0.014      0.020
VDW nonbonded                        1     0.192    0.958      0.200
VDW torsion                          4     0.201    1.003      0.200



====== CYCLE  5 ======

 weight = 1.0000e+00
 geom_x = 13.766585790625788
 geom_a = 0
 geom_q = 0
 geom_c = 0.0
f0= 1.3767e+01
using cgsolve in c++, ic=False
diag(geom) min= 596.542625 max= 15777.766677
diag(all) min= 596.542625 max= 15777.766677
Trying gamma equal 0.084000
Convergence reached after 23 iterations with no gamma cycles
min(dx) = -0.002367168022168761
max(dx) = 0.0015079188730069387
mean(dx)= -0.0001027698469961996
vdws = 23
atoms = 12
pairs = 52
 geom_x = 13.76371472095531
 geom_a = 0
 geom_q = 0
 geom_c = 0.0
f1, 0= 1.3764e+01
                          N restraints  r.m.s.d.  r.m.s.Z  Mn(sigma)
Bond distances, non H                5     0.011    0.642      0.016
Bond distances, H                    6     0.001    0.056      0.017
Bond angles, non H                   5     1.798    0.943      2.428
Bond angles, H                      13     0.811    0.313      2.077
Torsion angles, period 2             1     0.126    0.025      5.000
Torsion angles, period 6             1     0.402    0.020     20.000
Planar groups                        8     0.000    0.014      0.020
VDW nonbonded                        1     0.192    0.959      0.200
VDW torsion                          4     0.200    1.001      0.200



====== CYCLE  6 ======

 weight = 1.0000e+00
 geom_x = 13.76371472095531
 geom_a = 0
 geom_q = 0
 geom_c = 0.0
f0= 1.3764e+01
using cgsolve in c++, ic=False
diag(geom) min= 594.254778 max= 15776.709913
diag(all) min= 594.254778 max= 15776.709913
Trying gamma equal 0.084000
Convergence reached after 23 iterations with no gamma cycles
min(dx) = -0.002320164576615694
max(dx) = 0.0016062171842367824
mean(dx)= -8.80923645226762e-05
vdws = 23
atoms = 12
pairs = 52
 geom_x = 13.761452988539816
 geom_a = 0
 geom_q = 0
 geom_c = 0.0
f1, 0= 1.3761e+01
                          N restraints  r.m.s.d.  r.m.s.Z  Mn(sigma)
Bond distances, non H                5     0.011    0.644      0.016
Bond distances, H                    6     0.001    0.056      0.017
Bond angles, non H                   5     1.805    0.944      2.428
Bond angles, H                      13     0.810    0.312      2.077
Torsion angles, period 2             1     0.116    0.023      5.000
Torsion angles, period 6             1     0.513    0.026     20.000
Planar groups                        8     0.000    0.014      0.020
VDW nonbonded                        1     0.192    0.959      0.200
VDW torsion                          4     0.200    1.001      0.200



====== CYCLE  7 ======

 weight = 1.0000e+00
 geom_x = 13.761452988539816
 geom_a = 0
 geom_q = 0
 geom_c = 0.0
f0= 1.3761e+01
using cgsolve in c++, ic=False
diag(geom) min= 591.993808 max= 15775.964469
diag(all) min= 591.993808 max= 15775.964469
Trying gamma equal 0.084000
Convergence reached after 23 iterations with no gamma cycles
min(dx) = -0.002327095827294323
max(dx) = 0.001669024421542801
mean(dx)= -8.011023929640233e-05
vdws = 23
atoms = 12
pairs = 52
 geom_x = 13.75937993408286
 geom_a = 0
 geom_q = 0
 geom_c = 0.0
f1, 0= 1.3759e+01
                          N restraints  r.m.s.d.  r.m.s.Z  Mn(sigma)
Bond distances, non H                5     0.011    0.645      0.016
Bond distances, H                    6     0.001    0.056      0.017
Bond angles, non H                   5     1.810    0.944      2.428
Bond angles, H                      13     0.810    0.312      2.077
Torsion angles, period 2             1     0.108    0.022      5.000
Torsion angles, period 6             1     0.628    0.031     20.000
Planar groups                        8     0.000    0.014      0.020
VDW nonbonded                        1     0.192    0.960      0.200
VDW torsion                          4     0.200    1.000      0.200



====== CYCLE  8 ======

 weight = 1.0000e+00
 geom_x = 13.75937993408286
 geom_a = 0
 geom_q = 0
 geom_c = 0.0
f0= 1.3759e+01
using cgsolve in c++, ic=False
diag(geom) min= 589.715618 max= 15775.416758
diag(all) min= 589.715618 max= 15775.416758
Trying gamma equal 0.084000
Convergence reached after 23 iterations with no gamma cycles
min(dx) = -0.002363832553620242
max(dx) = 0.0017120255516105119
mean(dx)= -7.602797454237086e-05
vdws = 23
atoms = 12
pairs = 52
 geom_x = 13.757335507338171
 geom_a = 0
 geom_q = 0
 geom_c = 0.0
f1, 0= 1.3757e+01
                          N restraints  r.m.s.d.  r.m.s.Z  Mn(sigma)
Bond distances, non H                5     0.011    0.645      0.016
Bond distances, H                    6     0.001    0.056      0.017
Bond angles, non H                   5     1.814    0.945      2.428
Bond angles, H                      13     0.809    0.312      2.077
Torsion angles, period 2             1     0.100    0.020      5.000
Torsion angles, period 6             1     0.749    0.037     20.000
Planar groups                        8     0.000    0.014      0.020
VDW nonbonded                        1     0.192    0.960      0.200
VDW torsion                          4     0.200    1.000      0.200



====== CYCLE  9 ======

 weight = 1.0000e+00
 geom_x = 13.757335507338171
 geom_a = 0
 geom_q = 0
 geom_c = 0.0
f0= 1.3757e+01
using cgsolve in c++, ic=False
diag(geom) min= 587.398815 max= 15774.990026
diag(all) min= 587.398815 max= 15774.990026
Trying gamma equal 0.084000
Convergence reached after 21 iterations with no gamma cycles
min(dx) = -0.002418375978305907
max(dx) = 0.0017451961086761899
mean(dx)= -7.42627860315142e-05
vdws = 23
atoms = 12
pairs = 52
 geom_x = 13.755253372909605
 geom_a = 0
 geom_q = 0
 geom_c = 0.0
f1, 0= 1.3755e+01
                          N restraints  r.m.s.d.  r.m.s.Z  Mn(sigma)
Bond distances, non H                5     0.011    0.645      0.016
Bond distances, H                    6     0.001    0.056      0.017
Bond angles, non H                   5     1.816    0.945      2.428
Bond angles, H                      13     0.809    0.312      2.077
Torsion angles, period 2             1     0.094    0.019      5.000
Torsion angles, period 6             1     0.877    0.044     20.000
Planar groups                        8     0.000    0.014      0.020
VDW nonbonded                        1     0.192    0.960      0.200
VDW torsion                          4     0.200    1.000      0.200



====== CYCLE 10 ======

 weight = 1.0000e+00
 geom_x = 13.755253372909605
 geom_a = 0
 geom_q = 0
 geom_c = 0.0
f0= 1.3755e+01
using cgsolve in c++, ic=False
diag(geom) min= 585.031402 max= 15774.634510
diag(all) min= 585.031402 max= 15774.634510
Trying gamma equal 0.084000
Convergence reached after 22 iterations with no gamma cycles
min(dx) = -0.002484421371164928
max(dx) = 0.0017747703115765113
mean(dx)= -7.389091241723771e-05
vdws = 23
atoms = 12
pairs = 52
 geom_x = 13.7531007038687
 geom_a = 0
 geom_q = 0
 geom_c = 0.0
f1, 0= 1.3753e+01
                          N restraints  r.m.s.d.  r.m.s.Z  Mn(sigma)
Bond distances, non H                5     0.011    0.645      0.016
Bond distances, H                    6     0.001    0.056      0.017
Bond angles, non H                   5     1.818    0.945      2.428
Bond angles, H                      13     0.809    0.312      2.077
Torsion angles, period 2             1     0.089    0.018      5.000
Torsion angles, period 6             1     1.011    0.051     20.000
Planar groups                        8     0.000    0.014      0.020
VDW nonbonded                        1     0.192    0.960      0.200
VDW torsion                          4     0.200    0.999      0.200


$TABLE: stats vs cycle :
$GRAPHS
: Geometry :A:1,2,4:
: Geometry Z :A:1,5,3:
$$
 Ncyc  rmsBOND  zBOND  rmsANGL  zANGL
$$
$$
    0   0.0095 0.5419   1.1530 0.7030
    1   0.0093 0.5611   1.5894 0.8965
    2   0.0102 0.6155   1.7178 0.9315
    3   0.0105 0.6349   1.7716 0.9398
    4   0.0106 0.6396   1.7872 0.9418
    5   0.0106 0.6424   1.7982 0.9430
    6   0.0106 0.6440   1.8053 0.9438
    7   0.0107 0.6447   1.8102 0.9443
    8   0.0107 0.6451   1.8136 0.9448
    9   0.0107 0.6453   1.8162 0.9452
   10   0.0107 0.6452   1.8183 0.9455
$$

Running 30 cycles with wchir=1 wvdw=2 with hydrogen
Geometry weights
vdws = 23
atoms = 12
pairs = 52
                          N restraints  r.m.s.d.  r.m.s.Z  Mn(sigma)
Bond distances, non H                5     0.011    0.645      0.016
Bond distances, H                    6     0.001    0.056      0.017
Bond angles, non H                   5     1.818    0.945      2.428
Bond angles, H                      13     0.809    0.312      2.077
Torsion angles, period 2             1     0.089    0.018      5.000
Torsion angles, period 6             1     1.011    0.051     20.000
Planar groups                        8     0.000    0.014      0.020
VDW nonbonded                        1     0.192    0.960      0.200
VDW torsion                          4     0.200    0.999      0.200


====== CYCLE  1 ======

 weight = 1.0000e+00
 geom_x = 13.7531007038687
 geom_a = 0
 geom_q = 0
 geom_c = 0.0
f0= 1.3753e+01
using cgsolve in c++, ic=False
diag(geom) min= 582.605713 max= 15774.318202
diag(all) min= 582.605713 max= 15774.318202
Trying gamma equal 0.084000
Convergence reached after 22 iterations with no gamma cycles
min(dx) = -0.0025585780897487676
max(dx) = 0.0018043610968331073
mean(dx)= -7.437101914077106e-05
vdws = 23
atoms = 12
pairs = 52
 geom_x = 13.750856095878
 geom_a = 0
 geom_q = 0
 geom_c = 0.0
f1, 0= 1.3751e+01
                          N restraints  r.m.s.d.  r.m.s.Z  Mn(sigma)
Bond distances, non H                5     0.011    0.645      0.016
Bond distances, H                    6     0.001    0.056      0.017
Bond angles, non H                   5     1.820    0.946      2.428
Bond angles, H                      13     0.808    0.312      2.077
Torsion angles, period 2             1     0.085    0.017      5.000
Torsion angles, period 6             1     1.152    0.058     20.000
Planar groups                        8     0.000    0.014      0.020
VDW nonbonded                        1     0.192    0.960      0.200
VDW torsion                          4     0.200    0.999      0.200



====== CYCLE  2 ======

 weight = 1.0000e+00
 geom_x = 13.750856095878
 geom_a = 0
 geom_q = 0
 geom_c = 0.0
f0= 1.3751e+01
using cgsolve in c++, ic=False
diag(geom) min= 580.116095 max= 15774.020882
diag(all) min= 580.116095 max= 15774.020882
Trying gamma equal 0.084000
Convergence reached after 21 iterations with no gamma cycles
min(dx) = -0.0026391064588459504
max(dx) = 0.0018362709169117938
mean(dx)= -7.538291028036862e-05
vdws = 23
atoms = 12
pairs = 52
 geom_x = 13.748501311960675
 geom_a = 0
 geom_q = 0
 geom_c = 0.0
f1, 0= 1.3749e+01
                          N restraints  r.m.s.d.  r.m.s.Z  Mn(sigma)
Bond distances, non H                5     0.011    0.645      0.016
Bond distances, H                    6     0.001    0.056      0.017
Bond angles, non H                   5     1.822    0.946      2.428
Bond angles, H                      13     0.808    0.312      2.077
Torsion angles, period 2             1     0.083    0.017      5.000
Torsion angles, period 6             1     1.302    0.065     20.000
Planar groups                        8     0.000    0.014      0.020
VDW nonbonded                        1     0.192    0.959      0.200
VDW torsion                          4     0.200    0.999      0.200



====== CYCLE  3 ======

 weight = 1.0000e+00
 geom_x = 13.748501311960675
 geom_a = 0
 geom_q = 0
 geom_c = 0.0
f0= 1.3749e+01
using cgsolve in c++, ic=False
diag(geom) min= 577.557886 max= 15773.729455
diag(all) min= 577.557886 max= 15773.729455
Trying gamma equal 0.084000
Convergence reached after 21 iterations with no gamma cycles
min(dx) = -0.0027251841589588915
max(dx) = 0.0018718896484098593
mean(dx)= -7.67399775369364e-05
vdws = 23
atoms = 12
pairs = 52
 geom_x = 13.746018071664222
 geom_a = 0
 geom_q = 0
 geom_c = 0.0
f1, 0= 1.3746e+01
                          N restraints  r.m.s.d.  r.m.s.Z  Mn(sigma)
Bond distances, non H                5     0.011    0.645      0.016
Bond distances, H                    6     0.001    0.056      0.017
Bond angles, non H                   5     1.823    0.946      2.428
Bond angles, H                      13     0.808    0.312      2.077
Torsion angles, period 2             1     0.081    0.016      5.000
Torsion angles, period 6             1     1.461    0.073     20.000
Planar groups                        8     0.000    0.015      0.020
VDW nonbonded                        1     0.192    0.959      0.200
VDW torsion                          4     0.200    0.999      0.200



====== CYCLE  4 ======

 weight = 1.0000e+00
 geom_x = 13.746018071664222
 geom_a = 0
 geom_q = 0
 geom_c = 0.0
f0= 1.3746e+01
using cgsolve in c++, ic=False
diag(geom) min= 574.926837 max= 15773.435144
diag(all) min= 574.926837 max= 15773.435144
Trying gamma equal 0.084000
Convergence reached after 21 iterations with no gamma cycles
min(dx) = -0.0028165768741232906
max(dx) = 0.001911919304855649
mean(dx)= -7.833889289100254e-05
vdws = 23
atoms = 12
pairs = 52
 geom_x = 13.743386679130198
 geom_a = 0
 geom_q = 0
 geom_c = 0.0
f1, 0= 1.3743e+01
                          N restraints  r.m.s.d.  r.m.s.Z  Mn(sigma)
Bond distances, non H                5     0.011    0.645      0.016
Bond distances, H                    6     0.001    0.056      0.017
Bond angles, non H                   5     1.825    0.947      2.428
Bond angles, H                      13     0.808    0.311      2.077
Torsion angles, period 2             1     0.080    0.016      5.000
Torsion angles, period 6             1     1.630    0.081     20.000
Planar groups                        8     0.000    0.015      0.020
VDW nonbonded                        1     0.192    0.959      0.200
VDW torsion                          4     0.200    0.999      0.200



====== CYCLE  5 ======

 weight = 1.0000e+00
 geom_x = 13.743386679130198
 geom_a = 0
 geom_q = 0
 geom_c = 0.0
f0= 1.3743e+01
using cgsolve in c++, ic=False
diag(geom) min= 572.218778 max= 15773.132016
diag(all) min= 572.218778 max= 15773.132016
Trying gamma equal 0.084000
Convergence reached after 21 iterations with no gamma cycles
min(dx) = -0.002913372828563271
max(dx) = 0.0019568331901778195
mean(dx)= -8.01241129533276e-05
vdws = 23
atoms = 12
pairs = 52
 geom_x = 13.740585314459942
 geom_a = 0
 geom_q = 0
 geom_c = 0.0
f1, 0= 1.3741e+01
                          N restraints  r.m.s.d.  r.m.s.Z  Mn(sigma)
Bond distances, non H                5     0.011    0.644      0.016
Bond distances, H                    6     0.001    0.056      0.017
Bond angles, non H                   5     1.826    0.947      2.428
Bond angles, H                      13     0.807    0.311      2.077
Torsion angles, period 2             1     0.080    0.016      5.000
Torsion angles, period 6             1     1.808    0.090     20.000
Planar groups                        8     0.000    0.015      0.020
VDW nonbonded                        1     0.192    0.959      0.200
VDW torsion                          4     0.200    0.999      0.200



====== CYCLE  6 ======

 weight = 1.0000e+00
 geom_x = 13.740585314459942
 geom_a = 0
 geom_q = 0
 geom_c = 0.0
f0= 1.3741e+01
using cgsolve in c++, ic=False
diag(geom) min= 569.429445 max= 15772.815696
diag(all) min= 569.429445 max= 15772.815696
Trying gamma equal 0.084000
Convergence reached after 21 iterations with no gamma cycles
min(dx) = -0.0030158526479333006
max(dx) = 0.0020069281501241365
mean(dx)= -8.206932037081775e-05
vdws = 23
atoms = 12
pairs = 52
 geom_x = 13.737589556827784
 geom_a = 0
 geom_q = 0
 geom_c = 0.0
f1, 0= 1.3738e+01
                          N restraints  r.m.s.d.  r.m.s.Z  Mn(sigma)
Bond distances, non H                5     0.011    0.644      0.016
Bond distances, H                    6     0.001    0.056      0.017
Bond angles, non H                   5     1.827    0.947      2.428
Bond angles, H                      13     0.807    0.311      2.077
Torsion angles, period 2             1     0.081    0.016      5.000
Torsion angles, period 6             1     1.998    0.100     20.000
Planar groups                        8     0.000    0.015      0.020
VDW nonbonded                        1     0.192    0.958      0.200
VDW torsion                          4     0.200    0.999      0.200



====== CYCLE  7 ======

 weight = 1.0000e+00
 geom_x = 13.737589556827784
 geom_a = 0
 geom_q = 0
 geom_c = 0.0
f0= 1.3738e+01
using cgsolve in c++, ic=False
diag(geom) min= 566.554386 max= 15772.482733
diag(all) min= 566.554386 max= 15772.482733
Trying gamma equal 0.084000
Convergence reached after 21 iterations with no gamma cycles
min(dx) = -0.0031244156837669144
max(dx) = 0.0020624147786170144
mean(dx)= -8.416599421732266e-05
vdws = 23
atoms = 12
pairs = 52
 geom_x = 13.734371978494638
 geom_a = 0
 geom_q = 0
 geom_c = 0.0
f1, 0= 1.3734e+01
                          N restraints  r.m.s.d.  r.m.s.Z  Mn(sigma)
Bond distances, non H                5     0.011    0.644      0.016
Bond distances, H                    6     0.001    0.056      0.017
Bond angles, non H                   5     1.829    0.947      2.428
Bond angles, H                      13     0.807    0.311      2.077
Torsion angles, period 2             1     0.082    0.016      5.000
Torsion angles, period 6             1     2.200    0.110     20.000
Planar groups                        8     0.000    0.015      0.020
VDW nonbonded                        1     0.192    0.958      0.200
VDW torsion                          4     0.200    0.998      0.200



====== CYCLE  8 ======

 weight = 1.0000e+00
 geom_x = 13.734371978494638
 geom_a = 0
 geom_q = 0
 geom_c = 0.0
f0= 1.3734e+01
using cgsolve in c++, ic=False
diag(geom) min= 563.588911 max= 15772.130191
diag(all) min= 563.588911 max= 15772.130191
Trying gamma equal 0.084000
Convergence reached after 21 iterations with no gamma cycles
min(dx) = -0.003239534715145586
max(dx) = 0.0021234649593623476
mean(dx)= -8.641655141941644e-05
vdws = 23
atoms = 12
pairs = 52
 geom_x = 13.730909318777888
 geom_a = 0
 geom_q = 0
 geom_c = 0.0
f1, 0= 1.3731e+01
                          N restraints  r.m.s.d.  r.m.s.Z  Mn(sigma)
Bond distances, non H                5     0.011    0.643      0.016
Bond distances, H                    6     0.001    0.056      0.017
Bond angles, non H                   5     1.830    0.947      2.428
Bond angles, H                      13     0.807    0.311      2.077
Torsion angles, period 2             1     0.084    0.017      5.000
Torsion angles, period 6             1     2.414    0.121     20.000
Planar groups                        8     0.000    0.016      0.020
VDW nonbonded                        2     0.135    0.677      0.200
VDW torsion                          4     0.200    0.998      0.200



====== CYCLE  9 ======

 weight = 1.0000e+00
 geom_x = 13.730909318777888
 geom_a = 0
 geom_q = 0
 geom_c = 0.0
f0= 1.3731e+01
using cgsolve in c++, ic=False
diag(geom) min= 560.528062 max= 15771.755382
diag(all) min= 560.528062 max= 15771.755382
Trying gamma equal 0.084000
Not converging with gamma equal 0.084000
Trying gamma equal 0.136500
Gamma decreased to 0.126000
min(dx) = -0.002092583370075137
max(dx) = 0.0012572868283022647
mean(dx)= -5.713803347309607e-05
vdws = 23
atoms = 12
pairs = 52
 geom_x = 13.728665450284673
 geom_a = 0
 geom_q = 0
 geom_c = 0.0
f1, 0= 1.3729e+01
                          N restraints  r.m.s.d.  r.m.s.Z  Mn(sigma)
Bond distances, non H                5     0.011    0.643      0.016
Bond distances, H                    6     0.001    0.056      0.017
Bond angles, non H                   5     1.832    0.948      2.428
Bond angles, H                      13     0.808    0.311      2.077
Torsion angles, period 2             1     0.087    0.017      5.000
Torsion angles, period 6             1     2.556    0.128     20.000
Planar groups                        8     0.000    0.016      0.020
VDW nonbonded                        2     0.135    0.677      0.200
VDW torsion                          4     0.200    0.998      0.200



====== CYCLE 10 ======

 weight = 1.0000e+00
 geom_x = 13.728665450284673
 geom_a = 0
 geom_q = 0
 geom_c = 0.0
f0= 1.3729e+01
using cgsolve in c++, ic=False
diag(geom) min= 558.549023 max= 15771.453063
diag(all) min= 558.549023 max= 15771.453063
Trying gamma equal 0.126000
Convergence reached after 17 iterations with no gamma cycles
min(dx) = -0.002276878188826432
max(dx) = 0.0013649333806881386
mean(dx)= -6.293026815982746e-05
vdws = 23
atoms = 12
pairs = 52
 geom_x = 13.72616880645493
 geom_a = 0
 geom_q = 0
 geom_c = 0.0
f1, 0= 1.3726e+01
                          N restraints  r.m.s.d.  r.m.s.Z  Mn(sigma)
Bond distances, non H                5     0.011    0.643      0.016
Bond distances, H                    6     0.001    0.056      0.017
Bond angles, non H                   5     1.833    0.948      2.428
Bond angles, H                      13     0.808    0.311      2.077
Torsion angles, period 2             1     0.091    0.018      5.000
Torsion angles, period 6             1     2.713    0.136     20.000
Planar groups                        8     0.000    0.017      0.020
VDW nonbonded                        2     0.135    0.677      0.200
VDW torsion                          4     0.200    0.998      0.200



====== CYCLE 11 ======

 weight = 1.0000e+00
 geom_x = 13.72616880645493
 geom_a = 0
 geom_q = 0
 geom_c = 0.0
f0= 1.3726e+01
using cgsolve in c++, ic=False
diag(geom) min= 556.412897 max= 15771.100223
diag(all) min= 556.412897 max= 15771.100223
Trying gamma equal 0.126000
Convergence reached after 17 iterations with no gamma cycles
min(dx) = -0.0023081487993097958
max(dx) = 0.001430867715333859
mean(dx)= -6.364558778038303e-05
vdws = 23
atoms = 12
pairs = 52
 geom_x = 13.72357901174321
 geom_a = 0
 geom_q = 0
 geom_c = 0.0
f1, 0= 1.3724e+01
                          N restraints  r.m.s.d.  r.m.s.Z  Mn(sigma)
Bond distances, non H                5     0.011    0.643      0.016
Bond distances, H                    6     0.001    0.056      0.017
Bond angles, non H                   5     1.835    0.948      2.428
Bond angles, H                      13     0.809    0.311      2.077
Torsion angles, period 2             1     0.095    0.019      5.000
Torsion angles, period 6             1     2.875    0.144     20.000
Planar groups                        8     0.000    0.017      0.020
VDW nonbonded                        2     0.135    0.676      0.200
VDW torsion                          4     0.200    0.998      0.200



====== CYCLE 12 ======

 weight = 1.0000e+00
 geom_x = 13.72357901174321
 geom_a = 0
 geom_q = 0
 geom_c = 0.0
f0= 1.3724e+01
using cgsolve in c++, ic=False
diag(geom) min= 554.257262 max= 15770.727229
diag(all) min= 554.257262 max= 15770.727229
Trying gamma equal 0.126000
Convergence reached after 17 iterations with no gamma cycles
min(dx) = -0.0023415733151475235
max(dx) = 0.0015110298244243585
mean(dx)= -6.42949233881237e-05
vdws = 23
atoms = 12
pairs = 52
 geom_x = 13.720881907557871
 geom_a = 0
 geom_q = 0
 geom_c = 0.0
f1, 0= 1.3721e+01
                          N restraints  r.m.s.d.  r.m.s.Z  Mn(sigma)
Bond distances, non H                5     0.011    0.643      0.016
Bond distances, H                    6     0.001    0.056      0.017
Bond angles, non H                   5     1.837    0.948      2.428
Bond angles, H                      13     0.809    0.311      2.077
Torsion angles, period 2             1     0.101    0.020      5.000
Torsion angles, period 6             1     3.044    0.152     20.000
Planar groups                        8     0.000    0.018      0.020
VDW nonbonded                        2     0.135    0.676      0.200
VDW torsion                          4     0.199    0.997      0.200



====== CYCLE 13 ======

 weight = 1.0000e+00
 geom_x = 13.720881907557871
 geom_a = 0
 geom_q = 0
 geom_c = 0.0
f0= 1.3721e+01
using cgsolve in c++, ic=False
diag(geom) min= 552.079059 max= 15770.337870
diag(all) min= 552.079059 max= 15770.337870
Trying gamma equal 0.126000
Convergence reached after 17 iterations with no gamma cycles
min(dx) = -0.0023772376746392277
max(dx) = 0.0015926638882678267
mean(dx)= -6.491958773613779e-05
vdws = 23
atoms = 12
pairs = 52
 geom_x = 13.71806297923448
 geom_a = 0
 geom_q = 0
 geom_c = 0.0
f1, 0= 1.3718e+01
                          N restraints  r.m.s.d.  r.m.s.Z  Mn(sigma)
Bond distances, non H                5     0.011    0.643      0.016
Bond distances, H                    6     0.001    0.056      0.017
Bond angles, non H                   5     1.839    0.948      2.428
Bond angles, H                      13     0.809    0.311      2.077
Torsion angles, period 2             1     0.107    0.021      5.000
Torsion angles, period 6             1     3.218    0.161     20.000
Planar groups                        8     0.000    0.018      0.020
VDW nonbonded                        2     0.135    0.676      0.200
VDW torsion                          4     0.199    0.997      0.200



====== CYCLE 14 ======

 weight = 1.0000e+00
 geom_x = 13.71806297923448
 geom_a = 0
 geom_q = 0
 geom_c = 0.0
f0= 1.3718e+01
using cgsolve in c++, ic=False
diag(geom) min= 549.875830 max= 15769.933606
diag(all) min= 549.875830 max= 15769.933606
Trying gamma equal 0.126000
Convergence reached after 17 iterations with no gamma cycles
min(dx) = -0.002415236104881656
max(dx) = 0.001676094654206291
mean(dx)= -6.555181951979316e-05
vdws = 23
atoms = 12
pairs = 52
 geom_x = 13.715107067414152
 geom_a = 0
 geom_q = 0
 geom_c = 0.0
f1, 0= 1.3715e+01
                          N restraints  r.m.s.d.  r.m.s.Z  Mn(sigma)
Bond distances, non H                5     0.011    0.643      0.016
Bond distances, H                    6     0.001    0.056      0.017
Bond angles, non H                   5     1.841    0.948      2.428
Bond angles, H                      13     0.810    0.312      2.077
Torsion angles, period 2             1     0.113    0.023      5.000
Torsion angles, period 6             1     3.399    0.170     20.000
Planar groups                        8     0.000    0.018      0.020
VDW nonbonded                        2     0.135    0.675      0.200
VDW torsion                          4     0.199    0.997      0.200



====== CYCLE 15 ======

 weight = 1.0000e+00
 geom_x = 13.715107067414152
 geom_a = 0
 geom_q = 0
 geom_c = 0.0
f0= 1.3715e+01
using cgsolve in c++, ic=False
diag(geom) min= 547.645345 max= 15769.514986
diag(all) min= 547.645345 max= 15769.514986
Trying gamma equal 0.126000
Convergence reached after 17 iterations with no gamma cycles
min(dx) = -0.002455700955876105
max(dx) = 0.0017615410613612353
mean(dx)= -6.621675786919313e-05
vdws = 23
atoms = 12
pairs = 52
 geom_x = 13.711998214015262
 geom_a = 0
 geom_q = 0
 geom_c = 0.0
f1, 0= 1.3712e+01
                          N restraints  r.m.s.d.  r.m.s.Z  Mn(sigma)
Bond distances, non H                5     0.011    0.643      0.016
Bond distances, H                    6     0.001    0.056      0.017
Bond angles, non H                   5     1.843    0.948      2.428
Bond angles, H                      13     0.810    0.312      2.077
Torsion angles, period 2             1     0.120    0.024      5.000
Torsion angles, period 6             1     3.586    0.179     20.000
Planar groups                        8     0.000    0.019      0.020
VDW nonbonded                        2     0.135    0.675      0.200
VDW torsion                          4     0.199    0.997      0.200



====== CYCLE 16 ======

 weight = 1.0000e+00
 geom_x = 13.711998214015262
 geom_a = 0
 geom_q = 0
 geom_c = 0.0
f0= 1.3712e+01
using cgsolve in c++, ic=False
diag(geom) min= 545.385444 max= 15769.081990
diag(all) min= 545.385444 max= 15769.081990
Trying gamma equal 0.126000
Convergence reached after 17 iterations with no gamma cycles
min(dx) = -0.0024987690326631496
max(dx) = 0.0018491552231427288
mean(dx)= -6.693323561087867e-05
vdws = 23
atoms = 12
pairs = 52
 geom_x = 13.708719562741907
 geom_a = 0
 geom_q = 0
 geom_c = 0.0
f1, 0= 1.3709e+01
                          N restraints  r.m.s.d.  r.m.s.Z  Mn(sigma)
Bond distances, non H                5     0.011    0.643      0.016
Bond distances, H                    6     0.001    0.056      0.017
Bond angles, non H                   5     1.845    0.949      2.428
Bond angles, H                      13     0.810    0.312      2.077
Torsion angles, period 2             1     0.127    0.025      5.000
Torsion angles, period 6             1     3.781    0.189     20.000
Planar groups                        8     0.000    0.019      0.020
VDW nonbonded                        2     0.135    0.675      0.200
VDW torsion                          4     0.199    0.996      0.200



====== CYCLE 17 ======

 weight = 1.0000e+00
 geom_x = 13.708719562741907
 geom_a = 0
 geom_q = 0
 geom_c = 0.0
f0= 1.3709e+01
using cgsolve in c++, ic=False
diag(geom) min= 543.093979 max= 15768.634211
diag(all) min= 543.093979 max= 15768.634211
Trying gamma equal 0.126000
Convergence reached after 17 iterations with no gamma cycles
min(dx) = -0.0025445699291171318
max(dx) = 0.0019390421197445875
mean(dx)= -6.771542678831008e-05
vdws = 23
atoms = 12
pairs = 52
 geom_x = 13.705253284612297
 geom_a = 0
 geom_q = 0
 geom_c = 0.0
f1, 0= 1.3705e+01
                          N restraints  r.m.s.d.  r.m.s.Z  Mn(sigma)
Bond distances, non H                5     0.011    0.643      0.016
Bond distances, H                    6     0.001    0.056      0.017
Bond angles, non H                   5     1.846    0.949      2.428
Bond angles, H                      13     0.810    0.312      2.077
Torsion angles, period 2             1     0.134    0.027      5.000
Torsion angles, period 6             1     3.983    0.199     20.000
Planar groups                        8     0.000    0.020      0.020
VDW nonbonded                        2     0.135    0.674      0.200
VDW torsion                          4     0.199    0.996      0.200



====== CYCLE 18 ======

 weight = 1.0000e+00
 geom_x = 13.705253284612297
 geom_a = 0
 geom_q = 0
 geom_c = 0.0
f0= 1.3705e+01
using cgsolve in c++, ic=False
diag(geom) min= 540.768798 max= 15768.170987
diag(all) min= 540.768798 max= 15768.170987
Trying gamma equal 0.126000
Convergence reached after 17 iterations with no gamma cycles
min(dx) = -0.0025932227235786758
max(dx) = 0.0020312729064991147
mean(dx)= -6.857429098024112e-05
vdws = 23
atoms = 12
pairs = 52
 geom_x = 13.701580516917515
 geom_a = 0
 geom_q = 0
 geom_c = 0.0
f1, 0= 1.3702e+01
                          N restraints  r.m.s.d.  r.m.s.Z  Mn(sigma)
Bond distances, non H                5     0.011    0.643      0.016
Bond distances, H                    6     0.001    0.056      0.017
Bond angles, non H                   5     1.848    0.949      2.428
Bond angles, H                      13     0.811    0.312      2.077
Torsion angles, period 2             1     0.142    0.028      5.000
Torsion angles, period 6             1     4.192    0.210     20.000
Planar groups                        8     0.000    0.020      0.020
VDW nonbonded                        2     0.135    0.674      0.200
VDW torsion                          4     0.199    0.996      0.200



====== CYCLE 19 ======

 weight = 1.0000e+00
 geom_x = 13.701580516917515
 geom_a = 0
 geom_q = 0
 geom_c = 0.0
f0= 1.3702e+01
using cgsolve in c++, ic=False
diag(geom) min= 538.407738 max= 15767.691472
diag(all) min= 538.407738 max= 15767.691472
Trying gamma equal 0.126000
Convergence reached after 17 iterations with no gamma cycles
min(dx) = -0.002644834984659877
max(dx) = 0.0021258922928933943
mean(dx)= -6.951859076415329e-05
vdws = 23
atoms = 12
pairs = 52
 geom_x = 13.697681311551682
 geom_a = 0
 geom_q = 0
 geom_c = 0.0
f1, 0= 1.3698e+01
                          N restraints  r.m.s.d.  r.m.s.Z  Mn(sigma)
Bond distances, non H                5     0.011    0.643      0.016
Bond distances, H                    6     0.001    0.055      0.017
Bond angles, non H                   5     1.850    0.949      2.428
Bond angles, H                      13     0.811    0.312      2.077
Torsion angles, period 2             1     0.150    0.030      5.000
Torsion angles, period 6             1     4.410    0.220     20.000
Planar groups                        8     0.000    0.021      0.020
VDW nonbonded                        2     0.135    0.673      0.200
VDW torsion                          4     0.199    0.996      0.200



====== CYCLE 20 ======

 weight = 1.0000e+00
 geom_x = 13.697681311551682
 geom_a = 0
 geom_q = 0
 geom_c = 0.0
f0= 1.3698e+01
using cgsolve in c++, ic=False
diag(geom) min= 536.008635 max= 15767.194695
diag(all) min= 536.008635 max= 15767.194695
Trying gamma equal 0.126000
Convergence reached after 17 iterations with no gamma cycles
min(dx) = -0.0026995026173044423
max(dx) = 0.0022229219833798048
mean(dx)= -7.055558521458551e-05
vdws = 23
atoms = 12
pairs = 52
 geom_x = 13.693534592052526
 geom_a = 0
 geom_q = 0
 geom_c = 0.0
f1, 0= 1.3694e+01
                          N restraints  r.m.s.d.  r.m.s.Z  Mn(sigma)
Bond distances, non H                5     0.011    0.643      0.016
Bond distances, H                    6     0.001    0.055      0.017
Bond angles, non H                   5     1.852    0.949      2.428
Bond angles, H                      13     0.811    0.311      2.077
Torsion angles, period 2             1     0.159    0.032      5.000
Torsion angles, period 6             1     4.635    0.232     20.000
Planar groups                        8     0.000    0.021      0.020
VDW nonbonded                        2     0.135    0.673      0.200
VDW torsion                          4     0.199    0.996      0.200



====== CYCLE 21 ======

 weight = 1.0000e+00
 geom_x = 13.693534592052526
 geom_a = 0
 geom_q = 0
 geom_c = 0.0
f0= 1.3694e+01
using cgsolve in c++, ic=False
diag(geom) min= 533.569330 max= 15766.679586
diag(all) min= 533.569330 max= 15766.679586
Trying gamma equal 0.126000
Convergence reached after 17 iterations with no gamma cycles
min(dx) = -0.0027573098440127034
max(dx) = 0.002322362000269136
mean(dx)= -7.169149426043946e-05
vdws = 23
atoms = 12
pairs = 52
 geom_x = 13.68911812033074
 geom_a = 0
 geom_q = 0
 geom_c = 0.0
f1, 0= 1.3689e+01
                          N restraints  r.m.s.d.  r.m.s.Z  Mn(sigma)
Bond distances, non H                5     0.011    0.643      0.016
Bond distances, H                    6     0.001    0.055      0.017
Bond angles, non H                   5     1.853    0.949      2.428
Bond angles, H                      13     0.811    0.311      2.077
Torsion angles, period 2             1     0.167    0.033      5.000
Torsion angles, period 6             1     4.869    0.243     20.000
Planar groups                        8     0.000    0.022      0.020
VDW nonbonded                        2     0.134    0.672      0.200
VDW torsion                          4     0.199    0.995      0.200



====== CYCLE 22 ======

 weight = 1.0000e+00
 geom_x = 13.68911812033074
 geom_a = 0
 geom_q = 0
 geom_c = 0.0
f0= 1.3689e+01
using cgsolve in c++, ic=False
diag(geom) min= 531.087676 max= 15766.145001
diag(all) min= 531.087676 max= 15766.145001
Trying gamma equal 0.126000
Convergence reached after 17 iterations with no gamma cycles
min(dx) = -0.0028183288884005868
max(dx) = 0.0024241907953963847
mean(dx)= -7.293179631403314e-05
vdws = 23
atoms = 12
pairs = 52
 geom_x = 13.684408474962096
 geom_a = 0
 geom_q = 0
 geom_c = 0.0
f1, 0= 1.3684e+01
                          N restraints  r.m.s.d.  r.m.s.Z  Mn(sigma)
Bond distances, non H                5     0.011    0.643      0.016
Bond distances, H                    6     0.001    0.055      0.017
Bond angles, non H                   5     1.855    0.948      2.428
Bond angles, H                      13     0.811    0.311      2.077
Torsion angles, period 2             1     0.176    0.035      5.000
Torsion angles, period 6             1     5.112    0.256     20.000
Planar groups                        8     0.000    0.023      0.020
VDW nonbonded                        2     0.134    0.672      0.200
VDW torsion                          4     0.199    0.995      0.200



====== CYCLE 23 ======

 weight = 1.0000e+00
 geom_x = 13.684408474962096
 geom_a = 0
 geom_q = 0
 geom_c = 0.0
f0= 1.3684e+01
using cgsolve in c++, ic=False
diag(geom) min= 528.561555 max= 15765.589737
diag(all) min= 528.561555 max= 15765.589737
Trying gamma equal 0.126000
Convergence reached after 17 iterations with no gamma cycles
min(dx) = -0.0028826192014803622
max(dx) = 0.0025283645535148203
mean(dx)= -7.42814061497166e-05
vdws = 23
atoms = 12
pairs = 52
 geom_x = 13.679381043518276
 geom_a = 0
 geom_q = 0
 geom_c = 0.0
f1, 0= 1.3679e+01
                          N restraints  r.m.s.d.  r.m.s.Z  Mn(sigma)
Bond distances, non H                5     0.011    0.643      0.016
Bond distances, H                    6     0.001    0.055      0.017
Bond angles, non H                   5     1.857    0.948      2.428
Bond angles, H                      13     0.812    0.311      2.077
Torsion angles, period 2             1     0.186    0.037      5.000
Torsion angles, period 6             1     5.365    0.268     20.000
Planar groups                        8     0.000    0.023      0.020
VDW nonbonded                        2     0.134    0.671      0.200
VDW torsion                          4     0.199    0.995      0.200



====== CYCLE 24 ======

 weight = 1.0000e+00
 geom_x = 13.679381043518276
 geom_a = 0
 geom_q = 0
 geom_c = 0.0
f0= 1.3679e+01
using cgsolve in c++, ic=False
diag(geom) min= 525.988890 max= 15765.012538
diag(all) min= 525.988890 max= 15765.012538
Trying gamma equal 0.126000
Convergence reached after 17 iterations with no gamma cycles
min(dx) = -0.0029502262199373416
max(dx) = 0.0026348159079497948
mean(dx)= -7.574476817041928e-05
vdws = 23
atoms = 12
pairs = 52
 geom_x = 13.674010031904599
 geom_a = 0
 geom_q = 0
 geom_c = 0.0
f1, 0= 1.3674e+01
                          N restraints  r.m.s.d.  r.m.s.Z  Mn(sigma)
Bond distances, non H                5     0.011    0.643      0.016
Bond distances, H                    6     0.001    0.055      0.017
Bond angles, non H                   5     1.858    0.948      2.428
Bond angles, H                      13     0.812    0.311      2.077
Torsion angles, period 2             1     0.195    0.039      5.000
Torsion angles, period 6             1     5.626    0.281     20.000
Planar groups                        8     0.000    0.024      0.020
VDW nonbonded                        2     0.134    0.670      0.200
VDW torsion                          4     0.199    0.995      0.200



====== CYCLE 25 ======

 weight = 1.0000e+00
 geom_x = 13.674010031904599
 geom_a = 0
 geom_q = 0
 geom_c = 0.0
f0= 1.3674e+01
using cgsolve in c++, ic=False
diag(geom) min= 523.367661 max= 15764.412105
diag(all) min= 523.367661 max= 15764.412105
Trying gamma equal 0.126000
Convergence reached after 17 iterations with no gamma cycles
min(dx) = -0.003059514744604823
max(dx) = 0.0027434522187540075
mean(dx)= -7.732588963868054e-05
vdws = 23
atoms = 12
pairs = 52
 geom_x = 13.668268494131937
 geom_a = 0
 geom_q = 0
 geom_c = 0.0
f1, 0= 1.3668e+01
                          N restraints  r.m.s.d.  r.m.s.Z  Mn(sigma)
Bond distances, non H                5     0.011    0.643      0.016
Bond distances, H                    6     0.001    0.055      0.017
Bond angles, non H                   5     1.860    0.948      2.428
Bond angles, H                      13     0.812    0.311      2.077
Torsion angles, period 2             1     0.205    0.041      5.000
Torsion angles, period 6             1     5.898    0.295     20.000
Planar groups                        8     0.000    0.025      0.020
VDW nonbonded                        2     0.134    0.669      0.200
VDW torsion                          4     0.199    0.995      0.200



====== CYCLE 26 ======

 weight = 1.0000e+00
 geom_x = 13.668268494131937
 geom_a = 0
 geom_q = 0
 geom_c = 0.0
f0= 1.3668e+01
using cgsolve in c++, ic=False
diag(geom) min= 520.695921 max= 15763.787097
diag(all) min= 520.695921 max= 15763.787097
Trying gamma equal 0.126000
Convergence reached after 17 iterations with no gamma cycles
min(dx) = -0.003196510361879509
max(dx) = 0.002854153526057373
mean(dx)= -7.902833016682524e-05
vdws = 23
atoms = 12
pairs = 52
 geom_x = 13.662128386388073
 geom_a = 0
 geom_q = 0
 geom_c = 0.0
f1, 0= 1.3662e+01
                          N restraints  r.m.s.d.  r.m.s.Z  Mn(sigma)
Bond distances, non H                5     0.011    0.642      0.016
Bond distances, H                    6     0.001    0.055      0.017
Bond angles, non H                   5     1.861    0.948      2.428
Bond angles, H                      13     0.812    0.311      2.077
Torsion angles, period 2             1     0.215    0.043      5.000
Torsion angles, period 6             1     6.180    0.309     20.000
Planar groups                        8     0.001    0.025      0.020
VDW nonbonded                        2     0.134    0.668      0.200
VDW torsion                          4     0.199    0.994      0.200



====== CYCLE 27 ======

 weight = 1.0000e+00
 geom_x = 13.662128386388073
 geom_a = 0
 geom_q = 0
 geom_c = 0.0
f0= 1.3662e+01
using cgsolve in c++, ic=False
diag(geom) min= 517.971817 max= 15763.136144
diag(all) min= 517.971817 max= 15763.136144
Trying gamma equal 0.126000
Convergence reached after 17 iterations with no gamma cycles
min(dx) = -0.0033370602952388414
max(dx) = 0.0029667702679903084
mean(dx)= -8.085515790768962e-05
vdws = 23
atoms = 12
pairs = 52
 geom_x = 13.655560649689352
 geom_a = 0
 geom_q = 0
 geom_c = 0.0
f1, 0= 1.3656e+01
                          N restraints  r.m.s.d.  r.m.s.Z  Mn(sigma)
Bond distances, non H                5     0.011    0.642      0.016
Bond distances, H                    6     0.001    0.055      0.017
Bond angles, non H                   5     1.863    0.947      2.428
Bond angles, H                      13     0.812    0.311      2.077
Torsion angles, period 2             1     0.226    0.045      5.000
Torsion angles, period 6             1     6.472    0.324     20.000
Planar groups                        8     0.001    0.026      0.020
VDW nonbonded                        2     0.133    0.667      0.200
VDW torsion                          4     0.199    0.994      0.200



====== CYCLE 28 ======

 weight = 1.0000e+00
 geom_x = 13.655560649689352
 geom_a = 0
 geom_q = 0
 geom_c = 0.0
f0= 1.3656e+01
using cgsolve in c++, ic=False
diag(geom) min= 515.193611 max= 15762.457843
diag(all) min= 515.193611 max= 15762.457843
Trying gamma equal 0.126000
Convergence reached after 17 iterations with no gamma cycles
min(dx) = -0.00348104631709084
max(dx) = 0.0030811208393805843
mean(dx)= -8.280887899840138e-05
vdws = 23
atoms = 12
pairs = 52
 geom_x = 13.6485353257735
 geom_a = 0
 geom_q = 0
 geom_c = 0.0
f1, 0= 1.3649e+01
                          N restraints  r.m.s.d.  r.m.s.Z  Mn(sigma)
Bond distances, non H                5     0.011    0.642      0.016
Bond distances, H                    6     0.001    0.055      0.017
Bond angles, non H                   5     1.864    0.947      2.428
Bond angles, H                      13     0.812    0.311      2.077
Torsion angles, period 2             1     0.237    0.047      5.000
Torsion angles, period 6             1     6.774    0.339     20.000
Planar groups                        8     0.001    0.027      0.020
VDW nonbonded                        2     0.133    0.666      0.200
VDW torsion                          4     0.199    0.994      0.200



====== CYCLE 29 ======

 weight = 1.0000e+00
 geom_x = 13.6485353257735
 geom_a = 0
 geom_q = 0
 geom_c = 0.0
f0= 1.3649e+01
using cgsolve in c++, ic=False
diag(geom) min= 512.359702 max= 15761.750771
diag(all) min= 512.359702 max= 15761.750771
Trying gamma equal 0.126000
Convergence reached after 17 iterations with no gamma cycles
min(dx) = -0.00362831309203387
max(dx) = 0.0031969890623660896
mean(dx)= -8.489134434261376e-05
vdws = 23
atoms = 12
pairs = 52
 geom_x = 13.641021711204376
 geom_a = 0
 geom_q = 0
 geom_c = 0.0
f1, 0= 1.3641e+01
                          N restraints  r.m.s.d.  r.m.s.Z  Mn(sigma)
Bond distances, non H                5     0.011    0.642      0.016
Bond distances, H                    6     0.001    0.055      0.017
Bond angles, non H                   5     1.866    0.947      2.428
Bond angles, H                      13     0.811    0.310      2.077
Torsion angles, period 2             1     0.248    0.050      5.000
Torsion angles, period 6             1     7.088    0.354     20.000
Planar groups                        8     0.001    0.027      0.020
VDW nonbonded                        2     0.133    0.664      0.200
VDW torsion                          4     0.199    0.994      0.200



====== CYCLE 30 ======

 weight = 1.0000e+00
 geom_x = 13.641021711204376
 geom_a = 0
 geom_q = 0
 geom_c = 0.0
f0= 1.3641e+01
using cgsolve in c++, ic=False
diag(geom) min= 509.468655 max= 15761.013488
diag(all) min= 509.468655 max= 15761.013488
Trying gamma equal 0.126000
Convergence reached after 17 iterations with no gamma cycles
min(dx) = -0.0037786640780119282
max(dx) = 0.0033141216413090173
mean(dx)= -8.710363634805728e-05
vdws = 23
atoms = 12
pairs = 52
 geom_x = 13.632988554876597
 geom_a = 0
 geom_q = 0
 geom_c = 0.0
f1, 0= 1.3633e+01
                          N restraints  r.m.s.d.  r.m.s.Z  Mn(sigma)
Bond distances, non H                5     0.011    0.642      0.016
Bond distances, H                    6     0.001    0.055      0.017
Bond angles, non H                   5     1.867    0.946      2.428
Bond angles, H                      13     0.811    0.310      2.077
Torsion angles, period 2             1     0.259    0.052      5.000
Torsion angles, period 6             1     7.413    0.371     20.000
Planar groups                        8     0.001    0.028      0.020
VDW nonbonded                        2     0.133    0.663      0.200
VDW torsion                          4     0.199    0.994      0.200


$TABLE: stats vs cycle :
$GRAPHS
: Geometry :A:1,2,4:
: Geometry Z :A:1,5,3:
$$
 Ncyc  rmsBOND  zBOND  rmsANGL  zANGL
$$
$$
    0   0.0107 0.6452   1.8183 0.9455
    1   0.0107 0.6451   1.8201 0.9458
    2   0.0106 0.6450   1.8218 0.9461
    3   0.0106 0.6448   1.8233 0.9463
    4   0.0106 0.6445   1.8247 0.9466
    5   0.0106 0.6443   1.8261 0.9468
    6   0.0106 0.6440   1.8275 0.9471
    7   0.0106 0.6437   1.8289 0.9473
    8   0.0106 0.6434   1.8302 0.9475
    9   0.0106 0.6433   1.8317 0.9476
   10   0.0106 0.6433   1.8334 0.9478
   11   0.0106 0.6433   1.8352 0.9480
   12   0.0106 0.6433   1.8371 0.9481
   13   0.0106 0.6433   1.8390 0.9483
   14   0.0106 0.6434   1.8408 0.9484
   15   0.0106 0.6434   1.8427 0.9485
   16   0.0106 0.6434   1.8446 0.9486
   17   0.0106 0.6433   1.8464 0.9486
   18   0.0106 0.6433   1.8482 0.9487
   19   0.0106 0.6433   1.8500 0.9487
   20   0.0106 0.6432   1.8517 0.9486
   21   0.0106 0.6431   1.8534 0.9486
   22   0.0106 0.6430   1.8551 0.9485
   23   0.0106 0.6429   1.8567 0.9484
   24   0.0106 0.6428   1.8583 0.9482
   25   0.0106 0.6427   1.8599 0.9480
   26   0.0106 0.6425   1.8614 0.9477
   27   0.0106 0.6423   1.8628 0.9474
   28   0.0106 0.6421   1.8642 0.9471
   29   0.0106 0.6418   1.8655 0.9466
   30   0.0106 0.6415   1.8668 0.9462
$$

Updated dictionary saved: CAA_MODEL_TMP/mol_1_conf_5_updated.cif
Refinement statistics saved: CAA_MODEL_TMP/mol_1_conf_5_stats.json

# Finished on 2026-06-14 11:38:32.602808

=========END OF PROCESS INFORMATION ==========
