
============ PROCESS INFORMATION =============
# Servalcat ver. 0.4.128 (Python 3.9.18)
# Library vers. gemmi 0.7.4, scipy 1.7.3, numpy 1.19.5, pandas 1.3.5
# Started on 2026-06-14 11:38:39.559872
# Host: Mac.lan User: hilgersmt
# Command-line:
# servalcat --logfile CAA_MODEL_TMP/servalcat.log refine_geom --update_dictionary CAA_MODEL_TMP/mol_1_conf_9_init.cif -o CAA_MODEL_TMP/mol_1_conf_9 --randomize 0.01
Config loaded
--
refine:
  atom_selection:
    xyz:
      include:
      - '*'
      exclude: []
      exclude_restraint: []
    adp:
      include: []
      exclude: []
      exclude_restraint: []
    occ:
      include: []
      exclude: []
      exclude_restraint: []
    dfrac:
      include: []
      exclude: []
      exclude_restraint: []
  occ_groups: []
  occ_group_constraints: []
  occ_group_const_mu: 10.0
  occ_group_const_mu_update_factor: 1.1
  occ_group_const_mu_update_tol_rel: 0.25
  occ_group_const_mu_update_tol_abs: 0.01
  initialisation:
    adp: {}
    occ: {}
    dfrac: {}
  write_trajectory: false
--
Reading monomers from /Applications/ccp4-9/lib/data/monomers/
Reading monomer: CAA_MODEL_TMP/mol_1_conf_9_init.cif
WARNING:: updating monomer CAA using CAA_MODEL_TMP/mol_1_conf_9_init.cif
Monomer library loaded: 1 monomers, 109 links, 133 modifications
       loaded monomers: CAA

Checking if unknown atoms exist..
Creating restraints..

Chain info:
 chain 
  ligands: CAA (1 residues)

Number of refinement parameters:
       n_params  n_atoms  n_atoms_geom_only  n_atoms_data_only
xyz           6        6                  0                  0
adp           0        0                  0                  0
occ           0        0                  0                  0
dfrac         0        0                  0                  0

Randomizing structure with rmsd of 0.01
Torsion angle rules:
 include:
  {'group': 'peptide', 'tors_name': 'chi*'}
  {'link': '*', 'tors_name': 'omega'}
  {'residue': '*', 'tors_name': 'sp2_sp2*'}
  {'link': '*', 'tors_name': 'sp2_sp2*'}
 exclude:
  none
External restraints from Refmac instructions
 Number of distances          : 0
 Number of angles             : 0
 Number of torsions           : 0
 Number of chirals            : 0
 Number of planes             : 0
 Number of intervals          : 0
 Number of stackings          : 0
 Number of harmonics          : 0
 Number of special positions  : 0

Running 10 cycles with wchir=4 wvdw=2 without hydrogen
Geometry weights
vdws = 4
atoms = 6
pairs = 14
 *** Bond distances outliers (Z >= 5) ***

    atom1     atom2  value  ideal  sigma     z
/CAA 1/C2 /CAA 1/N1  1.432  1.335  0.016 5.947

                          N restraints  r.m.s.d.  r.m.s.Z  Mn(sigma)
Bond distances, non H                5     0.046    2.799      0.016
Bond angles, non H                   5     2.706    1.109      2.428
Torsion angles, period 2             1     1.748    0.350      5.000
Planar groups                        4     0.008    0.377      0.020
VDW torsion                          1     0.366    1.830      0.200


====== CYCLE  1 ======

 weight = 1.0000e+00
 geom_x = 29.697103066623722
 geom_a = 0
 geom_q = 0
 geom_c = 0.0
f0= 2.9697e+01
using cgsolve in c++, ic=False
diag(geom) min= 523.755122 max= 11765.848720
diag(all) min= 523.755122 max= 11765.848720
Trying gamma equal 0.000000
Convergence reached after 11 iterations with no gamma cycles
min(dx) = -0.08742182210512908
max(dx) = 0.0556781009886637
mean(dx)= 0.00020133532201342815
vdws = 4
atoms = 6
pairs = 14
 geom_x = 7.4852844843867405
 geom_a = 0
 geom_q = 0
 geom_c = 0.0
f1, 0= 7.4853e+00
                          N restraints  r.m.s.d.  r.m.s.Z  Mn(sigma)
Bond distances, non H                5     0.007    0.452      0.016
Bond angles, non H                   5     1.150    0.673      2.428
Torsion angles, period 2             1     0.134    0.027      5.000
Planar groups                        4     0.000    0.014      0.020
VDW torsion                          1     0.342    1.709      0.200



====== CYCLE  2 ======

 weight = 1.0000e+00
 geom_x = 7.4852844843867405
 geom_a = 0
 geom_q = 0
 geom_c = 0.0
f0= 7.4853e+00
using cgsolve in c++, ic=False
diag(geom) min= 374.473457 max= 12092.046268
diag(all) min= 374.473457 max= 12092.046268
Trying gamma equal 0.000000
Convergence reached after 9 iterations with no gamma cycles
min(dx) = -0.0025103237754250463
max(dx) = 0.0030314798360508645
mean(dx)= 0.00030272136308846033
vdws = 4
atoms = 6
pairs = 14
 geom_x = 7.309075140899623
 geom_a = 0
 geom_q = 0
 geom_c = 0.0
f1, 0= 7.3091e+00
                          N restraints  r.m.s.d.  r.m.s.Z  Mn(sigma)
Bond distances, non H                5     0.005    0.313      0.016
Bond angles, non H                   5     1.089    0.646      2.428
Torsion angles, period 2             1     0.004    0.001      5.000
Planar groups                        4     0.000    0.001      0.020
VDW torsion                          1     0.347    1.735      0.200



====== CYCLE  3 ======

 weight = 1.0000e+00
 geom_x = 7.309075140899623
 geom_a = 0
 geom_q = 0
 geom_c = 0.0
f0= 7.3091e+00
using cgsolve in c++, ic=False
diag(geom) min= 375.600770 max= 12091.485971
diag(all) min= 375.600770 max= 12091.485971
Trying gamma equal 0.000000
Convergence reached after 11 iterations with no gamma cycles
min(dx) = -6.638207248515105e-05
max(dx) = 4.145891722857847e-05
mean(dx)= -1.5813762890255563e-06
vdws = 4
atoms = 6
pairs = 14
 geom_x = 7.3090723206444075
 geom_a = 0
 geom_q = 0
 geom_c = 0.0
f1, 0= 7.3091e+00
                          N restraints  r.m.s.d.  r.m.s.Z  Mn(sigma)
Bond distances, non H                5     0.005    0.313      0.016
Bond angles, non H                   5     1.088    0.645      2.428
Torsion angles, period 2             1     0.001    0.000      5.000
Planar groups                        4     0.000    0.000      0.020
VDW torsion                          1     0.347    1.735      0.200



====== CYCLE  4 ======

 weight = 1.0000e+00
 geom_x = 7.3090723206444075
 geom_a = 0
 geom_q = 0
 geom_c = 0.0
f0= 7.3091e+00
using cgsolve in c++, ic=False
diag(geom) min= 375.755281 max= 12091.295844
diag(all) min= 375.755281 max= 12091.295844
Trying gamma equal 0.000000
Convergence reached after 11 iterations with no gamma cycles
min(dx) = -9.925647569519492e-06
max(dx) = 5.944852090179819e-06
mean(dx)= -7.90690923651642e-08
vdws = 4
atoms = 6
pairs = 14
 geom_x = 7.309072301262629
 geom_a = 0
 geom_q = 0
 geom_c = 0.0
f1, 0= 7.3091e+00
                          N restraints  r.m.s.d.  r.m.s.Z  Mn(sigma)
Bond distances, non H                5     0.005    0.313      0.016
Bond angles, non H                   5     1.088    0.645      2.428
Torsion angles, period 2             1     0.000    0.000      5.000
Planar groups                        4     0.000    0.000      0.020
VDW torsion                          1     0.347    1.735      0.200



====== CYCLE  5 ======

 weight = 1.0000e+00
 geom_x = 7.309072301262629
 geom_a = 0
 geom_q = 0
 geom_c = 0.0
f0= 7.3091e+00
using cgsolve in c++, ic=False
diag(geom) min= 375.781938 max= 12091.296159
diag(all) min= 375.781938 max= 12091.296159
Trying gamma equal 0.000000
Convergence reached after 11 iterations with no gamma cycles
min(dx) = -1.6301938928348566e-06
max(dx) = 9.082271898994008e-07
mean(dx)= -1.689827193044604e-08
vdws = 4
atoms = 6
pairs = 14
 geom_x = 7.30907230074236
 geom_a = 0
 geom_q = 0
 geom_c = 0.0
f1, 0= 7.3091e+00
                          N restraints  r.m.s.d.  r.m.s.Z  Mn(sigma)
Bond distances, non H                5     0.005    0.313      0.016
Bond angles, non H                   5     1.088    0.645      2.428
Torsion angles, period 2             1     0.000    0.000      5.000
Planar groups                        4     0.000    0.000      0.020
VDW torsion                          1     0.347    1.735      0.200



====== CYCLE  6 ======

 weight = 1.0000e+00
 geom_x = 7.30907230074236
 geom_a = 0
 geom_q = 0
 geom_c = 0.0
f0= 7.3091e+00
using cgsolve in c++, ic=False
diag(geom) min= 375.786330 max= 12091.295892
diag(all) min= 375.786330 max= 12091.295892
Trying gamma equal 0.000000
Convergence reached after 11 iterations with no gamma cycles
min(dx) = -2.683776591413421e-07
max(dx) = 1.5145500557403967e-07
mean(dx)= -2.7319957501271744e-09
vdws = 4
atoms = 6
pairs = 14
 geom_x = 7.309072300728188
 geom_a = 0
 geom_q = 0
 geom_c = 0.0
f1, 0= 7.3091e+00
                          N restraints  r.m.s.d.  r.m.s.Z  Mn(sigma)
Bond distances, non H                5     0.005    0.313      0.016
Bond angles, non H                   5     1.088    0.645      2.428
Torsion angles, period 2             1     0.000    0.000      5.000
Planar groups                        4     0.000    0.000      0.020
VDW torsion                          1     0.347    1.735      0.200



====== CYCLE  7 ======

 weight = 1.0000e+00
 geom_x = 7.309072300728188
 geom_a = 0
 geom_q = 0
 geom_c = 0.0
f0= 7.3091e+00
using cgsolve in c++, ic=False
diag(geom) min= 375.787054 max= 12091.295854
diag(all) min= 375.787054 max= 12091.295854
Trying gamma equal 0.000000
Convergence reached after 11 iterations with no gamma cycles
min(dx) = -4.428830966920352e-08
max(dx) = 2.496084189936833e-08
mean(dx)= -4.521402286017995e-10
vdws = 4
atoms = 6
pairs = 14
 geom_x = 7.309072300727784
 geom_a = 0
 geom_q = 0
 geom_c = 0.0
f1, 0= 7.3091e+00
                          N restraints  r.m.s.d.  r.m.s.Z  Mn(sigma)
Bond distances, non H                5     0.005    0.313      0.016
Bond angles, non H                   5     1.088    0.645      2.428
Torsion angles, period 2             1     0.000    0.000      5.000
Planar groups                        4     0.000    0.000      0.020
VDW torsion                          1     0.347    1.735      0.200



====== CYCLE  8 ======

 weight = 1.0000e+00
 geom_x = 7.309072300727784
 geom_a = 0
 geom_q = 0
 geom_c = 0.0
f0= 7.3091e+00
using cgsolve in c++, ic=False
diag(geom) min= 375.787174 max= 12091.295848
diag(all) min= 375.787174 max= 12091.295848
Trying gamma equal 0.000000
Convergence reached after 11 iterations with no gamma cycles
min(dx) = -7.306413208694477e-09
max(dx) = 4.118646285876999e-09
mean(dx)= -7.456645966430775e-11
vdws = 4
atoms = 6
pairs = 14
 geom_x = 7.30907230072778
 geom_a = 0
 geom_q = 0
 geom_c = 0.0
f1, 0= 7.3091e+00
                          N restraints  r.m.s.d.  r.m.s.Z  Mn(sigma)
Bond distances, non H                5     0.005    0.313      0.016
Bond angles, non H                   5     1.088    0.645      2.428
Torsion angles, period 2             1     0.000    0.000      5.000
Planar groups                        4     0.000    0.000      0.020
VDW torsion                          1     0.347    1.735      0.200



====== CYCLE  9 ======

 weight = 1.0000e+00
 geom_x = 7.30907230072778
 geom_a = 0
 geom_q = 0
 geom_c = 0.0
f0= 7.3091e+00
using cgsolve in c++, ic=False
diag(geom) min= 375.787194 max= 12091.295847
diag(all) min= 375.787194 max= 12091.295847
Trying gamma equal 0.000000
Convergence reached after 11 iterations with no gamma cycles
min(dx) = -1.2054270863542102e-09
max(dx) = 6.794865196116567e-10
mean(dx)= -1.230268299375743e-11
vdws = 4
atoms = 6
pairs = 14
 geom_x = 7.309072300727796
 geom_a = 0
 geom_q = 0
 geom_c = 0.0
f1, 0= 7.3091e+00
min(dx) = -6.027135431771051e-10
max(dx) = 3.3974325980582835e-10
mean(dx)= -6.151341496878715e-12
vdws = 4
atoms = 6
pairs = 14
 geom_x = 7.309072300727793
 geom_a = 0
 geom_q = 0
 geom_c = 0.0
f1, 1= 7.3091e+00
min(dx) = -3.0135677158855256e-10
max(dx) = 1.6987162990291417e-10
mean(dx)= -3.0756707484393574e-12
vdws = 4
atoms = 6
pairs = 14
 geom_x = 7.309072300727796
 geom_a = 0
 geom_q = 0
 geom_c = 0.0
f1, 2= 7.3091e+00
WARNING: function not minimised
                          N restraints  r.m.s.d.  r.m.s.Z  Mn(sigma)
Bond distances, non H                5     0.005    0.313      0.016
Bond angles, non H                   5     1.088    0.645      2.428
Torsion angles, period 2             1     0.000    0.000      5.000
Planar groups                        4     0.000    0.000      0.020
VDW torsion                          1     0.347    1.735      0.200



====== CYCLE 10 ======

 weight = 1.0000e+00
 geom_x = 7.309072300727796
 geom_a = 0
 geom_q = 0
 geom_c = 0.0
f0= 7.3091e+00
using cgsolve in c++, ic=False
diag(geom) min= 375.787194 max= 12091.295847
diag(all) min= 375.787194 max= 12091.295847
Trying gamma equal 0.000000
Convergence reached after 11 iterations with no gamma cycles
min(dx) = -9.537883706840257e-10
max(dx) = 5.376402760963153e-10
mean(dx)= -9.734451703640773e-12
vdws = 4
atoms = 6
pairs = 14
 geom_x = 7.309072300727788
 geom_a = 0
 geom_q = 0
 geom_c = 0.0
f1, 0= 7.3091e+00
                          N restraints  r.m.s.d.  r.m.s.Z  Mn(sigma)
Bond distances, non H                5     0.005    0.313      0.016
Bond angles, non H                   5     1.088    0.645      2.428
Torsion angles, period 2             1     0.000    0.000      5.000
Planar groups                        4     0.000    0.000      0.020
VDW torsion                          1     0.347    1.735      0.200


$TABLE: stats vs cycle :
$GRAPHS
: Geometry :A:1,4,2:
: Geometry Z :A:1,3,5:
$$
 Ncyc  rmsBOND  zBOND  rmsANGL  zANGL
$$
$$
    0   0.0462 2.7986   2.7063 1.1093
    1   0.0070 0.4520   1.1502 0.6728
    2   0.0053 0.3133   1.0887 0.6457
    3   0.0053 0.3130   1.0879 0.6451
    4   0.0053 0.3130   1.0879 0.6451
    5   0.0053 0.3130   1.0879 0.6451
    6   0.0053 0.3130   1.0879 0.6451
    7   0.0053 0.3130   1.0879 0.6451
    8   0.0053 0.3130   1.0879 0.6451
    9   0.0053 0.3130   1.0879 0.6451
   10   0.0053 0.3130   1.0879 0.6451
$$

Running 30 cycles with wchir=1 wvdw=2 without hydrogen
Geometry weights
vdws = 4
atoms = 6
pairs = 14
                          N restraints  r.m.s.d.  r.m.s.Z  Mn(sigma)
Bond distances, non H                5     0.005    0.313      0.016
Bond angles, non H                   5     1.088    0.645      2.428
Torsion angles, period 2             1     0.000    0.000      5.000
Planar groups                        4     0.000    0.000      0.020
VDW torsion                          1     0.347    1.735      0.200


====== CYCLE  1 ======

 weight = 1.0000e+00
 geom_x = 7.309072300727788
 geom_a = 0
 geom_q = 0
 geom_c = 0.0
f0= 7.3091e+00
using cgsolve in c++, ic=False
diag(geom) min= 375.787197 max= 12091.295847
diag(all) min= 375.787197 max= 12091.295847
Trying gamma equal 0.000000
Convergence reached after 11 iterations with no gamma cycles
min(dx) = -1.5735698521676627e-10
max(dx) = 8.870075200815753e-11
mean(dx)= -1.6059745470580323e-12
vdws = 4
atoms = 6
pairs = 14
 geom_x = 7.309072300727781
 geom_a = 0
 geom_q = 0
 geom_c = 0.0
f1, 0= 7.3091e+00
                          N restraints  r.m.s.d.  r.m.s.Z  Mn(sigma)
Bond distances, non H                5     0.005    0.313      0.016
Bond angles, non H                   5     1.088    0.645      2.428
Torsion angles, period 2             1     0.000    0.000      5.000
Planar groups                        4     0.000    0.000      0.020
VDW torsion                          1     0.347    1.735      0.200



====== CYCLE  2 ======

 weight = 1.0000e+00
 geom_x = 7.309072300727781
 geom_a = 0
 geom_q = 0
 geom_c = 0.0
f0= 7.3091e+00
using cgsolve in c++, ic=False
diag(geom) min= 375.787197 max= 12091.295847
diag(all) min= 375.787197 max= 12091.295847
Trying gamma equal 0.000000
Convergence reached after 11 iterations with no gamma cycles
min(dx) = -2.5960907662657103e-11
max(dx) = 1.463406988274697e-11
mean(dx)= -2.649763775918519e-13
vdws = 4
atoms = 6
pairs = 14
 geom_x = 7.309072300727796
 geom_a = 0
 geom_q = 0
 geom_c = 0.0
f1, 0= 7.3091e+00
min(dx) = -1.2980453831328552e-11
max(dx) = 7.317034941373485e-12
mean(dx)= -1.3248818879592594e-13
vdws = 4
atoms = 6
pairs = 14
 geom_x = 7.3090723007277845
 geom_a = 0
 geom_q = 0
 geom_c = 0.0
f1, 1= 7.3091e+00
min(dx) = -6.490226915664276e-12
max(dx) = 3.6585174706867424e-12
mean(dx)= -6.624409439796297e-14
vdws = 4
atoms = 6
pairs = 14
 geom_x = 7.309072300727806
 geom_a = 0
 geom_q = 0
 geom_c = 0.0
f1, 2= 7.3091e+00
WARNING: function not minimised
                          N restraints  r.m.s.d.  r.m.s.Z  Mn(sigma)
Bond distances, non H                5     0.005    0.313      0.016
Bond angles, non H                   5     1.088    0.645      2.428
Torsion angles, period 2             1     0.000    0.000      5.000
Planar groups                        4     0.000    0.000      0.020
VDW torsion                          1     0.347    1.735      0.200



====== CYCLE  3 ======

 weight = 1.0000e+00
 geom_x = 7.309072300727806
 geom_a = 0
 geom_q = 0
 geom_c = 0.0
f0= 7.3091e+00
using cgsolve in c++, ic=False
diag(geom) min= 375.787197 max= 12091.295847
diag(all) min= 375.787197 max= 12091.295847
Trying gamma equal 0.000000
Convergence reached after 11 iterations with no gamma cycles
min(dx) = -2.054137539467745e-11
max(dx) = 1.1578948531488513e-11
mean(dx)= -2.0966862596302995e-13
vdws = 4
atoms = 6
pairs = 14
 geom_x = 7.309072300727792
 geom_a = 0
 geom_q = 0
 geom_c = 0.0
f1, 0= 7.3091e+00
                          N restraints  r.m.s.d.  r.m.s.Z  Mn(sigma)
Bond distances, non H                5     0.005    0.313      0.016
Bond angles, non H                   5     1.088    0.645      2.428
Torsion angles, period 2             1     0.000    0.000      5.000
Planar groups                        4     0.000    0.000      0.020
VDW torsion                          1     0.347    1.735      0.200



====== CYCLE  4 ======

 weight = 1.0000e+00
 geom_x = 7.309072300727792
 geom_a = 0
 geom_q = 0
 geom_c = 0.0
f0= 7.3091e+00
using cgsolve in c++, ic=False
diag(geom) min= 375.787198 max= 12091.295847
diag(all) min= 375.787198 max= 12091.295847
Trying gamma equal 0.000000
Convergence reached after 11 iterations with no gamma cycles
min(dx) = -3.389033522897772e-12
max(dx) = 1.9104788188874344e-12
mean(dx)= -3.4585295601899466e-14
vdws = 4
atoms = 6
pairs = 14
 geom_x = 7.309072300727795
 geom_a = 0
 geom_q = 0
 geom_c = 0.0
f1, 0= 7.3091e+00
min(dx) = -1.694516761448886e-12
max(dx) = 9.552394094437172e-13
mean(dx)= -1.7292647800949733e-14
vdws = 4
atoms = 6
pairs = 14
 geom_x = 7.309072300727794
 geom_a = 0
 geom_q = 0
 geom_c = 0.0
f1, 1= 7.3091e+00
min(dx) = -8.47258380724443e-13
max(dx) = 4.776197047218586e-13
mean(dx)= -8.646323900474866e-15
vdws = 4
atoms = 6
pairs = 14
 geom_x = 7.309072300727788
 geom_a = 0
 geom_q = 0
 geom_c = 0.0
f1, 2= 7.3091e+00
                          N restraints  r.m.s.d.  r.m.s.Z  Mn(sigma)
Bond distances, non H                5     0.005    0.313      0.016
Bond angles, non H                   5     1.088    0.645      2.428
Torsion angles, period 2             1     0.000    0.000      5.000
Planar groups                        4     0.000    0.000      0.020
VDW torsion                          1     0.347    1.735      0.200



====== CYCLE  5 ======

 weight = 1.0000e+00
 geom_x = 7.309072300727788
 geom_a = 0
 geom_q = 0
 geom_c = 0.0
f0= 7.3091e+00
using cgsolve in c++, ic=False
diag(geom) min= 375.787198 max= 12091.295847
diag(all) min= 375.787198 max= 12091.295847
Trying gamma equal 0.000000
Convergence reached after 11 iterations with no gamma cycles
min(dx) = -2.68120215654589e-12
max(dx) = 1.5115773993984943e-12
mean(dx)= -2.7375338952883786e-14
vdws = 4
atoms = 6
pairs = 14
 geom_x = 7.309072300727768
 geom_a = 0
 geom_q = 0
 geom_c = 0.0
f1, 0= 7.3091e+00
                          N restraints  r.m.s.d.  r.m.s.Z  Mn(sigma)
Bond distances, non H                5     0.005    0.313      0.016
Bond angles, non H                   5     1.088    0.645      2.428
Torsion angles, period 2             1     0.000    0.000      5.000
Planar groups                        4     0.000    0.000      0.020
VDW torsion                          1     0.347    1.735      0.200



====== CYCLE  6 ======

 weight = 1.0000e+00
 geom_x = 7.309072300727768
 geom_a = 0
 geom_q = 0
 geom_c = 0.0
f0= 7.3091e+00
using cgsolve in c++, ic=False
diag(geom) min= 375.787198 max= 12091.295847
diag(all) min= 375.787198 max= 12091.295847
Trying gamma equal 0.000000
Convergence reached after 11 iterations with no gamma cycles
min(dx) = -4.4214806885600976e-13
max(dx) = 2.4942921030003185e-13
mean(dx)= -4.478497567047566e-15
vdws = 4
atoms = 6
pairs = 14
 geom_x = 7.3090723007277845
 geom_a = 0
 geom_q = 0
 geom_c = 0.0
f1, 0= 7.3091e+00
min(dx) = -2.2107403442800488e-13
max(dx) = 1.2471460515001593e-13
mean(dx)= -2.239248783523783e-15
vdws = 4
atoms = 6
pairs = 14
 geom_x = 7.309072300727774
 geom_a = 0
 geom_q = 0
 geom_c = 0.0
f1, 1= 7.3091e+00
min(dx) = -1.1053701721400244e-13
max(dx) = 6.235730257500796e-14
mean(dx)= -1.1196243917618915e-15
vdws = 4
atoms = 6
pairs = 14
 geom_x = 7.309072300727777
 geom_a = 0
 geom_q = 0
 geom_c = 0.0
f1, 2= 7.3091e+00
WARNING: function not minimised
                          N restraints  r.m.s.d.  r.m.s.Z  Mn(sigma)
Bond distances, non H                5     0.005    0.313      0.016
Bond angles, non H                   5     1.088    0.645      2.428
Torsion angles, period 2             1     0.000    0.000      5.000
Planar groups                        4     0.000    0.000      0.020
VDW torsion                          1     0.347    1.735      0.200



====== CYCLE  7 ======

 weight = 1.0000e+00
 geom_x = 7.309072300727777
 geom_a = 0
 geom_q = 0
 geom_c = 0.0
f0= 7.3091e+00
using cgsolve in c++, ic=False
diag(geom) min= 375.787198 max= 12091.295847
diag(all) min= 375.787198 max= 12091.295847
Trying gamma equal 0.000000
Convergence reached after 11 iterations with no gamma cycles
min(dx) = -3.50208019281526e-13
max(dx) = 1.9728214913388737e-13
mean(dx)= -3.570277100549933e-15
vdws = 4
atoms = 6
pairs = 14
 geom_x = 7.309072300727768
 geom_a = 0
 geom_q = 0
 geom_c = 0.0
f1, 0= 7.3091e+00
                          N restraints  r.m.s.d.  r.m.s.Z  Mn(sigma)
Bond distances, non H                5     0.005    0.313      0.016
Bond angles, non H                   5     1.088    0.645      2.428
Torsion angles, period 2             1     0.000    0.000      5.000
Planar groups                        4     0.000    0.000      0.020
VDW torsion                          1     0.347    1.735      0.200



====== CYCLE  8 ======

 weight = 1.0000e+00
 geom_x = 7.309072300727768
 geom_a = 0
 geom_q = 0
 geom_c = 0.0
f0= 7.3091e+00
using cgsolve in c++, ic=False
diag(geom) min= 375.787198 max= 12091.295847
diag(all) min= 375.787198 max= 12091.295847
Trying gamma equal 0.000000
Not converging with gamma equal 0.000000
Trying gamma equal 0.052500
Gamma decreased to 0.042000
min(dx) = -4.756646905329006e-14
max(dx) = 2.6323549463858174e-14
mean(dx)= -5.170700157186379e-16
vdws = 4
atoms = 6
pairs = 14
 geom_x = 7.30907230072779
 geom_a = 0
 geom_q = 0
 geom_c = 0.0
f1, 0= 7.3091e+00
min(dx) = -2.378323452664503e-14
max(dx) = 1.3161774731929087e-14
mean(dx)= -2.5853500785931896e-16
vdws = 4
atoms = 6
pairs = 14
 geom_x = 7.309072300727768
 geom_a = 0
 geom_q = 0
 geom_c = 0.0
f1, 1= 7.3091e+00
min(dx) = -1.1891617263322514e-14
max(dx) = 6.5808873659645434e-15
mean(dx)= -1.2926750392965948e-16
vdws = 4
atoms = 6
pairs = 14
 geom_x = 7.309072300727777
 geom_a = 0
 geom_q = 0
 geom_c = 0.0
f1, 2= 7.3091e+00
WARNING: function not minimised
                          N restraints  r.m.s.d.  r.m.s.Z  Mn(sigma)
Bond distances, non H                5     0.005    0.313      0.016
Bond angles, non H                   5     1.088    0.645      2.428
Torsion angles, period 2             1     0.000    0.000      5.000
Planar groups                        4     0.000    0.000      0.020
VDW torsion                          1     0.347    1.735      0.200



====== CYCLE  9 ======

 weight = 1.0000e+00
 geom_x = 7.309072300727777
 geom_a = 0
 geom_q = 0
 geom_c = 0.0
f0= 7.3091e+00
using cgsolve in c++, ic=False
diag(geom) min= 375.787198 max= 12091.295847
diag(all) min= 375.787198 max= 12091.295847
Trying gamma equal 0.042000
Convergence reached after 11 iterations with no gamma cycles
min(dx) = -4.102019854770627e-14
max(dx) = 2.295562242313841e-14
mean(dx)= -4.3744542632281193e-16
vdws = 4
atoms = 6
pairs = 14
 geom_x = 7.30907230072779
 geom_a = 0
 geom_q = 0
 geom_c = 0.0
f1, 0= 7.3091e+00
min(dx) = -2.0510099273853136e-14
max(dx) = 1.1477811211569205e-14
mean(dx)= -2.1872271316140597e-16
vdws = 4
atoms = 6
pairs = 14
 geom_x = 7.3090723007277685
 geom_a = 0
 geom_q = 0
 geom_c = 0.0
f1, 1= 7.3091e+00
                          N restraints  r.m.s.d.  r.m.s.Z  Mn(sigma)
Bond distances, non H                5     0.005    0.313      0.016
Bond angles, non H                   5     1.088    0.645      2.428
Torsion angles, period 2             1     0.000    0.000      5.000
Planar groups                        4     0.000    0.000      0.020
VDW torsion                          1     0.347    1.735      0.200



====== CYCLE 10 ======

 weight = 1.0000e+00
 geom_x = 7.3090723007277685
 geom_a = 0
 geom_q = 0
 geom_c = 0.0
f0= 7.3091e+00
using cgsolve in c++, ic=False
diag(geom) min= 375.787198 max= 12091.295847
diag(all) min= 375.787198 max= 12091.295847
Trying gamma equal 0.042000
Convergence reached after 12 iterations with no gamma cycles
min(dx) = -2.600121331753176e-14
max(dx) = 1.4777666814405375e-14
mean(dx)= -2.8393512776005566e-16
vdws = 4
atoms = 6
pairs = 14
 geom_x = 7.3090723007277845
 geom_a = 0
 geom_q = 0
 geom_c = 0.0
f1, 0= 7.3091e+00
min(dx) = -1.300060665876588e-14
max(dx) = 7.388833407202687e-15
mean(dx)= -1.4196756388002783e-16
vdws = 4
atoms = 6
pairs = 14
 geom_x = 7.309072300727797
 geom_a = 0
 geom_q = 0
 geom_c = 0.0
f1, 1= 7.3091e+00
min(dx) = -6.50030332938294e-15
max(dx) = 3.694416703601344e-15
mean(dx)= -7.098378194001392e-17
vdws = 4
atoms = 6
pairs = 14
 geom_x = 7.30907230072779
 geom_a = 0
 geom_q = 0
 geom_c = 0.0
f1, 2= 7.3091e+00
WARNING: function not minimised
                          N restraints  r.m.s.d.  r.m.s.Z  Mn(sigma)
Bond distances, non H                5     0.005    0.313      0.016
Bond angles, non H                   5     1.088    0.645      2.428
Torsion angles, period 2             1     0.000    0.000      5.000
Planar groups                        4     0.000    0.000      0.020
VDW torsion                          1     0.347    1.735      0.200



====== CYCLE 11 ======

 weight = 1.0000e+00
 geom_x = 7.30907230072779
 geom_a = 0
 geom_q = 0
 geom_c = 0.0
f0= 7.3091e+00
using cgsolve in c++, ic=False
diag(geom) min= 375.787198 max= 12091.295847
diag(all) min= 375.787198 max= 12091.295847
Trying gamma equal 0.042000
Convergence reached after 11 iterations with no gamma cycles
min(dx) = -2.1269743805071053e-14
max(dx) = 1.2045701850620548e-14
mean(dx)= -2.345180443496434e-16
vdws = 4
atoms = 6
pairs = 14
 geom_x = 7.309072300727785
 geom_a = 0
 geom_q = 0
 geom_c = 0.0
f1, 0= 7.3091e+00
                          N restraints  r.m.s.d.  r.m.s.Z  Mn(sigma)
Bond distances, non H                5     0.005    0.313      0.016
Bond angles, non H                   5     1.088    0.645      2.428
Torsion angles, period 2             1     0.000    0.000      5.000
Planar groups                        4     0.000    0.000      0.020
VDW torsion                          1     0.347    1.735      0.200



====== CYCLE 12 ======

 weight = 1.0000e+00
 geom_x = 7.309072300727785
 geom_a = 0
 geom_q = 0
 geom_c = 0.0
f0= 7.3091e+00
using cgsolve in c++, ic=False
diag(geom) min= 375.787198 max= 12091.295847
diag(all) min= 375.787198 max= 12091.295847
Trying gamma equal 0.042000
Convergence reached after 12 iterations with no gamma cycles
min(dx) = -6.058636603148292e-15
max(dx) = 3.430159688020417e-15
mean(dx)= -4.416225912335405e-17
vdws = 4
atoms = 6
pairs = 14
 geom_x = 7.309072300727784
 geom_a = 0
 geom_q = 0
 geom_c = 0.0
f1, 0= 7.3091e+00
                          N restraints  r.m.s.d.  r.m.s.Z  Mn(sigma)
Bond distances, non H                5     0.005    0.313      0.016
Bond angles, non H                   5     1.088    0.645      2.428
Torsion angles, period 2             1     0.000    0.000      5.000
Planar groups                        4     0.000    0.000      0.020
VDW torsion                          1     0.347    1.735      0.200



====== CYCLE 13 ======

 weight = 1.0000e+00
 geom_x = 7.309072300727784
 geom_a = 0
 geom_q = 0
 geom_c = 0.0
f0= 7.3091e+00
using cgsolve in c++, ic=False
diag(geom) min= 375.787198 max= 12091.295847
diag(all) min= 375.787198 max= 12091.295847
Trying gamma equal 0.042000
Convergence reached after 12 iterations with no gamma cycles
min(dx) = -1.7304029281771674e-15
max(dx) = 1.3000694309998847e-15
mean(dx)= -1.6233255494709254e-18
vdws = 4
atoms = 6
pairs = 14
 geom_x = 7.309072300727757
 geom_a = 0
 geom_q = 0
 geom_c = 0.0
f1, 0= 7.3091e+00
                          N restraints  r.m.s.d.  r.m.s.Z  Mn(sigma)
Bond distances, non H                5     0.005    0.313      0.016
Bond angles, non H                   5     1.088    0.645      2.428
Torsion angles, period 2             1     0.000    0.000      5.000
Planar groups                        4     0.000    0.000      0.020
VDW torsion                          1     0.347    1.735      0.200



====== CYCLE 14 ======

 weight = 1.0000e+00
 geom_x = 7.309072300727757
 geom_a = 0
 geom_q = 0
 geom_c = 0.0
f0= 7.3091e+00
using cgsolve in c++, ic=False
diag(geom) min= 375.787198 max= 12091.295847
diag(all) min= 375.787198 max= 12091.295847
Trying gamma equal 0.042000
Convergence reached after 12 iterations with no gamma cycles
min(dx) = -6.645203927632153e-16
max(dx) = 2.809834717284678e-16
mean(dx)= -1.9957208926759544e-17
vdws = 4
atoms = 6
pairs = 14
 geom_x = 7.309072300727774
 geom_a = 0
 geom_q = 0
 geom_c = 0.0
f1, 0= 7.3091e+00
min(dx) = -3.3226019638160765e-16
max(dx) = 1.404917358642339e-16
mean(dx)= -9.978604463379772e-18
vdws = 4
atoms = 6
pairs = 14
 geom_x = 7.309072300727797
 geom_a = 0
 geom_q = 0
 geom_c = 0.0
f1, 1= 7.3091e+00
min(dx) = -1.6613009819080383e-16
max(dx) = 7.024586793211695e-17
mean(dx)= -4.989302231689886e-18
vdws = 4
atoms = 6
pairs = 14
 geom_x = 7.309072300727757
 geom_a = 0
 geom_q = 0
 geom_c = 0.0
f1, 2= 7.3091e+00
WARNING: function not minimised
                          N restraints  r.m.s.d.  r.m.s.Z  Mn(sigma)
Bond distances, non H                5     0.005    0.313      0.016
Bond angles, non H                   5     1.088    0.645      2.428
Torsion angles, period 2             1     0.000    0.000      5.000
Planar groups                        4     0.000    0.000      0.020
VDW torsion                          1     0.347    1.735      0.200



====== CYCLE 15 ======

 weight = 1.0000e+00
 geom_x = 7.309072300727757
 geom_a = 0
 geom_q = 0
 geom_c = 0.0
f0= 7.3091e+00
using cgsolve in c++, ic=False
diag(geom) min= 375.787198 max= 12091.295847
diag(all) min= 375.787198 max= 12091.295847
Trying gamma equal 0.042000
Convergence reached after 12 iterations with no gamma cycles
min(dx) = -7.191676603905873e-16
max(dx) = 2.9081727993996207e-16
mean(dx)= -2.855735524199349e-17
vdws = 4
atoms = 6
pairs = 14
 geom_x = 7.309072300727778
 geom_a = 0
 geom_q = 0
 geom_c = 0.0
f1, 0= 7.3091e+00
min(dx) = -3.5958383019529363e-16
max(dx) = 1.4540863996998104e-16
mean(dx)= -1.4278677620996745e-17
vdws = 4
atoms = 6
pairs = 14
 geom_x = 7.309072300727789
 geom_a = 0
 geom_q = 0
 geom_c = 0.0
f1, 1= 7.3091e+00
min(dx) = -1.7979191509764681e-16
max(dx) = 7.270431998499052e-17
mean(dx)= -7.139338810498372e-18
vdws = 4
atoms = 6
pairs = 14
 geom_x = 7.309072300727779
 geom_a = 0
 geom_q = 0
 geom_c = 0.0
f1, 2= 7.3091e+00
WARNING: function not minimised
                          N restraints  r.m.s.d.  r.m.s.Z  Mn(sigma)
Bond distances, non H                5     0.005    0.313      0.016
Bond angles, non H                   5     1.088    0.645      2.428
Torsion angles, period 2             1     0.000    0.000      5.000
Planar groups                        4     0.000    0.000      0.020
VDW torsion                          1     0.347    1.735      0.200



====== CYCLE 16 ======

 weight = 1.0000e+00
 geom_x = 7.309072300727779
 geom_a = 0
 geom_q = 0
 geom_c = 0.0
f0= 7.3091e+00
using cgsolve in c++, ic=False
diag(geom) min= 375.787198 max= 12091.295847
diag(all) min= 375.787198 max= 12091.295847
Trying gamma equal 0.042000
Convergence reached after 12 iterations with no gamma cycles
min(dx) = -7.931944548909776e-16
max(dx) = 2.399192294729146e-16
mean(dx)= -3.2259935768810975e-17
vdws = 4
atoms = 6
pairs = 14
 geom_x = 7.309072300727786
 geom_a = 0
 geom_q = 0
 geom_c = 0.0
f1, 0= 7.3091e+00
min(dx) = -3.965972274454888e-16
max(dx) = 1.199596147364573e-16
mean(dx)= -1.6129967884405487e-17
vdws = 4
atoms = 6
pairs = 14
 geom_x = 7.3090723007278
 geom_a = 0
 geom_q = 0
 geom_c = 0.0
f1, 1= 7.3091e+00
min(dx) = -1.982986137227444e-16
max(dx) = 5.997980736822865e-17
mean(dx)= -8.064983942202744e-18
vdws = 4
atoms = 6
pairs = 14
 geom_x = 7.309072300727779
 geom_a = 0
 geom_q = 0
 geom_c = 0.0
f1, 2= 7.3091e+00
WARNING: function not minimised
                          N restraints  r.m.s.d.  r.m.s.Z  Mn(sigma)
Bond distances, non H                5     0.005    0.313      0.016
Bond angles, non H                   5     1.088    0.645      2.428
Torsion angles, period 2             1     0.000    0.000      5.000
Planar groups                        4     0.000    0.000      0.020
VDW torsion                          1     0.347    1.735      0.200



====== CYCLE 17 ======

 weight = 1.0000e+00
 geom_x = 7.309072300727779
 geom_a = 0
 geom_q = 0
 geom_c = 0.0
f0= 7.3091e+00
using cgsolve in c++, ic=False
diag(geom) min= 375.787198 max= 12091.295847
diag(all) min= 375.787198 max= 12091.295847
Trying gamma equal 0.042000
Convergence reached after 12 iterations with no gamma cycles
min(dx) = -3.9100131851894427e-16
max(dx) = 2.2496728466949014e-16
mean(dx)= -8.010303016677752e-18
vdws = 4
atoms = 6
pairs = 14
 geom_x = 7.309072300727786
 geom_a = 0
 geom_q = 0
 geom_c = 0.0
f1, 0= 7.3091e+00
min(dx) = -1.9550065925947214e-16
max(dx) = 1.1248364233474507e-16
mean(dx)= -4.005151508338876e-18
vdws = 4
atoms = 6
pairs = 14
 geom_x = 7.309072300727797
 geom_a = 0
 geom_q = 0
 geom_c = 0.0
f1, 1= 7.3091e+00
min(dx) = -9.775032962973607e-17
max(dx) = 5.624182116737253e-17
mean(dx)= -2.002575754169438e-18
vdws = 4
atoms = 6
pairs = 14
 geom_x = 7.309072300727779
 geom_a = 0
 geom_q = 0
 geom_c = 0.0
f1, 2= 7.3091e+00
WARNING: function not minimised
                          N restraints  r.m.s.d.  r.m.s.Z  Mn(sigma)
Bond distances, non H                5     0.005    0.313      0.016
Bond angles, non H                   5     1.088    0.645      2.428
Torsion angles, period 2             1     0.000    0.000      5.000
Planar groups                        4     0.000    0.000      0.020
VDW torsion                          1     0.347    1.735      0.200



====== CYCLE 18 ======

 weight = 1.0000e+00
 geom_x = 7.309072300727779
 geom_a = 0
 geom_q = 0
 geom_c = 0.0
f0= 7.3091e+00
using cgsolve in c++, ic=False
diag(geom) min= 375.787198 max= 12091.295847
diag(all) min= 375.787198 max= 12091.295847
Trying gamma equal 0.042000
Convergence reached after 12 iterations with no gamma cycles
min(dx) = -4.058661703802899e-16
max(dx) = 2.301408880945973e-16
mean(dx)= -6.363236110739206e-18
vdws = 4
atoms = 6
pairs = 14
 geom_x = 7.309072300727786
 geom_a = 0
 geom_q = 0
 geom_c = 0.0
f1, 0= 7.3091e+00
min(dx) = -2.0293308519014495e-16
max(dx) = 1.1507044404729866e-16
mean(dx)= -3.181618055369603e-18
vdws = 4
atoms = 6
pairs = 14
 geom_x = 7.309072300727797
 geom_a = 0
 geom_q = 0
 geom_c = 0.0
f1, 1= 7.3091e+00
min(dx) = -1.0146654259507247e-16
max(dx) = 5.753522202364933e-17
mean(dx)= -1.5908090276848014e-18
vdws = 4
atoms = 6
pairs = 14
 geom_x = 7.309072300727779
 geom_a = 0
 geom_q = 0
 geom_c = 0.0
f1, 2= 7.3091e+00
WARNING: function not minimised
                          N restraints  r.m.s.d.  r.m.s.Z  Mn(sigma)
Bond distances, non H                5     0.005    0.313      0.016
Bond angles, non H                   5     1.088    0.645      2.428
Torsion angles, period 2             1     0.000    0.000      5.000
Planar groups                        4     0.000    0.000      0.020
VDW torsion                          1     0.347    1.735      0.200



====== CYCLE 19 ======

 weight = 1.0000e+00
 geom_x = 7.309072300727779
 geom_a = 0
 geom_q = 0
 geom_c = 0.0
f0= 7.3091e+00
using cgsolve in c++, ic=False
diag(geom) min= 375.787198 max= 12091.295847
diag(all) min= 375.787198 max= 12091.295847
Trying gamma equal 0.042000
Convergence reached after 12 iterations with no gamma cycles
min(dx) = -1.559396887575703e-16
max(dx) = 2.015764698733585e-16
mean(dx)= 2.1106916989045178e-19
vdws = 4
atoms = 6
pairs = 14
 geom_x = 7.309072300727782
 geom_a = 0
 geom_q = 0
 geom_c = 0.0
f1, 0= 7.3091e+00
min(dx) = -7.796984437878516e-17
max(dx) = 1.0078823493667925e-16
mean(dx)= 1.0553458494522589e-19
vdws = 4
atoms = 6
pairs = 14
 geom_x = 7.309072300727797
 geom_a = 0
 geom_q = 0
 geom_c = 0.0
f1, 1= 7.3091e+00
min(dx) = -3.898492218939258e-17
max(dx) = 5.0394117468339624e-17
mean(dx)= 5.2767292472612946e-20
vdws = 4
atoms = 6
pairs = 14
 geom_x = 7.309072300727779
 geom_a = 0
 geom_q = 0
 geom_c = 0.0
f1, 2= 7.3091e+00
WARNING: function not minimised
                          N restraints  r.m.s.d.  r.m.s.Z  Mn(sigma)
Bond distances, non H                5     0.005    0.313      0.016
Bond angles, non H                   5     1.088    0.645      2.428
Torsion angles, period 2             1     0.000    0.000      5.000
Planar groups                        4     0.000    0.000      0.020
VDW torsion                          1     0.347    1.735      0.200



====== CYCLE 20 ======

 weight = 1.0000e+00
 geom_x = 7.309072300727779
 geom_a = 0
 geom_q = 0
 geom_c = 0.0
f0= 7.3091e+00
using cgsolve in c++, ic=False
diag(geom) min= 375.787198 max= 12091.295847
diag(all) min= 375.787198 max= 12091.295847
Trying gamma equal 0.042000
Convergence reached after 12 iterations with no gamma cycles
min(dx) = -3.594938111835065e-16
max(dx) = 2.193184907560293e-16
mean(dx)= -1.2955866572455556e-17
vdws = 4
atoms = 6
pairs = 14
 geom_x = 7.309072300727789
 geom_a = 0
 geom_q = 0
 geom_c = 0.0
f1, 0= 7.3091e+00
min(dx) = -1.7974690559175326e-16
max(dx) = 1.0965924537801466e-16
mean(dx)= -6.477933286227778e-18
vdws = 4
atoms = 6
pairs = 14
 geom_x = 7.3090723007278
 geom_a = 0
 geom_q = 0
 geom_c = 0.0
f1, 1= 7.3091e+00
min(dx) = -8.987345279587663e-17
max(dx) = 5.482962268900733e-17
mean(dx)= -3.238966643113889e-18
vdws = 4
atoms = 6
pairs = 14
 geom_x = 7.309072300727779
 geom_a = 0
 geom_q = 0
 geom_c = 0.0
f1, 2= 7.3091e+00
WARNING: function not minimised
                          N restraints  r.m.s.d.  r.m.s.Z  Mn(sigma)
Bond distances, non H                5     0.005    0.313      0.016
Bond angles, non H                   5     1.088    0.645      2.428
Torsion angles, period 2             1     0.000    0.000      5.000
Planar groups                        4     0.000    0.000      0.020
VDW torsion                          1     0.347    1.735      0.200



====== CYCLE 21 ======

 weight = 1.0000e+00
 geom_x = 7.309072300727779
 geom_a = 0
 geom_q = 0
 geom_c = 0.0
f0= 7.3091e+00
using cgsolve in c++, ic=False
diag(geom) min= 375.787198 max= 12091.295847
diag(all) min= 375.787198 max= 12091.295847
Trying gamma equal 0.042000
Convergence reached after 12 iterations with no gamma cycles
min(dx) = -2.238317226404642e-16
max(dx) = 2.2105930758468127e-16
mean(dx)= -5.961131058883524e-18
vdws = 4
atoms = 6
pairs = 14
 geom_x = 7.309072300727789
 geom_a = 0
 geom_q = 0
 geom_c = 0.0
f1, 0= 7.3091e+00
min(dx) = -1.119158613202321e-16
max(dx) = 1.1052965379234064e-16
mean(dx)= -2.980565529441762e-18
vdws = 4
atoms = 6
pairs = 14
 geom_x = 7.3090723007278
 geom_a = 0
 geom_q = 0
 geom_c = 0.0
f1, 1= 7.3091e+00
min(dx) = -5.595793066011605e-17
max(dx) = 5.526482689617032e-17
mean(dx)= -1.490282764720881e-18
vdws = 4
atoms = 6
pairs = 14
 geom_x = 7.3090723007277845
 geom_a = 0
 geom_q = 0
 geom_c = 0.0
f1, 2= 7.3091e+00
WARNING: function not minimised
                          N restraints  r.m.s.d.  r.m.s.Z  Mn(sigma)
Bond distances, non H                5     0.005    0.313      0.016
Bond angles, non H                   5     1.088    0.645      2.428
Torsion angles, period 2             1     0.000    0.000      5.000
Planar groups                        4     0.000    0.000      0.020
VDW torsion                          1     0.347    1.735      0.200



====== CYCLE 22 ======

 weight = 1.0000e+00
 geom_x = 7.3090723007277845
 geom_a = 0
 geom_q = 0
 geom_c = 0.0
f0= 7.3091e+00
using cgsolve in c++, ic=False
diag(geom) min= 375.787198 max= 12091.295847
diag(all) min= 375.787198 max= 12091.295847
Trying gamma equal 0.042000
Convergence reached after 12 iterations with no gamma cycles
min(dx) = -1.7846558028328505e-16
max(dx) = 1.0006702410771943e-16
mean(dx)= -7.596578523628455e-18
vdws = 4
atoms = 6
pairs = 14
 geom_x = 7.309072300727775
 geom_a = 0
 geom_q = 0
 geom_c = 0.0
f1, 0= 7.3091e+00
                          N restraints  r.m.s.d.  r.m.s.Z  Mn(sigma)
Bond distances, non H                5     0.005    0.313      0.016
Bond angles, non H                   5     1.088    0.645      2.428
Torsion angles, period 2             1     0.000    0.000      5.000
Planar groups                        4     0.000    0.000      0.020
VDW torsion                          1     0.347    1.735      0.200



====== CYCLE 23 ======

 weight = 1.0000e+00
 geom_x = 7.309072300727775
 geom_a = 0
 geom_q = 0
 geom_c = 0.0
f0= 7.3091e+00
using cgsolve in c++, ic=False
diag(geom) min= 375.787198 max= 12091.295847
diag(all) min= 375.787198 max= 12091.295847
Trying gamma equal 0.042000
Convergence reached after 12 iterations with no gamma cycles
min(dx) = -2.9012357816755896e-16
max(dx) = 2.3923401047865596e-16
mean(dx)= 8.209311592613821e-18
vdws = 4
atoms = 6
pairs = 14
 geom_x = 7.30907230072777
 geom_a = 0
 geom_q = 0
 geom_c = 0.0
f1, 0= 7.3091e+00
                          N restraints  r.m.s.d.  r.m.s.Z  Mn(sigma)
Bond distances, non H                5     0.005    0.313      0.016
Bond angles, non H                   5     1.088    0.645      2.428
Torsion angles, period 2             1     0.000    0.000      5.000
Planar groups                        4     0.000    0.000      0.020
VDW torsion                          1     0.347    1.735      0.200



====== CYCLE 24 ======

 weight = 1.0000e+00
 geom_x = 7.30907230072777
 geom_a = 0
 geom_q = 0
 geom_c = 0.0
f0= 7.3091e+00
using cgsolve in c++, ic=False
diag(geom) min= 375.787198 max= 12091.295847
diag(all) min= 375.787198 max= 12091.295847
Trying gamma equal 0.042000
Convergence reached after 12 iterations with no gamma cycles
min(dx) = -1.7391205412867776e-16
max(dx) = 2.0564375213764812e-16
mean(dx)= 5.001662274340515e-18
vdws = 4
atoms = 6
pairs = 14
 geom_x = 7.3090723007277845
 geom_a = 0
 geom_q = 0
 geom_c = 0.0
f1, 0= 7.3091e+00
min(dx) = -8.695602706433888e-17
max(dx) = 1.0282187606882406e-16
mean(dx)= 2.5008311371702574e-18
vdws = 4
atoms = 6
pairs = 14
 geom_x = 7.309072300727778
 geom_a = 0
 geom_q = 0
 geom_c = 0.0
f1, 1= 7.3091e+00
min(dx) = -4.347801353216944e-17
max(dx) = 5.141093803441203e-17
mean(dx)= 1.2504155685851287e-18
vdws = 4
atoms = 6
pairs = 14
 geom_x = 7.30907230072777
 geom_a = 0
 geom_q = 0
 geom_c = 0.0
f1, 2= 7.3091e+00
WARNING: function not minimised
                          N restraints  r.m.s.d.  r.m.s.Z  Mn(sigma)
Bond distances, non H                5     0.005    0.313      0.016
Bond angles, non H                   5     1.088    0.645      2.428
Torsion angles, period 2             1     0.000    0.000      5.000
Planar groups                        4     0.000    0.000      0.020
VDW torsion                          1     0.347    1.735      0.200



====== CYCLE 25 ======

 weight = 1.0000e+00
 geom_x = 7.30907230072777
 geom_a = 0
 geom_q = 0
 geom_c = 0.0
f0= 7.3091e+00
using cgsolve in c++, ic=False
diag(geom) min= 375.787198 max= 12091.295847
diag(all) min= 375.787198 max= 12091.295847
Trying gamma equal 0.042000
Convergence reached after 12 iterations with no gamma cycles
min(dx) = -1.740603224374753e-16
max(dx) = 2.5711739010181857e-16
mean(dx)= 1.2555505274754243e-17
vdws = 4
atoms = 6
pairs = 14
 geom_x = 7.3090723007277845
 geom_a = 0
 geom_q = 0
 geom_c = 0.0
f1, 0= 7.3091e+00
min(dx) = -8.703016121873765e-17
max(dx) = 1.2855869505090929e-16
mean(dx)= 6.277752637377121e-18
vdws = 4
atoms = 6
pairs = 14
 geom_x = 7.309072300727799
 geom_a = 0
 geom_q = 0
 geom_c = 0.0
f1, 1= 7.3091e+00
min(dx) = -4.3515080609368827e-17
max(dx) = 6.427934752545464e-17
mean(dx)= 3.1388763186885607e-18
vdws = 4
atoms = 6
pairs = 14
 geom_x = 7.30907230072777
 geom_a = 0
 geom_q = 0
 geom_c = 0.0
f1, 2= 7.3091e+00
WARNING: function not minimised
                          N restraints  r.m.s.d.  r.m.s.Z  Mn(sigma)
Bond distances, non H                5     0.005    0.313      0.016
Bond angles, non H                   5     1.088    0.645      2.428
Torsion angles, period 2             1     0.000    0.000      5.000
Planar groups                        4     0.000    0.000      0.020
VDW torsion                          1     0.347    1.735      0.200



====== CYCLE 26 ======

 weight = 1.0000e+00
 geom_x = 7.30907230072777
 geom_a = 0
 geom_q = 0
 geom_c = 0.0
f0= 7.3091e+00
using cgsolve in c++, ic=False
diag(geom) min= 375.787198 max= 12091.295847
diag(all) min= 375.787198 max= 12091.295847
Trying gamma equal 0.042000
Convergence reached after 12 iterations with no gamma cycles
min(dx) = -1.7552154227515172e-16
max(dx) = 1.4823343055749645e-16
mean(dx)= 7.385041483841259e-18
vdws = 4
atoms = 6
pairs = 14
 geom_x = 7.309072300727801
 geom_a = 0
 geom_q = 0
 geom_c = 0.0
f1, 0= 7.3091e+00
min(dx) = -8.776077113757586e-17
max(dx) = 7.411671527874823e-17
mean(dx)= 3.6925207419206296e-18
vdws = 4
atoms = 6
pairs = 14
 geom_x = 7.309072300727778
 geom_a = 0
 geom_q = 0
 geom_c = 0.0
f1, 1= 7.3091e+00
min(dx) = -4.388038556878793e-17
max(dx) = 3.705835763937411e-17
mean(dx)= 1.8462603709603148e-18
vdws = 4
atoms = 6
pairs = 14
 geom_x = 7.30907230072777
 geom_a = 0
 geom_q = 0
 geom_c = 0.0
f1, 2= 7.3091e+00
WARNING: function not minimised
                          N restraints  r.m.s.d.  r.m.s.Z  Mn(sigma)
Bond distances, non H                5     0.005    0.313      0.016
Bond angles, non H                   5     1.088    0.645      2.428
Torsion angles, period 2             1     0.000    0.000      5.000
Planar groups                        4     0.000    0.000      0.020
VDW torsion                          1     0.347    1.735      0.200



====== CYCLE 27 ======

 weight = 1.0000e+00
 geom_x = 7.30907230072777
 geom_a = 0
 geom_q = 0
 geom_c = 0.0
f0= 7.3091e+00
using cgsolve in c++, ic=False
diag(geom) min= 375.787198 max= 12091.295847
diag(all) min= 375.787198 max= 12091.295847
Trying gamma equal 0.042000
Convergence reached after 12 iterations with no gamma cycles
min(dx) = -1.7560482288093595e-16
max(dx) = 1.462168015392608e-16
mean(dx)= 6.509790739006477e-18
vdws = 4
atoms = 6
pairs = 14
 geom_x = 7.309072300727801
 geom_a = 0
 geom_q = 0
 geom_c = 0.0
f1, 0= 7.3091e+00
min(dx) = -8.780241144046798e-17
max(dx) = 7.31084007696304e-17
mean(dx)= 3.2548953695032385e-18
vdws = 4
atoms = 6
pairs = 14
 geom_x = 7.309072300727778
 geom_a = 0
 geom_q = 0
 geom_c = 0.0
f1, 1= 7.3091e+00
min(dx) = -4.390120572023399e-17
max(dx) = 3.65542003848152e-17
mean(dx)= 1.6274476847516192e-18
vdws = 4
atoms = 6
pairs = 14
 geom_x = 7.30907230072777
 geom_a = 0
 geom_q = 0
 geom_c = 0.0
f1, 2= 7.3091e+00
WARNING: function not minimised
                          N restraints  r.m.s.d.  r.m.s.Z  Mn(sigma)
Bond distances, non H                5     0.005    0.313      0.016
Bond angles, non H                   5     1.088    0.645      2.428
Torsion angles, period 2             1     0.000    0.000      5.000
Planar groups                        4     0.000    0.000      0.020
VDW torsion                          1     0.347    1.735      0.200



====== CYCLE 28 ======

 weight = 1.0000e+00
 geom_x = 7.30907230072777
 geom_a = 0
 geom_q = 0
 geom_c = 0.0
f0= 7.3091e+00
using cgsolve in c++, ic=False
diag(geom) min= 375.787198 max= 12091.295847
diag(all) min= 375.787198 max= 12091.295847
Trying gamma equal 0.042000
Convergence reached after 12 iterations with no gamma cycles
min(dx) = -1.7553567058072556e-16
max(dx) = 1.5052690389556914e-16
mean(dx)= 3.873170881241615e-18
vdws = 4
atoms = 6
pairs = 14
 geom_x = 7.309072300727801
 geom_a = 0
 geom_q = 0
 geom_c = 0.0
f1, 0= 7.3091e+00
min(dx) = -8.776783529036278e-17
max(dx) = 7.526345194778457e-17
mean(dx)= 1.9365854406208075e-18
vdws = 4
atoms = 6
pairs = 14
 geom_x = 7.3090723007278005
 geom_a = 0
 geom_q = 0
 geom_c = 0.0
f1, 1= 7.3091e+00
min(dx) = -4.388391764518139e-17
max(dx) = 3.7631725973892284e-17
mean(dx)= 9.682927203104038e-19
vdws = 4
atoms = 6
pairs = 14
 geom_x = 7.30907230072777
 geom_a = 0
 geom_q = 0
 geom_c = 0.0
f1, 2= 7.3091e+00
WARNING: function not minimised
                          N restraints  r.m.s.d.  r.m.s.Z  Mn(sigma)
Bond distances, non H                5     0.005    0.313      0.016
Bond angles, non H                   5     1.088    0.645      2.428
Torsion angles, period 2             1     0.000    0.000      5.000
Planar groups                        4     0.000    0.000      0.020
VDW torsion                          1     0.347    1.735      0.200



====== CYCLE 29 ======

 weight = 1.0000e+00
 geom_x = 7.30907230072777
 geom_a = 0
 geom_q = 0
 geom_c = 0.0
f0= 7.3091e+00
using cgsolve in c++, ic=False
diag(geom) min= 375.787198 max= 12091.295847
diag(all) min= 375.787198 max= 12091.295847
Trying gamma equal 0.042000
Convergence reached after 12 iterations with no gamma cycles
min(dx) = -1.7559737265787536e-16
max(dx) = 1.507985017239855e-16
mean(dx)= 6.151051352394375e-18
vdws = 4
atoms = 6
pairs = 14
 geom_x = 7.309072300727786
 geom_a = 0
 geom_q = 0
 geom_c = 0.0
f1, 0= 7.3091e+00
min(dx) = -8.779868632893768e-17
max(dx) = 7.539925086199275e-17
mean(dx)= 3.0755256761971875e-18
vdws = 4
atoms = 6
pairs = 14
 geom_x = 7.309072300727799
 geom_a = 0
 geom_q = 0
 geom_c = 0.0
f1, 1= 7.3091e+00
min(dx) = -4.389934316446884e-17
max(dx) = 3.7699625430996375e-17
mean(dx)= 1.5377628380985937e-18
vdws = 4
atoms = 6
pairs = 14
 geom_x = 7.309072300727791
 geom_a = 0
 geom_q = 0
 geom_c = 0.0
f1, 2= 7.3091e+00
WARNING: function not minimised
                          N restraints  r.m.s.d.  r.m.s.Z  Mn(sigma)
Bond distances, non H                5     0.005    0.313      0.016
Bond angles, non H                   5     1.088    0.645      2.428
Torsion angles, period 2             1     0.000    0.000      5.000
Planar groups                        4     0.000    0.000      0.020
VDW torsion                          1     0.347    1.735      0.200



====== CYCLE 30 ======

 weight = 1.0000e+00
 geom_x = 7.309072300727791
 geom_a = 0
 geom_q = 0
 geom_c = 0.0
f0= 7.3091e+00
using cgsolve in c++, ic=False
diag(geom) min= 375.787198 max= 12091.295847
diag(all) min= 375.787198 max= 12091.295847
Trying gamma equal 0.042000
Convergence reached after 12 iterations with no gamma cycles
min(dx) = -2.7350543891064883e-16
max(dx) = 1.6123448541886169e-16
mean(dx)= -1.1380533078444102e-17
vdws = 4
atoms = 6
pairs = 14
 geom_x = 7.3090723007277845
 geom_a = 0
 geom_q = 0
 geom_c = 0.0
f1, 0= 7.3091e+00
                          N restraints  r.m.s.d.  r.m.s.Z  Mn(sigma)
Bond distances, non H                5     0.005    0.313      0.016
Bond angles, non H                   5     1.088    0.645      2.428
Torsion angles, period 2             1     0.000    0.000      5.000
Planar groups                        4     0.000    0.000      0.020
VDW torsion                          1     0.347    1.735      0.200


$TABLE: stats vs cycle :
$GRAPHS
: Geometry :A:1,4,2:
: Geometry Z :A:1,3,5:
$$
 Ncyc  rmsBOND  zBOND  rmsANGL  zANGL
$$
$$
    0   0.0053 0.3130   1.0879 0.6451
    1   0.0053 0.3130   1.0879 0.6451
    2   0.0053 0.3130   1.0879 0.6451
    3   0.0053 0.3130   1.0879 0.6451
    4   0.0053 0.3130   1.0879 0.6451
    5   0.0053 0.3130   1.0879 0.6451
    6   0.0053 0.3130   1.0879 0.6451
    7   0.0053 0.3130   1.0879 0.6451
    8   0.0053 0.3130   1.0879 0.6451
    9   0.0053 0.3130   1.0879 0.6451
   10   0.0053 0.3130   1.0879 0.6451
   11   0.0053 0.3130   1.0879 0.6451
   12   0.0053 0.3130   1.0879 0.6451
   13   0.0053 0.3130   1.0879 0.6451
   14   0.0053 0.3130   1.0879 0.6451
   15   0.0053 0.3130   1.0879 0.6451
   16   0.0053 0.3130   1.0879 0.6451
   17   0.0053 0.3130   1.0879 0.6451
   18   0.0053 0.3130   1.0879 0.6451
   19   0.0053 0.3130   1.0879 0.6451
   20   0.0053 0.3130   1.0879 0.6451
   21   0.0053 0.3130   1.0879 0.6451
   22   0.0053 0.3130   1.0879 0.6451
   23   0.0053 0.3130   1.0879 0.6451
   24   0.0053 0.3130   1.0879 0.6451
   25   0.0053 0.3130   1.0879 0.6451
   26   0.0053 0.3130   1.0879 0.6451
   27   0.0053 0.3130   1.0879 0.6451
   28   0.0053 0.3130   1.0879 0.6451
   29   0.0053 0.3130   1.0879 0.6451
   30   0.0053 0.3130   1.0879 0.6451
$$

Creating restraints..

Chain info:
 chain 
  ligands: CAA (1 residues)

Number of refinement parameters:
       n_params  n_atoms  n_atoms_geom_only  n_atoms_data_only
xyz          12       12                  6                  0
adp           0        0                  0                  0
occ           0        0                  0                  0
dfrac         0        0                  0                  0

Randomizing structure with rmsd of 0.01
Torsion angle rules:
 include:
  {'group': 'peptide', 'tors_name': 'chi*'}
  {'link': '*', 'tors_name': 'omega'}
  {'residue': '*', 'tors_name': 'sp2_sp2*'}
  {'link': '*', 'tors_name': 'sp2_sp2*'}
 exclude:
  none
External restraints from Refmac instructions
 Number of distances          : 0
 Number of angles             : 0
 Number of torsions           : 0
 Number of chirals            : 0
 Number of planes             : 0
 Number of intervals          : 0
 Number of stackings          : 0
 Number of harmonics          : 0
 Number of special positions  : 0

Running 10 cycles with wchir=4 wvdw=2 with hydrogen
Geometry weights
vdws = 23
atoms = 12
pairs = 52
                          N restraints  r.m.s.d.  r.m.s.Z  Mn(sigma)
Bond distances, non H                5     0.011    0.680      0.016
Bond distances, H                    6     0.008    0.583      0.017
Bond angles, non H                   5     1.073    0.640      2.428
Bond angles, H                      13     0.727    0.394      2.077
Torsion angles, period 2             1     0.955    0.191      5.000
Torsion angles, period 6             1     0.653    0.033     20.000
Planar groups                        8     0.001    0.037      0.020
VDW nonbonded                        2     0.182    0.911      0.200
VDW torsion                          5     0.209    1.044      0.200


====== CYCLE  1 ======

 weight = 1.0000e+00
 geom_x = 18.466738728338754
 geom_a = 0
 geom_q = 0
 geom_c = 0.0
f0= 1.8467e+01
using cgsolve in c++, ic=False
diag(geom) min= 616.563995 max= 15605.371130
diag(all) min= 616.563995 max= 15605.371130
Trying gamma equal 0.000000
Not converging with gamma equal 0.000000
Trying gamma equal 0.052500
Gamma decreased to 0.042000
min(dx) = -0.03349992592576984
max(dx) = 0.04448305202996163
mean(dx)= -0.0003159216248425111
vdws = 23
atoms = 12
pairs = 52
 geom_x = 13.897735042579507
 geom_a = 0
 geom_q = 0
 geom_c = 0.0
f1, 0= 1.3898e+01
                          N restraints  r.m.s.d.  r.m.s.Z  Mn(sigma)
Bond distances, non H                5     0.009    0.564      0.016
Bond distances, H                    6     0.001    0.072      0.017
Bond angles, non H                   5     1.591    0.892      2.428
Bond angles, H                      13     0.810    0.313      2.077
Torsion angles, period 2             1     0.210    0.042      5.000
Torsion angles, period 6             1     0.335    0.017     20.000
Planar groups                        8     0.000    0.011      0.020
VDW nonbonded                        2     0.139    0.695      0.200
VDW torsion                          4     0.207    1.033      0.200



====== CYCLE  2 ======

 weight = 1.0000e+00
 geom_x = 13.897735042579507
 geom_a = 0
 geom_q = 0
 geom_c = 0.0
f0= 1.3898e+01
using cgsolve in c++, ic=False
diag(geom) min= 624.923738 max= 15657.427833
diag(all) min= 624.923738 max= 15657.427833
Trying gamma equal 0.042000
Convergence reached after 24 iterations with no gamma cycles
min(dx) = -0.008563327527100187
max(dx) = 0.0066048960619073905
mean(dx)= -0.0002657354472191467
vdws = 23
atoms = 12
pairs = 52
 geom_x = 13.782502148642218
 geom_a = 0
 geom_q = 0
 geom_c = 0.0
f1, 0= 1.3783e+01
                          N restraints  r.m.s.d.  r.m.s.Z  Mn(sigma)
Bond distances, non H                5     0.010    0.618      0.016
Bond distances, H                    6     0.001    0.058      0.017
Bond angles, non H                   5     1.724    0.931      2.428
Bond angles, H                      13     0.817    0.315      2.077
Torsion angles, period 2             1     0.140    0.028      5.000
Torsion angles, period 6             1     0.356    0.018     20.000
Planar groups                        8     0.000    0.003      0.020
VDW nonbonded                        1     0.192    0.958      0.200
VDW torsion                          4     0.202    1.010      0.200



====== CYCLE  3 ======

 weight = 1.0000e+00
 geom_x = 13.782502148642218
 geom_a = 0
 geom_q = 0
 geom_c = 0.0
f0= 1.3783e+01
using cgsolve in c++, ic=False
diag(geom) min= 625.664787 max= 15653.207882
diag(all) min= 625.664787 max= 15653.207882
Trying gamma equal 0.042000
Convergence reached after 27 iterations with no gamma cycles
min(dx) = -0.0037896259140256976
max(dx) = 0.004076292565504049
mean(dx)= -0.00015067880499344165
vdws = 23
atoms = 12
pairs = 52
 geom_x = 13.764364871956335
 geom_a = 0
 geom_q = 0
 geom_c = 0.0
f1, 0= 1.3764e+01
                          N restraints  r.m.s.d.  r.m.s.Z  Mn(sigma)
Bond distances, non H                5     0.011    0.637      0.016
Bond distances, H                    6     0.001    0.057      0.017
Bond angles, non H                   5     1.775    0.940      2.428
Bond angles, H                      13     0.814    0.314      2.077
Torsion angles, period 2             1     0.103    0.021      5.000
Torsion angles, period 6             1     0.438    0.022     20.000
Planar groups                        8     0.000    0.007      0.020
VDW nonbonded                        1     0.191    0.957      0.200
VDW torsion                          4     0.201    1.004      0.200



====== CYCLE  4 ======

 weight = 1.0000e+00
 geom_x = 13.764364871956335
 geom_a = 0
 geom_q = 0
 geom_c = 0.0
f0= 1.3764e+01
using cgsolve in c++, ic=False
diag(geom) min= 626.082916 max= 15648.990275
diag(all) min= 626.082916 max= 15648.990275
Trying gamma equal 0.042000
Convergence reached after 26 iterations with no gamma cycles
min(dx) = -0.0031933697748314886
max(dx) = 0.0030701054220777808
mean(dx)= -0.00010010151670756548
vdws = 23
atoms = 12
pairs = 52
 geom_x = 13.758680946867795
 geom_a = 0
 geom_q = 0
 geom_c = 0.0
f1, 0= 1.3759e+01
                          N restraints  r.m.s.d.  r.m.s.Z  Mn(sigma)
Bond distances, non H                5     0.011    0.643      0.016
Bond distances, H                    6     0.001    0.057      0.017
Bond angles, non H                   5     1.797    0.943      2.428
Bond angles, H                      13     0.812    0.313      2.077
Torsion angles, period 2             1     0.068    0.014      5.000
Torsion angles, period 6             1     0.553    0.028     20.000
Planar groups                        8     0.000    0.009      0.020
VDW nonbonded                        1     0.192    0.958      0.200
VDW torsion                          4     0.200    1.001      0.200



====== CYCLE  5 ======

 weight = 1.0000e+00
 geom_x = 13.758680946867795
 geom_a = 0
 geom_q = 0
 geom_c = 0.0
f0= 1.3759e+01
using cgsolve in c++, ic=False
diag(geom) min= 626.268988 max= 15646.720904
diag(all) min= 626.268988 max= 15646.720904
Trying gamma equal 0.042000
Not converging with gamma equal 0.042000
Trying gamma equal 0.094500
Gamma decreased to 0.084000
min(dx) = -0.0015782600733564255
max(dx) = 0.0012944587432059712
mean(dx)= -3.711859586850081e-05
vdws = 23
atoms = 12
pairs = 52
 geom_x = 13.756913509421866
 geom_a = 0
 geom_q = 0
 geom_c = 0.0
f1, 0= 1.3757e+01
                          N restraints  r.m.s.d.  r.m.s.Z  Mn(sigma)
Bond distances, non H                5     0.011    0.645      0.016
Bond distances, H                    6     0.001    0.057      0.017
Bond angles, non H                   5     1.804    0.944      2.428
Bond angles, H                      13     0.811    0.313      2.077
Torsion angles, period 2             1     0.052    0.010      5.000
Torsion angles, period 6             1     0.617    0.031     20.000
Planar groups                        8     0.000    0.010      0.020
VDW nonbonded                        1     0.192    0.958      0.200
VDW torsion                          4     0.200    1.000      0.200



====== CYCLE  6 ======

 weight = 1.0000e+00
 geom_x = 13.756913509421866
 geom_a = 0
 geom_q = 0
 geom_c = 0.0
f0= 1.3757e+01
using cgsolve in c++, ic=False
diag(geom) min= 626.303676 max= 15646.026090
diag(all) min= 626.303676 max= 15646.026090
Trying gamma equal 0.084000
Convergence reached after 24 iterations with no gamma cycles
min(dx) = -0.0018239867427258976
max(dx) = 0.0013554804936490303
mean(dx)= -3.563952479156803e-05
vdws = 23
atoms = 12
pairs = 52
 geom_x = 13.75515811190031
 geom_a = 0
 geom_q = 0
 geom_c = 0.0
f1, 0= 1.3755e+01
                          N restraints  r.m.s.d.  r.m.s.Z  Mn(sigma)
Bond distances, non H                5     0.011    0.646      0.016
Bond distances, H                    6     0.001    0.057      0.017
Bond angles, non H                   5     1.809    0.945      2.428
Bond angles, H                      13     0.811    0.313      2.077
Torsion angles, period 2             1     0.035    0.007      5.000
Torsion angles, period 6             1     0.696    0.035     20.000
Planar groups                        8     0.000    0.010      0.020
VDW nonbonded                        1     0.192    0.959      0.200
VDW torsion                          4     0.200    1.000      0.200



====== CYCLE  7 ======

 weight = 1.0000e+00
 geom_x = 13.75515811190031
 geom_a = 0
 geom_q = 0
 geom_c = 0.0
f0= 1.3755e+01
using cgsolve in c++, ic=False
diag(geom) min= 626.299789 max= 15645.478170
diag(all) min= 626.299789 max= 15645.478170
Trying gamma equal 0.084000
Convergence reached after 24 iterations with no gamma cycles
min(dx) = -0.0018729785710434712
max(dx) = 0.0013077566826040434
mean(dx)= -3.1198052226072644e-05
vdws = 23
atoms = 12
pairs = 52
 geom_x = 13.753467769045333
 geom_a = 0
 geom_q = 0
 geom_c = 0.0
f1, 0= 1.3753e+01
                          N restraints  r.m.s.d.  r.m.s.Z  Mn(sigma)
Bond distances, non H                5     0.011    0.646      0.016
Bond distances, H                    6     0.001    0.057      0.017
Bond angles, non H                   5     1.812    0.945      2.428
Bond angles, H                      13     0.810    0.312      2.077
Torsion angles, period 2             1     0.019    0.004      5.000
Torsion angles, period 6             1     0.782    0.039     20.000
Planar groups                        8     0.000    0.011      0.020
VDW nonbonded                        1     0.192    0.959      0.200
VDW torsion                          4     0.200    0.999      0.200



====== CYCLE  8 ======

 weight = 1.0000e+00
 geom_x = 13.753467769045333
 geom_a = 0
 geom_q = 0
 geom_c = 0.0
f0= 1.3753e+01
using cgsolve in c++, ic=False
diag(geom) min= 626.264874 max= 15645.088618
diag(all) min= 626.264874 max= 15645.088618
Trying gamma equal 0.084000
Convergence reached after 22 iterations with no gamma cycles
min(dx) = -0.0019088217830842817
max(dx) = 0.0012844272078384041
mean(dx)= -2.7846103434269627e-05
vdws = 23
atoms = 12
pairs = 52
 geom_x = 13.751774355000148
 geom_a = 0
 geom_q = 0
 geom_c = 0.0
f1, 0= 1.3752e+01
                          N restraints  r.m.s.d.  r.m.s.Z  Mn(sigma)
Bond distances, non H                5     0.011    0.646      0.016
Bond distances, H                    6     0.001    0.057      0.017
Bond angles, non H                   5     1.815    0.946      2.428
Bond angles, H                      13     0.810    0.312      2.077
Torsion angles, period 2             1     0.005    0.001      5.000
Torsion angles, period 6             1     0.875    0.044     20.000
Planar groups                        8     0.000    0.011      0.020
VDW nonbonded                        1     0.192    0.959      0.200
VDW torsion                          4     0.200    0.999      0.200



====== CYCLE  9 ======

 weight = 1.0000e+00
 geom_x = 13.751774355000148
 geom_a = 0
 geom_q = 0
 geom_c = 0.0
f0= 1.3752e+01
using cgsolve in c++, ic=False
diag(geom) min= 626.205813 max= 15644.799351
diag(all) min= 626.205813 max= 15644.799351
Trying gamma equal 0.084000
Convergence reached after 22 iterations with no gamma cycles
min(dx) = -0.0019368261477328904
max(dx) = 0.0012764612575745025
mean(dx)= -2.5181696144268246e-05
vdws = 23
atoms = 12
pairs = 52
 geom_x = 13.750047047946811
 geom_a = 0
 geom_q = 0
 geom_c = 0.0
f1, 0= 1.3750e+01
                          N restraints  r.m.s.d.  r.m.s.Z  Mn(sigma)
Bond distances, non H                5     0.011    0.647      0.016
Bond distances, H                    6     0.001    0.057      0.017
Bond angles, non H                   5     1.816    0.946      2.428
Bond angles, H                      13     0.810    0.312      2.077
Torsion angles, period 2             1     0.008    0.002      5.000
Torsion angles, period 6             1     0.975    0.049     20.000
Planar groups                        8     0.000    0.012      0.020
VDW nonbonded                        1     0.192    0.959      0.200
VDW torsion                          4     0.200    0.999      0.200



====== CYCLE 10 ======

 weight = 1.0000e+00
 geom_x = 13.750047047946811
 geom_a = 0
 geom_q = 0
 geom_c = 0.0
f0= 1.3750e+01
using cgsolve in c++, ic=False
diag(geom) min= 626.127204 max= 15644.573605
diag(all) min= 626.127204 max= 15644.573605
Trying gamma equal 0.084000
Convergence reached after 22 iterations with no gamma cycles
min(dx) = -0.001961156093779096
max(dx) = 0.0012787291451414942
mean(dx)= -2.295018477191879e-05
vdws = 23
atoms = 12
pairs = 52
 geom_x = 13.74826824586217
 geom_a = 0
 geom_q = 0
 geom_c = 0.0
f1, 0= 1.3748e+01
                          N restraints  r.m.s.d.  r.m.s.Z  Mn(sigma)
Bond distances, non H                5     0.011    0.647      0.016
Bond distances, H                    6     0.001    0.057      0.017
Bond angles, non H                   5     1.818    0.946      2.428
Bond angles, H                      13     0.810    0.312      2.077
Torsion angles, period 2             1     0.020    0.004      5.000
Torsion angles, period 6             1     1.082    0.054     20.000
Planar groups                        8     0.000    0.012      0.020
VDW nonbonded                        1     0.192    0.959      0.200
VDW torsion                          4     0.200    0.999      0.200


$TABLE: stats vs cycle :
$GRAPHS
: Geometry :A:1,4,2:
: Geometry Z :A:1,3,5:
$$
 Ncyc  rmsBOND  zBOND  rmsANGL  zANGL
$$
$$
    0   0.0107 0.6801   1.0734 0.6403
    1   0.0093 0.5639   1.5907 0.8918
    2   0.0102 0.6184   1.7244 0.9314
    3   0.0105 0.6367   1.7751 0.9403
    4   0.0106 0.6432   1.7975 0.9433
    5   0.0107 0.6448   1.8041 0.9441
    6   0.0107 0.6458   1.8089 0.9447
    7   0.0107 0.6463   1.8121 0.9452
    8   0.0107 0.6465   1.8145 0.9455
    9   0.0107 0.6466   1.8163 0.9458
   10   0.0107 0.6465   1.8178 0.9461
$$

Running 30 cycles with wchir=1 wvdw=2 with hydrogen
Geometry weights
vdws = 23
atoms = 12
pairs = 52
                          N restraints  r.m.s.d.  r.m.s.Z  Mn(sigma)
Bond distances, non H                5     0.011    0.647      0.016
Bond distances, H                    6     0.001    0.057      0.017
Bond angles, non H                   5     1.818    0.946      2.428
Bond angles, H                      13     0.810    0.312      2.077
Torsion angles, period 2             1     0.020    0.004      5.000
Torsion angles, period 6             1     1.082    0.054     20.000
Planar groups                        8     0.000    0.012      0.020
VDW nonbonded                        1     0.192    0.959      0.200
VDW torsion                          4     0.200    0.999      0.200


====== CYCLE  1 ======

 weight = 1.0000e+00
 geom_x = 13.74826824586217
 geom_a = 0
 geom_q = 0
 geom_c = 0.0
f0= 1.3748e+01
using cgsolve in c++, ic=False
diag(geom) min= 626.032173 max= 15644.388471
diag(all) min= 626.032173 max= 15644.388471
Trying gamma equal 0.084000
Convergence reached after 22 iterations with no gamma cycles
min(dx) = -0.0019846086764325937
max(dx) = 0.0012881410914115355
mean(dx)= -2.0993441784937826e-05
vdws = 23
atoms = 12
pairs = 52
 geom_x = 13.74642480792582
 geom_a = 0
 geom_q = 0
 geom_c = 0.0
f1, 0= 1.3746e+01
                          N restraints  r.m.s.d.  r.m.s.Z  Mn(sigma)
Bond distances, non H                5     0.011    0.646      0.016
Bond distances, H                    6     0.001    0.057      0.017
Bond angles, non H                   5     1.819    0.946      2.428
Bond angles, H                      13     0.809    0.312      2.077
Torsion angles, period 2             1     0.030    0.006      5.000
Torsion angles, period 6             1     1.196    0.060     20.000
Planar groups                        8     0.000    0.012      0.020
VDW nonbonded                        1     0.192    0.958      0.200
VDW torsion                          4     0.200    0.999      0.200



====== CYCLE  2 ======

 weight = 1.0000e+00
 geom_x = 13.74642480792582
 geom_a = 0
 geom_q = 0
 geom_c = 0.0
f0= 1.3746e+01
using cgsolve in c++, ic=False
diag(geom) min= 625.922915 max= 15644.229819
diag(all) min= 625.922915 max= 15644.229819
Trying gamma equal 0.084000
Convergence reached after 21 iterations with no gamma cycles
min(dx) = -0.002008919335937045
max(dx) = 0.0013028252914237565
mean(dx)= -1.9209177068476945e-05
vdws = 23
atoms = 12
pairs = 52
 geom_x = 13.744504770804415
 geom_a = 0
 geom_q = 0
 geom_c = 0.0
f1, 0= 1.3745e+01
                          N restraints  r.m.s.d.  r.m.s.Z  Mn(sigma)
Bond distances, non H                5     0.011    0.646      0.016
Bond distances, H                    6     0.001    0.057      0.017
Bond angles, non H                   5     1.820    0.947      2.428
Bond angles, H                      13     0.809    0.312      2.077
Torsion angles, period 2             1     0.040    0.008      5.000
Torsion angles, period 6             1     1.318    0.066     20.000
Planar groups                        8     0.000    0.013      0.020
VDW nonbonded                        1     0.192    0.958      0.200
VDW torsion                          4     0.200    0.999      0.200



====== CYCLE  3 ======

 weight = 1.0000e+00
 geom_x = 13.744504770804415
 geom_a = 0
 geom_q = 0
 geom_c = 0.0
f0= 1.3745e+01
using cgsolve in c++, ic=False
diag(geom) min= 625.801064 max= 15644.088994
diag(all) min= 625.801064 max= 15644.088994
Trying gamma equal 0.084000
Convergence reached after 21 iterations with no gamma cycles
min(dx) = -0.0020351462478805033
max(dx) = 0.001321687693495069
mean(dx)= -1.75311090000273e-05
vdws = 23
atoms = 12
pairs = 52
 geom_x = 13.742496038045772
 geom_a = 0
 geom_q = 0
 geom_c = 0.0
f1, 0= 1.3742e+01
                          N restraints  r.m.s.d.  r.m.s.Z  Mn(sigma)
Bond distances, non H                5     0.011    0.646      0.016
Bond distances, H                    6     0.001    0.057      0.017
Bond angles, non H                   5     1.821    0.947      2.428
Bond angles, H                      13     0.809    0.312      2.077
Torsion angles, period 2             1     0.048    0.010      5.000
Torsion angles, period 6             1     1.448    0.072     20.000
Planar groups                        8     0.000    0.013      0.020
VDW nonbonded                        1     0.192    0.958      0.200
VDW torsion                          4     0.200    0.998      0.200



====== CYCLE  4 ======

 weight = 1.0000e+00
 geom_x = 13.742496038045772
 geom_a = 0
 geom_q = 0
 geom_c = 0.0
f0= 1.3742e+01
using cgsolve in c++, ic=False
diag(geom) min= 625.667973 max= 15643.960822
diag(all) min= 625.667973 max= 15643.960822
Trying gamma equal 0.084000
Convergence reached after 21 iterations with no gamma cycles
min(dx) = -0.00206384045389495
max(dx) = 0.0013440501583618465
mean(dx)= -1.5913425221177515e-05
vdws = 23
atoms = 12
pairs = 52
 geom_x = 13.740385786371748
 geom_a = 0
 geom_q = 0
 geom_c = 0.0
f1, 0= 1.3740e+01
                          N restraints  r.m.s.d.  r.m.s.Z  Mn(sigma)
Bond distances, non H                5     0.011    0.646      0.016
Bond distances, H                    6     0.001    0.057      0.017
Bond angles, non H                   5     1.822    0.947      2.428
Bond angles, H                      13     0.809    0.312      2.077
Torsion angles, period 2             1     0.056    0.011      5.000
Torsion angles, period 6             1     1.585    0.079     20.000
Planar groups                        8     0.000    0.013      0.020
VDW nonbonded                        1     0.192    0.958      0.200
VDW torsion                          4     0.200    0.998      0.200



====== CYCLE  5 ======

 weight = 1.0000e+00
 geom_x = 13.740385786371748
 geom_a = 0
 geom_q = 0
 geom_c = 0.0
f0= 1.3740e+01
using cgsolve in c++, ic=False
diag(geom) min= 625.524870 max= 15643.841984
diag(all) min= 625.524870 max= 15643.841984
Trying gamma equal 0.084000
Convergence reached after 20 iterations with no gamma cycles
min(dx) = -0.002095371020276544
max(dx) = 0.0013695022615852189
mean(dx)= -1.4324423600359807e-05
vdws = 23
atoms = 12
pairs = 52
 geom_x = 13.738160132368469
 geom_a = 0
 geom_q = 0
 geom_c = 0.0
f1, 0= 1.3738e+01
                          N restraints  r.m.s.d.  r.m.s.Z  Mn(sigma)
Bond distances, non H                5     0.011    0.646      0.016
Bond distances, H                    6     0.001    0.057      0.017
Bond angles, non H                   5     1.823    0.947      2.428
Bond angles, H                      13     0.809    0.312      2.077
Torsion angles, period 2             1     0.063    0.013      5.000
Torsion angles, period 6             1     1.732    0.087     20.000
Planar groups                        8     0.000    0.013      0.020
VDW nonbonded                        1     0.191    0.957      0.200
VDW torsion                          4     0.200    0.998      0.200



====== CYCLE  6 ======

 weight = 1.0000e+00
 geom_x = 13.738160132368469
 geom_a = 0
 geom_q = 0
 geom_c = 0.0
f0= 1.3738e+01
using cgsolve in c++, ic=False
diag(geom) min= 625.372977 max= 15643.730511
diag(all) min= 625.372977 max= 15643.730511
Trying gamma equal 0.084000
Convergence reached after 20 iterations with no gamma cycles
min(dx) = -0.0021299363490480377
max(dx) = 0.0013978285220525
mean(dx)= -1.2736929149517286e-05
vdws = 23
atoms = 12
pairs = 52
 geom_x = 13.735812734697047
 geom_a = 0
 geom_q = 0
 geom_c = 0.0
f1, 0= 1.3736e+01
                          N restraints  r.m.s.d.  r.m.s.Z  Mn(sigma)
Bond distances, non H                5     0.011    0.646      0.016
Bond distances, H                    6     0.001    0.057      0.017
Bond angles, non H                   5     1.824    0.948      2.428
Bond angles, H                      13     0.809    0.312      2.077
Torsion angles, period 2             1     0.070    0.014      5.000
Torsion angles, period 6             1     1.886    0.094     20.000
Planar groups                        8     0.000    0.014      0.020
VDW nonbonded                        2     0.135    0.677      0.200
VDW torsion                          4     0.200    0.998      0.200



====== CYCLE  7 ======

 weight = 1.0000e+00
 geom_x = 13.735812734697047
 geom_a = 0
 geom_q = 0
 geom_c = 0.0
f0= 1.3736e+01
using cgsolve in c++, ic=False
diag(geom) min= 625.213599 max= 15643.625130
diag(all) min= 625.213599 max= 15643.625130
Trying gamma equal 0.084000
Convergence reached after 20 iterations with no gamma cycles
min(dx) = -0.0020844891798656776
max(dx) = 0.0014248470737522987
mean(dx)= -1.1238265714957337e-05
vdws = 23
atoms = 12
pairs = 52
 geom_x = 13.733431733651821
 geom_a = 0
 geom_q = 0
 geom_c = 0.0
f1, 0= 1.3733e+01
                          N restraints  r.m.s.d.  r.m.s.Z  Mn(sigma)
Bond distances, non H                5     0.011    0.646      0.016
Bond distances, H                    6     0.001    0.057      0.017
Bond angles, non H                   5     1.826    0.948      2.428
Bond angles, H                      13     0.810    0.312      2.077
Torsion angles, period 2             1     0.076    0.015      5.000
Torsion angles, period 6             1     2.047    0.102     20.000
Planar groups                        8     0.000    0.014      0.020
VDW nonbonded                        2     0.135    0.677      0.200
VDW torsion                          4     0.200    0.998      0.200



====== CYCLE  8 ======

 weight = 1.0000e+00
 geom_x = 13.733431733651821
 geom_a = 0
 geom_q = 0
 geom_c = 0.0
f0= 1.3733e+01
using cgsolve in c++, ic=False
diag(geom) min= 625.064598 max= 15643.426083
diag(all) min= 625.064598 max= 15643.426083
Trying gamma equal 0.084000
Convergence reached after 21 iterations with no gamma cycles
min(dx) = -0.0020769144833926046
max(dx) = 0.001439348420022131
mean(dx)= -9.856594164849512e-06
vdws = 23
atoms = 12
pairs = 52
 geom_x = 13.730970878623301
 geom_a = 0
 geom_q = 0
 geom_c = 0.0
f1, 0= 1.3731e+01
                          N restraints  r.m.s.d.  r.m.s.Z  Mn(sigma)
Bond distances, non H                5     0.011    0.646      0.016
Bond distances, H                    6     0.001    0.057      0.017
Bond angles, non H                   5     1.828    0.948      2.428
Bond angles, H                      13     0.811    0.312      2.077
Torsion angles, period 2             1     0.083    0.017      5.000
Torsion angles, period 6             1     2.214    0.111     20.000
Planar groups                        8     0.000    0.015      0.020
VDW nonbonded                        2     0.135    0.676      0.200
VDW torsion                          4     0.200    0.998      0.200



====== CYCLE  9 ======

 weight = 1.0000e+00
 geom_x = 13.730970878623301
 geom_a = 0
 geom_q = 0
 geom_c = 0.0
f0= 1.3731e+01
using cgsolve in c++, ic=False
diag(geom) min= 624.915876 max= 15643.215022
diag(all) min= 624.915876 max= 15643.215022
Trying gamma equal 0.084000
Convergence reached after 21 iterations with no gamma cycles
min(dx) = -0.0020804909083894057
max(dx) = 0.0015679358616451792
mean(dx)= -7.94490818886654e-06
vdws = 23
atoms = 12
pairs = 52
 geom_x = 13.728408787279983
 geom_a = 0
 geom_q = 0
 geom_c = 0.0
f1, 0= 1.3728e+01
                          N restraints  r.m.s.d.  r.m.s.Z  Mn(sigma)
Bond distances, non H                5     0.011    0.646      0.016
Bond distances, H                    6     0.001    0.057      0.017
Bond angles, non H                   5     1.831    0.948      2.428
Bond angles, H                      13     0.811    0.312      2.077
Torsion angles, period 2             1     0.090    0.018      5.000
Torsion angles, period 6             1     2.390    0.120     20.000
Planar groups                        8     0.000    0.015      0.020
VDW nonbonded                        2     0.135    0.676      0.200
VDW torsion                          4     0.199    0.997      0.200



====== CYCLE 10 ======

 weight = 1.0000e+00
 geom_x = 13.728408787279983
 geom_a = 0
 geom_q = 0
 geom_c = 0.0
f0= 1.3728e+01
using cgsolve in c++, ic=False
diag(geom) min= 624.767671 max= 15643.004016
diag(all) min= 624.767671 max= 15643.004016
Trying gamma equal 0.084000
Convergence reached after 21 iterations with no gamma cycles
min(dx) = -0.0020901993021401042
max(dx) = 0.0017057200093566188
mean(dx)= -5.87401531495481e-06
vdws = 23
atoms = 12
pairs = 52
 geom_x = 13.725723812397693
 geom_a = 0
 geom_q = 0
 geom_c = 0.0
f1, 0= 1.3726e+01
                          N restraints  r.m.s.d.  r.m.s.Z  Mn(sigma)
Bond distances, non H                5     0.011    0.646      0.016
Bond distances, H                    6     0.001    0.057      0.017
Bond angles, non H                   5     1.833    0.949      2.428
Bond angles, H                      13     0.812    0.312      2.077
Torsion angles, period 2             1     0.096    0.019      5.000
Torsion angles, period 6             1     2.575    0.129     20.000
Planar groups                        8     0.000    0.016      0.020
VDW nonbonded                        2     0.135    0.676      0.200
VDW torsion                          4     0.199    0.997      0.200



====== CYCLE 11 ======

 weight = 1.0000e+00
 geom_x = 13.725723812397693
 geom_a = 0
 geom_q = 0
 geom_c = 0.0
f0= 1.3726e+01
using cgsolve in c++, ic=False
diag(geom) min= 624.621570 max= 15642.797665
diag(all) min= 624.621570 max= 15642.797665
Trying gamma equal 0.084000
Convergence reached after 19 iterations with no gamma cycles
min(dx) = -0.002104591953454286
max(dx) = 0.0018503351152276788
mean(dx)= -3.688969331903581e-06
vdws = 23
atoms = 12
pairs = 52
 geom_x = 13.722892817872061
 geom_a = 0
 geom_q = 0
 geom_c = 0.0
f1, 0= 1.3723e+01
                          N restraints  r.m.s.d.  r.m.s.Z  Mn(sigma)
Bond distances, non H                5     0.011    0.646      0.016
Bond distances, H                    6     0.001    0.057      0.017
Bond angles, non H                   5     1.835    0.949      2.428
Bond angles, H                      13     0.812    0.313      2.077
Torsion angles, period 2             1     0.103    0.021      5.000
Torsion angles, period 6             1     2.768    0.138     20.000
Planar groups                        8     0.000    0.016      0.020
VDW nonbonded                        2     0.135    0.676      0.200
VDW torsion                          4     0.199    0.997      0.200



====== CYCLE 12 ======

 weight = 1.0000e+00
 geom_x = 13.722892817872061
 geom_a = 0
 geom_q = 0
 geom_c = 0.0
f0= 1.3723e+01
using cgsolve in c++, ic=False
diag(geom) min= 624.479768 max= 15642.598255
diag(all) min= 624.479768 max= 15642.598255
Trying gamma equal 0.084000
Convergence reached after 19 iterations with no gamma cycles
min(dx) = -0.0021230850477729594
max(dx) = 0.002001493930110489
mean(dx)= -1.3976020133840358e-06
vdws = 23
atoms = 12
pairs = 52
 geom_x = 13.719890877375988
 geom_a = 0
 geom_q = 0
 geom_c = 0.0
f1, 0= 1.3720e+01
                          N restraints  r.m.s.d.  r.m.s.Z  Mn(sigma)
Bond distances, non H                5     0.011    0.646      0.016
Bond distances, H                    6     0.001    0.057      0.017
Bond angles, non H                   5     1.837    0.949      2.428
Bond angles, H                      13     0.813    0.313      2.077
Torsion angles, period 2             1     0.110    0.022      5.000
Torsion angles, period 6             1     2.971    0.149     20.000
Planar groups                        8     0.000    0.017      0.020
VDW nonbonded                        2     0.135    0.675      0.200
VDW torsion                          4     0.199    0.996      0.200



====== CYCLE 13 ======

 weight = 1.0000e+00
 geom_x = 13.719890877375988
 geom_a = 0
 geom_q = 0
 geom_c = 0.0
f0= 1.3720e+01
using cgsolve in c++, ic=False
diag(geom) min= 624.344999 max= 15642.406530
diag(all) min= 624.344999 max= 15642.406530
Trying gamma equal 0.084000
Convergence reached after 19 iterations with no gamma cycles
min(dx) = -0.0021453733880847955
max(dx) = 0.002159312274599396
mean(dx)= 9.94196373023024e-07
vdws = 23
atoms = 12
pairs = 52
 geom_x = 13.716691057171918
 geom_a = 0
 geom_q = 0
 geom_c = 0.0
f1, 0= 1.3717e+01
                          N restraints  r.m.s.d.  r.m.s.Z  Mn(sigma)
Bond distances, non H                5     0.011    0.646      0.016
Bond distances, H                    6     0.001    0.057      0.017
Bond angles, non H                   5     1.839    0.949      2.428
Bond angles, H                      13     0.813    0.313      2.077
Torsion angles, period 2             1     0.117    0.023      5.000
Torsion angles, period 6             1     3.185    0.159     20.000
Planar groups                        8     0.000    0.017      0.020
VDW nonbonded                        2     0.135    0.675      0.200
VDW torsion                          4     0.199    0.996      0.200



====== CYCLE 14 ======

 weight = 1.0000e+00
 geom_x = 13.716691057171918
 geom_a = 0
 geom_q = 0
 geom_c = 0.0
f0= 1.3717e+01
using cgsolve in c++, ic=False
diag(geom) min= 624.220529 max= 15642.222816
diag(all) min= 624.220529 max= 15642.222816
Trying gamma equal 0.084000
Convergence reached after 19 iterations with no gamma cycles
min(dx) = -0.0021713094091470753
max(dx) = 0.0023239257343601544
mean(dx)= 3.4902439044265553e-06
vdws = 23
atoms = 12
pairs = 52
 geom_x = 13.713264217047517
 geom_a = 0
 geom_q = 0
 geom_c = 0.0
f1, 0= 1.3713e+01
                          N restraints  r.m.s.d.  r.m.s.Z  Mn(sigma)
Bond distances, non H                5     0.011    0.646      0.016
Bond distances, H                    6     0.001    0.057      0.017
Bond angles, non H                   5     1.841    0.949      2.428
Bond angles, H                      13     0.813    0.313      2.077
Torsion angles, period 2             1     0.124    0.025      5.000
Torsion angles, period 6             1     3.409    0.170     20.000
Planar groups                        8     0.000    0.018      0.020
VDW nonbonded                        2     0.135    0.674      0.200
VDW torsion                          4     0.199    0.996      0.200



====== CYCLE 15 ======

 weight = 1.0000e+00
 geom_x = 13.713264217047517
 geom_a = 0
 geom_q = 0
 geom_c = 0.0
f0= 1.3713e+01
using cgsolve in c++, ic=False
diag(geom) min= 624.110164 max= 15642.046985
diag(all) min= 624.110164 max= 15642.046985
Trying gamma equal 0.084000
Convergence reached after 19 iterations with no gamma cycles
min(dx) = -0.0022008099738913306
max(dx) = 0.00249551981732964
mean(dx)= 6.096655388646511e-06
vdws = 23
atoms = 12
pairs = 52
 geom_x = 13.709578819608858
 geom_a = 0
 geom_q = 0
 geom_c = 0.0
f1, 0= 1.3710e+01
                          N restraints  r.m.s.d.  r.m.s.Z  Mn(sigma)
Bond distances, non H                5     0.011    0.646      0.016
Bond distances, H                    6     0.001    0.057      0.017
Bond angles, non H                   5     1.843    0.950      2.428
Bond angles, H                      13     0.814    0.313      2.077
Torsion angles, period 2             1     0.132    0.026      5.000
Torsion angles, period 6             1     3.644    0.182     20.000
Planar groups                        8     0.000    0.018      0.020
VDW nonbonded                        2     0.135    0.674      0.200
VDW torsion                          4     0.199    0.996      0.200



====== CYCLE 16 ======

 weight = 1.0000e+00
 geom_x = 13.709578819608858
 geom_a = 0
 geom_q = 0
 geom_c = 0.0
f0= 1.3710e+01
using cgsolve in c++, ic=False
diag(geom) min= 624.018291 max= 15641.878671
diag(all) min= 624.018291 max= 15641.878671
Trying gamma equal 0.084000
Convergence reached after 19 iterations with no gamma cycles
min(dx) = -0.002233818577640043
max(dx) = 0.002674290906333742
mean(dx)= 8.821235345581037e-06
vdws = 23
atoms = 12
pairs = 52
 geom_x = 13.70560074577355
 geom_a = 0
 geom_q = 0
 geom_c = 0.0
f1, 0= 1.3706e+01
                          N restraints  r.m.s.d.  r.m.s.Z  Mn(sigma)
Bond distances, non H                5     0.011    0.646      0.016
Bond distances, H                    6     0.001    0.057      0.017
Bond angles, non H                   5     1.845    0.950      2.428
Bond angles, H                      13     0.814    0.313      2.077
Torsion angles, period 2             1     0.139    0.028      5.000
Torsion angles, period 6             1     3.892    0.195     20.000
Planar groups                        8     0.000    0.019      0.020
VDW nonbonded                        2     0.135    0.673      0.200
VDW torsion                          4     0.199    0.995      0.200



====== CYCLE 17 ======

 weight = 1.0000e+00
 geom_x = 13.70560074577355
 geom_a = 0
 geom_q = 0
 geom_c = 0.0
f0= 1.3706e+01
using cgsolve in c++, ic=False
diag(geom) min= 623.949919 max= 15641.717352
diag(all) min= 623.949919 max= 15641.717352
Trying gamma equal 0.084000
Convergence reached after 19 iterations with no gamma cycles
min(dx) = -0.002282586944357856
max(dx) = 0.0028604211554487074
mean(dx)= 1.167267821495802e-05
vdws = 23
atoms = 12
pairs = 52
 geom_x = 13.701293120802232
 geom_a = 0
 geom_q = 0
 geom_c = 0.0
f1, 0= 1.3701e+01
                          N restraints  r.m.s.d.  r.m.s.Z  Mn(sigma)
Bond distances, non H                5     0.011    0.646      0.016
Bond distances, H                    6     0.001    0.057      0.017
Bond angles, non H                   5     1.846    0.950      2.428
Bond angles, H                      13     0.814    0.313      2.077
Torsion angles, period 2             1     0.147    0.029      5.000
Torsion angles, period 6             1     4.151    0.208     20.000
Planar groups                        8     0.000    0.019      0.020
VDW nonbonded                        2     0.135    0.673      0.200
VDW torsion                          4     0.199    0.995      0.200



====== CYCLE 18 ======

 weight = 1.0000e+00
 geom_x = 13.701293120802232
 geom_a = 0
 geom_q = 0
 geom_c = 0.0
f0= 1.3701e+01
using cgsolve in c++, ic=False
diag(geom) min= 623.910742 max= 15641.562393
diag(all) min= 623.910742 max= 15641.562393
Trying gamma equal 0.084000
Convergence reached after 19 iterations with no gamma cycles
min(dx) = -0.002423869589336058
max(dx) = 0.003054064725370182
mean(dx)= 1.4660086263784243e-05
vdws = 23
atoms = 12
pairs = 52
 geom_x = 13.696616157421643
 geom_a = 0
 geom_q = 0
 geom_c = 0.0
f1, 0= 1.3697e+01
                          N restraints  r.m.s.d.  r.m.s.Z  Mn(sigma)
Bond distances, non H                5     0.011    0.646      0.016
Bond distances, H                    6     0.001    0.057      0.017
Bond angles, non H                   5     1.848    0.950      2.428
Bond angles, H                      13     0.815    0.313      2.077
Torsion angles, period 2             1     0.155    0.031      5.000
Torsion angles, period 6             1     4.424    0.221     20.000
Planar groups                        8     0.000    0.020      0.020
VDW nonbonded                        2     0.134    0.672      0.200
VDW torsion                          4     0.199    0.995      0.200



====== CYCLE 19 ======

 weight = 1.0000e+00
 geom_x = 13.696616157421643
 geom_a = 0
 geom_q = 0
 geom_c = 0.0
f0= 1.3697e+01
using cgsolve in c++, ic=False
diag(geom) min= 623.907201 max= 15641.413064
diag(all) min= 623.907201 max= 15641.413064
Trying gamma equal 0.084000
Convergence reached after 21 iterations with no gamma cycles
min(dx) = -0.0025698879639345948
max(dx) = 0.003255363706789206
mean(dx)= 1.779655794857204e-05
vdws = 23
atoms = 12
pairs = 52
 geom_x = 13.69152702193152
 geom_a = 0
 geom_q = 0
 geom_c = 0.0
f1, 0= 1.3692e+01
                          N restraints  r.m.s.d.  r.m.s.Z  Mn(sigma)
Bond distances, non H                5     0.011    0.646      0.016
Bond distances, H                    6     0.001    0.057      0.017
Bond angles, non H                   5     1.850    0.950      2.428
Bond angles, H                      13     0.815    0.313      2.077
Torsion angles, period 2             1     0.163    0.033      5.000
Torsion angles, period 6             1     4.711    0.236     20.000
Planar groups                        8     0.000    0.021      0.020
VDW nonbonded                        2     0.134    0.671      0.200
VDW torsion                          4     0.199    0.995      0.200



====== CYCLE 20 ======

 weight = 1.0000e+00
 geom_x = 13.69152702193152
 geom_a = 0
 geom_q = 0
 geom_c = 0.0
f0= 1.3692e+01
using cgsolve in c++, ic=False
diag(geom) min= 623.946538 max= 15641.268404
diag(all) min= 623.946538 max= 15641.268404
Trying gamma equal 0.084000
Convergence reached after 21 iterations with no gamma cycles
min(dx) = -0.002720441019797391
max(dx) = 0.0034643590809782473
mean(dx)= 2.108252813375399e-05
vdws = 23
atoms = 12
pairs = 52
 geom_x = 13.685979739823871
 geom_a = 0
 geom_q = 0
 geom_c = 0.0
f1, 0= 1.3686e+01
                          N restraints  r.m.s.d.  r.m.s.Z  Mn(sigma)
Bond distances, non H                5     0.011    0.646      0.016
Bond distances, H                    6     0.001    0.057      0.017
Bond angles, non H                   5     1.851    0.950      2.428
Bond angles, H                      13     0.815    0.313      2.077
Torsion angles, period 2             1     0.172    0.034      5.000
Torsion angles, period 6             1     5.012    0.251     20.000
Planar groups                        8     0.000    0.021      0.020
VDW nonbonded                        2     0.134    0.670      0.200
VDW torsion                          4     0.199    0.995      0.200



====== CYCLE 21 ======

 weight = 1.0000e+00
 geom_x = 13.685979739823871
 geom_a = 0
 geom_q = 0
 geom_c = 0.0
f0= 1.3686e+01
using cgsolve in c++, ic=False
diag(geom) min= 624.036892 max= 15641.127755
diag(all) min= 624.036892 max= 15641.127755
Trying gamma equal 0.084000
Convergence reached after 21 iterations with no gamma cycles
min(dx) = -0.00287544376325465
max(dx) = 0.0036810510011000552
mean(dx)= 2.4533180522406197e-05
vdws = 23
atoms = 12
pairs = 52
 geom_x = 13.679925151562845
 geom_a = 0
 geom_q = 0
 geom_c = 0.0
f1, 0= 1.3680e+01
                          N restraints  r.m.s.d.  r.m.s.Z  Mn(sigma)
Bond distances, non H                5     0.011    0.646      0.016
Bond distances, H                    6     0.001    0.057      0.017
Bond angles, non H                   5     1.853    0.949      2.428
Bond angles, H                      13     0.815    0.313      2.077
Torsion angles, period 2             1     0.180    0.036      5.000
Torsion angles, period 6             1     5.327    0.266     20.000
Planar groups                        8     0.000    0.022      0.020
VDW nonbonded                        2     0.134    0.669      0.200
VDW torsion                          4     0.199    0.994      0.200



====== CYCLE 22 ======

 weight = 1.0000e+00
 geom_x = 13.679925151562845
 geom_a = 0
 geom_q = 0
 geom_c = 0.0
f0= 1.3680e+01
using cgsolve in c++, ic=False
diag(geom) min= 624.187330 max= 15640.990013
diag(all) min= 624.187330 max= 15640.990013
Trying gamma equal 0.084000
Convergence reached after 21 iterations with no gamma cycles
min(dx) = -0.00303467637796175
max(dx) = 0.0039053878968345404
mean(dx)= 2.8156137021153748e-05
vdws = 23
atoms = 12
pairs = 52
 geom_x = 13.673310925375914
 geom_a = 0
 geom_q = 0
 geom_c = 0.0
f1, 0= 1.3673e+01
                          N restraints  r.m.s.d.  r.m.s.Z  Mn(sigma)
Bond distances, non H                5     0.011    0.646      0.016
Bond distances, H                    6     0.001    0.057      0.017
Bond angles, non H                   5     1.854    0.949      2.428
Bond angles, H                      13     0.816    0.312      2.077
Torsion angles, period 2             1     0.190    0.038      5.000
Torsion angles, period 6             1     5.659    0.283     20.000
Planar groups                        8     0.000    0.023      0.020
VDW nonbonded                        2     0.134    0.668      0.200
VDW torsion                          4     0.199    0.994      0.200



====== CYCLE 23 ======

 weight = 1.0000e+00
 geom_x = 13.673310925375914
 geom_a = 0
 geom_q = 0
 geom_c = 0.0
f0= 1.3673e+01
using cgsolve in c++, ic=False
diag(geom) min= 624.407934 max= 15640.854063
diag(all) min= 624.407934 max= 15640.854063
Trying gamma equal 0.084000
Convergence reached after 21 iterations with no gamma cycles
min(dx) = -0.0031978524393055123
max(dx) = 0.004137226907254234
mean(dx)= 3.195912422243998e-05
vdws = 23
atoms = 12
pairs = 52
 geom_x = 13.666081654167963
 geom_a = 0
 geom_q = 0
 geom_c = 0.0
f1, 0= 1.3666e+01
                          N restraints  r.m.s.d.  r.m.s.Z  Mn(sigma)
Bond distances, non H                5     0.011    0.646      0.016
Bond distances, H                    6     0.001    0.056      0.017
Bond angles, non H                   5     1.855    0.949      2.428
Bond angles, H                      13     0.816    0.312      2.077
Torsion angles, period 2             1     0.199    0.040      5.000
Torsion angles, period 6             1     6.006    0.300     20.000
Planar groups                        8     0.000    0.023      0.020
VDW nonbonded                        2     0.133    0.667      0.200
VDW torsion                          4     0.199    0.994      0.200



====== CYCLE 24 ======

 weight = 1.0000e+00
 geom_x = 13.666081654167963
 geom_a = 0
 geom_q = 0
 geom_c = 0.0
f0= 1.3666e+01
using cgsolve in c++, ic=False
diag(geom) min= 624.709857 max= 15640.718692
diag(all) min= 624.709857 max= 15640.718692
Trying gamma equal 0.084000
Convergence reached after 21 iterations with no gamma cycles
min(dx) = -0.0033646034708406615
max(dx) = 0.004376324168513358
mean(dx)= 3.594896836243472e-05
vdws = 23
atoms = 12
pairs = 52
 geom_x = 13.65817905362501
 geom_a = 0
 geom_q = 0
 geom_c = 0.0
f1, 0= 1.3658e+01
                          N restraints  r.m.s.d.  r.m.s.Z  Mn(sigma)
Bond distances, non H                5     0.011    0.645      0.016
Bond distances, H                    6     0.001    0.056      0.017
Bond angles, non H                   5     1.857    0.948      2.428
Bond angles, H                      13     0.816    0.312      2.077
Torsion angles, period 2             1     0.209    0.042      5.000
Torsion angles, period 6             1     6.370    0.319     20.000
Planar groups                        8     0.000    0.024      0.020
VDW nonbonded                        2     0.133    0.666      0.200
VDW torsion                          4     0.199    0.994      0.200



====== CYCLE 25 ======

 weight = 1.0000e+00
 geom_x = 13.65817905362501
 geom_a = 0
 geom_q = 0
 geom_c = 0.0
f0= 1.3658e+01
using cgsolve in c++, ic=False
diag(geom) min= 625.105376 max= 15640.582578
diag(all) min= 625.105376 max= 15640.582578
Trying gamma equal 0.084000
Convergence reached after 21 iterations with no gamma cycles
min(dx) = -0.003534468589119987
max(dx) = 0.004622319960551639
mean(dx)= 4.0131098067606626e-05
vdws = 23
atoms = 12
pairs = 52
 geom_x = 13.64954228444172
 geom_a = 0
 geom_q = 0
 geom_c = 0.0
f1, 0= 1.3650e+01
                          N restraints  r.m.s.d.  r.m.s.Z  Mn(sigma)
Bond distances, non H                5     0.011    0.645      0.016
Bond distances, H                    6     0.001    0.056      0.017
Bond angles, non H                   5     1.858    0.948      2.428
Bond angles, H                      13     0.816    0.312      2.077
Torsion angles, period 2             1     0.219    0.044      5.000
Torsion angles, period 6             1     6.751    0.338     20.000
Planar groups                        8     0.000    0.025      0.020
VDW nonbonded                        2     0.133    0.664      0.200
VDW torsion                          4     0.199    0.993      0.200



====== CYCLE 26 ======

 weight = 1.0000e+00
 geom_x = 13.64954228444172
 geom_a = 0
 geom_q = 0
 geom_c = 0.0
f0= 1.3650e+01
using cgsolve in c++, ic=False
diag(geom) min= 625.607932 max= 15640.444287
diag(all) min= 625.607932 max= 15640.444287
Trying gamma equal 0.084000
Not converging with gamma equal 0.084000
Trying gamma equal 0.136500
Gamma decreased to 0.126000
min(dx) = -0.0023130521018796604
max(dx) = 0.0030525911945301493
mean(dx)= 2.8499987840969417e-05
vdws = 23
atoms = 12
pairs = 52
 geom_x = 13.643659715231644
 geom_a = 0
 geom_q = 0
 geom_c = 0.0
f1, 0= 1.3644e+01
                          N restraints  r.m.s.d.  r.m.s.Z  Mn(sigma)
Bond distances, non H                5     0.011    0.645      0.016
Bond distances, H                    6     0.001    0.056      0.017
Bond angles, non H                   5     1.858    0.948      2.428
Bond angles, H                      13     0.816    0.312      2.077
Torsion angles, period 2             1     0.225    0.045      5.000
Torsion angles, period 6             1     7.005    0.350     20.000
Planar groups                        8     0.001    0.026      0.020
VDW nonbonded                        2     0.133    0.663      0.200
VDW torsion                          4     0.199    0.993      0.200



====== CYCLE 27 ======

 weight = 1.0000e+00
 geom_x = 13.643659715231644
 geom_a = 0
 geom_q = 0
 geom_c = 0.0
f0= 1.3644e+01
using cgsolve in c++, ic=False
diag(geom) min= 625.996801 max= 15640.424368
diag(all) min= 625.996801 max= 15640.424368
Trying gamma equal 0.126000
Convergence reached after 18 iterations with no gamma cycles
min(dx) = -0.0025911459984062223
max(dx) = 0.0034204657284833085
mean(dx)= 3.221754766468502e-05
vdws = 23
atoms = 12
pairs = 52
 geom_x = 13.636936002023303
 geom_a = 0
 geom_q = 0
 geom_c = 0.0
f1, 0= 1.3637e+01
                          N restraints  r.m.s.d.  r.m.s.Z  Mn(sigma)
Bond distances, non H                5     0.011    0.645      0.016
Bond distances, H                    6     0.001    0.056      0.017
Bond angles, non H                   5     1.859    0.947      2.428
Bond angles, H                      13     0.816    0.312      2.077
Torsion angles, period 2             1     0.232    0.046      5.000
Torsion angles, period 6             1     7.284    0.364     20.000
Planar groups                        8     0.001    0.026      0.020
VDW nonbonded                        2     0.132    0.662      0.200
VDW torsion                          4     0.199    0.993      0.200



====== CYCLE 28 ======

 weight = 1.0000e+00
 geom_x = 13.636936002023303
 geom_a = 0
 geom_q = 0
 geom_c = 0.0
f0= 1.3637e+01
using cgsolve in c++, ic=False
diag(geom) min= 626.467136 max= 15640.331317
diag(all) min= 626.467136 max= 15640.331317
Trying gamma equal 0.126000
Convergence reached after 18 iterations with no gamma cycles
min(dx) = -0.002672548596302383
max(dx) = 0.0035401277222894116
mean(dx)= 3.4330122828397604e-05
vdws = 23
atoms = 12
pairs = 52
 geom_x = 13.6297999503172
 geom_a = 0
 geom_q = 0
 geom_c = 0.0
f1, 0= 1.3630e+01
                          N restraints  r.m.s.d.  r.m.s.Z  Mn(sigma)
Bond distances, non H                5     0.011    0.645      0.016
Bond distances, H                    6     0.001    0.056      0.017
Bond angles, non H                   5     1.859    0.947      2.428
Bond angles, H                      13     0.816    0.311      2.077
Torsion angles, period 2             1     0.239    0.048      5.000
Torsion angles, period 6             1     7.572    0.379     20.000
Planar groups                        8     0.001    0.027      0.020
VDW nonbonded                        2     0.132    0.660      0.200
VDW torsion                          4     0.199    0.993      0.200



====== CYCLE 29 ======

 weight = 1.0000e+00
 geom_x = 13.6297999503172
 geom_a = 0
 geom_q = 0
 geom_c = 0.0
f0= 1.3630e+01
using cgsolve in c++, ic=False
diag(geom) min= 627.003632 max= 15640.237700
diag(all) min= 627.003632 max= 15640.237700
Trying gamma equal 0.126000
Convergence reached after 18 iterations with no gamma cycles
min(dx) = -0.00275429042967077
max(dx) = 0.0036622158302974522
mean(dx)= 3.6530520710595394e-05
vdws = 23
atoms = 12
pairs = 52
 geom_x = 13.622230819749113
 geom_a = 0
 geom_q = 0
 geom_c = 0.0
f1, 0= 1.3622e+01
                          N restraints  r.m.s.d.  r.m.s.Z  Mn(sigma)
Bond distances, non H                5     0.011    0.644      0.016
Bond distances, H                    6     0.001    0.056      0.017
Bond angles, non H                   5     1.860    0.946      2.428
Bond angles, H                      13     0.816    0.311      2.077
Torsion angles, period 2             1     0.247    0.049      5.000
Torsion angles, period 6             1     7.868    0.393     20.000
Planar groups                        8     0.001    0.027      0.020
VDW nonbonded                        2     0.132    0.659      0.200
VDW torsion                          4     0.199    0.993      0.200



====== CYCLE 30 ======

 weight = 1.0000e+00
 geom_x = 13.622230819749113
 geom_a = 0
 geom_q = 0
 geom_c = 0.0
f0= 1.3622e+01
using cgsolve in c++, ic=False
diag(geom) min= 627.612355 max= 15640.140031
diag(all) min= 627.612355 max= 15640.140031
Trying gamma equal 0.126000
Convergence reached after 18 iterations with no gamma cycles
min(dx) = -0.002836079091050555
max(dx) = 0.003785870545185908
mean(dx)= 3.880058620708854e-05
vdws = 23
atoms = 12
pairs = 52
 geom_x = 13.614207973254999
 geom_a = 0
 geom_q = 0
 geom_c = 0.0
f1, 0= 1.3614e+01
                          N restraints  r.m.s.d.  r.m.s.Z  Mn(sigma)
Bond distances, non H                5     0.011    0.644      0.016
Bond distances, H                    6     0.001    0.056      0.017
Bond angles, non H                   5     1.860    0.946      2.428
Bond angles, H                      13     0.815    0.311      2.077
Torsion angles, period 2             1     0.255    0.051      5.000
Torsion angles, period 6             1     8.173    0.409     20.000
Planar groups                        8     0.001    0.028      0.020
VDW nonbonded                        2     0.131    0.657      0.200
VDW torsion                          4     0.199    0.993      0.200


$TABLE: stats vs cycle :
$GRAPHS
: Geometry :A:1,4,2:
: Geometry Z :A:1,3,5:
$$
 Ncyc  rmsBOND  zBOND  rmsANGL  zANGL
$$
$$
    0   0.0107 0.6465   1.8178 0.9461
    1   0.0107 0.6465   1.8191 0.9464
    2   0.0107 0.6463   1.8203 0.9466
    3   0.0107 0.6462   1.8214 0.9468
    4   0.0107 0.6460   1.8224 0.9471
    5   0.0107 0.6459   1.8234 0.9473
    6   0.0107 0.6457   1.8244 0.9475
    7   0.0107 0.6457   1.8263 0.9478
    8   0.0107 0.6457   1.8284 0.9481
    9   0.0107 0.6458   1.8305 0.9484
   10   0.0107 0.6459   1.8327 0.9486
   11   0.0107 0.6459   1.8347 0.9489
   12   0.0107 0.6460   1.8368 0.9491
   13   0.0107 0.6461   1.8388 0.9493
   14   0.0107 0.6461   1.8408 0.9494
   15   0.0107 0.6461   1.8427 0.9495
   16   0.0107 0.6461   1.8445 0.9496
   17   0.0107 0.6461   1.8463 0.9497
   18   0.0107 0.6461   1.8480 0.9497
   19   0.0107 0.6461   1.8496 0.9496
   20   0.0107 0.6460   1.8512 0.9495
   21   0.0107 0.6459   1.8527 0.9494
   22   0.0107 0.6458   1.8541 0.9491
   23   0.0107 0.6456   1.8554 0.9488
   24   0.0107 0.6455   1.8565 0.9485
   25   0.0107 0.6452   1.8576 0.9480
   26   0.0107 0.6451   1.8582 0.9477
   27   0.0107 0.6449   1.8587 0.9472
   28   0.0106 0.6447   1.8593 0.9468
   29   0.0106 0.6445   1.8597 0.9463
   30   0.0106 0.6442   1.8601 0.9457
$$

Updated dictionary saved: CAA_MODEL_TMP/mol_1_conf_9_updated.cif
Refinement statistics saved: CAA_MODEL_TMP/mol_1_conf_9_stats.json

# Finished on 2026-06-14 11:38:39.699479

=========END OF PROCESS INFORMATION ==========
