
============ PROCESS INFORMATION =============
# Servalcat ver. 0.4.128 (Python 3.9.18)
# Library vers. gemmi 0.7.4, scipy 1.7.3, numpy 1.19.5, pandas 1.3.5
# Started on 2026-06-14 11:38:50.274784
# Host: Mac.lan User: hilgersmt
# Command-line:
# servalcat --logfile CAA_MODEL_TMP/servalcat.log refine_geom --update_dictionary CAA_MODEL_TMP/mol_1_conf_15_init.cif -o CAA_MODEL_TMP/mol_1_conf_15 --randomize 0.01
Config loaded
--
refine:
  atom_selection:
    xyz:
      include:
      - '*'
      exclude: []
      exclude_restraint: []
    adp:
      include: []
      exclude: []
      exclude_restraint: []
    occ:
      include: []
      exclude: []
      exclude_restraint: []
    dfrac:
      include: []
      exclude: []
      exclude_restraint: []
  occ_groups: []
  occ_group_constraints: []
  occ_group_const_mu: 10.0
  occ_group_const_mu_update_factor: 1.1
  occ_group_const_mu_update_tol_rel: 0.25
  occ_group_const_mu_update_tol_abs: 0.01
  initialisation:
    adp: {}
    occ: {}
    dfrac: {}
  write_trajectory: false
--
Reading monomers from /Applications/ccp4-9/lib/data/monomers/
Reading monomer: CAA_MODEL_TMP/mol_1_conf_15_init.cif
WARNING:: updating monomer CAA using CAA_MODEL_TMP/mol_1_conf_15_init.cif
Monomer library loaded: 1 monomers, 109 links, 133 modifications
       loaded monomers: CAA

Checking if unknown atoms exist..
Creating restraints..

Chain info:
 chain 
  ligands: CAA (1 residues)

Number of refinement parameters:
       n_params  n_atoms  n_atoms_geom_only  n_atoms_data_only
xyz           6        6                  0                  0
adp           0        0                  0                  0
occ           0        0                  0                  0
dfrac         0        0                  0                  0

Randomizing structure with rmsd of 0.01
Torsion angle rules:
 include:
  {'group': 'peptide', 'tors_name': 'chi*'}
  {'link': '*', 'tors_name': 'omega'}
  {'residue': '*', 'tors_name': 'sp2_sp2*'}
  {'link': '*', 'tors_name': 'sp2_sp2*'}
 exclude:
  none
External restraints from Refmac instructions
 Number of distances          : 0
 Number of angles             : 0
 Number of torsions           : 0
 Number of chirals            : 0
 Number of planes             : 0
 Number of intervals          : 0
 Number of stackings          : 0
 Number of harmonics          : 0
 Number of special positions  : 0

Running 10 cycles with wchir=4 wvdw=2 without hydrogen
Geometry weights
vdws = 4
atoms = 6
pairs = 14
 *** Bond distances outliers (Z >= 5) ***

    atom1     atom2  value  ideal  sigma     z
/CAA 1/C2 /CAA 1/N1  1.435  1.335  0.016 6.125

                          N restraints  r.m.s.d.  r.m.s.Z  Mn(sigma)
Bond distances, non H                5     0.047    2.823      0.016
Bond angles, non H                   5     2.480    1.007      2.428
Torsion angles, period 2             1     1.719    0.344      5.000
Planar groups                        4     0.007    0.363      0.020
VDW torsion                          1     0.371    1.857      0.200


====== CYCLE  1 ======

 weight = 1.0000e+00
 geom_x = 29.682397665569432
 geom_a = 0
 geom_q = 0
 geom_c = 0.0
f0= 2.9682e+01
using cgsolve in c++, ic=False
diag(geom) min= 489.533376 max= 11918.757661
diag(all) min= 489.533376 max= 11918.757661
Trying gamma equal 0.000000
Convergence reached after 11 iterations with no gamma cycles
min(dx) = -0.04987297997718478
max(dx) = 0.09761329953819912
mean(dx)= 0.0033684812921554556
vdws = 4
atoms = 6
pairs = 14
 geom_x = 7.432456509970076
 geom_a = 0
 geom_q = 0
 geom_c = 0.0
f1, 0= 7.4325e+00
                          N restraints  r.m.s.d.  r.m.s.Z  Mn(sigma)
Bond distances, non H                5     0.007    0.421      0.016
Bond angles, non H                   5     1.121    0.661      2.428
Torsion angles, period 2             1     0.062    0.012      5.000
Planar groups                        4     0.000    0.009      0.020
VDW torsion                          1     0.343    1.717      0.200



====== CYCLE  2 ======

 weight = 1.0000e+00
 geom_x = 7.432456509970076
 geom_a = 0
 geom_q = 0
 geom_c = 0.0
f0= 7.4325e+00
using cgsolve in c++, ic=False
diag(geom) min= 478.929906 max= 12205.617206
diag(all) min= 478.929906 max= 12205.617206
Trying gamma equal 0.000000
Convergence reached after 11 iterations with no gamma cycles
min(dx) = -0.003929075457916702
max(dx) = 0.001732862273636144
mean(dx)= -0.0003748263046638688
vdws = 4
atoms = 6
pairs = 14
 geom_x = 7.309073426036855
 geom_a = 0
 geom_q = 0
 geom_c = 0.0
f1, 0= 7.3091e+00
                          N restraints  r.m.s.d.  r.m.s.Z  Mn(sigma)
Bond distances, non H                5     0.005    0.313      0.016
Bond angles, non H                   5     1.089    0.646      2.428
Torsion angles, period 2             1     0.000    0.000      5.000
Planar groups                        4     0.000    0.000      0.020
VDW torsion                          1     0.347    1.735      0.200



====== CYCLE  3 ======

 weight = 1.0000e+00
 geom_x = 7.309073426036855
 geom_a = 0
 geom_q = 0
 geom_c = 0.0
f0= 7.3091e+00
using cgsolve in c++, ic=False
diag(geom) min= 480.783822 max= 12204.608899
diag(all) min= 480.783822 max= 12204.608899
Trying gamma equal 0.000000
Convergence reached after 11 iterations with no gamma cycles
min(dx) = -1.5542467774828425e-05
max(dx) = 3.0186813368235572e-05
mean(dx)= 1.5297234861093153e-06
vdws = 4
atoms = 6
pairs = 14
 geom_x = 7.3090723013308025
 geom_a = 0
 geom_q = 0
 geom_c = 0.0
f1, 0= 7.3091e+00
                          N restraints  r.m.s.d.  r.m.s.Z  Mn(sigma)
Bond distances, non H                5     0.005    0.313      0.016
Bond angles, non H                   5     1.088    0.645      2.428
Torsion angles, period 2             1     0.000    0.000      5.000
Planar groups                        4     0.000    0.000      0.020
VDW torsion                          1     0.347    1.735      0.200



====== CYCLE  4 ======

 weight = 1.0000e+00
 geom_x = 7.3090723013308025
 geom_a = 0
 geom_q = 0
 geom_c = 0.0
f0= 7.3091e+00
using cgsolve in c++, ic=False
diag(geom) min= 480.818889 max= 12204.484326
diag(all) min= 480.818889 max= 12204.484326
Trying gamma equal 0.000000
Convergence reached after 11 iterations with no gamma cycles
min(dx) = -1.588690392950042e-06
max(dx) = 6.745925621930845e-07
mean(dx)= -3.018976924838978e-08
vdws = 4
atoms = 6
pairs = 14
 geom_x = 7.309072300737565
 geom_a = 0
 geom_q = 0
 geom_c = 0.0
f1, 0= 7.3091e+00
                          N restraints  r.m.s.d.  r.m.s.Z  Mn(sigma)
Bond distances, non H                5     0.005    0.313      0.016
Bond angles, non H                   5     1.088    0.645      2.428
Torsion angles, period 2             1     0.000    0.000      5.000
Planar groups                        4     0.000    0.000      0.020
VDW torsion                          1     0.347    1.735      0.200



====== CYCLE  5 ======

 weight = 1.0000e+00
 geom_x = 7.309072300737565
 geom_a = 0
 geom_q = 0
 geom_c = 0.0
f0= 7.3091e+00
using cgsolve in c++, ic=False
diag(geom) min= 480.814696 max= 12204.486487
diag(all) min= 480.814696 max= 12204.486487
Trying gamma equal 0.000000
Convergence reached after 11 iterations with no gamma cycles
min(dx) = -1.933740284722329e-07
max(dx) = 1.6680013347081351e-07
mean(dx)= 8.727747703125346e-10
vdws = 4
atoms = 6
pairs = 14
 geom_x = 7.309072300728063
 geom_a = 0
 geom_q = 0
 geom_c = 0.0
f1, 0= 7.3091e+00
                          N restraints  r.m.s.d.  r.m.s.Z  Mn(sigma)
Bond distances, non H                5     0.005    0.313      0.016
Bond angles, non H                   5     1.088    0.645      2.428
Torsion angles, period 2             1     0.000    0.000      5.000
Planar groups                        4     0.000    0.000      0.020
VDW torsion                          1     0.347    1.735      0.200



====== CYCLE  6 ======

 weight = 1.0000e+00
 geom_x = 7.309072300728063
 geom_a = 0
 geom_q = 0
 geom_c = 0.0
f0= 7.3091e+00
using cgsolve in c++, ic=False
diag(geom) min= 480.814125 max= 12204.486539
diag(all) min= 480.814125 max= 12204.486539
Trying gamma equal 0.000000
Convergence reached after 11 iterations with no gamma cycles
min(dx) = -3.350814415512873e-08
max(dx) = 2.5998903729834245e-08
mean(dx)= 2.9527186941446016e-11
vdws = 4
atoms = 6
pairs = 14
 geom_x = 7.30907230072781
 geom_a = 0
 geom_q = 0
 geom_c = 0.0
f1, 0= 7.3091e+00
                          N restraints  r.m.s.d.  r.m.s.Z  Mn(sigma)
Bond distances, non H                5     0.005    0.313      0.016
Bond angles, non H                   5     1.088    0.645      2.428
Torsion angles, period 2             1     0.000    0.000      5.000
Planar groups                        4     0.000    0.000      0.020
VDW torsion                          1     0.347    1.735      0.200



====== CYCLE  7 ======

 weight = 1.0000e+00
 geom_x = 7.30907230072781
 geom_a = 0
 geom_q = 0
 geom_c = 0.0
f0= 7.3091e+00
using cgsolve in c++, ic=False
diag(geom) min= 480.814028 max= 12204.486555
diag(all) min= 480.814028 max= 12204.486555
Trying gamma equal 0.000000
Convergence reached after 11 iterations with no gamma cycles
min(dx) = -5.498230599050876e-09
max(dx) = 4.320563156815927e-09
mean(dx)= 7.358821642364374e-12
vdws = 4
atoms = 6
pairs = 14
 geom_x = 7.309072300727771
 geom_a = 0
 geom_q = 0
 geom_c = 0.0
f1, 0= 7.3091e+00
                          N restraints  r.m.s.d.  r.m.s.Z  Mn(sigma)
Bond distances, non H                5     0.005    0.313      0.016
Bond angles, non H                   5     1.088    0.645      2.428
Torsion angles, period 2             1     0.000    0.000      5.000
Planar groups                        4     0.000    0.000      0.020
VDW torsion                          1     0.347    1.735      0.200



====== CYCLE  8 ======

 weight = 1.0000e+00
 geom_x = 7.309072300727771
 geom_a = 0
 geom_q = 0
 geom_c = 0.0
f0= 7.3091e+00
using cgsolve in c++, ic=False
diag(geom) min= 480.814012 max= 12204.486557
diag(all) min= 480.814012 max= 12204.486557
Trying gamma equal 0.000000
Convergence reached after 11 iterations with no gamma cycles
min(dx) = -9.077806360865642e-10
max(dx) = 7.120849853973974e-10
mean(dx)= 1.1599423892764166e-12
vdws = 4
atoms = 6
pairs = 14
 geom_x = 7.3090723007277925
 geom_a = 0
 geom_q = 0
 geom_c = 0.0
f1, 0= 7.3091e+00
min(dx) = -4.538903180432821e-10
max(dx) = 3.560424926986987e-10
mean(dx)= 5.799711946382083e-13
vdws = 4
atoms = 6
pairs = 14
 geom_x = 7.309072300727795
 geom_a = 0
 geom_q = 0
 geom_c = 0.0
f1, 1= 7.3091e+00
min(dx) = -2.2694515902164104e-10
max(dx) = 1.7802124634934935e-10
mean(dx)= 2.8998559731910414e-13
vdws = 4
atoms = 6
pairs = 14
 geom_x = 7.30907230072777
 geom_a = 0
 geom_q = 0
 geom_c = 0.0
f1, 2= 7.3091e+00
                          N restraints  r.m.s.d.  r.m.s.Z  Mn(sigma)
Bond distances, non H                5     0.005    0.313      0.016
Bond angles, non H                   5     1.088    0.645      2.428
Torsion angles, period 2             1     0.000    0.000      5.000
Planar groups                        4     0.000    0.000      0.020
VDW torsion                          1     0.347    1.735      0.200



====== CYCLE  9 ======

 weight = 1.0000e+00
 geom_x = 7.30907230072777
 geom_a = 0
 geom_q = 0
 geom_c = 0.0
f0= 7.3091e+00
using cgsolve in c++, ic=False
diag(geom) min= 480.814011 max= 12204.486557
diag(all) min= 480.814011 max= 12204.486557
Trying gamma equal 0.000000
Convergence reached after 11 iterations with no gamma cycles
min(dx) = -7.182733494164889e-10
max(dx) = 5.63437754555569e-10
mean(dx)= 9.18116962933859e-13
vdws = 4
atoms = 6
pairs = 14
 geom_x = 7.30907230072779
 geom_a = 0
 geom_q = 0
 geom_c = 0.0
f1, 0= 7.3091e+00
min(dx) = -3.5913667470824444e-10
max(dx) = 2.817188772777845e-10
mean(dx)= 4.590584814669295e-13
vdws = 4
atoms = 6
pairs = 14
 geom_x = 7.309072300727788
 geom_a = 0
 geom_q = 0
 geom_c = 0.0
f1, 1= 7.3091e+00
min(dx) = -1.7956833735412222e-10
max(dx) = 1.4085943863889225e-10
mean(dx)= 2.2952924073346476e-13
vdws = 4
atoms = 6
pairs = 14
 geom_x = 7.309072300727806
 geom_a = 0
 geom_q = 0
 geom_c = 0.0
f1, 2= 7.3091e+00
WARNING: function not minimised
                          N restraints  r.m.s.d.  r.m.s.Z  Mn(sigma)
Bond distances, non H                5     0.005    0.313      0.016
Bond angles, non H                   5     1.088    0.645      2.428
Torsion angles, period 2             1     0.000    0.000      5.000
Planar groups                        4     0.000    0.000      0.020
VDW torsion                          1     0.347    1.735      0.200



====== CYCLE 10 ======

 weight = 1.0000e+00
 geom_x = 7.309072300727806
 geom_a = 0
 geom_q = 0
 geom_c = 0.0
f0= 7.3091e+00
using cgsolve in c++, ic=False
diag(geom) min= 480.814011 max= 12204.486557
diag(all) min= 480.814011 max= 12204.486557
Trying gamma equal 0.000000
Convergence reached after 11 iterations with no gamma cycles
min(dx) = -5.683275405428301e-10
max(dx) = 4.458208964311808e-10
mean(dx)= 7.26719143858795e-13
vdws = 4
atoms = 6
pairs = 14
 geom_x = 7.3090723007277845
 geom_a = 0
 geom_q = 0
 geom_c = 0.0
f1, 0= 7.3091e+00
                          N restraints  r.m.s.d.  r.m.s.Z  Mn(sigma)
Bond distances, non H                5     0.005    0.313      0.016
Bond angles, non H                   5     1.088    0.645      2.428
Torsion angles, period 2             1     0.000    0.000      5.000
Planar groups                        4     0.000    0.000      0.020
VDW torsion                          1     0.347    1.735      0.200


$TABLE: stats vs cycle :
$GRAPHS
: Geometry :A:1,2,4:
: Geometry Z :A:1,3,5:
$$
 Ncyc  rmsBOND  zBOND  rmsANGL  zANGL
$$
$$
    0   0.0466 2.8232   2.4795 1.0072
    1   0.0066 0.4213   1.1212 0.6611
    2   0.0053 0.3131   1.0888 0.6457
    3   0.0053 0.3130   1.0879 0.6451
    4   0.0053 0.3130   1.0879 0.6451
    5   0.0053 0.3130   1.0879 0.6451
    6   0.0053 0.3130   1.0879 0.6451
    7   0.0053 0.3130   1.0879 0.6451
    8   0.0053 0.3130   1.0879 0.6451
    9   0.0053 0.3130   1.0879 0.6451
   10   0.0053 0.3130   1.0879 0.6451
$$

Running 30 cycles with wchir=1 wvdw=2 without hydrogen
Geometry weights
vdws = 4
atoms = 6
pairs = 14
                          N restraints  r.m.s.d.  r.m.s.Z  Mn(sigma)
Bond distances, non H                5     0.005    0.313      0.016
Bond angles, non H                   5     1.088    0.645      2.428
Torsion angles, period 2             1     0.000    0.000      5.000
Planar groups                        4     0.000    0.000      0.020
VDW torsion                          1     0.347    1.735      0.200


====== CYCLE  1 ======

 weight = 1.0000e+00
 geom_x = 7.3090723007277845
 geom_a = 0
 geom_q = 0
 geom_c = 0.0
f0= 7.3091e+00
using cgsolve in c++, ic=False
diag(geom) min= 480.814009 max= 12204.486557
diag(all) min= 480.814009 max= 12204.486557
Trying gamma equal 0.000000
Convergence reached after 11 iterations with no gamma cycles
min(dx) = -9.375534353904203e-11
max(dx) = 7.356068489809854e-11
mean(dx)= 1.2057303548591855e-13
vdws = 4
atoms = 6
pairs = 14
 geom_x = 7.3090723007277925
 geom_a = 0
 geom_q = 0
 geom_c = 0.0
f1, 0= 7.3091e+00
min(dx) = -4.6877671769521016e-11
max(dx) = 3.678034244904927e-11
mean(dx)= 6.028651774295928e-14
vdws = 4
atoms = 6
pairs = 14
 geom_x = 7.309072300727795
 geom_a = 0
 geom_q = 0
 geom_c = 0.0
f1, 1= 7.3091e+00
min(dx) = -2.3438835884760508e-11
max(dx) = 1.8390171224524635e-11
mean(dx)= 3.014325887147964e-14
vdws = 4
atoms = 6
pairs = 14
 geom_x = 7.309072300727797
 geom_a = 0
 geom_q = 0
 geom_c = 0.0
f1, 2= 7.3091e+00
WARNING: function not minimised
                          N restraints  r.m.s.d.  r.m.s.Z  Mn(sigma)
Bond distances, non H                5     0.005    0.313      0.016
Bond angles, non H                   5     1.088    0.645      2.428
Torsion angles, period 2             1     0.000    0.000      5.000
Planar groups                        4     0.000    0.000      0.020
VDW torsion                          1     0.347    1.735      0.200



====== CYCLE  2 ======

 weight = 1.0000e+00
 geom_x = 7.309072300727797
 geom_a = 0
 geom_q = 0
 geom_c = 0.0
f0= 7.3091e+00
using cgsolve in c++, ic=False
diag(geom) min= 480.814009 max= 12204.486557
diag(all) min= 480.814009 max= 12204.486557
Trying gamma equal 0.000000
Convergence reached after 11 iterations with no gamma cycles
min(dx) = -7.418354676781518e-11
max(dx) = 5.8204341551104115e-11
mean(dx)= 9.536721774455514e-14
vdws = 4
atoms = 6
pairs = 14
 geom_x = 7.309072300727805
 geom_a = 0
 geom_q = 0
 geom_c = 0.0
f1, 0= 7.3091e+00
min(dx) = -3.709177338390759e-11
max(dx) = 2.9102170775552058e-11
mean(dx)= 4.768360887227757e-14
vdws = 4
atoms = 6
pairs = 14
 geom_x = 7.3090723007278005
 geom_a = 0
 geom_q = 0
 geom_c = 0.0
f1, 1= 7.3091e+00
min(dx) = -1.8545886691953795e-11
max(dx) = 1.4551085387776029e-11
mean(dx)= 2.3841804436138784e-14
vdws = 4
atoms = 6
pairs = 14
 geom_x = 7.309072300727796
 geom_a = 0
 geom_q = 0
 geom_c = 0.0
f1, 2= 7.3091e+00
                          N restraints  r.m.s.d.  r.m.s.Z  Mn(sigma)
Bond distances, non H                5     0.005    0.313      0.016
Bond angles, non H                   5     1.088    0.645      2.428
Torsion angles, period 2             1     0.000    0.000      5.000
Planar groups                        4     0.000    0.000      0.020
VDW torsion                          1     0.347    1.735      0.200



====== CYCLE  3 ======

 weight = 1.0000e+00
 geom_x = 7.309072300727796
 geom_a = 0
 geom_q = 0
 geom_c = 0.0
f0= 7.3091e+00
using cgsolve in c++, ic=False
diag(geom) min= 480.814009 max= 12204.486557
diag(all) min= 480.814009 max= 12204.486557
Trying gamma equal 0.000000
Convergence reached after 11 iterations with no gamma cycles
min(dx) = -5.869761709632743e-11
max(dx) = 4.6054016464951977e-11
mean(dx)= 7.542278971315422e-14
vdws = 4
atoms = 6
pairs = 14
 geom_x = 7.309072300727789
 geom_a = 0
 geom_q = 0
 geom_c = 0.0
f1, 0= 7.3091e+00
                          N restraints  r.m.s.d.  r.m.s.Z  Mn(sigma)
Bond distances, non H                5     0.005    0.313      0.016
Bond angles, non H                   5     1.088    0.645      2.428
Torsion angles, period 2             1     0.000    0.000      5.000
Planar groups                        4     0.000    0.000      0.020
VDW torsion                          1     0.347    1.735      0.200



====== CYCLE  4 ======

 weight = 1.0000e+00
 geom_x = 7.309072300727789
 geom_a = 0
 geom_q = 0
 geom_c = 0.0
f0= 7.3091e+00
using cgsolve in c++, ic=False
diag(geom) min= 480.814009 max= 12204.486557
diag(all) min= 480.814009 max= 12204.486557
Trying gamma equal 0.000000
Convergence reached after 11 iterations with no gamma cycles
min(dx) = -9.684013053764398e-12
max(dx) = 7.597804786080059e-12
mean(dx)= 1.2450955852459747e-14
vdws = 4
atoms = 6
pairs = 14
 geom_x = 7.309072300727794
 geom_a = 0
 geom_q = 0
 geom_c = 0.0
f1, 0= 7.3091e+00
min(dx) = -4.842006526882199e-12
max(dx) = 3.798902393040029e-12
mean(dx)= 6.2254779262298735e-15
vdws = 4
atoms = 6
pairs = 14
 geom_x = 7.309072300727788
 geom_a = 0
 geom_q = 0
 geom_c = 0.0
f1, 1= 7.3091e+00
                          N restraints  r.m.s.d.  r.m.s.Z  Mn(sigma)
Bond distances, non H                5     0.005    0.313      0.016
Bond angles, non H                   5     1.088    0.645      2.428
Torsion angles, period 2             1     0.000    0.000      5.000
Planar groups                        4     0.000    0.000      0.020
VDW torsion                          1     0.347    1.735      0.200



====== CYCLE  5 ======

 weight = 1.0000e+00
 geom_x = 7.309072300727788
 geom_a = 0
 geom_q = 0
 geom_c = 0.0
f0= 7.3091e+00
using cgsolve in c++, ic=False
diag(geom) min= 480.814009 max= 12204.486557
diag(all) min= 480.814009 max= 12204.486557
Trying gamma equal 0.000000
Convergence reached after 11 iterations with no gamma cycles
min(dx) = -5.640505144653728e-12
max(dx) = 4.425518932140369e-12
mean(dx)= 7.256077806040458e-15
vdws = 4
atoms = 6
pairs = 14
 geom_x = 7.30907230072777
 geom_a = 0
 geom_q = 0
 geom_c = 0.0
f1, 0= 7.3091e+00
                          N restraints  r.m.s.d.  r.m.s.Z  Mn(sigma)
Bond distances, non H                5     0.005    0.313      0.016
Bond angles, non H                   5     1.088    0.645      2.428
Torsion angles, period 2             1     0.000    0.000      5.000
Planar groups                        4     0.000    0.000      0.020
VDW torsion                          1     0.347    1.735      0.200



====== CYCLE  6 ======

 weight = 1.0000e+00
 geom_x = 7.30907230072777
 geom_a = 0
 geom_q = 0
 geom_c = 0.0
f0= 7.3091e+00
using cgsolve in c++, ic=False
diag(geom) min= 480.814009 max= 12204.486557
diag(all) min= 480.814009 max= 12204.486557
Trying gamma equal 0.000000
Convergence reached after 11 iterations with no gamma cycles
min(dx) = -9.31156547491578e-13
max(dx) = 7.301660794000663e-13
mean(dx)= 1.1873546445871897e-15
vdws = 4
atoms = 6
pairs = 14
 geom_x = 7.309072300727781
 geom_a = 0
 geom_q = 0
 geom_c = 0.0
f1, 0= 7.3091e+00
min(dx) = -4.65578273745789e-13
max(dx) = 3.6508303970003313e-13
mean(dx)= 5.936773222935948e-16
vdws = 4
atoms = 6
pairs = 14
 geom_x = 7.309072300727792
 geom_a = 0
 geom_q = 0
 geom_c = 0.0
f1, 1= 7.3091e+00
min(dx) = -2.327891368728945e-13
max(dx) = 1.8254151985001657e-13
mean(dx)= 2.968386611467974e-16
vdws = 4
atoms = 6
pairs = 14
 geom_x = 7.3090723007277685
 geom_a = 0
 geom_q = 0
 geom_c = 0.0
f1, 2= 7.3091e+00
                          N restraints  r.m.s.d.  r.m.s.Z  Mn(sigma)
Bond distances, non H                5     0.005    0.313      0.016
Bond angles, non H                   5     1.088    0.645      2.428
Torsion angles, period 2             1     0.000    0.000      5.000
Planar groups                        4     0.000    0.000      0.020
VDW torsion                          1     0.347    1.735      0.200



====== CYCLE  7 ======

 weight = 1.0000e+00
 geom_x = 7.3090723007277685
 geom_a = 0
 geom_q = 0
 geom_c = 0.0
f0= 7.3091e+00
using cgsolve in c++, ic=False
diag(geom) min= 480.814009 max= 12204.486557
diag(all) min= 480.814009 max= 12204.486557
Trying gamma equal 0.000000
Convergence reached after 11 iterations with no gamma cycles
min(dx) = -7.366092535329677e-13
max(dx) = 5.777229105084622e-13
mean(dx)= 9.340872318263553e-16
vdws = 4
atoms = 6
pairs = 14
 geom_x = 7.3090723007278005
 geom_a = 0
 geom_q = 0
 geom_c = 0.0
f1, 0= 7.3091e+00
min(dx) = -3.6830462676648383e-13
max(dx) = 2.888614552542311e-13
mean(dx)= 4.670436159131776e-16
vdws = 4
atoms = 6
pairs = 14
 geom_x = 7.309072300727785
 geom_a = 0
 geom_q = 0
 geom_c = 0.0
f1, 1= 7.3091e+00
min(dx) = -1.8415231338324192e-13
max(dx) = 1.4443072762711554e-13
mean(dx)= 2.335218079565888e-16
vdws = 4
atoms = 6
pairs = 14
 geom_x = 7.309072300727771
 geom_a = 0
 geom_q = 0
 geom_c = 0.0
f1, 2= 7.3091e+00
WARNING: function not minimised
                          N restraints  r.m.s.d.  r.m.s.Z  Mn(sigma)
Bond distances, non H                5     0.005    0.313      0.016
Bond angles, non H                   5     1.088    0.645      2.428
Torsion angles, period 2             1     0.000    0.000      5.000
Planar groups                        4     0.000    0.000      0.020
VDW torsion                          1     0.347    1.735      0.200



====== CYCLE  8 ======

 weight = 1.0000e+00
 geom_x = 7.309072300727771
 geom_a = 0
 geom_q = 0
 geom_c = 0.0
f0= 7.3091e+00
using cgsolve in c++, ic=False
diag(geom) min= 480.814009 max= 12204.486557
diag(all) min= 480.814009 max= 12204.486557
Trying gamma equal 0.000000
Convergence reached after 11 iterations with no gamma cycles
min(dx) = -5.828559266296124e-13
max(dx) = 4.572988462280399e-13
mean(dx)= 7.49554975769039e-16
vdws = 4
atoms = 6
pairs = 14
 geom_x = 7.3090723007277925
 geom_a = 0
 geom_q = 0
 geom_c = 0.0
f1, 0= 7.3091e+00
min(dx) = -2.914279633148062e-13
max(dx) = 2.2864942311401993e-13
mean(dx)= 3.747774878845195e-16
vdws = 4
atoms = 6
pairs = 14
 geom_x = 7.309072300727781
 geom_a = 0
 geom_q = 0
 geom_c = 0.0
f1, 1= 7.3091e+00
min(dx) = -1.457139816574031e-13
max(dx) = 1.1432471155700997e-13
mean(dx)= 1.8738874394225975e-16
vdws = 4
atoms = 6
pairs = 14
 geom_x = 7.309072300727784
 geom_a = 0
 geom_q = 0
 geom_c = 0.0
f1, 2= 7.3091e+00
WARNING: function not minimised
                          N restraints  r.m.s.d.  r.m.s.Z  Mn(sigma)
Bond distances, non H                5     0.005    0.313      0.016
Bond angles, non H                   5     1.088    0.645      2.428
Torsion angles, period 2             1     0.000    0.000      5.000
Planar groups                        4     0.000    0.000      0.020
VDW torsion                          1     0.347    1.735      0.200



====== CYCLE  9 ======

 weight = 1.0000e+00
 geom_x = 7.309072300727784
 geom_a = 0
 geom_q = 0
 geom_c = 0.0
f0= 7.3091e+00
using cgsolve in c++, ic=False
diag(geom) min= 480.814009 max= 12204.486557
diag(all) min= 480.814009 max= 12204.486557
Trying gamma equal 0.000000
Convergence reached after 11 iterations with no gamma cycles
min(dx) = -4.606169508092734e-13
max(dx) = 3.6184378053170487e-13
mean(dx)= 6.188565073188573e-16
vdws = 4
atoms = 6
pairs = 14
 geom_x = 7.30907230072779
 geom_a = 0
 geom_q = 0
 geom_c = 0.0
f1, 0= 7.3091e+00
min(dx) = -2.303084754046367e-13
max(dx) = 1.8092189026585244e-13
mean(dx)= 3.0942825365942866e-16
vdws = 4
atoms = 6
pairs = 14
 geom_x = 7.3090723007277845
 geom_a = 0
 geom_q = 0
 geom_c = 0.0
f1, 1= 7.3091e+00
min(dx) = -1.1515423770231835e-13
max(dx) = 9.046094513292622e-14
mean(dx)= 1.5471412682971433e-16
vdws = 4
atoms = 6
pairs = 14
 geom_x = 7.309072300727781
 geom_a = 0
 geom_q = 0
 geom_c = 0.0
f1, 2= 7.3091e+00
                          N restraints  r.m.s.d.  r.m.s.Z  Mn(sigma)
Bond distances, non H                5     0.005    0.313      0.016
Bond angles, non H                   5     1.088    0.645      2.428
Torsion angles, period 2             1     0.000    0.000      5.000
Planar groups                        4     0.000    0.000      0.020
VDW torsion                          1     0.347    1.735      0.200



====== CYCLE 10 ======

 weight = 1.0000e+00
 geom_x = 7.309072300727781
 geom_a = 0
 geom_q = 0
 geom_c = 0.0
f0= 7.3091e+00
using cgsolve in c++, ic=False
diag(geom) min= 480.814009 max= 12204.486557
diag(all) min= 480.814009 max= 12204.486557
Trying gamma equal 0.000000
Convergence reached after 11 iterations with no gamma cycles
min(dx) = -3.6466924494164936e-13
max(dx) = 2.8606457512085936e-13
mean(dx)= 4.863745006059931e-16
vdws = 4
atoms = 6
pairs = 14
 geom_x = 7.3090723007277845
 geom_a = 0
 geom_q = 0
 geom_c = 0.0
f1, 0= 7.3091e+00
min(dx) = -1.8233462247082468e-13
max(dx) = 1.4303228756042968e-13
mean(dx)= 2.4318725030299656e-16
vdws = 4
atoms = 6
pairs = 14
 geom_x = 7.3090723007277925
 geom_a = 0
 geom_q = 0
 geom_c = 0.0
f1, 1= 7.3091e+00
min(dx) = -9.116731123541234e-14
max(dx) = 7.151614378021484e-14
mean(dx)= 1.2159362515149828e-16
vdws = 4
atoms = 6
pairs = 14
 geom_x = 7.309072300727783
 geom_a = 0
 geom_q = 0
 geom_c = 0.0
f1, 2= 7.3091e+00
WARNING: function not minimised
                          N restraints  r.m.s.d.  r.m.s.Z  Mn(sigma)
Bond distances, non H                5     0.005    0.313      0.016
Bond angles, non H                   5     1.088    0.645      2.428
Torsion angles, period 2             1     0.000    0.000      5.000
Planar groups                        4     0.000    0.000      0.020
VDW torsion                          1     0.347    1.735      0.200



====== CYCLE 11 ======

 weight = 1.0000e+00
 geom_x = 7.309072300727783
 geom_a = 0
 geom_q = 0
 geom_c = 0.0
f0= 7.3091e+00
using cgsolve in c++, ic=False
diag(geom) min= 480.814009 max= 12204.486557
diag(all) min= 480.814009 max= 12204.486557
Trying gamma equal 0.000000
Convergence reached after 11 iterations with no gamma cycles
min(dx) = -2.889765345570153e-13
max(dx) = 2.2647889320917022e-13
mean(dx)= 3.701078683489135e-16
vdws = 4
atoms = 6
pairs = 14
 geom_x = 7.3090723007278005
 geom_a = 0
 geom_q = 0
 geom_c = 0.0
f1, 0= 7.3091e+00
min(dx) = -1.4448826727850765e-13
max(dx) = 1.1323944660458511e-13
mean(dx)= 1.8505393417445674e-16
vdws = 4
atoms = 6
pairs = 14
 geom_x = 7.309072300727774
 geom_a = 0
 geom_q = 0
 geom_c = 0.0
f1, 1= 7.3091e+00
                          N restraints  r.m.s.d.  r.m.s.Z  Mn(sigma)
Bond distances, non H                5     0.005    0.313      0.016
Bond angles, non H                   5     1.088    0.645      2.428
Torsion angles, period 2             1     0.000    0.000      5.000
Planar groups                        4     0.000    0.000      0.020
VDW torsion                          1     0.347    1.735      0.200



====== CYCLE 12 ======

 weight = 1.0000e+00
 geom_x = 7.309072300727774
 geom_a = 0
 geom_q = 0
 geom_c = 0.0
f0= 7.3091e+00
using cgsolve in c++, ic=False
diag(geom) min= 480.814009 max= 12204.486557
diag(all) min= 480.814009 max= 12204.486557
Trying gamma equal 0.000000
Convergence reached after 11 iterations with no gamma cycles
min(dx) = -1.6810190756699144e-13
max(dx) = 1.3196243153435292e-13
mean(dx)= 2.1625242544303993e-16
vdws = 4
atoms = 6
pairs = 14
 geom_x = 7.309072300727785
 geom_a = 0
 geom_q = 0
 geom_c = 0.0
f1, 0= 7.3091e+00
min(dx) = -8.405095378349572e-14
max(dx) = 6.598121576717646e-14
mean(dx)= 1.0812621272151997e-16
vdws = 4
atoms = 6
pairs = 14
 geom_x = 7.309072300727796
 geom_a = 0
 geom_q = 0
 geom_c = 0.0
f1, 1= 7.3091e+00
min(dx) = -4.202547689174786e-14
max(dx) = 3.299060788358823e-14
mean(dx)= 5.4063106360759984e-17
vdws = 4
atoms = 6
pairs = 14
 geom_x = 7.309072300727793
 geom_a = 0
 geom_q = 0
 geom_c = 0.0
f1, 2= 7.3091e+00
WARNING: function not minimised
                          N restraints  r.m.s.d.  r.m.s.Z  Mn(sigma)
Bond distances, non H                5     0.005    0.313      0.016
Bond angles, non H                   5     1.088    0.645      2.428
Torsion angles, period 2             1     0.000    0.000      5.000
Planar groups                        4     0.000    0.000      0.020
VDW torsion                          1     0.347    1.735      0.200



====== CYCLE 13 ======

 weight = 1.0000e+00
 geom_x = 7.309072300727793
 geom_a = 0
 geom_q = 0
 geom_c = 0.0
f0= 7.3091e+00
using cgsolve in c++, ic=False
diag(geom) min= 480.814009 max= 12204.486557
diag(all) min= 480.814009 max= 12204.486557
Trying gamma equal 0.000000
Convergence reached after 11 iterations with no gamma cycles
min(dx) = -1.328697458131132e-13
max(dx) = 1.046176300847461e-13
mean(dx)= 1.6592227102606638e-16
vdws = 4
atoms = 6
pairs = 14
 geom_x = 7.309072300727797
 geom_a = 0
 geom_q = 0
 geom_c = 0.0
f1, 0= 7.3091e+00
min(dx) = -6.64348729065566e-14
max(dx) = 5.230881504237305e-14
mean(dx)= 8.296113551303319e-17
vdws = 4
atoms = 6
pairs = 14
 geom_x = 7.309072300727796
 geom_a = 0
 geom_q = 0
 geom_c = 0.0
f1, 1= 7.3091e+00
min(dx) = -3.32174364532783e-14
max(dx) = 2.6154407521186525e-14
mean(dx)= 4.1480567756516594e-17
vdws = 4
atoms = 6
pairs = 14
 geom_x = 7.309072300727803
 geom_a = 0
 geom_q = 0
 geom_c = 0.0
f1, 2= 7.3091e+00
WARNING: function not minimised
                          N restraints  r.m.s.d.  r.m.s.Z  Mn(sigma)
Bond distances, non H                5     0.005    0.313      0.016
Bond angles, non H                   5     1.088    0.645      2.428
Torsion angles, period 2             1     0.000    0.000      5.000
Planar groups                        4     0.000    0.000      0.020
VDW torsion                          1     0.347    1.735      0.200



====== CYCLE 14 ======

 weight = 1.0000e+00
 geom_x = 7.309072300727803
 geom_a = 0
 geom_q = 0
 geom_c = 0.0
f0= 7.3091e+00
using cgsolve in c++, ic=False
diag(geom) min= 480.814009 max= 12204.486557
diag(all) min= 480.814009 max= 12204.486557
Trying gamma equal 0.000000
Convergence reached after 11 iterations with no gamma cycles
min(dx) = -1.0496177170312179e-13
max(dx) = 8.303473060567138e-14
mean(dx)= 1.5330898304970624e-16
vdws = 4
atoms = 6
pairs = 14
 geom_x = 7.309072300727793
 geom_a = 0
 geom_q = 0
 geom_c = 0.0
f1, 0= 7.3091e+00
                          N restraints  r.m.s.d.  r.m.s.Z  Mn(sigma)
Bond distances, non H                5     0.005    0.313      0.016
Bond angles, non H                   5     1.088    0.645      2.428
Torsion angles, period 2             1     0.000    0.000      5.000
Planar groups                        4     0.000    0.000      0.020
VDW torsion                          1     0.347    1.735      0.200



====== CYCLE 15 ======

 weight = 1.0000e+00
 geom_x = 7.309072300727793
 geom_a = 0
 geom_q = 0
 geom_c = 0.0
f0= 7.3091e+00
using cgsolve in c++, ic=False
diag(geom) min= 480.814009 max= 12204.486557
diag(all) min= 480.814009 max= 12204.486557
Trying gamma equal 0.000000
Not converging with gamma equal 0.000000
Trying gamma equal 0.052500
Gamma decreased to 0.042000
min(dx) = -1.4157675399960858e-14
max(dx) = 1.0689291248053501e-14
mean(dx)= 2.8625532039088454e-17
vdws = 4
atoms = 6
pairs = 14
 geom_x = 7.3090723007278005
 geom_a = 0
 geom_q = 0
 geom_c = 0.0
f1, 0= 7.3091e+00
min(dx) = -7.078837699980429e-15
max(dx) = 5.3446456240267505e-15
mean(dx)= 1.4312766019544227e-17
vdws = 4
atoms = 6
pairs = 14
 geom_x = 7.309072300727777
 geom_a = 0
 geom_q = 0
 geom_c = 0.0
f1, 1= 7.3091e+00
                          N restraints  r.m.s.d.  r.m.s.Z  Mn(sigma)
Bond distances, non H                5     0.005    0.313      0.016
Bond angles, non H                   5     1.088    0.645      2.428
Torsion angles, period 2             1     0.000    0.000      5.000
Planar groups                        4     0.000    0.000      0.020
VDW torsion                          1     0.347    1.735      0.200



====== CYCLE 16 ======

 weight = 1.0000e+00
 geom_x = 7.309072300727777
 geom_a = 0
 geom_q = 0
 geom_c = 0.0
f0= 7.3091e+00
using cgsolve in c++, ic=False
diag(geom) min= 480.814009 max= 12204.486557
diag(all) min= 480.814009 max= 12204.486557
Trying gamma equal 0.042000
Convergence reached after 12 iterations with no gamma cycles
min(dx) = -9.761036258077843e-15
max(dx) = 7.287470533337266e-15
mean(dx)= 3.893861248749963e-18
vdws = 4
atoms = 6
pairs = 14
 geom_x = 7.309072300727795
 geom_a = 0
 geom_q = 0
 geom_c = 0.0
f1, 0= 7.3091e+00
min(dx) = -4.8805181290389215e-15
max(dx) = 3.643735266668633e-15
mean(dx)= 1.9469306243749813e-18
vdws = 4
atoms = 6
pairs = 14
 geom_x = 7.309072300727788
 geom_a = 0
 geom_q = 0
 geom_c = 0.0
f1, 1= 7.3091e+00
min(dx) = -2.4402590645194608e-15
max(dx) = 1.8218676333343164e-15
mean(dx)= 9.734653121874907e-19
vdws = 4
atoms = 6
pairs = 14
 geom_x = 7.309072300727791
 geom_a = 0
 geom_q = 0
 geom_c = 0.0
f1, 2= 7.3091e+00
WARNING: function not minimised
                          N restraints  r.m.s.d.  r.m.s.Z  Mn(sigma)
Bond distances, non H                5     0.005    0.313      0.016
Bond angles, non H                   5     1.088    0.645      2.428
Torsion angles, period 2             1     0.000    0.000      5.000
Planar groups                        4     0.000    0.000      0.020
VDW torsion                          1     0.347    1.735      0.200



====== CYCLE 17 ======

 weight = 1.0000e+00
 geom_x = 7.309072300727791
 geom_a = 0
 geom_q = 0
 geom_c = 0.0
f0= 7.3091e+00
using cgsolve in c++, ic=False
diag(geom) min= 480.814009 max= 12204.486557
diag(all) min= 480.814009 max= 12204.486557
Trying gamma equal 0.042000
Convergence reached after 12 iterations with no gamma cycles
min(dx) = -7.921413723323394e-15
max(dx) = 6.08028796634715e-15
mean(dx)= 1.6040061569140686e-17
vdws = 4
atoms = 6
pairs = 14
 geom_x = 7.309072300727786
 geom_a = 0
 geom_q = 0
 geom_c = 0.0
f1, 0= 7.3091e+00
                          N restraints  r.m.s.d.  r.m.s.Z  Mn(sigma)
Bond distances, non H                5     0.005    0.313      0.016
Bond angles, non H                   5     1.088    0.645      2.428
Torsion angles, period 2             1     0.000    0.000      5.000
Planar groups                        4     0.000    0.000      0.020
VDW torsion                          1     0.347    1.735      0.200



====== CYCLE 18 ======

 weight = 1.0000e+00
 geom_x = 7.309072300727786
 geom_a = 0
 geom_q = 0
 geom_c = 0.0
f0= 7.3091e+00
using cgsolve in c++, ic=False
diag(geom) min= 480.814009 max= 12204.486557
diag(all) min= 480.814009 max= 12204.486557
Trying gamma equal 0.042000
Convergence reached after 12 iterations with no gamma cycles
min(dx) = -2.5187886744901157e-15
max(dx) = 1.9214233008612466e-15
mean(dx)= -3.787330633229787e-18
vdws = 4
atoms = 6
pairs = 14
 geom_x = 7.3090723007278
 geom_a = 0
 geom_q = 0
 geom_c = 0.0
f1, 0= 7.3091e+00
min(dx) = -1.2593943372450579e-15
max(dx) = 9.607116504306233e-16
mean(dx)= -1.8936653166148936e-18
vdws = 4
atoms = 6
pairs = 14
 geom_x = 7.309072300727795
 geom_a = 0
 geom_q = 0
 geom_c = 0.0
f1, 1= 7.3091e+00
min(dx) = -6.296971686225289e-16
max(dx) = 4.803558252153116e-16
mean(dx)= -9.468326583074468e-19
vdws = 4
atoms = 6
pairs = 14
 geom_x = 7.309072300727792
 geom_a = 0
 geom_q = 0
 geom_c = 0.0
f1, 2= 7.3091e+00
WARNING: function not minimised
                          N restraints  r.m.s.d.  r.m.s.Z  Mn(sigma)
Bond distances, non H                5     0.005    0.313      0.016
Bond angles, non H                   5     1.088    0.645      2.428
Torsion angles, period 2             1     0.000    0.000      5.000
Planar groups                        4     0.000    0.000      0.020
VDW torsion                          1     0.347    1.735      0.200



====== CYCLE 19 ======

 weight = 1.0000e+00
 geom_x = 7.309072300727792
 geom_a = 0
 geom_q = 0
 geom_c = 0.0
f0= 7.3091e+00
using cgsolve in c++, ic=False
diag(geom) min= 480.814009 max= 12204.486557
diag(all) min= 480.814009 max= 12204.486557
Trying gamma equal 0.042000
Convergence reached after 12 iterations with no gamma cycles
min(dx) = -2.0524216078912597e-15
max(dx) = 1.452184910396784e-15
mean(dx)= -9.522891441150409e-18
vdws = 4
atoms = 6
pairs = 14
 geom_x = 7.3090723007278005
 geom_a = 0
 geom_q = 0
 geom_c = 0.0
f1, 0= 7.3091e+00
min(dx) = -1.0262108039456298e-15
max(dx) = 7.26092455198392e-16
mean(dx)= -4.761445720575204e-18
vdws = 4
atoms = 6
pairs = 14
 geom_x = 7.309072300727782
 geom_a = 0
 geom_q = 0
 geom_c = 0.0
f1, 1= 7.3091e+00
                          N restraints  r.m.s.d.  r.m.s.Z  Mn(sigma)
Bond distances, non H                5     0.005    0.313      0.016
Bond angles, non H                   5     1.088    0.645      2.428
Torsion angles, period 2             1     0.000    0.000      5.000
Planar groups                        4     0.000    0.000      0.020
VDW torsion                          1     0.347    1.735      0.200



====== CYCLE 20 ======

 weight = 1.0000e+00
 geom_x = 7.309072300727782
 geom_a = 0
 geom_q = 0
 geom_c = 0.0
f0= 7.3091e+00
using cgsolve in c++, ic=False
diag(geom) min= 480.814009 max= 12204.486557
diag(all) min= 480.814009 max= 12204.486557
Trying gamma equal 0.042000
Convergence reached after 12 iterations with no gamma cycles
min(dx) = -1.2173721308680421e-15
max(dx) = 9.027814012988206e-16
mean(dx)= 3.4630026209021223e-18
vdws = 4
atoms = 6
pairs = 14
 geom_x = 7.309072300727779
 geom_a = 0
 geom_q = 0
 geom_c = 0.0
f1, 0= 7.3091e+00
                          N restraints  r.m.s.d.  r.m.s.Z  Mn(sigma)
Bond distances, non H                5     0.005    0.313      0.016
Bond angles, non H                   5     1.088    0.645      2.428
Torsion angles, period 2             1     0.000    0.000      5.000
Planar groups                        4     0.000    0.000      0.020
VDW torsion                          1     0.347    1.735      0.200



====== CYCLE 21 ======

 weight = 1.0000e+00
 geom_x = 7.309072300727779
 geom_a = 0
 geom_q = 0
 geom_c = 0.0
f0= 7.3091e+00
using cgsolve in c++, ic=False
diag(geom) min= 480.814009 max= 12204.486557
diag(all) min= 480.814009 max= 12204.486557
Trying gamma equal 0.042000
Convergence reached after 12 iterations with no gamma cycles
min(dx) = -6.85854762428451e-16
max(dx) = 3.081011568321252e-16
mean(dx)= -3.660072079381143e-17
vdws = 4
atoms = 6
pairs = 14
 geom_x = 7.3090723007278084
 geom_a = 0
 geom_q = 0
 geom_c = 0.0
f1, 0= 7.3091e+00
min(dx) = -3.429273812142255e-16
max(dx) = 1.540505784160626e-16
mean(dx)= -1.8300360396905716e-17
vdws = 4
atoms = 6
pairs = 14
 geom_x = 7.309072300727779
 geom_a = 0
 geom_q = 0
 geom_c = 0.0
f1, 1= 7.3091e+00
min(dx) = -1.7146369060711276e-16
max(dx) = 7.70252892080313e-17
mean(dx)= -9.150180198452858e-18
vdws = 4
atoms = 6
pairs = 14
 geom_x = 7.309072300727799
 geom_a = 0
 geom_q = 0
 geom_c = 0.0
f1, 2= 7.3091e+00
WARNING: function not minimised
                          N restraints  r.m.s.d.  r.m.s.Z  Mn(sigma)
Bond distances, non H                5     0.005    0.313      0.016
Bond angles, non H                   5     1.088    0.645      2.428
Torsion angles, period 2             1     0.000    0.000      5.000
Planar groups                        4     0.000    0.000      0.020
VDW torsion                          1     0.347    1.735      0.200



====== CYCLE 22 ======

 weight = 1.0000e+00
 geom_x = 7.309072300727799
 geom_a = 0
 geom_q = 0
 geom_c = 0.0
f0= 7.3091e+00
using cgsolve in c++, ic=False
diag(geom) min= 480.814009 max= 12204.486557
diag(all) min= 480.814009 max= 12204.486557
Trying gamma equal 0.042000
Convergence reached after 12 iterations with no gamma cycles
min(dx) = -4.557968381756596e-16
max(dx) = 7.333856308125946e-16
mean(dx)= -1.2430109882676093e-17
vdws = 4
atoms = 6
pairs = 14
 geom_x = 7.309072300727779
 geom_a = 0
 geom_q = 0
 geom_c = 0.0
f1, 0= 7.3091e+00
                          N restraints  r.m.s.d.  r.m.s.Z  Mn(sigma)
Bond distances, non H                5     0.005    0.313      0.016
Bond angles, non H                   5     1.088    0.645      2.428
Torsion angles, period 2             1     0.000    0.000      5.000
Planar groups                        4     0.000    0.000      0.020
VDW torsion                          1     0.347    1.735      0.200



====== CYCLE 23 ======

 weight = 1.0000e+00
 geom_x = 7.309072300727779
 geom_a = 0
 geom_q = 0
 geom_c = 0.0
f0= 7.3091e+00
using cgsolve in c++, ic=False
diag(geom) min= 480.814009 max= 12204.486557
diag(all) min= 480.814009 max= 12204.486557
Trying gamma equal 0.042000
Convergence reached after 12 iterations with no gamma cycles
min(dx) = -2.4593749343308225e-16
max(dx) = 1.4795877969464456e-16
mean(dx)= -2.824334645223047e-17
vdws = 4
atoms = 6
pairs = 14
 geom_x = 7.309072300727796
 geom_a = 0
 geom_q = 0
 geom_c = 0.0
f1, 0= 7.3091e+00
min(dx) = -1.2296874671654112e-16
max(dx) = 7.397938984732228e-17
mean(dx)= -1.4121673226115235e-17
vdws = 4
atoms = 6
pairs = 14
 geom_x = 7.309072300727795
 geom_a = 0
 geom_q = 0
 geom_c = 0.0
f1, 1= 7.3091e+00
min(dx) = -6.148437335827056e-17
max(dx) = 3.698969492366114e-17
mean(dx)= -7.060836613057618e-18
vdws = 4
atoms = 6
pairs = 14
 geom_x = 7.309072300727779
 geom_a = 0
 geom_q = 0
 geom_c = 0.0
f1, 2= 7.3091e+00
WARNING: function not minimised
                          N restraints  r.m.s.d.  r.m.s.Z  Mn(sigma)
Bond distances, non H                5     0.005    0.313      0.016
Bond angles, non H                   5     1.088    0.645      2.428
Torsion angles, period 2             1     0.000    0.000      5.000
Planar groups                        4     0.000    0.000      0.020
VDW torsion                          1     0.347    1.735      0.200



====== CYCLE 24 ======

 weight = 1.0000e+00
 geom_x = 7.309072300727779
 geom_a = 0
 geom_q = 0
 geom_c = 0.0
f0= 7.3091e+00
using cgsolve in c++, ic=False
diag(geom) min= 480.814009 max= 12204.486557
diag(all) min= 480.814009 max= 12204.486557
Trying gamma equal 0.042000
Convergence reached after 12 iterations with no gamma cycles
min(dx) = -2.340234412733474e-16
max(dx) = 1.6494509230452586e-16
mean(dx)= -2.2220164213671445e-17
vdws = 4
atoms = 6
pairs = 14
 geom_x = 7.309072300727796
 geom_a = 0
 geom_q = 0
 geom_c = 0.0
f1, 0= 7.3091e+00
min(dx) = -1.170117206366737e-16
max(dx) = 8.247254615226293e-17
mean(dx)= -1.1110082106835722e-17
vdws = 4
atoms = 6
pairs = 14
 geom_x = 7.309072300727791
 geom_a = 0
 geom_q = 0
 geom_c = 0.0
f1, 1= 7.3091e+00
min(dx) = -5.850586031833685e-17
max(dx) = 4.1236273076131464e-17
mean(dx)= -5.555041053417861e-18
vdws = 4
atoms = 6
pairs = 14
 geom_x = 7.309072300727779
 geom_a = 0
 geom_q = 0
 geom_c = 0.0
f1, 2= 7.3091e+00
WARNING: function not minimised
                          N restraints  r.m.s.d.  r.m.s.Z  Mn(sigma)
Bond distances, non H                5     0.005    0.313      0.016
Bond angles, non H                   5     1.088    0.645      2.428
Torsion angles, period 2             1     0.000    0.000      5.000
Planar groups                        4     0.000    0.000      0.020
VDW torsion                          1     0.347    1.735      0.200



====== CYCLE 25 ======

 weight = 1.0000e+00
 geom_x = 7.309072300727779
 geom_a = 0
 geom_q = 0
 geom_c = 0.0
f0= 7.3091e+00
using cgsolve in c++, ic=False
diag(geom) min= 480.814009 max= 12204.486557
diag(all) min= 480.814009 max= 12204.486557
Trying gamma equal 0.042000
Convergence reached after 12 iterations with no gamma cycles
min(dx) = -2.309562504776955e-16
max(dx) = 1.2640427906146833e-16
mean(dx)= -8.604969254242922e-18
vdws = 4
atoms = 6
pairs = 14
 geom_x = 7.309072300727795
 geom_a = 0
 geom_q = 0
 geom_c = 0.0
f1, 0= 7.3091e+00
min(dx) = -1.1547812523884775e-16
max(dx) = 6.320213953073416e-17
mean(dx)= -4.302484627121461e-18
vdws = 4
atoms = 6
pairs = 14
 geom_x = 7.309072300727791
 geom_a = 0
 geom_q = 0
 geom_c = 0.0
f1, 1= 7.3091e+00
min(dx) = -5.773906261942388e-17
max(dx) = 3.160106976536708e-17
mean(dx)= -2.1512423135607306e-18
vdws = 4
atoms = 6
pairs = 14
 geom_x = 7.309072300727779
 geom_a = 0
 geom_q = 0
 geom_c = 0.0
f1, 2= 7.3091e+00
WARNING: function not minimised
                          N restraints  r.m.s.d.  r.m.s.Z  Mn(sigma)
Bond distances, non H                5     0.005    0.313      0.016
Bond angles, non H                   5     1.088    0.645      2.428
Torsion angles, period 2             1     0.000    0.000      5.000
Planar groups                        4     0.000    0.000      0.020
VDW torsion                          1     0.347    1.735      0.200



====== CYCLE 26 ======

 weight = 1.0000e+00
 geom_x = 7.309072300727779
 geom_a = 0
 geom_q = 0
 geom_c = 0.0
f0= 7.3091e+00
using cgsolve in c++, ic=False
diag(geom) min= 480.814009 max= 12204.486557
diag(all) min= 480.814009 max= 12204.486557
Trying gamma equal 0.042000
Convergence reached after 12 iterations with no gamma cycles
min(dx) = -2.4718513190397976e-16
max(dx) = 2.3109783572397467e-16
mean(dx)= 8.398576804174471e-19
vdws = 4
atoms = 6
pairs = 14
 geom_x = 7.309072300727796
 geom_a = 0
 geom_q = 0
 geom_c = 0.0
f1, 0= 7.3091e+00
min(dx) = -1.2359256595198988e-16
max(dx) = 1.1554891786198734e-16
mean(dx)= 4.1992884020872357e-19
vdws = 4
atoms = 6
pairs = 14
 geom_x = 7.309072300727774
 geom_a = 0
 geom_q = 0
 geom_c = 0.0
f1, 1= 7.3091e+00
                          N restraints  r.m.s.d.  r.m.s.Z  Mn(sigma)
Bond distances, non H                5     0.005    0.313      0.016
Bond angles, non H                   5     1.088    0.645      2.428
Torsion angles, period 2             1     0.000    0.000      5.000
Planar groups                        4     0.000    0.000      0.020
VDW torsion                          1     0.347    1.735      0.200



====== CYCLE 27 ======

 weight = 1.0000e+00
 geom_x = 7.309072300727774
 geom_a = 0
 geom_q = 0
 geom_c = 0.0
f0= 7.3091e+00
using cgsolve in c++, ic=False
diag(geom) min= 480.814009 max= 12204.486557
diag(all) min= 480.814009 max= 12204.486557
Trying gamma equal 0.042000
Convergence reached after 12 iterations with no gamma cycles
min(dx) = -2.074804029007588e-16
max(dx) = 1.2389663118534377e-16
mean(dx)= -2.5317186313435645e-17
vdws = 4
atoms = 6
pairs = 14
 geom_x = 7.309072300727804
 geom_a = 0
 geom_q = 0
 geom_c = 0.0
f1, 0= 7.3091e+00
min(dx) = -1.037402014503794e-16
max(dx) = 6.194831559267188e-17
mean(dx)= -1.2658593156717822e-17
vdws = 4
atoms = 6
pairs = 14
 geom_x = 7.309072300727796
 geom_a = 0
 geom_q = 0
 geom_c = 0.0
f1, 1= 7.3091e+00
min(dx) = -5.18701007251897e-17
max(dx) = 3.097415779633594e-17
mean(dx)= -6.329296578358911e-18
vdws = 4
atoms = 6
pairs = 14
 geom_x = 7.3090723007277925
 geom_a = 0
 geom_q = 0
 geom_c = 0.0
f1, 2= 7.3091e+00
WARNING: function not minimised
                          N restraints  r.m.s.d.  r.m.s.Z  Mn(sigma)
Bond distances, non H                5     0.005    0.313      0.016
Bond angles, non H                   5     1.088    0.645      2.428
Torsion angles, period 2             1     0.000    0.000      5.000
Planar groups                        4     0.000    0.000      0.020
VDW torsion                          1     0.347    1.735      0.200



====== CYCLE 28 ======

 weight = 1.0000e+00
 geom_x = 7.3090723007277925
 geom_a = 0
 geom_q = 0
 geom_c = 0.0
f0= 7.3091e+00
using cgsolve in c++, ic=False
diag(geom) min= 480.814009 max= 12204.486557
diag(all) min= 480.814009 max= 12204.486557
Trying gamma equal 0.042000
Convergence reached after 12 iterations with no gamma cycles
min(dx) = -2.4267081198173673e-16
max(dx) = 1.1212137330931073e-16
mean(dx)= -2.4522701538592084e-17
vdws = 4
atoms = 6
pairs = 14
 geom_x = 7.309072300727785
 geom_a = 0
 geom_q = 0
 geom_c = 0.0
f1, 0= 7.3091e+00
                          N restraints  r.m.s.d.  r.m.s.Z  Mn(sigma)
Bond distances, non H                5     0.005    0.313      0.016
Bond angles, non H                   5     1.088    0.645      2.428
Torsion angles, period 2             1     0.000    0.000      5.000
Planar groups                        4     0.000    0.000      0.020
VDW torsion                          1     0.347    1.735      0.200



====== CYCLE 29 ======

 weight = 1.0000e+00
 geom_x = 7.309072300727785
 geom_a = 0
 geom_q = 0
 geom_c = 0.0
f0= 7.3091e+00
using cgsolve in c++, ic=False
diag(geom) min= 480.814009 max= 12204.486557
diag(all) min= 480.814009 max= 12204.486557
Trying gamma equal 0.042000
Convergence reached after 12 iterations with no gamma cycles
min(dx) = -1.2121858040720237e-16
max(dx) = 3.593446520677951e-16
mean(dx)= 5.383001451052908e-17
vdws = 4
atoms = 6
pairs = 14
 geom_x = 7.309072300727808
 geom_a = 0
 geom_q = 0
 geom_c = 0.0
f1, 0= 7.3091e+00
min(dx) = -6.060929020360118e-17
max(dx) = 1.7967232603389754e-16
mean(dx)= 2.691500725526454e-17
vdws = 4
atoms = 6
pairs = 14
 geom_x = 7.309072300727804
 geom_a = 0
 geom_q = 0
 geom_c = 0.0
f1, 1= 7.3091e+00
min(dx) = -3.030464510180059e-17
max(dx) = 8.983616301694877e-17
mean(dx)= 1.345750362763227e-17
vdws = 4
atoms = 6
pairs = 14
 geom_x = 7.309072300727798
 geom_a = 0
 geom_q = 0
 geom_c = 0.0
f1, 2= 7.3091e+00
WARNING: function not minimised
                          N restraints  r.m.s.d.  r.m.s.Z  Mn(sigma)
Bond distances, non H                5     0.005    0.313      0.016
Bond angles, non H                   5     1.088    0.645      2.428
Torsion angles, period 2             1     0.000    0.000      5.000
Planar groups                        4     0.000    0.000      0.020
VDW torsion                          1     0.347    1.735      0.200



====== CYCLE 30 ======

 weight = 1.0000e+00
 geom_x = 7.309072300727798
 geom_a = 0
 geom_q = 0
 geom_c = 0.0
f0= 7.3091e+00
using cgsolve in c++, ic=False
diag(geom) min= 480.814009 max= 12204.486557
diag(all) min= 480.814009 max= 12204.486557
Trying gamma equal 0.042000
Convergence reached after 12 iterations with no gamma cycles
min(dx) = -9.996184585736836e-17
max(dx) = 4.474252844554054e-16
mean(dx)= 8.123595510778709e-17
vdws = 4
atoms = 6
pairs = 14
 geom_x = 7.3090723007277925
 geom_a = 0
 geom_q = 0
 geom_c = 0.0
f1, 0= 7.3091e+00
                          N restraints  r.m.s.d.  r.m.s.Z  Mn(sigma)
Bond distances, non H                5     0.005    0.313      0.016
Bond angles, non H                   5     1.088    0.645      2.428
Torsion angles, period 2             1     0.000    0.000      5.000
Planar groups                        4     0.000    0.000      0.020
VDW torsion                          1     0.347    1.735      0.200


$TABLE: stats vs cycle :
$GRAPHS
: Geometry :A:1,2,4:
: Geometry Z :A:1,3,5:
$$
 Ncyc  rmsBOND  zBOND  rmsANGL  zANGL
$$
$$
    0   0.0053 0.3130   1.0879 0.6451
    1   0.0053 0.3130   1.0879 0.6451
    2   0.0053 0.3130   1.0879 0.6451
    3   0.0053 0.3130   1.0879 0.6451
    4   0.0053 0.3130   1.0879 0.6451
    5   0.0053 0.3130   1.0879 0.6451
    6   0.0053 0.3130   1.0879 0.6451
    7   0.0053 0.3130   1.0879 0.6451
    8   0.0053 0.3130   1.0879 0.6451
    9   0.0053 0.3130   1.0879 0.6451
   10   0.0053 0.3130   1.0879 0.6451
   11   0.0053 0.3130   1.0879 0.6451
   12   0.0053 0.3130   1.0879 0.6451
   13   0.0053 0.3130   1.0879 0.6451
   14   0.0053 0.3130   1.0879 0.6451
   15   0.0053 0.3130   1.0879 0.6451
   16   0.0053 0.3130   1.0879 0.6451
   17   0.0053 0.3130   1.0879 0.6451
   18   0.0053 0.3130   1.0879 0.6451
   19   0.0053 0.3130   1.0879 0.6451
   20   0.0053 0.3130   1.0879 0.6451
   21   0.0053 0.3130   1.0879 0.6451
   22   0.0053 0.3130   1.0879 0.6451
   23   0.0053 0.3130   1.0879 0.6451
   24   0.0053 0.3130   1.0879 0.6451
   25   0.0053 0.3130   1.0879 0.6451
   26   0.0053 0.3130   1.0879 0.6451
   27   0.0053 0.3130   1.0879 0.6451
   28   0.0053 0.3130   1.0879 0.6451
   29   0.0053 0.3130   1.0879 0.6451
   30   0.0053 0.3130   1.0879 0.6451
$$

Creating restraints..

Chain info:
 chain 
  ligands: CAA (1 residues)

Number of refinement parameters:
       n_params  n_atoms  n_atoms_geom_only  n_atoms_data_only
xyz          12       12                  6                  0
adp           0        0                  0                  0
occ           0        0                  0                  0
dfrac         0        0                  0                  0

Randomizing structure with rmsd of 0.01
Torsion angle rules:
 include:
  {'group': 'peptide', 'tors_name': 'chi*'}
  {'link': '*', 'tors_name': 'omega'}
  {'residue': '*', 'tors_name': 'sp2_sp2*'}
  {'link': '*', 'tors_name': 'sp2_sp2*'}
 exclude:
  none
External restraints from Refmac instructions
 Number of distances          : 0
 Number of angles             : 0
 Number of torsions           : 0
 Number of chirals            : 0
 Number of planes             : 0
 Number of intervals          : 0
 Number of stackings          : 0
 Number of harmonics          : 0
 Number of special positions  : 0

Running 10 cycles with wchir=4 wvdw=2 with hydrogen
Geometry weights
vdws = 23
atoms = 12
pairs = 52
                          N restraints  r.m.s.d.  r.m.s.Z  Mn(sigma)
Bond distances, non H                5     0.007    0.490      0.016
Bond distances, H                    6     0.012    0.876      0.017
Bond angles, non H                   5     1.212    0.682      2.428
Bond angles, H                      13     0.548    0.243      2.077
Torsion angles, period 2             1     0.938    0.188      5.000
Torsion angles, period 6             1     0.752    0.038     20.000
Planar groups                        8     0.001    0.025      0.020
VDW nonbonded                        2     0.181    0.903      0.200
VDW torsion                          5     0.214    1.072      0.200


====== CYCLE  1 ======

 weight = 1.0000e+00
 geom_x = 19.22359167366812
 geom_a = 0
 geom_q = 0
 geom_c = 0.0
f0= 1.9224e+01
using cgsolve in c++, ic=False
diag(geom) min= 671.608245 max= 15873.896771
diag(all) min= 671.608245 max= 15873.896771
Trying gamma equal 0.000000
Not converging with gamma equal 0.000000
Trying gamma equal 0.052500
Gamma decreased to 0.042000
min(dx) = -0.0295880386116898
max(dx) = 0.0225395493296179
mean(dx)= -0.0014962597868436803
vdws = 23
atoms = 12
pairs = 52
 geom_x = 13.974166101246935
 geom_a = 0
 geom_q = 0
 geom_c = 0.0
f1, 0= 1.3974e+01
                          N restraints  r.m.s.d.  r.m.s.Z  Mn(sigma)
Bond distances, non H                5     0.009    0.528      0.016
Bond distances, H                    6     0.001    0.061      0.017
Bond angles, non H                   5     1.552    0.872      2.428
Bond angles, H                      13     0.796    0.305      2.077
Torsion angles, period 2             1     0.305    0.061      5.000
Torsion angles, period 6             1     0.409    0.020     20.000
Planar groups                        8     0.000    0.010      0.020
VDW nonbonded                        2     0.142    0.709      0.200
VDW torsion                          4     0.209    1.046      0.200



====== CYCLE  2 ======

 weight = 1.0000e+00
 geom_x = 13.974166101246935
 geom_a = 0
 geom_q = 0
 geom_c = 0.0
f0= 1.3974e+01
using cgsolve in c++, ic=False
diag(geom) min= 649.186398 max= 15826.135234
diag(all) min= 649.186398 max= 15826.135234
Trying gamma equal 0.042000
Convergence reached after 25 iterations with no gamma cycles
min(dx) = -0.007935041402544737
max(dx) = 0.009779157903994109
mean(dx)= 6.971440371437533e-05
vdws = 23
atoms = 12
pairs = 52
 geom_x = 13.803217360465263
 geom_a = 0
 geom_q = 0
 geom_c = 0.0
f1, 0= 1.3803e+01
                          N restraints  r.m.s.d.  r.m.s.Z  Mn(sigma)
Bond distances, non H                5     0.010    0.607      0.016
Bond distances, H                    6     0.001    0.059      0.017
Bond angles, non H                   5     1.703    0.924      2.428
Bond angles, H                      13     0.810    0.312      2.077
Torsion angles, period 2             1     0.201    0.040      5.000
Torsion angles, period 6             1     0.473    0.024     20.000
Planar groups                        8     0.000    0.002      0.020
VDW nonbonded                        1     0.193    0.963      0.200
VDW torsion                          4     0.203    1.015      0.200



====== CYCLE  3 ======

 weight = 1.0000e+00
 geom_x = 13.803217360465263
 geom_a = 0
 geom_q = 0
 geom_c = 0.0
f0= 1.3803e+01
using cgsolve in c++, ic=False
diag(geom) min= 648.092909 max= 15820.981940
diag(all) min= 648.092909 max= 15820.981940
Trying gamma equal 0.042000
Convergence reached after 27 iterations with no gamma cycles
min(dx) = -0.00548612182714944
max(dx) = 0.005015725570365445
mean(dx)= 8.48642610891945e-05
vdws = 23
atoms = 12
pairs = 52
 geom_x = 13.77619142559955
 geom_a = 0
 geom_q = 0
 geom_c = 0.0
f1, 0= 1.3776e+01
                          N restraints  r.m.s.d.  r.m.s.Z  Mn(sigma)
Bond distances, non H                5     0.010    0.633      0.016
Bond distances, H                    6     0.001    0.057      0.017
Bond angles, non H                   5     1.763    0.937      2.428
Bond angles, H                      13     0.814    0.314      2.077
Torsion angles, period 2             1     0.141    0.028      5.000
Torsion angles, period 6             1     0.579    0.029     20.000
Planar groups                        8     0.000    0.007      0.020
VDW nonbonded                        1     0.192    0.959      0.200
VDW torsion                          4     0.201    1.006      0.200



====== CYCLE  4 ======

 weight = 1.0000e+00
 geom_x = 13.77619142559955
 geom_a = 0
 geom_q = 0
 geom_c = 0.0
f0= 1.3776e+01
using cgsolve in c++, ic=False
diag(geom) min= 648.555606 max= 15817.357725
diag(all) min= 648.555606 max= 15817.357725
Trying gamma equal 0.042000
Not converging with gamma equal 0.042000
Trying gamma equal 0.094500
Gamma decreased to 0.084000
min(dx) = -0.00217832637037175
max(dx) = 0.0017902379229139576
mean(dx)= 3.281724985821643e-05
vdws = 23
atoms = 12
pairs = 52
 geom_x = 13.771828928319996
 geom_a = 0
 geom_q = 0
 geom_c = 0.0
f1, 0= 1.3772e+01
                          N restraints  r.m.s.d.  r.m.s.Z  Mn(sigma)
Bond distances, non H                5     0.011    0.639      0.016
Bond distances, H                    6     0.001    0.057      0.017
Bond angles, non H                   5     1.780    0.940      2.428
Bond angles, H                      13     0.813    0.313      2.077
Torsion angles, period 2             1     0.117    0.023      5.000
Torsion angles, period 6             1     0.639    0.032     20.000
Planar groups                        8     0.000    0.009      0.020
VDW nonbonded                        1     0.192    0.959      0.200
VDW torsion                          4     0.201    1.003      0.200



====== CYCLE  5 ======

 weight = 1.0000e+00
 geom_x = 13.771828928319996
 geom_a = 0
 geom_q = 0
 geom_c = 0.0
f0= 1.3772e+01
using cgsolve in c++, ic=False
diag(geom) min= 648.857071 max= 15816.183693
diag(all) min= 648.857071 max= 15816.183693
Trying gamma equal 0.084000
Convergence reached after 24 iterations with no gamma cycles
min(dx) = -0.00214895651925347
max(dx) = 0.001636945637729782
mean(dx)= 2.9769040863859445e-05
vdws = 23
atoms = 12
pairs = 52
 geom_x = 13.76901919977801
 geom_a = 0
 geom_q = 0
 geom_c = 0.0
f1, 0= 1.3769e+01
                          N restraints  r.m.s.d.  r.m.s.Z  Mn(sigma)
Bond distances, non H                5     0.011    0.643      0.016
Bond distances, H                    6     0.001    0.057      0.017
Bond angles, non H                   5     1.792    0.941      2.428
Bond angles, H                      13     0.812    0.313      2.077
Torsion angles, period 2             1     0.094    0.019      5.000
Torsion angles, period 6             1     0.713    0.036     20.000
Planar groups                        8     0.000    0.010      0.020
VDW nonbonded                        1     0.192    0.959      0.200
VDW torsion                          4     0.200    1.002      0.200



====== CYCLE  6 ======

 weight = 1.0000e+00
 geom_x = 13.76901919977801
 geom_a = 0
 geom_q = 0
 geom_c = 0.0
f0= 1.3769e+01
using cgsolve in c++, ic=False
diag(geom) min= 649.217567 max= 15815.274270
diag(all) min= 649.217567 max= 15815.274270
Trying gamma equal 0.084000
Convergence reached after 24 iterations with no gamma cycles
min(dx) = -0.001995094192183368
max(dx) = 0.0013903301416651507
mean(dx)= 2.4677411328142358e-05
vdws = 23
atoms = 12
pairs = 52
 geom_x = 13.766934856828382
 geom_a = 0
 geom_q = 0
 geom_c = 0.0
f1, 0= 1.3767e+01
                          N restraints  r.m.s.d.  r.m.s.Z  Mn(sigma)
Bond distances, non H                5     0.011    0.645      0.016
Bond distances, H                    6     0.001    0.057      0.017
Bond angles, non H                   5     1.799    0.942      2.428
Bond angles, H                      13     0.811    0.313      2.077
Torsion angles, period 2             1     0.074    0.015      5.000
Torsion angles, period 6             1     0.793    0.040     20.000
Planar groups                        8     0.000    0.010      0.020
VDW nonbonded                        1     0.192    0.959      0.200
VDW torsion                          4     0.200    1.001      0.200



====== CYCLE  7 ======

 weight = 1.0000e+00
 geom_x = 13.766934856828382
 geom_a = 0
 geom_q = 0
 geom_c = 0.0
f0= 1.3767e+01
using cgsolve in c++, ic=False
diag(geom) min= 649.597598 max= 15814.650743
diag(all) min= 649.597598 max= 15814.650743
Trying gamma equal 0.084000
Convergence reached after 24 iterations with no gamma cycles
min(dx) = -0.001909906908286639
max(dx) = 0.0012375303213246452
mean(dx)= 2.1604983450304616e-05
vdws = 23
atoms = 12
pairs = 52
 geom_x = 13.765079497775709
 geom_a = 0
 geom_q = 0
 geom_c = 0.0
f1, 0= 1.3765e+01
                          N restraints  r.m.s.d.  r.m.s.Z  Mn(sigma)
Bond distances, non H                5     0.011    0.646      0.016
Bond distances, H                    6     0.001    0.057      0.017
Bond angles, non H                   5     1.804    0.943      2.428
Bond angles, H                      13     0.810    0.312      2.077
Torsion angles, period 2             1     0.057    0.011      5.000
Torsion angles, period 6             1     0.879    0.044     20.000
Planar groups                        8     0.000    0.011      0.020
VDW nonbonded                        1     0.192    0.960      0.200
VDW torsion                          4     0.200    1.001      0.200



====== CYCLE  8 ======

 weight = 1.0000e+00
 geom_x = 13.765079497775709
 geom_a = 0
 geom_q = 0
 geom_c = 0.0
f0= 1.3765e+01
using cgsolve in c++, ic=False
diag(geom) min= 650.007361 max= 15814.214647
diag(all) min= 650.007361 max= 15814.214647
Trying gamma equal 0.084000
Convergence reached after 24 iterations with no gamma cycles
min(dx) = -0.0018663004904302563
max(dx) = 0.001221687198449934
mean(dx)= 1.990836831831532e-05
vdws = 23
atoms = 12
pairs = 52
 geom_x = 13.763274835191007
 geom_a = 0
 geom_q = 0
 geom_c = 0.0
f1, 0= 1.3763e+01
                          N restraints  r.m.s.d.  r.m.s.Z  Mn(sigma)
Bond distances, non H                5     0.011    0.646      0.016
Bond distances, H                    6     0.001    0.057      0.017
Bond angles, non H                   5     1.807    0.943      2.428
Bond angles, H                      13     0.810    0.312      2.077
Torsion angles, period 2             1     0.042    0.008      5.000
Torsion angles, period 6             1     0.973    0.049     20.000
Planar groups                        8     0.000    0.011      0.020
VDW nonbonded                        1     0.192    0.960      0.200
VDW torsion                          4     0.200    1.000      0.200



====== CYCLE  9 ======

 weight = 1.0000e+00
 geom_x = 13.763274835191007
 geom_a = 0
 geom_q = 0
 geom_c = 0.0
f0= 1.3763e+01
using cgsolve in c++, ic=False
diag(geom) min= 650.457075 max= 15813.896997
diag(all) min= 650.457075 max= 15813.896997
Trying gamma equal 0.084000
Convergence reached after 22 iterations with no gamma cycles
min(dx) = -0.001848922318724422
max(dx) = 0.0012614885530010216
mean(dx)= 1.90833557437354e-05
vdws = 23
atoms = 12
pairs = 52
 geom_x = 13.761451788748964
 geom_a = 0
 geom_q = 0
 geom_c = 0.0
f1, 0= 1.3761e+01
                          N restraints  r.m.s.d.  r.m.s.Z  Mn(sigma)
Bond distances, non H                5     0.011    0.647      0.016
Bond distances, H                    6     0.001    0.057      0.017
Bond angles, non H                   5     1.809    0.944      2.428
Bond angles, H                      13     0.810    0.312      2.077
Torsion angles, period 2             1     0.029    0.006      5.000
Torsion angles, period 6             1     1.073    0.054     20.000
Planar groups                        8     0.000    0.012      0.020
VDW nonbonded                        1     0.192    0.960      0.200
VDW torsion                          4     0.200    1.000      0.200



====== CYCLE 10 ======

 weight = 1.0000e+00
 geom_x = 13.761451788748964
 geom_a = 0
 geom_q = 0
 geom_c = 0.0
f0= 1.3761e+01
using cgsolve in c++, ic=False
diag(geom) min= 650.955199 max= 15813.652418
diag(all) min= 650.955199 max= 15813.652418
Trying gamma equal 0.084000
Convergence reached after 22 iterations with no gamma cycles
min(dx) = -0.0018487544125540458
max(dx) = 0.0012923191110245879
mean(dx)= 1.87881950612316e-05
vdws = 23
atoms = 12
pairs = 52
 geom_x = 13.75957924930119
 geom_a = 0
 geom_q = 0
 geom_c = 0.0
f1, 0= 1.3760e+01
                          N restraints  r.m.s.d.  r.m.s.Z  Mn(sigma)
Bond distances, non H                5     0.011    0.647      0.016
Bond distances, H                    6     0.001    0.057      0.017
Bond angles, non H                   5     1.811    0.944      2.428
Bond angles, H                      13     0.809    0.312      2.077
Torsion angles, period 2             1     0.017    0.003      5.000
Torsion angles, period 6             1     1.180    0.059     20.000
Planar groups                        8     0.000    0.012      0.020
VDW nonbonded                        1     0.192    0.960      0.200
VDW torsion                          4     0.200    1.000      0.200


$TABLE: stats vs cycle :
$GRAPHS
: Geometry :A:1,2,4:
: Geometry Z :A:1,3,5:
$$
 Ncyc  rmsBOND  zBOND  rmsANGL  zANGL
$$
$$
    0   0.0074 0.4898   1.2123 0.6822
    1   0.0087 0.5275   1.5518 0.8720
    2   0.0100 0.6069   1.7028 0.9241
    3   0.0105 0.6332   1.7634 0.9369
    4   0.0106 0.6394   1.7804 0.9397
    5   0.0106 0.6430   1.7920 0.9413
    6   0.0107 0.6449   1.7992 0.9422
    7   0.0107 0.6458   1.8039 0.9428
    8   0.0107 0.6463   1.8071 0.9432
    9   0.0107 0.6465   1.8094 0.9436
   10   0.0107 0.6466   1.8112 0.9438
$$

Running 30 cycles with wchir=1 wvdw=2 with hydrogen
Geometry weights
vdws = 23
atoms = 12
pairs = 52
                          N restraints  r.m.s.d.  r.m.s.Z  Mn(sigma)
Bond distances, non H                5     0.011    0.647      0.016
Bond distances, H                    6     0.001    0.057      0.017
Bond angles, non H                   5     1.811    0.944      2.428
Bond angles, H                      13     0.809    0.312      2.077
Torsion angles, period 2             1     0.017    0.003      5.000
Torsion angles, period 6             1     1.180    0.059     20.000
Planar groups                        8     0.000    0.012      0.020
VDW nonbonded                        1     0.192    0.960      0.200
VDW torsion                          4     0.200    1.000      0.200


====== CYCLE  1 ======

 weight = 1.0000e+00
 geom_x = 13.75957924930119
 geom_a = 0
 geom_q = 0
 geom_c = 0.0
f0= 1.3760e+01
using cgsolve in c++, ic=False
diag(geom) min= 651.508496 max= 15813.452265
diag(all) min= 651.508496 max= 15813.452265
Trying gamma equal 0.084000
Convergence reached after 22 iterations with no gamma cycles
min(dx) = -0.0018604327528266554
max(dx) = 0.0013185914744982665
mean(dx)= 1.881171097947356e-05
vdws = 23
atoms = 12
pairs = 52
 geom_x = 13.757639107860099
 geom_a = 0
 geom_q = 0
 geom_c = 0.0
f1, 0= 1.3758e+01
                          N restraints  r.m.s.d.  r.m.s.Z  Mn(sigma)
Bond distances, non H                5     0.011    0.647      0.016
Bond distances, H                    6     0.001    0.057      0.017
Bond angles, non H                   5     1.813    0.944      2.428
Bond angles, H                      13     0.809    0.312      2.077
Torsion angles, period 2             1     0.006    0.001      5.000
Torsion angles, period 6             1     1.295    0.065     20.000
Planar groups                        8     0.000    0.012      0.020
VDW nonbonded                        1     0.192    0.959      0.200
VDW torsion                          4     0.200    1.000      0.200



====== CYCLE  2 ======

 weight = 1.0000e+00
 geom_x = 13.757639107860099
 geom_a = 0
 geom_q = 0
 geom_c = 0.0
f0= 1.3758e+01
using cgsolve in c++, ic=False
diag(geom) min= 652.122757 max= 15813.278487
diag(all) min= 652.122757 max= 15813.278487
Trying gamma equal 0.084000
Convergence reached after 21 iterations with no gamma cycles
min(dx) = -0.0018807198864200208
max(dx) = 0.0013430957195679524
mean(dx)= 1.9022458787683952e-05
vdws = 23
atoms = 12
pairs = 52
 geom_x = 13.755617330655651
 geom_a = 0
 geom_q = 0
 geom_c = 0.0
f1, 0= 1.3756e+01
                          N restraints  r.m.s.d.  r.m.s.Z  Mn(sigma)
Bond distances, non H                5     0.011    0.646      0.016
Bond distances, H                    6     0.001    0.057      0.017
Bond angles, non H                   5     1.814    0.944      2.428
Bond angles, H                      13     0.809    0.312      2.077
Torsion angles, period 2             1     0.003    0.001      5.000
Torsion angles, period 6             1     1.417    0.071     20.000
Planar groups                        8     0.000    0.013      0.020
VDW nonbonded                        1     0.192    0.959      0.200
VDW torsion                          4     0.200    1.000      0.200



====== CYCLE  3 ======

 weight = 1.0000e+00
 geom_x = 13.755617330655651
 geom_a = 0
 geom_q = 0
 geom_c = 0.0
f0= 1.3756e+01
using cgsolve in c++, ic=False
diag(geom) min= 652.803212 max= 15813.119907
diag(all) min= 652.803212 max= 15813.119907
Trying gamma equal 0.084000
Convergence reached after 20 iterations with no gamma cycles
min(dx) = -0.0019076964199106526
max(dx) = 0.0013675959660128466
mean(dx)= 1.9341459494792055e-05
vdws = 23
atoms = 12
pairs = 52
 geom_x = 13.753500679947098
 geom_a = 0
 geom_q = 0
 geom_c = 0.0
f1, 0= 1.3754e+01
                          N restraints  r.m.s.d.  r.m.s.Z  Mn(sigma)
Bond distances, non H                5     0.011    0.646      0.016
Bond distances, H                    6     0.001    0.057      0.017
Bond angles, non H                   5     1.815    0.945      2.428
Bond angles, H                      13     0.809    0.312      2.077
Torsion angles, period 2             1     0.011    0.002      5.000
Torsion angles, period 6             1     1.548    0.077     20.000
Planar groups                        8     0.000    0.013      0.020
VDW nonbonded                        1     0.192    0.959      0.200
VDW torsion                          4     0.200    1.000      0.200



====== CYCLE  4 ======

 weight = 1.0000e+00
 geom_x = 13.753500679947098
 geom_a = 0
 geom_q = 0
 geom_c = 0.0
f0= 1.3754e+01
using cgsolve in c++, ic=False
diag(geom) min= 653.554835 max= 15812.969384
diag(all) min= 653.554835 max= 15812.969384
Trying gamma equal 0.084000
Convergence reached after 20 iterations with no gamma cycles
min(dx) = -0.0019402214866104692
max(dx) = 0.0013931184085540613
mean(dx)= 1.9720081895017614e-05
vdws = 23
atoms = 12
pairs = 52
 geom_x = 13.751275428463964
 geom_a = 0
 geom_q = 0
 geom_c = 0.0
f1, 0= 1.3751e+01
                          N restraints  r.m.s.d.  r.m.s.Z  Mn(sigma)
Bond distances, non H                5     0.011    0.646      0.016
Bond distances, H                    6     0.001    0.057      0.017
Bond angles, non H                   5     1.816    0.945      2.428
Bond angles, H                      13     0.809    0.312      2.077
Torsion angles, period 2             1     0.019    0.004      5.000
Torsion angles, period 6             1     1.686    0.084     20.000
Planar groups                        8     0.000    0.013      0.020
VDW nonbonded                        1     0.192    0.959      0.200
VDW torsion                          4     0.200    0.999      0.200



====== CYCLE  5 ======

 weight = 1.0000e+00
 geom_x = 13.751275428463964
 geom_a = 0
 geom_q = 0
 geom_c = 0.0
f0= 1.3751e+01
using cgsolve in c++, ic=False
diag(geom) min= 654.382694 max= 15812.822540
diag(all) min= 654.382694 max= 15812.822540
Trying gamma equal 0.084000
Convergence reached after 20 iterations with no gamma cycles
min(dx) = -0.0019776077490120483
max(dx) = 0.0014202602460715503
mean(dx)= 2.0129822817422863e-05
vdws = 23
atoms = 12
pairs = 52
 geom_x = 13.748926776502488
 geom_a = 0
 geom_q = 0
 geom_c = 0.0
f1, 0= 1.3749e+01
                          N restraints  r.m.s.d.  r.m.s.Z  Mn(sigma)
Bond distances, non H                5     0.011    0.646      0.016
Bond distances, H                    6     0.001    0.057      0.017
Bond angles, non H                   5     1.817    0.945      2.428
Bond angles, H                      13     0.809    0.312      2.077
Torsion angles, period 2             1     0.026    0.005      5.000
Torsion angles, period 6             1     1.834    0.092     20.000
Planar groups                        8     0.000    0.014      0.020
VDW nonbonded                        1     0.192    0.958      0.200
VDW torsion                          4     0.200    0.999      0.200



====== CYCLE  6 ======

 weight = 1.0000e+00
 geom_x = 13.748926776502488
 geom_a = 0
 geom_q = 0
 geom_c = 0.0
f0= 1.3749e+01
using cgsolve in c++, ic=False
diag(geom) min= 655.292085 max= 15812.676386
diag(all) min= 655.292085 max= 15812.676386
Trying gamma equal 0.084000
Convergence reached after 20 iterations with no gamma cycles
min(dx) = -0.002019480665767498
max(dx) = 0.0014493850261324576
mean(dx)= 2.0552790187964502e-05
vdws = 23
atoms = 12
pairs = 52
 geom_x = 13.746438516990752
 geom_a = 0
 geom_q = 0
 geom_c = 0.0
f1, 0= 1.3746e+01
                          N restraints  r.m.s.d.  r.m.s.Z  Mn(sigma)
Bond distances, non H                5     0.011    0.646      0.016
Bond distances, H                    6     0.001    0.057      0.017
Bond angles, non H                   5     1.818    0.945      2.428
Bond angles, H                      13     0.808    0.312      2.077
Torsion angles, period 2             1     0.032    0.006      5.000
Torsion angles, period 6             1     1.990    0.100     20.000
Planar groups                        8     0.000    0.014      0.020
VDW nonbonded                        1     0.192    0.958      0.200
VDW torsion                          4     0.200    0.999      0.200



====== CYCLE  7 ======

 weight = 1.0000e+00
 geom_x = 13.746438516990752
 geom_a = 0
 geom_q = 0
 geom_c = 0.0
f0= 1.3746e+01
using cgsolve in c++, ic=False
diag(geom) min= 656.288664 max= 15812.528853
diag(all) min= 656.288664 max= 15812.528853
Trying gamma equal 0.084000
Convergence reached after 20 iterations with no gamma cycles
min(dx) = -0.002065645427531709
max(dx) = 0.001532284214191627
mean(dx)= 2.0977273485590164e-05
vdws = 23
atoms = 12
pairs = 52
 geom_x = 13.743792785741269
 geom_a = 0
 geom_q = 0
 geom_c = 0.0
f1, 0= 1.3744e+01
                          N restraints  r.m.s.d.  r.m.s.Z  Mn(sigma)
Bond distances, non H                5     0.011    0.645      0.016
Bond distances, H                    6     0.001    0.057      0.017
Bond angles, non H                   5     1.819    0.945      2.428
Bond angles, H                      13     0.808    0.312      2.077
Torsion angles, period 2             1     0.038    0.008      5.000
Torsion angles, period 6             1     2.156    0.108     20.000
Planar groups                        8     0.000    0.014      0.020
VDW nonbonded                        1     0.192    0.958      0.200
VDW torsion                          4     0.200    0.999      0.200



====== CYCLE  8 ======

 weight = 1.0000e+00
 geom_x = 13.743792785741269
 geom_a = 0
 geom_q = 0
 geom_c = 0.0
f0= 1.3744e+01
using cgsolve in c++, ic=False
diag(geom) min= 657.378529 max= 15812.378403
diag(all) min= 657.378529 max= 15812.378403
Trying gamma equal 0.084000
Convergence reached after 20 iterations with no gamma cycles
min(dx) = -0.002116019851317404
max(dx) = 0.001664292254959589
mean(dx)= 2.1394858277505096e-05
vdws = 23
atoms = 12
pairs = 52
 geom_x = 13.740969837033399
 geom_a = 0
 geom_q = 0
 geom_c = 0.0
f1, 0= 1.3741e+01
                          N restraints  r.m.s.d.  r.m.s.Z  Mn(sigma)
Bond distances, non H                5     0.011    0.645      0.016
Bond distances, H                    6     0.001    0.057      0.017
Bond angles, non H                   5     1.820    0.945      2.428
Bond angles, H                      13     0.808    0.312      2.077
Torsion angles, period 2             1     0.043    0.009      5.000
Torsion angles, period 6             1     2.332    0.117     20.000
Planar groups                        8     0.000    0.015      0.020
VDW nonbonded                        1     0.191    0.957      0.200
VDW torsion                          4     0.200    0.999      0.200



====== CYCLE  9 ======

 weight = 1.0000e+00
 geom_x = 13.740969837033399
 geom_a = 0
 geom_q = 0
 geom_c = 0.0
f0= 1.3741e+01
using cgsolve in c++, ic=False
diag(geom) min= 658.568286 max= 15812.223807
diag(all) min= 658.568286 max= 15812.223807
Trying gamma equal 0.084000
Convergence reached after 20 iterations with no gamma cycles
min(dx) = -0.0021706008048523397
max(dx) = 0.0018028227631933847
mean(dx)= 2.1798711330187766e-05
vdws = 23
atoms = 12
pairs = 52
 geom_x = 13.737947823226882
 geom_a = 0
 geom_q = 0
 geom_c = 0.0
f1, 0= 1.3738e+01
                          N restraints  r.m.s.d.  r.m.s.Z  Mn(sigma)
Bond distances, non H                5     0.011    0.645      0.016
Bond distances, H                    6     0.001    0.057      0.017
Bond angles, non H                   5     1.821    0.946      2.428
Bond angles, H                      13     0.808    0.311      2.077
Torsion angles, period 2             1     0.048    0.010      5.000
Torsion angles, period 6             1     2.519    0.126     20.000
Planar groups                        8     0.000    0.015      0.020
VDW nonbonded                        1     0.191    0.957      0.200
VDW torsion                          4     0.200    0.999      0.200



====== CYCLE 10 ======

 weight = 1.0000e+00
 geom_x = 13.737947823226882
 geom_a = 0
 geom_q = 0
 geom_c = 0.0
f0= 1.3738e+01
using cgsolve in c++, ic=False
diag(geom) min= 659.865101 max= 15812.064007
diag(all) min= 659.865101 max= 15812.064007
Trying gamma equal 0.084000
Convergence reached after 21 iterations with no gamma cycles
min(dx) = -0.0022294315419361626
max(dx) = 0.001948182150209466
mean(dx)= 2.2183000242757668e-05
vdws = 23
atoms = 12
pairs = 52
 geom_x = 13.734702570803012
 geom_a = 0
 geom_q = 0
 geom_c = 0.0
f1, 0= 1.3735e+01
                          N restraints  r.m.s.d.  r.m.s.Z  Mn(sigma)
Bond distances, non H                5     0.011    0.645      0.016
Bond distances, H                    6     0.001    0.057      0.017
Bond angles, non H                   5     1.822    0.946      2.428
Bond angles, H                      13     0.808    0.311      2.077
Torsion angles, period 2             1     0.053    0.011      5.000
Torsion angles, period 6             1     2.716    0.136     20.000
Planar groups                        8     0.000    0.015      0.020
VDW nonbonded                        1     0.191    0.956      0.200
VDW torsion                          4     0.200    0.999      0.200



====== CYCLE 11 ======

 weight = 1.0000e+00
 geom_x = 13.734702570803012
 geom_a = 0
 geom_q = 0
 geom_c = 0.0
f0= 1.3735e+01
using cgsolve in c++, ic=False
diag(geom) min= 661.276763 max= 15811.898066
diag(all) min= 661.276763 max= 15811.898066
Trying gamma equal 0.084000
Convergence reached after 21 iterations with no gamma cycles
min(dx) = -0.002292615419424741
max(dx) = 0.0021006582486543406
mean(dx)= 2.254056936881801e-05
vdws = 23
atoms = 12
pairs = 52
 geom_x = 13.731207350510452
 geom_a = 0
 geom_q = 0
 geom_c = 0.0
f1, 0= 1.3731e+01
                          N restraints  r.m.s.d.  r.m.s.Z  Mn(sigma)
Bond distances, non H                5     0.011    0.645      0.016
Bond distances, H                    6     0.001    0.057      0.017
Bond angles, non H                   5     1.823    0.946      2.428
Bond angles, H                      13     0.807    0.311      2.077
Torsion angles, period 2             1     0.057    0.011      5.000
Torsion angles, period 6             1     2.926    0.146     20.000
Planar groups                        8     0.000    0.015      0.020
VDW nonbonded                        1     0.191    0.956      0.200
VDW torsion                          4     0.200    0.999      0.200



====== CYCLE 12 ======

 weight = 1.0000e+00
 geom_x = 13.731207350510452
 geom_a = 0
 geom_q = 0
 geom_c = 0.0
f0= 1.3731e+01
using cgsolve in c++, ic=False
diag(geom) min= 662.811705 max= 15811.724966
diag(all) min= 662.811705 max= 15811.724966
Trying gamma equal 0.084000
Convergence reached after 21 iterations with no gamma cycles
min(dx) = -0.0023602578451469612
max(dx) = 0.0022605694654042443
mean(dx)= 2.2865342202891964e-05
vdws = 23
atoms = 12
pairs = 52
 geom_x = 13.727432641853285
 geom_a = 0
 geom_q = 0
 geom_c = 0.0
f1, 0= 1.3727e+01
                          N restraints  r.m.s.d.  r.m.s.Z  Mn(sigma)
Bond distances, non H                5     0.011    0.644      0.016
Bond distances, H                    6     0.001    0.057      0.017
Bond angles, non H                   5     1.824    0.946      2.428
Bond angles, H                      13     0.807    0.311      2.077
Torsion angles, period 2             1     0.061    0.012      5.000
Torsion angles, period 6             1     3.147    0.157     20.000
Planar groups                        8     0.000    0.016      0.020
VDW nonbonded                        1     0.191    0.955      0.200
VDW torsion                          4     0.200    0.999      0.200



====== CYCLE 13 ======

 weight = 1.0000e+00
 geom_x = 13.727432641853285
 geom_a = 0
 geom_q = 0
 geom_c = 0.0
f0= 1.3727e+01
using cgsolve in c++, ic=False
diag(geom) min= 664.479098 max= 15811.543760
diag(all) min= 664.479098 max= 15811.543760
Trying gamma equal 0.084000
Convergence reached after 21 iterations with no gamma cycles
min(dx) = -0.0024324809606991126
max(dx) = 0.002428196026380608
mean(dx)= 2.3149700815108048e-05
vdws = 23
atoms = 12
pairs = 52
 geom_x = 13.72334589508675
 geom_a = 0
 geom_q = 0
 geom_c = 0.0
f1, 0= 1.3723e+01
                          N restraints  r.m.s.d.  r.m.s.Z  Mn(sigma)
Bond distances, non H                5     0.011    0.644      0.016
Bond distances, H                    6     0.001    0.057      0.017
Bond angles, non H                   5     1.825    0.946      2.428
Bond angles, H                      13     0.807    0.311      2.077
Torsion angles, period 2             1     0.065    0.013      5.000
Torsion angles, period 6             1     3.381    0.169     20.000
Planar groups                        8     0.000    0.016      0.020
VDW nonbonded                        1     0.191    0.954      0.200
VDW torsion                          4     0.200    0.998      0.200



====== CYCLE 14 ======

 weight = 1.0000e+00
 geom_x = 13.72334589508675
 geom_a = 0
 geom_q = 0
 geom_c = 0.0
f0= 1.3723e+01
using cgsolve in c++, ic=False
diag(geom) min= 666.288872 max= 15811.353446
diag(all) min= 666.288872 max= 15811.353446
Trying gamma equal 0.084000
Convergence reached after 21 iterations with no gamma cycles
min(dx) = -0.0025094189371983296
max(dx) = 0.002603801670515732
mean(dx)= 2.3385066007390086e-05
vdws = 23
atoms = 12
pairs = 52
 geom_x = 13.718920515727362
 geom_a = 0
 geom_q = 0
 geom_c = 0.0
f1, 0= 1.3719e+01
                          N restraints  r.m.s.d.  r.m.s.Z  Mn(sigma)
Bond distances, non H                5     0.011    0.644      0.016
Bond distances, H                    6     0.001    0.056      0.017
Bond angles, non H                   5     1.826    0.946      2.428
Bond angles, H                      13     0.806    0.311      2.077
Torsion angles, period 2             1     0.069    0.014      5.000
Torsion angles, period 6             1     3.628    0.181     20.000
Planar groups                        8     0.000    0.017      0.020
VDW nonbonded                        2     0.135    0.674      0.200
VDW torsion                          4     0.200    0.998      0.200



====== CYCLE 15 ======

 weight = 1.0000e+00
 geom_x = 13.718920515727362
 geom_a = 0
 geom_q = 0
 geom_c = 0.0
f0= 1.3719e+01
using cgsolve in c++, ic=False
diag(geom) min= 668.251769 max= 15811.152967
diag(all) min= 668.251769 max= 15811.152967
Trying gamma equal 0.084000
Convergence reached after 19 iterations with no gamma cycles
min(dx) = -0.0025786049176539164
max(dx) = 0.0028064495995664823
mean(dx)= 2.223743692818585e-05
vdws = 23
atoms = 12
pairs = 52
 geom_x = 13.714247210776001
 geom_a = 0
 geom_q = 0
 geom_c = 0.0
f1, 0= 1.3714e+01
                          N restraints  r.m.s.d.  r.m.s.Z  Mn(sigma)
Bond distances, non H                5     0.011    0.643      0.016
Bond distances, H                    6     0.001    0.056      0.017
Bond angles, non H                   5     1.828    0.946      2.428
Bond angles, H                      13     0.807    0.311      2.077
Torsion angles, period 2             1     0.074    0.015      5.000
Torsion angles, period 6             1     3.887    0.194     20.000
Planar groups                        8     0.000    0.017      0.020
VDW nonbonded                        2     0.135    0.674      0.200
VDW torsion                          4     0.200    0.998      0.200



====== CYCLE 16 ======

 weight = 1.0000e+00
 geom_x = 13.714247210776001
 geom_a = 0
 geom_q = 0
 geom_c = 0.0
f0= 1.3714e+01
using cgsolve in c++, ic=False
diag(geom) min= 670.389607 max= 15810.844906
diag(all) min= 670.389607 max= 15810.844906
Trying gamma equal 0.084000
Convergence reached after 19 iterations with no gamma cycles
min(dx) = -0.002634519048799183
max(dx) = 0.003003070580545155
mean(dx)= 2.2628660141864086e-05
vdws = 23
atoms = 12
pairs = 52
 geom_x = 13.70925164116041
 geom_a = 0
 geom_q = 0
 geom_c = 0.0
f1, 0= 1.3709e+01
                          N restraints  r.m.s.d.  r.m.s.Z  Mn(sigma)
Bond distances, non H                5     0.011    0.643      0.016
Bond distances, H                    6     0.001    0.056      0.017
Bond angles, non H                   5     1.830    0.946      2.428
Bond angles, H                      13     0.808    0.311      2.077
Torsion angles, period 2             1     0.080    0.016      5.000
Torsion angles, period 6             1     4.157    0.208     20.000
Planar groups                        8     0.000    0.018      0.020
VDW nonbonded                        2     0.135    0.673      0.200
VDW torsion                          4     0.200    0.998      0.200



====== CYCLE 17 ======

 weight = 1.0000e+00
 geom_x = 13.70925164116041
 geom_a = 0
 geom_q = 0
 geom_c = 0.0
f0= 1.3709e+01
using cgsolve in c++, ic=False
diag(geom) min= 672.706085 max= 15810.510078
diag(all) min= 672.706085 max= 15810.510078
Trying gamma equal 0.084000
Convergence reached after 19 iterations with no gamma cycles
min(dx) = -0.0028215681765513764
max(dx) = 0.0032037990507038155
mean(dx)= 2.2341046701829722e-05
vdws = 23
atoms = 12
pairs = 52
 geom_x = 13.703886930230212
 geom_a = 0
 geom_q = 0
 geom_c = 0.0
f1, 0= 1.3704e+01
                          N restraints  r.m.s.d.  r.m.s.Z  Mn(sigma)
Bond distances, non H                5     0.011    0.643      0.016
Bond distances, H                    6     0.001    0.056      0.017
Bond angles, non H                   5     1.832    0.946      2.428
Bond angles, H                      13     0.808    0.311      2.077
Torsion angles, period 2             1     0.087    0.017      5.000
Torsion angles, period 6             1     4.442    0.222     20.000
Planar groups                        8     0.000    0.018      0.020
VDW nonbonded                        2     0.134    0.672      0.200
VDW torsion                          4     0.199    0.997      0.200



====== CYCLE 18 ======

 weight = 1.0000e+00
 geom_x = 13.703886930230212
 geom_a = 0
 geom_q = 0
 geom_c = 0.0
f0= 1.3704e+01
using cgsolve in c++, ic=False
diag(geom) min= 675.212187 max= 15810.156767
diag(all) min= 675.212187 max= 15810.156767
Trying gamma equal 0.084000
Convergence reached after 19 iterations with no gamma cycles
min(dx) = -0.003022191551146733
max(dx) = 0.003411193857017753
mean(dx)= 2.1860487443005366e-05
vdws = 23
atoms = 12
pairs = 52
 geom_x = 13.69810440910625
 geom_a = 0
 geom_q = 0
 geom_c = 0.0
f1, 0= 1.3698e+01
                          N restraints  r.m.s.d.  r.m.s.Z  Mn(sigma)
Bond distances, non H                5     0.011    0.643      0.016
Bond distances, H                    6     0.001    0.056      0.017
Bond angles, non H                   5     1.834    0.946      2.428
Bond angles, H                      13     0.809    0.311      2.077
Torsion angles, period 2             1     0.094    0.019      5.000
Torsion angles, period 6             1     4.741    0.237     20.000
Planar groups                        8     0.000    0.019      0.020
VDW nonbonded                        2     0.134    0.672      0.200
VDW torsion                          4     0.199    0.997      0.200



====== CYCLE 19 ======

 weight = 1.0000e+00
 geom_x = 13.69810440910625
 geom_a = 0
 geom_q = 0
 geom_c = 0.0
f0= 1.3698e+01
using cgsolve in c++, ic=False
diag(geom) min= 677.921131 max= 15809.787745
diag(all) min= 677.921131 max= 15809.787745
Trying gamma equal 0.084000
Convergence reached after 19 iterations with no gamma cycles
min(dx) = -0.003232460902563711
max(dx) = 0.0036260123989100804
mean(dx)= 2.1239737009296085e-05
vdws = 23
atoms = 12
pairs = 52
 geom_x = 13.69185225915681
 geom_a = 0
 geom_q = 0
 geom_c = 0.0
f1, 0= 1.3692e+01
                          N restraints  r.m.s.d.  r.m.s.Z  Mn(sigma)
Bond distances, non H                5     0.011    0.643      0.016
Bond distances, H                    6     0.001    0.056      0.017
Bond angles, non H                   5     1.836    0.946      2.428
Bond angles, H                      13     0.809    0.311      2.077
Torsion angles, period 2             1     0.101    0.020      5.000
Torsion angles, period 6             1     5.054    0.253     20.000
Planar groups                        8     0.000    0.020      0.020
VDW nonbonded                        2     0.134    0.671      0.200
VDW torsion                          4     0.199    0.997      0.200



====== CYCLE 20 ======

 weight = 1.0000e+00
 geom_x = 13.69185225915681
 geom_a = 0
 geom_q = 0
 geom_c = 0.0
f0= 1.3692e+01
using cgsolve in c++, ic=False
diag(geom) min= 680.847435 max= 15809.403937
diag(all) min= 680.847435 max= 15809.403937
Trying gamma equal 0.084000
Convergence reached after 19 iterations with no gamma cycles
min(dx) = -0.00345229528500423
max(dx) = 0.0038485158607029445
mean(dx)= 2.0484909567936522e-05
vdws = 23
atoms = 12
pairs = 52
 geom_x = 13.68507527698283
 geom_a = 0
 geom_q = 0
 geom_c = 0.0
f1, 0= 1.3685e+01
                          N restraints  r.m.s.d.  r.m.s.Z  Mn(sigma)
Bond distances, non H                5     0.011    0.643      0.016
Bond distances, H                    6     0.001    0.056      0.017
Bond angles, non H                   5     1.838    0.946      2.428
Bond angles, H                      13     0.809    0.311      2.077
Torsion angles, period 2             1     0.108    0.022      5.000
Torsion angles, period 6             1     5.383    0.269     20.000
Planar groups                        8     0.000    0.021      0.020
VDW nonbonded                        2     0.134    0.670      0.200
VDW torsion                          4     0.199    0.997      0.200



====== CYCLE 21 ======

 weight = 1.0000e+00
 geom_x = 13.68507527698283
 geom_a = 0
 geom_q = 0
 geom_c = 0.0
f0= 1.3685e+01
using cgsolve in c++, ic=False
diag(geom) min= 684.006741 max= 15809.005171
diag(all) min= 684.006741 max= 15809.005171
Trying gamma equal 0.084000
Convergence reached after 19 iterations with no gamma cycles
min(dx) = -0.0036816600294023896
max(dx) = 0.004078711979576685
mean(dx)= 1.9588813660166153e-05
vdws = 23
atoms = 12
pairs = 52
 geom_x = 13.677714842164384
 geom_a = 0
 geom_q = 0
 geom_c = 0.0
f1, 0= 1.3678e+01
                          N restraints  r.m.s.d.  r.m.s.Z  Mn(sigma)
Bond distances, non H                5     0.011    0.643      0.016
Bond distances, H                    6     0.001    0.056      0.017
Bond angles, non H                   5     1.840    0.945      2.428
Bond angles, H                      13     0.809    0.311      2.077
Torsion angles, period 2             1     0.116    0.023      5.000
Torsion angles, period 6             1     5.729    0.286     20.000
Planar groups                        8     0.000    0.021      0.020
VDW nonbonded                        2     0.134    0.668      0.200
VDW torsion                          4     0.199    0.996      0.200



====== CYCLE 22 ======

 weight = 1.0000e+00
 geom_x = 13.677714842164384
 geom_a = 0
 geom_q = 0
 geom_c = 0.0
f0= 1.3678e+01
using cgsolve in c++, ic=False
diag(geom) min= 687.415729 max= 15808.590640
diag(all) min= 687.415729 max= 15808.590640
Trying gamma equal 0.084000
Convergence reached after 19 iterations with no gamma cycles
min(dx) = -0.003920493709629151
max(dx) = 0.004316422128415797
mean(dx)= 1.8537235851576972e-05
vdws = 23
atoms = 12
pairs = 52
 geom_x = 13.6697090198501
 geom_a = 0
 geom_q = 0
 geom_c = 0.0
f1, 0= 1.3670e+01
                          N restraints  r.m.s.d.  r.m.s.Z  Mn(sigma)
Bond distances, non H                5     0.011    0.643      0.016
Bond distances, H                    6     0.001    0.056      0.017
Bond angles, non H                   5     1.842    0.945      2.428
Bond angles, H                      13     0.809    0.310      2.077
Torsion angles, period 2             1     0.125    0.025      5.000
Torsion angles, period 6             1     6.092    0.305     20.000
Planar groups                        8     0.000    0.022      0.020
VDW nonbonded                        2     0.133    0.667      0.200
VDW torsion                          4     0.199    0.996      0.200



====== CYCLE 23 ======

 weight = 1.0000e+00
 geom_x = 13.6697090198501
 geom_a = 0
 geom_q = 0
 geom_c = 0.0
f0= 1.3670e+01
using cgsolve in c++, ic=False
diag(geom) min= 691.092056 max= 15808.159155
diag(all) min= 691.092056 max= 15808.159155
Trying gamma equal 0.084000
Convergence reached after 20 iterations with no gamma cycles
min(dx) = -0.004168708241157673
max(dx) = 0.004561317419612158
mean(dx)= 1.7311211342627796e-05
vdws = 23
atoms = 12
pairs = 52
 geom_x = 13.660992797293947
 geom_a = 0
 geom_q = 0
 geom_c = 0.0
f1, 0= 1.3661e+01
                          N restraints  r.m.s.d.  r.m.s.Z  Mn(sigma)
Bond distances, non H                5     0.011    0.643      0.016
Bond distances, H                    6     0.001    0.056      0.017
Bond angles, non H                   5     1.843    0.945      2.428
Bond angles, H                      13     0.809    0.310      2.077
Torsion angles, period 2             1     0.133    0.027      5.000
Torsion angles, period 6             1     6.472    0.324     20.000
Planar groups                        8     0.000    0.023      0.020
VDW nonbonded                        2     0.133    0.666      0.200
VDW torsion                          4     0.199    0.996      0.200



====== CYCLE 24 ======

 weight = 1.0000e+00
 geom_x = 13.660992797293947
 geom_a = 0
 geom_q = 0
 geom_c = 0.0
f0= 1.3661e+01
using cgsolve in c++, ic=False
diag(geom) min= 695.054290 max= 15807.709215
diag(all) min= 695.054290 max= 15807.709215
Trying gamma equal 0.084000
Convergence reached after 20 iterations with no gamma cycles
min(dx) = -0.004425998653021262
max(dx) = 0.004812892653755278
mean(dx)= 1.5889655687122727e-05
vdws = 23
atoms = 12
pairs = 52
 geom_x = 13.651498478186532
 geom_a = 0
 geom_q = 0
 geom_c = 0.0
f1, 0= 1.3651e+01
                          N restraints  r.m.s.d.  r.m.s.Z  Mn(sigma)
Bond distances, non H                5     0.011    0.642      0.016
Bond distances, H                    6     0.001    0.056      0.017
Bond angles, non H                   5     1.845    0.944      2.428
Bond angles, H                      13     0.809    0.310      2.077
Torsion angles, period 2             1     0.142    0.028      5.000
Torsion angles, period 6             1     6.871    0.344     20.000
Planar groups                        8     0.000    0.024      0.020
VDW nonbonded                        2     0.133    0.664      0.200
VDW torsion                          4     0.199    0.996      0.200



====== CYCLE 25 ======

 weight = 1.0000e+00
 geom_x = 13.651498478186532
 geom_a = 0
 geom_q = 0
 geom_c = 0.0
f0= 1.3651e+01
using cgsolve in c++, ic=False
diag(geom) min= 699.321822 max= 15807.239324
diag(all) min= 699.321822 max= 15807.239324
Trying gamma equal 0.084000
Convergence reached after 20 iterations with no gamma cycles
min(dx) = -0.004692055419718131
max(dx) = 0.005070485835363152
mean(dx)= 1.4249827505799713e-05
vdws = 23
atoms = 12
pairs = 52
 geom_x = 13.641156264168968
 geom_a = 0
 geom_q = 0
 geom_c = 0.0
f1, 0= 1.3641e+01
                          N restraints  r.m.s.d.  r.m.s.Z  Mn(sigma)
Bond distances, non H                5     0.011    0.642      0.016
Bond distances, H                    6     0.001    0.055      0.017
Bond angles, non H                   5     1.846    0.944      2.428
Bond angles, H                      13     0.809    0.310      2.077
Torsion angles, period 2             1     0.152    0.030      5.000
Torsion angles, period 6             1     7.288    0.364     20.000
Planar groups                        8     0.000    0.024      0.020
VDW nonbonded                        2     0.132    0.662      0.200
VDW torsion                          4     0.199    0.995      0.200



====== CYCLE 26 ======

 weight = 1.0000e+00
 geom_x = 13.641156264168968
 geom_a = 0
 geom_q = 0
 geom_c = 0.0
f0= 1.3641e+01
using cgsolve in c++, ic=False
diag(geom) min= 703.914752 max= 15806.747795
diag(all) min= 703.914752 max= 15806.747795
Trying gamma equal 0.084000
Convergence reached after 20 iterations with no gamma cycles
min(dx) = -0.004966363279371504
max(dx) = 0.005333265560742811
mean(dx)= 1.2367838967248042e-05
vdws = 23
atoms = 12
pairs = 52
 geom_x = 13.629895048430745
 geom_a = 0
 geom_q = 0
 geom_c = 0.0
f1, 0= 1.3630e+01
                          N restraints  r.m.s.d.  r.m.s.Z  Mn(sigma)
Bond distances, non H                5     0.011    0.642      0.016
Bond distances, H                    6     0.001    0.055      0.017
Bond angles, non H                   5     1.848    0.943      2.428
Bond angles, H                      13     0.809    0.309      2.077
Torsion angles, period 2             1     0.161    0.032      5.000
Torsion angles, period 6             1     7.725    0.386     20.000
Planar groups                        8     0.001    0.025      0.020
VDW nonbonded                        2     0.132    0.660      0.200
VDW torsion                          4     0.199    0.995      0.200



====== CYCLE 27 ======

 weight = 1.0000e+00
 geom_x = 13.629895048430745
 geom_a = 0
 geom_q = 0
 geom_c = 0.0
f0= 1.3630e+01
using cgsolve in c++, ic=False
diag(geom) min= 708.853744 max= 15806.232920
diag(all) min= 708.853744 max= 15806.232920
Trying gamma equal 0.084000
Convergence reached after 20 iterations with no gamma cycles
min(dx) = -0.0052482302137293
max(dx) = 0.005600200634637459
mean(dx)= 1.0219600814921896e-05
vdws = 23
atoms = 12
pairs = 52
 geom_x = 13.617643460131852
 geom_a = 0
 geom_q = 0
 geom_c = 0.0
f1, 0= 1.3618e+01
                          N restraints  r.m.s.d.  r.m.s.Z  Mn(sigma)
Bond distances, non H                5     0.011    0.641      0.016
Bond distances, H                    6     0.001    0.055      0.017
Bond angles, non H                   5     1.849    0.942      2.428
Bond angles, H                      13     0.808    0.309      2.077
Torsion angles, period 2             1     0.171    0.034      5.000
Torsion angles, period 6             1     8.182    0.409     20.000
Planar groups                        8     0.001    0.026      0.020
VDW nonbonded                        2     0.132    0.658      0.200
VDW torsion                          4     0.199    0.995      0.200



====== CYCLE 28 ======

 weight = 1.0000e+00
 geom_x = 13.617643460131852
 geom_a = 0
 geom_q = 0
 geom_c = 0.0
f0= 1.3618e+01
using cgsolve in c++, ic=False
diag(geom) min= 714.159826 max= 15805.692973
diag(all) min= 714.159826 max= 15805.692973
Trying gamma equal 0.084000
Convergence reached after 21 iterations with no gamma cycles
min(dx) = -0.005536829878241727
max(dx) = 0.005870101324940277
mean(dx)= 7.779853097032931e-06
vdws = 23
atoms = 12
pairs = 52
 geom_x = 13.604331184710642
 geom_a = 0
 geom_q = 0
 geom_c = 0.0
f1, 0= 1.3604e+01
                          N restraints  r.m.s.d.  r.m.s.Z  Mn(sigma)
Bond distances, non H                5     0.011    0.641      0.016
Bond distances, H                    6     0.001    0.055      0.017
Bond angles, non H                   5     1.850    0.941      2.428
Bond angles, H                      13     0.808    0.309      2.077
Torsion angles, period 2             1     0.182    0.036      5.000
Torsion angles, period 6             1     8.660    0.433     20.000
Planar groups                        8     0.001    0.027      0.020
VDW nonbonded                        2     0.131    0.656      0.200
VDW torsion                          4     0.199    0.995      0.200



====== CYCLE 29 ======

 weight = 1.0000e+00
 geom_x = 13.604331184710642
 geom_a = 0
 geom_q = 0
 geom_c = 0.0
f0= 1.3604e+01
using cgsolve in c++, ic=False
diag(geom) min= 719.854166 max= 15805.126165
diag(all) min= 719.854166 max= 15805.126165
Trying gamma equal 0.084000
Convergence reached after 21 iterations with no gamma cycles
min(dx) = -0.005830872878071444
max(dx) = 0.006141398863538649
mean(dx)= 5.03067217919223e-06
vdws = 23
atoms = 12
pairs = 52
 geom_x = 13.58989059121779
 geom_a = 0
 geom_q = 0
 geom_c = 0.0
f1, 0= 1.3590e+01
                          N restraints  r.m.s.d.  r.m.s.Z  Mn(sigma)
Bond distances, non H                5     0.011    0.640      0.016
Bond distances, H                    6     0.001    0.055      0.017
Bond angles, non H                   5     1.850    0.940      2.428
Bond angles, H                      13     0.808    0.308      2.077
Torsion angles, period 2             1     0.193    0.039      5.000
Torsion angles, period 6             1     9.157    0.458     20.000
Planar groups                        8     0.001    0.028      0.020
VDW nonbonded                        2     0.131    0.653      0.200
VDW torsion                          4     0.199    0.995      0.200



====== CYCLE 30 ======

 weight = 1.0000e+00
 geom_x = 13.58989059121779
 geom_a = 0
 geom_q = 0
 geom_c = 0.0
f0= 1.3590e+01
using cgsolve in c++, ic=False
diag(geom) min= 725.957681 max= 15804.530979
diag(all) min= 725.957681 max= 15804.530979
Trying gamma equal 0.084000
Convergence reached after 22 iterations with no gamma cycles
min(dx) = -0.006129103130234627
max(dx) = 0.006412503212827391
mean(dx)= 1.950094731470771e-06
vdws = 23
atoms = 12
pairs = 52
 geom_x = 13.574258676903765
 geom_a = 0
 geom_q = 0
 geom_c = 0.0
f1, 0= 1.3574e+01
                          N restraints  r.m.s.d.  r.m.s.Z  Mn(sigma)
Bond distances, non H                5     0.011    0.640      0.016
Bond distances, H                    6     0.001    0.055      0.017
Bond angles, non H                   5     1.851    0.939      2.428
Bond angles, H                      13     0.807    0.307      2.077
Torsion angles, period 2             1     0.204    0.041      5.000
Torsion angles, period 6             1     9.676    0.484     20.000
Planar groups                        8     0.001    0.029      0.020
VDW nonbonded                        2     0.130    0.650      0.200
VDW torsion                          4     0.199    0.995      0.200


$TABLE: stats vs cycle :
$GRAPHS
: Geometry :A:1,2,4:
: Geometry Z :A:1,3,5:
$$
 Ncyc  rmsBOND  zBOND  rmsANGL  zANGL
$$
$$
    0   0.0107 0.6466   1.8112 0.9438
    1   0.0107 0.6465   1.8126 0.9441
    2   0.0107 0.6464   1.8139 0.9443
    3   0.0107 0.6463   1.8150 0.9445
    4   0.0107 0.6461   1.8161 0.9447
    5   0.0107 0.6459   1.8172 0.9449
    6   0.0107 0.6457   1.8182 0.9451
    7   0.0107 0.6455   1.8192 0.9453
    8   0.0107 0.6453   1.8202 0.9454
    9   0.0107 0.6450   1.8212 0.9456
   10   0.0106 0.6448   1.8222 0.9457
   11   0.0106 0.6445   1.8231 0.9458
   12   0.0106 0.6442   1.8241 0.9458
   13   0.0106 0.6439   1.8250 0.9459
   14   0.0106 0.6436   1.8259 0.9459
   15   0.0106 0.6435   1.8278 0.9460
   16   0.0106 0.6434   1.8299 0.9460
   17   0.0106 0.6434   1.8320 0.9460
   18   0.0106 0.6433   1.8341 0.9460
   19   0.0106 0.6432   1.8361 0.9458
   20   0.0106 0.6431   1.8381 0.9457
   21   0.0106 0.6430   1.8399 0.9454
   22   0.0106 0.6428   1.8417 0.9451
   23   0.0106 0.6426   1.8434 0.9447
   24   0.0106 0.6424   1.8449 0.9442
   25   0.0106 0.6421   1.8464 0.9436
   26   0.0106 0.6417   1.8476 0.9429
   27   0.0106 0.6413   1.8487 0.9420
   28   0.0106 0.6409   1.8497 0.9411
   29   0.0106 0.6403   1.8504 0.9399
   30   0.0106 0.6398   1.8510 0.9387
$$

Updated dictionary saved: CAA_MODEL_TMP/mol_1_conf_15_updated.cif
Refinement statistics saved: CAA_MODEL_TMP/mol_1_conf_15_stats.json

# Finished on 2026-06-14 11:38:50.412874

=========END OF PROCESS INFORMATION ==========
