
============ PROCESS INFORMATION =============
# Servalcat ver. 0.4.128 (Python 3.9.18)
# Library vers. gemmi 0.7.4, scipy 1.7.3, numpy 1.19.5, pandas 1.3.5
# Started on 2026-06-14 11:38:48.498489
# Host: Mac.lan User: hilgersmt
# Command-line:
# servalcat --logfile CAA_MODEL_TMP/servalcat.log refine_geom --update_dictionary CAA_MODEL_TMP/mol_1_conf_14_init.cif -o CAA_MODEL_TMP/mol_1_conf_14 --randomize 0.01
Config loaded
--
refine:
  atom_selection:
    xyz:
      include:
      - '*'
      exclude: []
      exclude_restraint: []
    adp:
      include: []
      exclude: []
      exclude_restraint: []
    occ:
      include: []
      exclude: []
      exclude_restraint: []
    dfrac:
      include: []
      exclude: []
      exclude_restraint: []
  occ_groups: []
  occ_group_constraints: []
  occ_group_const_mu: 10.0
  occ_group_const_mu_update_factor: 1.1
  occ_group_const_mu_update_tol_rel: 0.25
  occ_group_const_mu_update_tol_abs: 0.01
  initialisation:
    adp: {}
    occ: {}
    dfrac: {}
  write_trajectory: false
--
Reading monomers from /Applications/ccp4-9/lib/data/monomers/
Reading monomer: CAA_MODEL_TMP/mol_1_conf_14_init.cif
WARNING:: updating monomer CAA using CAA_MODEL_TMP/mol_1_conf_14_init.cif
Monomer library loaded: 1 monomers, 109 links, 133 modifications
       loaded monomers: CAA

Checking if unknown atoms exist..
Creating restraints..

Chain info:
 chain 
  ligands: CAA (1 residues)

Number of refinement parameters:
       n_params  n_atoms  n_atoms_geom_only  n_atoms_data_only
xyz           6        6                  0                  0
adp           0        0                  0                  0
occ           0        0                  0                  0
dfrac         0        0                  0                  0

Randomizing structure with rmsd of 0.01
Torsion angle rules:
 include:
  {'group': 'peptide', 'tors_name': 'chi*'}
  {'link': '*', 'tors_name': 'omega'}
  {'residue': '*', 'tors_name': 'sp2_sp2*'}
  {'link': '*', 'tors_name': 'sp2_sp2*'}
 exclude:
  none
External restraints from Refmac instructions
 Number of distances          : 0
 Number of angles             : 0
 Number of torsions           : 0
 Number of chirals            : 0
 Number of planes             : 0
 Number of intervals          : 0
 Number of stackings          : 0
 Number of harmonics          : 0
 Number of special positions  : 0

Running 10 cycles with wchir=4 wvdw=2 without hydrogen
Geometry weights
vdws = 4
atoms = 6
pairs = 14
 *** Bond distances outliers (Z >= 5) ***

    atom1     atom2  value  ideal  sigma     z
/CAA 1/C2 /CAA 1/N1  1.431  1.335  0.016 5.890

                          N restraints  r.m.s.d.  r.m.s.Z  Mn(sigma)
Bond distances, non H                5     0.046    2.771      0.016
Bond angles, non H                   5     2.746    1.121      2.428
Torsion angles, period 2             1     1.633    0.327      5.000
Planar groups                        4     0.007    0.326      0.020
VDW torsion                          1     0.369    1.845      0.200


====== CYCLE  1 ======

 weight = 1.0000e+00
 geom_x = 29.414907365652418
 geom_a = 0
 geom_q = 0
 geom_c = 0.0
f0= 2.9415e+01
using cgsolve in c++, ic=False
diag(geom) min= 416.655711 max= 11864.721445
diag(all) min= 416.655711 max= 11864.721445
Trying gamma equal 0.000000
Convergence reached after 11 iterations with no gamma cycles
min(dx) = -0.10042860316775148
max(dx) = 0.05434965231660984
mean(dx)= -0.0014690077841457035
vdws = 4
atoms = 6
pairs = 14
 geom_x = 7.497935102530702
 geom_a = 0
 geom_q = 0
 geom_c = 0.0
f1, 0= 7.4979e+00
                          N restraints  r.m.s.d.  r.m.s.Z  Mn(sigma)
Bond distances, non H                5     0.007    0.449      0.016
Bond angles, non H                   5     1.158    0.679      2.428
Torsion angles, period 2             1     0.054    0.011      5.000
Planar groups                        4     0.000    0.006      0.020
VDW torsion                          1     0.342    1.709      0.200



====== CYCLE  2 ======

 weight = 1.0000e+00
 geom_x = 7.497935102530702
 geom_a = 0
 geom_q = 0
 geom_c = 0.0
f0= 7.4979e+00
using cgsolve in c++, ic=False
diag(geom) min= 596.878943 max= 12132.898998
diag(all) min= 596.878943 max= 12132.898998
Trying gamma equal 0.000000
Convergence reached after 11 iterations with no gamma cycles
min(dx) = -0.002383288825400594
max(dx) = 0.0047573386189216525
mean(dx)= 0.0004361798265885204
vdws = 4
atoms = 6
pairs = 14
 geom_x = 7.309074008591536
 geom_a = 0
 geom_q = 0
 geom_c = 0.0
f1, 0= 7.3091e+00
                          N restraints  r.m.s.d.  r.m.s.Z  Mn(sigma)
Bond distances, non H                5     0.005    0.313      0.016
Bond angles, non H                   5     1.088    0.645      2.428
Torsion angles, period 2             1     0.002    0.000      5.000
Planar groups                        4     0.000    0.000      0.020
VDW torsion                          1     0.347    1.735      0.200



====== CYCLE  3 ======

 weight = 1.0000e+00
 geom_x = 7.309074008591536
 geom_a = 0
 geom_q = 0
 geom_c = 0.0
f0= 7.3091e+00
using cgsolve in c++, ic=False
diag(geom) min= 598.039868 max= 12130.070106
diag(all) min= 598.039868 max= 12130.070106
Trying gamma equal 0.000000
Convergence reached after 11 iterations with no gamma cycles
min(dx) = -3.488737169994021e-05
max(dx) = 2.288071879032681e-05
mean(dx)= -2.430539895898667e-07
vdws = 4
atoms = 6
pairs = 14
 geom_x = 7.30907230433362
 geom_a = 0
 geom_q = 0
 geom_c = 0.0
f1, 0= 7.3091e+00
                          N restraints  r.m.s.d.  r.m.s.Z  Mn(sigma)
Bond distances, non H                5     0.005    0.313      0.016
Bond angles, non H                   5     1.088    0.645      2.428
Torsion angles, period 2             1     0.000    0.000      5.000
Planar groups                        4     0.000    0.000      0.020
VDW torsion                          1     0.347    1.735      0.200



====== CYCLE  4 ======

 weight = 1.0000e+00
 geom_x = 7.30907230433362
 geom_a = 0
 geom_q = 0
 geom_c = 0.0
f0= 7.3091e+00
using cgsolve in c++, ic=False
diag(geom) min= 598.112734 max= 12129.998911
diag(all) min= 598.112734 max= 12129.998911
Trying gamma equal 0.000000
Convergence reached after 11 iterations with no gamma cycles
min(dx) = -3.0828660190996816e-06
max(dx) = 3.6096715337226643e-06
mean(dx)= -2.924142358407369e-08
vdws = 4
atoms = 6
pairs = 14
 geom_x = 7.309072300822071
 geom_a = 0
 geom_q = 0
 geom_c = 0.0
f1, 0= 7.3091e+00
                          N restraints  r.m.s.d.  r.m.s.Z  Mn(sigma)
Bond distances, non H                5     0.005    0.313      0.016
Bond angles, non H                   5     1.088    0.645      2.428
Torsion angles, period 2             1     0.000    0.000      5.000
Planar groups                        4     0.000    0.000      0.020
VDW torsion                          1     0.347    1.735      0.200



====== CYCLE  5 ======

 weight = 1.0000e+00
 geom_x = 7.309072300822071
 geom_a = 0
 geom_q = 0
 geom_c = 0.0
f0= 7.3091e+00
using cgsolve in c++, ic=False
diag(geom) min= 598.121253 max= 12130.004845
diag(all) min= 598.121253 max= 12130.004845
Trying gamma equal 0.000000
Convergence reached after 11 iterations with no gamma cycles
min(dx) = -4.982025223029452e-07
max(dx) = 5.92968166047051e-07
mean(dx)= -5.729948592336619e-09
vdws = 4
atoms = 6
pairs = 14
 geom_x = 7.309072300730367
 geom_a = 0
 geom_q = 0
 geom_c = 0.0
f1, 0= 7.3091e+00
                          N restraints  r.m.s.d.  r.m.s.Z  Mn(sigma)
Bond distances, non H                5     0.005    0.313      0.016
Bond angles, non H                   5     1.088    0.645      2.428
Torsion angles, period 2             1     0.000    0.000      5.000
Planar groups                        4     0.000    0.000      0.020
VDW torsion                          1     0.347    1.735      0.200



====== CYCLE  6 ======

 weight = 1.0000e+00
 geom_x = 7.309072300730367
 geom_a = 0
 geom_q = 0
 geom_c = 0.0
f0= 7.3091e+00
using cgsolve in c++, ic=False
diag(geom) min= 598.122646 max= 12130.005750
diag(all) min= 598.122646 max= 12130.005750
Trying gamma equal 0.000000
Convergence reached after 11 iterations with no gamma cycles
min(dx) = -8.215339357930789e-08
max(dx) = 9.804114781793217e-08
mean(dx)= -9.496196036050915e-10
vdws = 4
atoms = 6
pairs = 14
 geom_x = 7.309072300727867
 geom_a = 0
 geom_q = 0
 geom_c = 0.0
f1, 0= 7.3091e+00
                          N restraints  r.m.s.d.  r.m.s.Z  Mn(sigma)
Bond distances, non H                5     0.005    0.313      0.016
Bond angles, non H                   5     1.088    0.645      2.428
Torsion angles, period 2             1     0.000    0.000      5.000
Planar groups                        4     0.000    0.000      0.020
VDW torsion                          1     0.347    1.735      0.200



====== CYCLE  7 ======

 weight = 1.0000e+00
 geom_x = 7.309072300727867
 geom_a = 0
 geom_q = 0
 geom_c = 0.0
f0= 7.3091e+00
using cgsolve in c++, ic=False
diag(geom) min= 598.122876 max= 12130.005900
diag(all) min= 598.122876 max= 12130.005900
Trying gamma equal 0.000000
Convergence reached after 11 iterations with no gamma cycles
min(dx) = -1.3549107969879036e-08
max(dx) = 1.617768050111966e-08
mean(dx)= -1.564966072292592e-10
vdws = 4
atoms = 6
pairs = 14
 geom_x = 7.309072300727802
 geom_a = 0
 geom_q = 0
 geom_c = 0.0
f1, 0= 7.3091e+00
                          N restraints  r.m.s.d.  r.m.s.Z  Mn(sigma)
Bond distances, non H                5     0.005    0.313      0.016
Bond angles, non H                   5     1.088    0.645      2.428
Torsion angles, period 2             1     0.000    0.000      5.000
Planar groups                        4     0.000    0.000      0.020
VDW torsion                          1     0.347    1.735      0.200



====== CYCLE  8 ======

 weight = 1.0000e+00
 geom_x = 7.309072300727802
 geom_a = 0
 geom_q = 0
 geom_c = 0.0
f0= 7.3091e+00
using cgsolve in c++, ic=False
diag(geom) min= 598.122913 max= 12130.005925
diag(all) min= 598.122913 max= 12130.005925
Trying gamma equal 0.000000
Convergence reached after 11 iterations with no gamma cycles
min(dx) = -2.2354299310256414e-09
max(dx) = 2.668960100261294e-09
mean(dx)= -2.5825551507320403e-11
vdws = 4
atoms = 6
pairs = 14
 geom_x = 7.309072300727777
 geom_a = 0
 geom_q = 0
 geom_c = 0.0
f1, 0= 7.3091e+00
                          N restraints  r.m.s.d.  r.m.s.Z  Mn(sigma)
Bond distances, non H                5     0.005    0.313      0.016
Bond angles, non H                   5     1.088    0.645      2.428
Torsion angles, period 2             1     0.000    0.000      5.000
Planar groups                        4     0.000    0.000      0.020
VDW torsion                          1     0.347    1.735      0.200



====== CYCLE  9 ======

 weight = 1.0000e+00
 geom_x = 7.309072300727777
 geom_a = 0
 geom_q = 0
 geom_c = 0.0
f0= 7.3091e+00
using cgsolve in c++, ic=False
diag(geom) min= 598.122920 max= 12130.005929
diag(all) min= 598.122920 max= 12130.005929
Trying gamma equal 0.000000
Convergence reached after 11 iterations with no gamma cycles
min(dx) = -3.6880109932849286e-10
max(dx) = 4.40329707050784e-10
mean(dx)= -4.260575855638508e-12
vdws = 4
atoms = 6
pairs = 14
 geom_x = 7.309072300727792
 geom_a = 0
 geom_q = 0
 geom_c = 0.0
f1, 0= 7.3091e+00
min(dx) = -1.8440054966424643e-10
max(dx) = 2.20164853525392e-10
mean(dx)= -2.130287927819254e-12
vdws = 4
atoms = 6
pairs = 14
 geom_x = 7.309072300727775
 geom_a = 0
 geom_q = 0
 geom_c = 0.0
f1, 1= 7.3091e+00
                          N restraints  r.m.s.d.  r.m.s.Z  Mn(sigma)
Bond distances, non H                5     0.005    0.313      0.016
Bond angles, non H                   5     1.088    0.645      2.428
Torsion angles, period 2             1     0.000    0.000      5.000
Planar groups                        4     0.000    0.000      0.020
VDW torsion                          1     0.347    1.735      0.200



====== CYCLE 10 ======

 weight = 1.0000e+00
 geom_x = 7.309072300727775
 geom_a = 0
 geom_q = 0
 geom_c = 0.0
f0= 7.3091e+00
using cgsolve in c++, ic=False
diag(geom) min= 598.122920 max= 12130.005930
diag(all) min= 598.122920 max= 12130.005930
Trying gamma equal 0.000000
Convergence reached after 11 iterations with no gamma cycles
min(dx) = -2.1482315920317785e-10
max(dx) = 2.5648789120123564e-10
mean(dx)= -2.481729591510797e-12
vdws = 4
atoms = 6
pairs = 14
 geom_x = 7.309072300727774
 geom_a = 0
 geom_q = 0
 geom_c = 0.0
f1, 0= 7.3091e+00
                          N restraints  r.m.s.d.  r.m.s.Z  Mn(sigma)
Bond distances, non H                5     0.005    0.313      0.016
Bond angles, non H                   5     1.088    0.645      2.428
Torsion angles, period 2             1     0.000    0.000      5.000
Planar groups                        4     0.000    0.000      0.020
VDW torsion                          1     0.347    1.735      0.200


$TABLE: stats vs cycle :
$GRAPHS
: Geometry :A:1,2,4:
: Geometry Z :A:1,5,3:
$$
 Ncyc  rmsBOND  zBOND  rmsANGL  zANGL
$$
$$
    0   0.0456 2.7714   2.7459 1.1205
    1   0.0069 0.4490   1.1582 0.6787
    2   0.0053 0.3133   1.0883 0.6454
    3   0.0053 0.3130   1.0879 0.6451
    4   0.0053 0.3130   1.0879 0.6451
    5   0.0053 0.3130   1.0879 0.6451
    6   0.0053 0.3130   1.0879 0.6451
    7   0.0053 0.3130   1.0879 0.6451
    8   0.0053 0.3130   1.0879 0.6451
    9   0.0053 0.3130   1.0879 0.6451
   10   0.0053 0.3130   1.0879 0.6451
$$

Running 30 cycles with wchir=1 wvdw=2 without hydrogen
Geometry weights
vdws = 4
atoms = 6
pairs = 14
                          N restraints  r.m.s.d.  r.m.s.Z  Mn(sigma)
Bond distances, non H                5     0.005    0.313      0.016
Bond angles, non H                   5     1.088    0.645      2.428
Torsion angles, period 2             1     0.000    0.000      5.000
Planar groups                        4     0.000    0.000      0.020
VDW torsion                          1     0.347    1.735      0.200


====== CYCLE  1 ======

 weight = 1.0000e+00
 geom_x = 7.309072300727774
 geom_a = 0
 geom_q = 0
 geom_c = 0.0
f0= 7.3091e+00
using cgsolve in c++, ic=False
diag(geom) min= 598.122921 max= 12130.005930
diag(all) min= 598.122921 max= 12130.005930
Trying gamma equal 0.000000
Convergence reached after 11 iterations with no gamma cycles
min(dx) = -3.54420324256917e-11
max(dx) = 4.231589360673173e-11
mean(dx)= -4.0942207254105404e-13
vdws = 4
atoms = 6
pairs = 14
 geom_x = 7.309072300727777
 geom_a = 0
 geom_q = 0
 geom_c = 0.0
f1, 0= 7.3091e+00
min(dx) = -1.772101621284585e-11
max(dx) = 2.1157946803365864e-11
mean(dx)= -2.0471103627052702e-13
vdws = 4
atoms = 6
pairs = 14
 geom_x = 7.309072300727813
 geom_a = 0
 geom_q = 0
 geom_c = 0.0
f1, 1= 7.3091e+00
min(dx) = -8.860508106422925e-12
max(dx) = 1.0578973401682932e-11
mean(dx)= -1.0235551813526351e-13
vdws = 4
atoms = 6
pairs = 14
 geom_x = 7.309072300727802
 geom_a = 0
 geom_q = 0
 geom_c = 0.0
f1, 2= 7.3091e+00
WARNING: function not minimised
                          N restraints  r.m.s.d.  r.m.s.Z  Mn(sigma)
Bond distances, non H                5     0.005    0.313      0.016
Bond angles, non H                   5     1.088    0.645      2.428
Torsion angles, period 2             1     0.000    0.000      5.000
Planar groups                        4     0.000    0.000      0.020
VDW torsion                          1     0.347    1.735      0.200



====== CYCLE  2 ======

 weight = 1.0000e+00
 geom_x = 7.309072300727802
 geom_a = 0
 geom_q = 0
 geom_c = 0.0
f0= 7.3091e+00
using cgsolve in c++, ic=False
diag(geom) min= 598.122921 max= 12130.005930
diag(all) min= 598.122921 max= 12130.005930
Trying gamma equal 0.000000
Convergence reached after 11 iterations with no gamma cycles
min(dx) = -2.8043251185592727e-11
max(dx) = 3.3481390475238434e-11
mean(dx)= -3.2401090192931594e-13
vdws = 4
atoms = 6
pairs = 14
 geom_x = 7.309072300727791
 geom_a = 0
 geom_q = 0
 geom_c = 0.0
f1, 0= 7.3091e+00
                          N restraints  r.m.s.d.  r.m.s.Z  Mn(sigma)
Bond distances, non H                5     0.005    0.313      0.016
Bond angles, non H                   5     1.088    0.645      2.428
Torsion angles, period 2             1     0.000    0.000      5.000
Planar groups                        4     0.000    0.000      0.020
VDW torsion                          1     0.347    1.735      0.200



====== CYCLE  3 ======

 weight = 1.0000e+00
 geom_x = 7.309072300727791
 geom_a = 0
 geom_q = 0
 geom_c = 0.0
f0= 7.3091e+00
using cgsolve in c++, ic=False
diag(geom) min= 598.122921 max= 12130.005930
diag(all) min= 598.122921 max= 12130.005930
Trying gamma equal 0.000000
Convergence reached after 11 iterations with no gamma cycles
min(dx) = -4.6268068119224275e-12
max(dx) = 5.524485026700366e-12
mean(dx)= -5.3430431063433136e-14
vdws = 4
atoms = 6
pairs = 14
 geom_x = 7.30907230072777
 geom_a = 0
 geom_q = 0
 geom_c = 0.0
f1, 0= 7.3091e+00
                          N restraints  r.m.s.d.  r.m.s.Z  Mn(sigma)
Bond distances, non H                5     0.005    0.313      0.016
Bond angles, non H                   5     1.088    0.645      2.428
Torsion angles, period 2             1     0.000    0.000      5.000
Planar groups                        4     0.000    0.000      0.020
VDW torsion                          1     0.347    1.735      0.200



====== CYCLE  4 ======

 weight = 1.0000e+00
 geom_x = 7.30907230072777
 geom_a = 0
 geom_q = 0
 geom_c = 0.0
f0= 7.3091e+00
using cgsolve in c++, ic=False
diag(geom) min= 598.122921 max= 12130.005930
diag(all) min= 598.122921 max= 12130.005930
Trying gamma equal 0.000000
Convergence reached after 11 iterations with no gamma cycles
min(dx) = -7.632881424636198e-13
max(dx) = 9.113817581438562e-13
mean(dx)= -8.853390601528011e-15
vdws = 4
atoms = 6
pairs = 14
 geom_x = 7.3090723007278005
 geom_a = 0
 geom_q = 0
 geom_c = 0.0
f1, 0= 7.3091e+00
min(dx) = -3.816440712318099e-13
max(dx) = 4.556908790719281e-13
mean(dx)= -4.4266953007640055e-15
vdws = 4
atoms = 6
pairs = 14
 geom_x = 7.309072300727785
 geom_a = 0
 geom_q = 0
 geom_c = 0.0
f1, 1= 7.3091e+00
min(dx) = -1.9082203561590494e-13
max(dx) = 2.2784543953596404e-13
mean(dx)= -2.2133476503820027e-15
vdws = 4
atoms = 6
pairs = 14
 geom_x = 7.309072300727759
 geom_a = 0
 geom_q = 0
 geom_c = 0.0
f1, 2= 7.3091e+00
                          N restraints  r.m.s.d.  r.m.s.Z  Mn(sigma)
Bond distances, non H                5     0.005    0.313      0.016
Bond angles, non H                   5     1.088    0.645      2.428
Torsion angles, period 2             1     0.000    0.000      5.000
Planar groups                        4     0.000    0.000      0.020
VDW torsion                          1     0.347    1.735      0.200



====== CYCLE  5 ======

 weight = 1.0000e+00
 geom_x = 7.309072300727759
 geom_a = 0
 geom_q = 0
 geom_c = 0.0
f0= 7.3091e+00
using cgsolve in c++, ic=False
diag(geom) min= 598.122921 max= 12130.005930
diag(all) min= 598.122921 max= 12130.005930
Trying gamma equal 0.000000
Convergence reached after 11 iterations with no gamma cycles
min(dx) = -6.036862243012596e-13
max(dx) = 7.210687712821662e-13
mean(dx)= -6.977463710439524e-15
vdws = 4
atoms = 6
pairs = 14
 geom_x = 7.309072300727802
 geom_a = 0
 geom_q = 0
 geom_c = 0.0
f1, 0= 7.3091e+00
min(dx) = -3.018431121506298e-13
max(dx) = 3.605343856410831e-13
mean(dx)= -3.488731855219762e-15
vdws = 4
atoms = 6
pairs = 14
 geom_x = 7.3090723007277925
 geom_a = 0
 geom_q = 0
 geom_c = 0.0
f1, 1= 7.3091e+00
min(dx) = -1.509215560753149e-13
max(dx) = 1.8026719282054156e-13
mean(dx)= -1.744365927609881e-15
vdws = 4
atoms = 6
pairs = 14
 geom_x = 7.30907230072778
 geom_a = 0
 geom_q = 0
 geom_c = 0.0
f1, 2= 7.3091e+00
WARNING: function not minimised
                          N restraints  r.m.s.d.  r.m.s.Z  Mn(sigma)
Bond distances, non H                5     0.005    0.313      0.016
Bond angles, non H                   5     1.088    0.645      2.428
Torsion angles, period 2             1     0.000    0.000      5.000
Planar groups                        4     0.000    0.000      0.020
VDW torsion                          1     0.347    1.735      0.200



====== CYCLE  6 ======

 weight = 1.0000e+00
 geom_x = 7.30907230072778
 geom_a = 0
 geom_q = 0
 geom_c = 0.0
f0= 7.3091e+00
using cgsolve in c++, ic=False
diag(geom) min= 598.122921 max= 12130.005930
diag(all) min= 598.122921 max= 12130.005930
Trying gamma equal 0.000000
Convergence reached after 11 iterations with no gamma cycles
min(dx) = -4.775741679112916e-13
max(dx) = 5.70392407166644e-13
mean(dx)= -5.521319035180544e-15
vdws = 4
atoms = 6
pairs = 14
 geom_x = 7.309072300727792
 geom_a = 0
 geom_q = 0
 geom_c = 0.0
f1, 0= 7.3091e+00
min(dx) = -2.387870839556458e-13
max(dx) = 2.85196203583322e-13
mean(dx)= -2.760659517590272e-15
vdws = 4
atoms = 6
pairs = 14
 geom_x = 7.309072300727788
 geom_a = 0
 geom_q = 0
 geom_c = 0.0
f1, 1= 7.3091e+00
min(dx) = -1.193935419778229e-13
max(dx) = 1.42598101791661e-13
mean(dx)= -1.380329758795136e-15
vdws = 4
atoms = 6
pairs = 14
 geom_x = 7.309072300727796
 geom_a = 0
 geom_q = 0
 geom_c = 0.0
f1, 2= 7.3091e+00
WARNING: function not minimised
                          N restraints  r.m.s.d.  r.m.s.Z  Mn(sigma)
Bond distances, non H                5     0.005    0.313      0.016
Bond angles, non H                   5     1.088    0.645      2.428
Torsion angles, period 2             1     0.000    0.000      5.000
Planar groups                        4     0.000    0.000      0.020
VDW torsion                          1     0.347    1.735      0.200



====== CYCLE  7 ======

 weight = 1.0000e+00
 geom_x = 7.309072300727796
 geom_a = 0
 geom_q = 0
 geom_c = 0.0
f0= 7.3091e+00
using cgsolve in c++, ic=False
diag(geom) min= 598.122921 max= 12130.005930
diag(all) min= 598.122921 max= 12130.005930
Trying gamma equal 0.000000
Convergence reached after 11 iterations with no gamma cycles
min(dx) = -3.783685574427501e-13
max(dx) = 4.5113613450765316e-13
mean(dx)= -4.409628473404551e-15
vdws = 4
atoms = 6
pairs = 14
 geom_x = 7.309072300727795
 geom_a = 0
 geom_q = 0
 geom_c = 0.0
f1, 0= 7.3091e+00
                          N restraints  r.m.s.d.  r.m.s.Z  Mn(sigma)
Bond distances, non H                5     0.005    0.313      0.016
Bond angles, non H                   5     1.088    0.645      2.428
Torsion angles, period 2             1     0.000    0.000      5.000
Planar groups                        4     0.000    0.000      0.020
VDW torsion                          1     0.347    1.735      0.200



====== CYCLE  8 ======

 weight = 1.0000e+00
 geom_x = 7.309072300727795
 geom_a = 0
 geom_q = 0
 geom_c = 0.0
f0= 7.3091e+00
using cgsolve in c++, ic=False
diag(geom) min= 598.122921 max= 12130.005930
diag(all) min= 598.122921 max= 12130.005930
Trying gamma equal 0.000000
Not converging with gamma equal 0.000000
Trying gamma equal 0.052500
Gamma decreased to 0.042000
min(dx) = -4.970703131063168e-14
max(dx) = 5.864600821147578e-14
mean(dx)= -7.307142201220208e-16
vdws = 4
atoms = 6
pairs = 14
 geom_x = 7.309072300727781
 geom_a = 0
 geom_q = 0
 geom_c = 0.0
f1, 0= 7.3091e+00
                          N restraints  r.m.s.d.  r.m.s.Z  Mn(sigma)
Bond distances, non H                5     0.005    0.313      0.016
Bond angles, non H                   5     1.088    0.645      2.428
Torsion angles, period 2             1     0.000    0.000      5.000
Planar groups                        4     0.000    0.000      0.020
VDW torsion                          1     0.347    1.735      0.200



====== CYCLE  9 ======

 weight = 1.0000e+00
 geom_x = 7.309072300727781
 geom_a = 0
 geom_q = 0
 geom_c = 0.0
f0= 7.3091e+00
using cgsolve in c++, ic=False
diag(geom) min= 598.122921 max= 12130.005930
diag(all) min= 598.122921 max= 12130.005930
Trying gamma equal 0.042000
Convergence reached after 12 iterations with no gamma cycles
min(dx) = -1.7327113481385795e-14
max(dx) = 2.1764930478170094e-14
mean(dx)= -8.265316988161118e-17
vdws = 4
atoms = 6
pairs = 14
 geom_x = 7.309072300727788
 geom_a = 0
 geom_q = 0
 geom_c = 0.0
f1, 0= 7.3091e+00
min(dx) = -8.663556740692897e-15
max(dx) = 1.0882465239085047e-14
mean(dx)= -4.132658494080559e-17
vdws = 4
atoms = 6
pairs = 14
 geom_x = 7.309072300727777
 geom_a = 0
 geom_q = 0
 geom_c = 0.0
f1, 1= 7.3091e+00
                          N restraints  r.m.s.d.  r.m.s.Z  Mn(sigma)
Bond distances, non H                5     0.005    0.313      0.016
Bond angles, non H                   5     1.088    0.645      2.428
Torsion angles, period 2             1     0.000    0.000      5.000
Planar groups                        4     0.000    0.000      0.020
VDW torsion                          1     0.347    1.735      0.200



====== CYCLE 10 ======

 weight = 1.0000e+00
 geom_x = 7.309072300727777
 geom_a = 0
 geom_q = 0
 geom_c = 0.0
f0= 7.3091e+00
using cgsolve in c++, ic=False
diag(geom) min= 598.122921 max= 12130.005930
diag(all) min= 598.122921 max= 12130.005930
Trying gamma equal 0.042000
Convergence reached after 12 iterations with no gamma cycles
min(dx) = -1.1195835585682246e-14
max(dx) = 1.4081837666598874e-14
mean(dx)= -2.837617820042872e-17
vdws = 4
atoms = 6
pairs = 14
 geom_x = 7.3090723007278005
 geom_a = 0
 geom_q = 0
 geom_c = 0.0
f1, 0= 7.3091e+00
min(dx) = -5.597917792841123e-15
max(dx) = 7.040918833299437e-15
mean(dx)= -1.418808910021436e-17
vdws = 4
atoms = 6
pairs = 14
 geom_x = 7.309072300727776
 geom_a = 0
 geom_q = 0
 geom_c = 0.0
f1, 1= 7.3091e+00
                          N restraints  r.m.s.d.  r.m.s.Z  Mn(sigma)
Bond distances, non H                5     0.005    0.313      0.016
Bond angles, non H                   5     1.088    0.645      2.428
Torsion angles, period 2             1     0.000    0.000      5.000
Planar groups                        4     0.000    0.000      0.020
VDW torsion                          1     0.347    1.735      0.200



====== CYCLE 11 ======

 weight = 1.0000e+00
 geom_x = 7.309072300727776
 geom_a = 0
 geom_q = 0
 geom_c = 0.0
f0= 7.3091e+00
using cgsolve in c++, ic=False
diag(geom) min= 598.122921 max= 12130.005930
diag(all) min= 598.122921 max= 12130.005930
Trying gamma equal 0.042000
Convergence reached after 12 iterations with no gamma cycles
min(dx) = -7.436798124199201e-15
max(dx) = 8.861550874874529e-15
mean(dx)= -8.151625385526215e-17
vdws = 4
atoms = 6
pairs = 14
 geom_x = 7.309072300727793
 geom_a = 0
 geom_q = 0
 geom_c = 0.0
f1, 0= 7.3091e+00
min(dx) = -3.718399062099601e-15
max(dx) = 4.4307754374372645e-15
mean(dx)= -4.0758126927631074e-17
vdws = 4
atoms = 6
pairs = 14
 geom_x = 7.309072300727801
 geom_a = 0
 geom_q = 0
 geom_c = 0.0
f1, 1= 7.3091e+00
min(dx) = -1.8591995310498003e-15
max(dx) = 2.2153877187186322e-15
mean(dx)= -2.0379063463815537e-17
vdws = 4
atoms = 6
pairs = 14
 geom_x = 7.309072300727786
 geom_a = 0
 geom_q = 0
 geom_c = 0.0
f1, 2= 7.3091e+00
WARNING: function not minimised
                          N restraints  r.m.s.d.  r.m.s.Z  Mn(sigma)
Bond distances, non H                5     0.005    0.313      0.016
Bond angles, non H                   5     1.088    0.645      2.428
Torsion angles, period 2             1     0.000    0.000      5.000
Planar groups                        4     0.000    0.000      0.020
VDW torsion                          1     0.347    1.735      0.200



====== CYCLE 12 ======

 weight = 1.0000e+00
 geom_x = 7.309072300727786
 geom_a = 0
 geom_q = 0
 geom_c = 0.0
f0= 7.3091e+00
using cgsolve in c++, ic=False
diag(geom) min= 598.122921 max= 12130.005930
diag(all) min= 598.122921 max= 12130.005930
Trying gamma equal 0.042000
Convergence reached after 12 iterations with no gamma cycles
min(dx) = -6.025532510097548e-15
max(dx) = 7.402360346093114e-15
mean(dx)= -2.28656868788794e-17
vdws = 4
atoms = 6
pairs = 14
 geom_x = 7.309072300727766
 geom_a = 0
 geom_q = 0
 geom_c = 0.0
f1, 0= 7.3091e+00
                          N restraints  r.m.s.d.  r.m.s.Z  Mn(sigma)
Bond distances, non H                5     0.005    0.313      0.016
Bond angles, non H                   5     1.088    0.645      2.428
Torsion angles, period 2             1     0.000    0.000      5.000
Planar groups                        4     0.000    0.000      0.020
VDW torsion                          1     0.347    1.735      0.200



====== CYCLE 13 ======

 weight = 1.0000e+00
 geom_x = 7.309072300727766
 geom_a = 0
 geom_q = 0
 geom_c = 0.0
f0= 7.3091e+00
using cgsolve in c++, ic=False
diag(geom) min= 598.122921 max= 12130.005930
diag(all) min= 598.122921 max= 12130.005930
Trying gamma equal 0.042000
Convergence reached after 12 iterations with no gamma cycles
min(dx) = -1.9056774319668715e-15
max(dx) = 2.4874842282537558e-15
mean(dx)= 3.076024462632345e-17
vdws = 4
atoms = 6
pairs = 14
 geom_x = 7.309072300727788
 geom_a = 0
 geom_q = 0
 geom_c = 0.0
f1, 0= 7.3091e+00
min(dx) = -9.528387159834358e-16
max(dx) = 1.2437421141268779e-15
mean(dx)= 1.5380122313161724e-17
vdws = 4
atoms = 6
pairs = 14
 geom_x = 7.3090723007277925
 geom_a = 0
 geom_q = 0
 geom_c = 0.0
f1, 1= 7.3091e+00
min(dx) = -4.764193579917179e-16
max(dx) = 6.218710570634389e-16
mean(dx)= 7.690061156580862e-18
vdws = 4
atoms = 6
pairs = 14
 geom_x = 7.3090723007277845
 geom_a = 0
 geom_q = 0
 geom_c = 0.0
f1, 2= 7.3091e+00
WARNING: function not minimised
                          N restraints  r.m.s.d.  r.m.s.Z  Mn(sigma)
Bond distances, non H                5     0.005    0.313      0.016
Bond angles, non H                   5     1.088    0.645      2.428
Torsion angles, period 2             1     0.000    0.000      5.000
Planar groups                        4     0.000    0.000      0.020
VDW torsion                          1     0.347    1.735      0.200



====== CYCLE 14 ======

 weight = 1.0000e+00
 geom_x = 7.3090723007277845
 geom_a = 0
 geom_q = 0
 geom_c = 0.0
f0= 7.3091e+00
using cgsolve in c++, ic=False
diag(geom) min= 598.122921 max= 12130.005930
diag(all) min= 598.122921 max= 12130.005930
Trying gamma equal 0.042000
Convergence reached after 12 iterations with no gamma cycles
min(dx) = -1.6917033633347622e-15
max(dx) = 1.8331714691491878e-15
mean(dx)= -1.3701905314654562e-18
vdws = 4
atoms = 6
pairs = 14
 geom_x = 7.3090723007277845
 geom_a = 0
 geom_q = 0
 geom_c = 0.0
f1, 0= 7.3091e+00
min(dx) = -8.458516816673811e-16
max(dx) = 9.165857345745939e-16
mean(dx)= -6.850952657327281e-19
vdws = 4
atoms = 6
pairs = 14
 geom_x = 7.3090723007277845
 geom_a = 0
 geom_q = 0
 geom_c = 0.0
f1, 1= 7.3091e+00
min(dx) = -4.2292584083369055e-16
max(dx) = 4.582928672872969e-16
mean(dx)= -3.4254763286636404e-19
vdws = 4
atoms = 6
pairs = 14
 geom_x = 7.309072300727812
 geom_a = 0
 geom_q = 0
 geom_c = 0.0
f1, 2= 7.3091e+00
WARNING: function not minimised
                          N restraints  r.m.s.d.  r.m.s.Z  Mn(sigma)
Bond distances, non H                5     0.005    0.313      0.016
Bond angles, non H                   5     1.088    0.645      2.428
Torsion angles, period 2             1     0.000    0.000      5.000
Planar groups                        4     0.000    0.000      0.020
VDW torsion                          1     0.347    1.735      0.200



====== CYCLE 15 ======

 weight = 1.0000e+00
 geom_x = 7.309072300727812
 geom_a = 0
 geom_q = 0
 geom_c = 0.0
f0= 7.3091e+00
using cgsolve in c++, ic=False
diag(geom) min= 598.122921 max= 12130.005930
diag(all) min= 598.122921 max= 12130.005930
Trying gamma equal 0.042000
Convergence reached after 12 iterations with no gamma cycles
min(dx) = -1.6185048387893264e-15
max(dx) = 9.766532801787226e-16
mean(dx)= -4.440033518671663e-17
vdws = 4
atoms = 6
pairs = 14
 geom_x = 7.309072300727787
 geom_a = 0
 geom_q = 0
 geom_c = 0.0
f1, 0= 7.3091e+00
                          N restraints  r.m.s.d.  r.m.s.Z  Mn(sigma)
Bond distances, non H                5     0.005    0.313      0.016
Bond angles, non H                   5     1.088    0.645      2.428
Torsion angles, period 2             1     0.000    0.000      5.000
Planar groups                        4     0.000    0.000      0.020
VDW torsion                          1     0.347    1.735      0.200



====== CYCLE 16 ======

 weight = 1.0000e+00
 geom_x = 7.309072300727787
 geom_a = 0
 geom_q = 0
 geom_c = 0.0
f0= 7.3091e+00
using cgsolve in c++, ic=False
diag(geom) min= 598.122921 max= 12130.005930
diag(all) min= 598.122921 max= 12130.005930
Trying gamma equal 0.042000
Convergence reached after 12 iterations with no gamma cycles
min(dx) = -3.1538360153572577e-16
max(dx) = 9.184250888169645e-16
mean(dx)= 4.353603871330895e-17
vdws = 4
atoms = 6
pairs = 14
 geom_x = 7.30907230072778
 geom_a = 0
 geom_q = 0
 geom_c = 0.0
f1, 0= 7.3091e+00
                          N restraints  r.m.s.d.  r.m.s.Z  Mn(sigma)
Bond distances, non H                5     0.005    0.313      0.016
Bond angles, non H                   5     1.088    0.645      2.428
Torsion angles, period 2             1     0.000    0.000      5.000
Planar groups                        4     0.000    0.000      0.020
VDW torsion                          1     0.347    1.735      0.200



====== CYCLE 17 ======

 weight = 1.0000e+00
 geom_x = 7.30907230072778
 geom_a = 0
 geom_q = 0
 geom_c = 0.0
f0= 7.3091e+00
using cgsolve in c++, ic=False
diag(geom) min= 598.122921 max= 12130.005930
diag(all) min= 598.122921 max= 12130.005930
Trying gamma equal 0.042000
Convergence reached after 12 iterations with no gamma cycles
min(dx) = -2.365795781169487e-16
max(dx) = 1.3475130791215873e-16
mean(dx)= -2.1549350126231038e-17
vdws = 4
atoms = 6
pairs = 14
 geom_x = 7.3090723007277765
 geom_a = 0
 geom_q = 0
 geom_c = 0.0
f1, 0= 7.3091e+00
                          N restraints  r.m.s.d.  r.m.s.Z  Mn(sigma)
Bond distances, non H                5     0.005    0.313      0.016
Bond angles, non H                   5     1.088    0.645      2.428
Torsion angles, period 2             1     0.000    0.000      5.000
Planar groups                        4     0.000    0.000      0.020
VDW torsion                          1     0.347    1.735      0.200



====== CYCLE 18 ======

 weight = 1.0000e+00
 geom_x = 7.3090723007277765
 geom_a = 0
 geom_q = 0
 geom_c = 0.0
f0= 7.3091e+00
using cgsolve in c++, ic=False
diag(geom) min= 598.122921 max= 12130.005930
diag(all) min= 598.122921 max= 12130.005930
Trying gamma equal 0.042000
Convergence reached after 12 iterations with no gamma cycles
min(dx) = -1.636083463138385e-16
max(dx) = 3.906310434571317e-16
mean(dx)= 3.645729018457541e-17
vdws = 4
atoms = 6
pairs = 14
 geom_x = 7.309072300727793
 geom_a = 0
 geom_q = 0
 geom_c = 0.0
f1, 0= 7.3091e+00
min(dx) = -8.180417315691925e-17
max(dx) = 1.9531552172856585e-16
mean(dx)= 1.8228645092287706e-17
vdws = 4
atoms = 6
pairs = 14
 geom_x = 7.309072300727778
 geom_a = 0
 geom_q = 0
 geom_c = 0.0
f1, 1= 7.3091e+00
min(dx) = -4.0902086578459627e-17
max(dx) = 9.765776086428292e-17
mean(dx)= 9.114322546143853e-18
vdws = 4
atoms = 6
pairs = 14
 geom_x = 7.309072300727771
 geom_a = 0
 geom_q = 0
 geom_c = 0.0
f1, 2= 7.3091e+00
                          N restraints  r.m.s.d.  r.m.s.Z  Mn(sigma)
Bond distances, non H                5     0.005    0.313      0.016
Bond angles, non H                   5     1.088    0.645      2.428
Torsion angles, period 2             1     0.000    0.000      5.000
Planar groups                        4     0.000    0.000      0.020
VDW torsion                          1     0.347    1.735      0.200



====== CYCLE 19 ======

 weight = 1.0000e+00
 geom_x = 7.309072300727771
 geom_a = 0
 geom_q = 0
 geom_c = 0.0
f0= 7.3091e+00
using cgsolve in c++, ic=False
diag(geom) min= 598.122921 max= 12130.005930
diag(all) min= 598.122921 max= 12130.005930
Trying gamma equal 0.042000
Convergence reached after 12 iterations with no gamma cycles
min(dx) = -1.5189632130015127e-16
max(dx) = 2.2007045024459472e-16
mean(dx)= 2.972132139874641e-18
vdws = 4
atoms = 6
pairs = 14
 geom_x = 7.3090723007277845
 geom_a = 0
 geom_q = 0
 geom_c = 0.0
f1, 0= 7.3091e+00
min(dx) = -7.594816065007564e-17
max(dx) = 1.1003522512229736e-16
mean(dx)= 1.4860660699373206e-18
vdws = 4
atoms = 6
pairs = 14
 geom_x = 7.3090723007277845
 geom_a = 0
 geom_q = 0
 geom_c = 0.0
f1, 1= 7.3091e+00
min(dx) = -3.797408032503782e-17
max(dx) = 5.501761256114868e-17
mean(dx)= 7.430330349686603e-19
vdws = 4
atoms = 6
pairs = 14
 geom_x = 7.309072300727786
 geom_a = 0
 geom_q = 0
 geom_c = 0.0
f1, 2= 7.3091e+00
WARNING: function not minimised
                          N restraints  r.m.s.d.  r.m.s.Z  Mn(sigma)
Bond distances, non H                5     0.005    0.313      0.016
Bond angles, non H                   5     1.088    0.645      2.428
Torsion angles, period 2             1     0.000    0.000      5.000
Planar groups                        4     0.000    0.000      0.020
VDW torsion                          1     0.347    1.735      0.200



====== CYCLE 20 ======

 weight = 1.0000e+00
 geom_x = 7.309072300727786
 geom_a = 0
 geom_q = 0
 geom_c = 0.0
f0= 7.3091e+00
using cgsolve in c++, ic=False
diag(geom) min= 598.122921 max= 12130.005930
diag(all) min= 598.122921 max= 12130.005930
Trying gamma equal 0.042000
Convergence reached after 12 iterations with no gamma cycles
min(dx) = -1.7215161730929059e-16
max(dx) = 2.2492907597845786e-16
mean(dx)= 8.640980826531489e-18
vdws = 4
atoms = 6
pairs = 14
 geom_x = 7.309072300727782
 geom_a = 0
 geom_q = 0
 geom_c = 0.0
f1, 0= 7.3091e+00
                          N restraints  r.m.s.d.  r.m.s.Z  Mn(sigma)
Bond distances, non H                5     0.005    0.313      0.016
Bond angles, non H                   5     1.088    0.645      2.428
Torsion angles, period 2             1     0.000    0.000      5.000
Planar groups                        4     0.000    0.000      0.020
VDW torsion                          1     0.347    1.735      0.200



====== CYCLE 21 ======

 weight = 1.0000e+00
 geom_x = 7.309072300727782
 geom_a = 0
 geom_q = 0
 geom_c = 0.0
f0= 7.3091e+00
using cgsolve in c++, ic=False
diag(geom) min= 598.122921 max= 12130.005930
diag(all) min= 598.122921 max= 12130.005930
Trying gamma equal 0.042000
Convergence reached after 12 iterations with no gamma cycles
min(dx) = -2.5251161310935293e-16
max(dx) = 2.1496161409522523e-16
mean(dx)= -1.2924497463543078e-17
vdws = 4
atoms = 6
pairs = 14
 geom_x = 7.309072300727785
 geom_a = 0
 geom_q = 0
 geom_c = 0.0
f1, 0= 7.3091e+00
min(dx) = -1.2625580655467647e-16
max(dx) = 1.0748080704761262e-16
mean(dx)= -6.462248731771539e-18
vdws = 4
atoms = 6
pairs = 14
 geom_x = 7.309072300727798
 geom_a = 0
 geom_q = 0
 geom_c = 0.0
f1, 1= 7.3091e+00
min(dx) = -6.312790327733823e-17
max(dx) = 5.374040352380631e-17
mean(dx)= -3.2311243658857695e-18
vdws = 4
atoms = 6
pairs = 14
 geom_x = 7.309072300727798
 geom_a = 0
 geom_q = 0
 geom_c = 0.0
f1, 2= 7.3091e+00
WARNING: function not minimised
                          N restraints  r.m.s.d.  r.m.s.Z  Mn(sigma)
Bond distances, non H                5     0.005    0.313      0.016
Bond angles, non H                   5     1.088    0.645      2.428
Torsion angles, period 2             1     0.000    0.000      5.000
Planar groups                        4     0.000    0.000      0.020
VDW torsion                          1     0.347    1.735      0.200



====== CYCLE 22 ======

 weight = 1.0000e+00
 geom_x = 7.309072300727798
 geom_a = 0
 geom_q = 0
 geom_c = 0.0
f0= 7.3091e+00
using cgsolve in c++, ic=False
diag(geom) min= 598.122921 max= 12130.005930
diag(all) min= 598.122921 max= 12130.005930
Trying gamma equal 0.042000
Convergence reached after 11 iterations with no gamma cycles
min(dx) = -2.2966472378288086e-16
max(dx) = 2.6867908165322766e-16
mean(dx)= 7.56336833150337e-18
vdws = 4
atoms = 6
pairs = 14
 geom_x = 7.309072300727797
 geom_a = 0
 geom_q = 0
 geom_c = 0.0
f1, 0= 7.3091e+00
                          N restraints  r.m.s.d.  r.m.s.Z  Mn(sigma)
Bond distances, non H                5     0.005    0.313      0.016
Bond angles, non H                   5     1.088    0.645      2.428
Torsion angles, period 2             1     0.000    0.000      5.000
Planar groups                        4     0.000    0.000      0.020
VDW torsion                          1     0.347    1.735      0.200



====== CYCLE 23 ======

 weight = 1.0000e+00
 geom_x = 7.309072300727797
 geom_a = 0
 geom_q = 0
 geom_c = 0.0
f0= 7.3091e+00
using cgsolve in c++, ic=False
diag(geom) min= 598.122921 max= 12130.005930
diag(all) min= 598.122921 max= 12130.005930
Trying gamma equal 0.042000
Convergence reached after 12 iterations with no gamma cycles
min(dx) = -2.0660436464146915e-16
max(dx) = 3.0456077633429326e-16
mean(dx)= 1.2423131204745252e-17
vdws = 4
atoms = 6
pairs = 14
 geom_x = 7.309072300727772
 geom_a = 0
 geom_q = 0
 geom_c = 0.0
f1, 0= 7.3091e+00
                          N restraints  r.m.s.d.  r.m.s.Z  Mn(sigma)
Bond distances, non H                5     0.005    0.313      0.016
Bond angles, non H                   5     1.088    0.645      2.428
Torsion angles, period 2             1     0.000    0.000      5.000
Planar groups                        4     0.000    0.000      0.020
VDW torsion                          1     0.347    1.735      0.200



====== CYCLE 24 ======

 weight = 1.0000e+00
 geom_x = 7.309072300727772
 geom_a = 0
 geom_q = 0
 geom_c = 0.0
f0= 7.3091e+00
using cgsolve in c++, ic=False
diag(geom) min= 598.122921 max= 12130.005930
diag(all) min= 598.122921 max= 12130.005930
Trying gamma equal 0.042000
Convergence reached after 12 iterations with no gamma cycles
min(dx) = -1.4841578633778658e-16
max(dx) = 1.525490315315341e-16
mean(dx)= 1.2723085616924931e-17
vdws = 4
atoms = 6
pairs = 14
 geom_x = 7.3090723007277845
 geom_a = 0
 geom_q = 0
 geom_c = 0.0
f1, 0= 7.3091e+00
min(dx) = -7.420789316889329e-17
max(dx) = 7.627451576576704e-17
mean(dx)= 6.3615428084624654e-18
vdws = 4
atoms = 6
pairs = 14
 geom_x = 7.309072300727763
 geom_a = 0
 geom_q = 0
 geom_c = 0.0
f1, 1= 7.3091e+00
                          N restraints  r.m.s.d.  r.m.s.Z  Mn(sigma)
Bond distances, non H                5     0.005    0.313      0.016
Bond angles, non H                   5     1.088    0.645      2.428
Torsion angles, period 2             1     0.000    0.000      5.000
Planar groups                        4     0.000    0.000      0.020
VDW torsion                          1     0.347    1.735      0.200



====== CYCLE 25 ======

 weight = 1.0000e+00
 geom_x = 7.309072300727763
 geom_a = 0
 geom_q = 0
 geom_c = 0.0
f0= 7.3091e+00
using cgsolve in c++, ic=False
diag(geom) min= 598.122921 max= 12130.005930
diag(all) min= 598.122921 max= 12130.005930
Trying gamma equal 0.042000
Convergence reached after 12 iterations with no gamma cycles
min(dx) = -2.0531561405071563e-16
max(dx) = 1.771902806843383e-16
mean(dx)= 4.642142381145593e-18
vdws = 4
atoms = 6
pairs = 14
 geom_x = 7.30907230072779
 geom_a = 0
 geom_q = 0
 geom_c = 0.0
f1, 0= 7.3091e+00
min(dx) = -1.0265780702535781e-16
max(dx) = 8.859514034216914e-17
mean(dx)= 2.3210711905727966e-18
vdws = 4
atoms = 6
pairs = 14
 geom_x = 7.309072300727766
 geom_a = 0
 geom_q = 0
 geom_c = 0.0
f1, 1= 7.3091e+00
min(dx) = -5.132890351267891e-17
max(dx) = 4.429757017108457e-17
mean(dx)= 1.1605355952863983e-18
vdws = 4
atoms = 6
pairs = 14
 geom_x = 7.309072300727766
 geom_a = 0
 geom_q = 0
 geom_c = 0.0
f1, 2= 7.3091e+00
WARNING: function not minimised
                          N restraints  r.m.s.d.  r.m.s.Z  Mn(sigma)
Bond distances, non H                5     0.005    0.313      0.016
Bond angles, non H                   5     1.088    0.645      2.428
Torsion angles, period 2             1     0.000    0.000      5.000
Planar groups                        4     0.000    0.000      0.020
VDW torsion                          1     0.347    1.735      0.200



====== CYCLE 26 ======

 weight = 1.0000e+00
 geom_x = 7.309072300727766
 geom_a = 0
 geom_q = 0
 geom_c = 0.0
f0= 7.3091e+00
using cgsolve in c++, ic=False
diag(geom) min= 598.122921 max= 12130.005930
diag(all) min= 598.122921 max= 12130.005930
Trying gamma equal 0.042000
Convergence reached after 12 iterations with no gamma cycles
min(dx) = -1.4191201639702082e-16
max(dx) = 2.3522169824719e-16
mean(dx)= 1.4808643021480435e-17
vdws = 4
atoms = 6
pairs = 14
 geom_x = 7.3090723007277685
 geom_a = 0
 geom_q = 0
 geom_c = 0.0
f1, 0= 7.3091e+00
min(dx) = -7.095600819851041e-17
max(dx) = 1.17610849123595e-16
mean(dx)= 7.404321510740217e-18
vdws = 4
atoms = 6
pairs = 14
 geom_x = 7.309072300727791
 geom_a = 0
 geom_q = 0
 geom_c = 0.0
f1, 1= 7.3091e+00
min(dx) = -3.5478004099255206e-17
max(dx) = 5.88054245617975e-17
mean(dx)= 3.702160755370109e-18
vdws = 4
atoms = 6
pairs = 14
 geom_x = 7.309072300727763
 geom_a = 0
 geom_q = 0
 geom_c = 0.0
f1, 2= 7.3091e+00
                          N restraints  r.m.s.d.  r.m.s.Z  Mn(sigma)
Bond distances, non H                5     0.005    0.313      0.016
Bond angles, non H                   5     1.088    0.645      2.428
Torsion angles, period 2             1     0.000    0.000      5.000
Planar groups                        4     0.000    0.000      0.020
VDW torsion                          1     0.347    1.735      0.200



====== CYCLE 27 ======

 weight = 1.0000e+00
 geom_x = 7.309072300727763
 geom_a = 0
 geom_q = 0
 geom_c = 0.0
f0= 7.3091e+00
using cgsolve in c++, ic=False
diag(geom) min= 598.122921 max= 12130.005930
diag(all) min= 598.122921 max= 12130.005930
Trying gamma equal 0.042000
Convergence reached after 12 iterations with no gamma cycles
min(dx) = -2.1615986255379087e-16
max(dx) = 1.794927510164716e-16
mean(dx)= 2.7944075371182842e-18
vdws = 4
atoms = 6
pairs = 14
 geom_x = 7.309072300727787
 geom_a = 0
 geom_q = 0
 geom_c = 0.0
f1, 0= 7.3091e+00
min(dx) = -1.0807993127689543e-16
max(dx) = 8.97463755082358e-17
mean(dx)= 1.3972037685591421e-18
vdws = 4
atoms = 6
pairs = 14
 geom_x = 7.309072300727782
 geom_a = 0
 geom_q = 0
 geom_c = 0.0
f1, 1= 7.3091e+00
min(dx) = -5.403996563844772e-17
max(dx) = 4.48731877541179e-17
mean(dx)= 6.986018842795711e-19
vdws = 4
atoms = 6
pairs = 14
 geom_x = 7.309072300727766
 geom_a = 0
 geom_q = 0
 geom_c = 0.0
f1, 2= 7.3091e+00
WARNING: function not minimised
                          N restraints  r.m.s.d.  r.m.s.Z  Mn(sigma)
Bond distances, non H                5     0.005    0.313      0.016
Bond angles, non H                   5     1.088    0.645      2.428
Torsion angles, period 2             1     0.000    0.000      5.000
Planar groups                        4     0.000    0.000      0.020
VDW torsion                          1     0.347    1.735      0.200



====== CYCLE 28 ======

 weight = 1.0000e+00
 geom_x = 7.309072300727766
 geom_a = 0
 geom_q = 0
 geom_c = 0.0
f0= 7.3091e+00
using cgsolve in c++, ic=False
diag(geom) min= 598.122921 max= 12130.005930
diag(all) min= 598.122921 max= 12130.005930
Trying gamma equal 0.042000
Convergence reached after 12 iterations with no gamma cycles
min(dx) = -1.70350363419643e-16
max(dx) = 1.543806332481945e-16
mean(dx)= -7.921255929086917e-18
vdws = 4
atoms = 6
pairs = 14
 geom_x = 7.309072300727771
 geom_a = 0
 geom_q = 0
 geom_c = 0.0
f1, 0= 7.3091e+00
min(dx) = -8.51751817098215e-17
max(dx) = 7.719031662409725e-17
mean(dx)= -3.9606279645434585e-18
vdws = 4
atoms = 6
pairs = 14
 geom_x = 7.309072300727779
 geom_a = 0
 geom_q = 0
 geom_c = 0.0
f1, 1= 7.3091e+00
min(dx) = -4.258759085491075e-17
max(dx) = 3.8595158312048625e-17
mean(dx)= -1.9803139822717292e-18
vdws = 4
atoms = 6
pairs = 14
 geom_x = 7.3090723007277845
 geom_a = 0
 geom_q = 0
 geom_c = 0.0
f1, 2= 7.3091e+00
WARNING: function not minimised
                          N restraints  r.m.s.d.  r.m.s.Z  Mn(sigma)
Bond distances, non H                5     0.005    0.313      0.016
Bond angles, non H                   5     1.088    0.645      2.428
Torsion angles, period 2             1     0.000    0.000      5.000
Planar groups                        4     0.000    0.000      0.020
VDW torsion                          1     0.347    1.735      0.200



====== CYCLE 29 ======

 weight = 1.0000e+00
 geom_x = 7.3090723007277845
 geom_a = 0
 geom_q = 0
 geom_c = 0.0
f0= 7.3091e+00
using cgsolve in c++, ic=False
diag(geom) min= 598.122921 max= 12130.005930
diag(all) min= 598.122921 max= 12130.005930
Trying gamma equal 0.042000
Convergence reached after 12 iterations with no gamma cycles
min(dx) = -1.7302263283642407e-16
max(dx) = 2.488994346058376e-16
mean(dx)= 1.8271202399448717e-18
vdws = 4
atoms = 6
pairs = 14
 geom_x = 7.3090723007277845
 geom_a = 0
 geom_q = 0
 geom_c = 0.0
f1, 0= 7.3091e+00
min(dx) = -8.651131641821204e-17
max(dx) = 1.244497173029188e-16
mean(dx)= 9.135601199724359e-19
vdws = 4
atoms = 6
pairs = 14
 geom_x = 7.309072300727779
 geom_a = 0
 geom_q = 0
 geom_c = 0.0
f1, 1= 7.3091e+00
                          N restraints  r.m.s.d.  r.m.s.Z  Mn(sigma)
Bond distances, non H                5     0.005    0.313      0.016
Bond angles, non H                   5     1.088    0.645      2.428
Torsion angles, period 2             1     0.000    0.000      5.000
Planar groups                        4     0.000    0.000      0.020
VDW torsion                          1     0.347    1.735      0.200



====== CYCLE 30 ======

 weight = 1.0000e+00
 geom_x = 7.309072300727779
 geom_a = 0
 geom_q = 0
 geom_c = 0.0
f0= 7.3091e+00
using cgsolve in c++, ic=False
diag(geom) min= 598.122921 max= 12130.005930
diag(all) min= 598.122921 max= 12130.005930
Trying gamma equal 0.042000
Convergence reached after 11 iterations with no gamma cycles
min(dx) = -3.534902480654076e-16
max(dx) = 1.6317441434761234e-16
mean(dx)= -2.223550732377592e-17
vdws = 4
atoms = 6
pairs = 14
 geom_x = 7.309072300727782
 geom_a = 0
 geom_q = 0
 geom_c = 0.0
f1, 0= 7.3091e+00
min(dx) = -1.767451240327038e-16
max(dx) = 8.158720717380617e-17
mean(dx)= -1.111775366188796e-17
vdws = 4
atoms = 6
pairs = 14
 geom_x = 7.309072300727792
 geom_a = 0
 geom_q = 0
 geom_c = 0.0
f1, 1= 7.3091e+00
min(dx) = -8.83725620163519e-17
max(dx) = 4.0793603586903086e-17
mean(dx)= -5.55887683094398e-18
vdws = 4
atoms = 6
pairs = 14
 geom_x = 7.309072300727774
 geom_a = 0
 geom_q = 0
 geom_c = 0.0
f1, 2= 7.3091e+00
                          N restraints  r.m.s.d.  r.m.s.Z  Mn(sigma)
Bond distances, non H                5     0.005    0.313      0.016
Bond angles, non H                   5     1.088    0.645      2.428
Torsion angles, period 2             1     0.000    0.000      5.000
Planar groups                        4     0.000    0.000      0.020
VDW torsion                          1     0.347    1.735      0.200


$TABLE: stats vs cycle :
$GRAPHS
: Geometry :A:1,2,4:
: Geometry Z :A:1,5,3:
$$
 Ncyc  rmsBOND  zBOND  rmsANGL  zANGL
$$
$$
    0   0.0053 0.3130   1.0879 0.6451
    1   0.0053 0.3130   1.0879 0.6451
    2   0.0053 0.3130   1.0879 0.6451
    3   0.0053 0.3130   1.0879 0.6451
    4   0.0053 0.3130   1.0879 0.6451
    5   0.0053 0.3130   1.0879 0.6451
    6   0.0053 0.3130   1.0879 0.6451
    7   0.0053 0.3130   1.0879 0.6451
    8   0.0053 0.3130   1.0879 0.6451
    9   0.0053 0.3130   1.0879 0.6451
   10   0.0053 0.3130   1.0879 0.6451
   11   0.0053 0.3130   1.0879 0.6451
   12   0.0053 0.3130   1.0879 0.6451
   13   0.0053 0.3130   1.0879 0.6451
   14   0.0053 0.3130   1.0879 0.6451
   15   0.0053 0.3130   1.0879 0.6451
   16   0.0053 0.3130   1.0879 0.6451
   17   0.0053 0.3130   1.0879 0.6451
   18   0.0053 0.3130   1.0879 0.6451
   19   0.0053 0.3130   1.0879 0.6451
   20   0.0053 0.3130   1.0879 0.6451
   21   0.0053 0.3130   1.0879 0.6451
   22   0.0053 0.3130   1.0879 0.6451
   23   0.0053 0.3130   1.0879 0.6451
   24   0.0053 0.3130   1.0879 0.6451
   25   0.0053 0.3130   1.0879 0.6451
   26   0.0053 0.3130   1.0879 0.6451
   27   0.0053 0.3130   1.0879 0.6451
   28   0.0053 0.3130   1.0879 0.6451
   29   0.0053 0.3130   1.0879 0.6451
   30   0.0053 0.3130   1.0879 0.6451
$$

Creating restraints..

Chain info:
 chain 
  ligands: CAA (1 residues)

Number of refinement parameters:
       n_params  n_atoms  n_atoms_geom_only  n_atoms_data_only
xyz          12       12                  6                  0
adp           0        0                  0                  0
occ           0        0                  0                  0
dfrac         0        0                  0                  0

Randomizing structure with rmsd of 0.01
Torsion angle rules:
 include:
  {'group': 'peptide', 'tors_name': 'chi*'}
  {'link': '*', 'tors_name': 'omega'}
  {'residue': '*', 'tors_name': 'sp2_sp2*'}
  {'link': '*', 'tors_name': 'sp2_sp2*'}
 exclude:
  none
External restraints from Refmac instructions
 Number of distances          : 0
 Number of angles             : 0
 Number of torsions           : 0
 Number of chirals            : 0
 Number of planes             : 0
 Number of intervals          : 0
 Number of stackings          : 0
 Number of harmonics          : 0
 Number of special positions  : 0

Running 10 cycles with wchir=4 wvdw=2 with hydrogen
Geometry weights
vdws = 23
atoms = 12
pairs = 52
                          N restraints  r.m.s.d.  r.m.s.Z  Mn(sigma)
Bond distances, non H                5     0.010    0.665      0.016
Bond distances, H                    6     0.009    0.740      0.017
Bond angles, non H                   5     1.035    0.608      2.428
Bond angles, H                      13     0.698    0.361      2.077
Torsion angles, period 2             1     0.845    0.169      5.000
Torsion angles, period 6             1     0.846    0.042     20.000
Planar groups                        8     0.000    0.013      0.020
VDW nonbonded                        2     0.183    0.913      0.200
VDW torsion                          5     0.209    1.044      0.200


====== CYCLE  1 ======

 weight = 1.0000e+00
 geom_x = 18.764802726162635
 geom_a = 0
 geom_q = 0
 geom_c = 0.0
f0= 1.8765e+01
using cgsolve in c++, ic=False
diag(geom) min= 633.930783 max= 15692.068958
diag(all) min= 633.930783 max= 15692.068958
Trying gamma equal 0.000000
Not converging with gamma equal 0.000000
Trying gamma equal 0.052500
Gamma decreased to 0.042000
min(dx) = -0.0321404369498129
max(dx) = 0.043245496703058585
mean(dx)= -0.00014854288416845141
vdws = 23
atoms = 12
pairs = 52
 geom_x = 13.886641562157603
 geom_a = 0
 geom_q = 0
 geom_c = 0.0
f1, 0= 1.3887e+01
                          N restraints  r.m.s.d.  r.m.s.Z  Mn(sigma)
Bond distances, non H                5     0.009    0.561      0.016
Bond distances, H                    6     0.001    0.075      0.017
Bond angles, non H                   5     1.595    0.885      2.428
Bond angles, H                      13     0.803    0.311      2.077
Torsion angles, period 2             1     0.225    0.045      5.000
Torsion angles, period 6             1     0.364    0.018     20.000
Planar groups                        8     0.000    0.010      0.020
VDW nonbonded                        2     0.140    0.699      0.200
VDW torsion                          4     0.207    1.033      0.200



====== CYCLE  2 ======

 weight = 1.0000e+00
 geom_x = 13.886641562157603
 geom_a = 0
 geom_q = 0
 geom_c = 0.0
f0= 1.3887e+01
using cgsolve in c++, ic=False
diag(geom) min= 641.077631 max= 15741.332027
diag(all) min= 641.077631 max= 15741.332027
Trying gamma equal 0.042000
Convergence reached after 25 iterations with no gamma cycles
min(dx) = -0.008005168758383013
max(dx) = 0.007968581302692374
mean(dx)= -0.0001065502162038007
vdws = 23
atoms = 12
pairs = 52
 geom_x = 13.780146529200604
 geom_a = 0
 geom_q = 0
 geom_c = 0.0
f1, 0= 1.3780e+01
                          N restraints  r.m.s.d.  r.m.s.Z  Mn(sigma)
Bond distances, non H                5     0.010    0.617      0.016
Bond distances, H                    6     0.001    0.058      0.017
Bond angles, non H                   5     1.731    0.930      2.428
Bond angles, H                      13     0.813    0.313      2.077
Torsion angles, period 2             1     0.135    0.027      5.000
Torsion angles, period 6             1     0.424    0.021     20.000
Planar groups                        8     0.000    0.003      0.020
VDW nonbonded                        1     0.192    0.961      0.200
VDW torsion                          4     0.202    1.010      0.200



====== CYCLE  3 ======

 weight = 1.0000e+00
 geom_x = 13.780146529200604
 geom_a = 0
 geom_q = 0
 geom_c = 0.0
f0= 1.3780e+01
using cgsolve in c++, ic=False
diag(geom) min= 641.792807 max= 15739.057045
diag(all) min= 641.792807 max= 15739.057045
Trying gamma equal 0.042000
Convergence reached after 27 iterations with no gamma cycles
min(dx) = -0.003952537091096662
max(dx) = 0.005066118762206233
mean(dx)= -7.624666631645823e-05
vdws = 23
atoms = 12
pairs = 52
 geom_x = 13.763651572572995
 geom_a = 0
 geom_q = 0
 geom_c = 0.0
f1, 0= 1.3764e+01
                          N restraints  r.m.s.d.  r.m.s.Z  Mn(sigma)
Bond distances, non H                5     0.011    0.636      0.016
Bond distances, H                    6     0.001    0.057      0.017
Bond angles, non H                   5     1.780    0.940      2.428
Bond angles, H                      13     0.813    0.313      2.077
Torsion angles, period 2             1     0.088    0.018      5.000
Torsion angles, period 6             1     0.535    0.027     20.000
Planar groups                        8     0.000    0.008      0.020
VDW nonbonded                        1     0.192    0.959      0.200
VDW torsion                          4     0.201    1.003      0.200



====== CYCLE  4 ======

 weight = 1.0000e+00
 geom_x = 13.763651572572995
 geom_a = 0
 geom_q = 0
 geom_c = 0.0
f0= 1.3764e+01
using cgsolve in c++, ic=False
diag(geom) min= 642.273981 max= 15735.898268
diag(all) min= 642.273981 max= 15735.898268
Trying gamma equal 0.042000
Not converging with gamma equal 0.042000
Trying gamma equal 0.094500
Gamma decreased to 0.084000
min(dx) = -0.001503777944860233
max(dx) = 0.002008081819667464
mean(dx)= -2.890588333093443e-05
vdws = 23
atoms = 12
pairs = 52
 geom_x = 13.760634046117175
 geom_a = 0
 geom_q = 0
 geom_c = 0.0
f1, 0= 1.3761e+01
                          N restraints  r.m.s.d.  r.m.s.Z  Mn(sigma)
Bond distances, non H                5     0.011    0.641      0.016
Bond distances, H                    6     0.001    0.057      0.017
Bond angles, non H                   5     1.794    0.942      2.428
Bond angles, H                      13     0.812    0.313      2.077
Torsion angles, period 2             1     0.070    0.014      5.000
Torsion angles, period 6             1     0.597    0.030     20.000
Planar groups                        8     0.000    0.009      0.020
VDW nonbonded                        1     0.192    0.959      0.200
VDW torsion                          4     0.200    1.002      0.200



====== CYCLE  5 ======

 weight = 1.0000e+00
 geom_x = 13.760634046117175
 geom_a = 0
 geom_q = 0
 geom_c = 0.0
f0= 1.3761e+01
using cgsolve in c++, ic=False
diag(geom) min= 642.550461 max= 15734.886708
diag(all) min= 642.550461 max= 15734.886708
Trying gamma equal 0.084000
Convergence reached after 23 iterations with no gamma cycles
min(dx) = -0.0014371735536131162
max(dx) = 0.001999962802301295
mean(dx)= -2.683807208478209e-05
vdws = 23
atoms = 12
pairs = 52
 geom_x = 13.75843708362455
 geom_a = 0
 geom_q = 0
 geom_c = 0.0
f1, 0= 1.3758e+01
                          N restraints  r.m.s.d.  r.m.s.Z  Mn(sigma)
Bond distances, non H                5     0.011    0.643      0.016
Bond distances, H                    6     0.001    0.057      0.017
Bond angles, non H                   5     1.803    0.944      2.428
Bond angles, H                      13     0.811    0.313      2.077
Torsion angles, period 2             1     0.052    0.010      5.000
Torsion angles, period 6             1     0.672    0.034     20.000
Planar groups                        8     0.000    0.010      0.020
VDW nonbonded                        1     0.192    0.959      0.200
VDW torsion                          4     0.200    1.001      0.200



====== CYCLE  6 ======

 weight = 1.0000e+00
 geom_x = 13.75843708362455
 geom_a = 0
 geom_q = 0
 geom_c = 0.0
f0= 1.3758e+01
using cgsolve in c++, ic=False
diag(geom) min= 642.885418 max= 15734.124391
diag(all) min= 642.885418 max= 15734.124391
Trying gamma equal 0.084000
Convergence reached after 23 iterations with no gamma cycles
min(dx) = -0.001262725643476319
max(dx) = 0.0018731119078486357
mean(dx)= -2.279038591470421e-05
vdws = 23
atoms = 12
pairs = 52
 geom_x = 13.756644477336371
 geom_a = 0
 geom_q = 0
 geom_c = 0.0
f1, 0= 1.3757e+01
                          N restraints  r.m.s.d.  r.m.s.Z  Mn(sigma)
Bond distances, non H                5     0.011    0.645      0.016
Bond distances, H                    6     0.001    0.057      0.017
Bond angles, non H                   5     1.809    0.944      2.428
Bond angles, H                      13     0.810    0.312      2.077
Torsion angles, period 2             1     0.036    0.007      5.000
Torsion angles, period 6             1     0.753    0.038     20.000
Planar groups                        8     0.000    0.011      0.020
VDW nonbonded                        1     0.192    0.959      0.200
VDW torsion                          4     0.200    1.000      0.200



====== CYCLE  7 ======

 weight = 1.0000e+00
 geom_x = 13.756644477336371
 geom_a = 0
 geom_q = 0
 geom_c = 0.0
f0= 1.3757e+01
using cgsolve in c++, ic=False
diag(geom) min= 643.245452 max= 15733.629663
diag(all) min= 643.245452 max= 15733.629663
Trying gamma equal 0.084000
Convergence reached after 24 iterations with no gamma cycles
min(dx) = -0.0011534724972105392
max(dx) = 0.0018058780889649187
mean(dx)= -2.0349279925570748e-05
vdws = 23
atoms = 12
pairs = 52
 geom_x = 13.754967769072719
 geom_a = 0
 geom_q = 0
 geom_c = 0.0
f1, 0= 1.3755e+01
                          N restraints  r.m.s.d.  r.m.s.Z  Mn(sigma)
Bond distances, non H                5     0.011    0.645      0.016
Bond distances, H                    6     0.001    0.057      0.017
Bond angles, non H                   5     1.813    0.945      2.428
Bond angles, H                      13     0.810    0.312      2.077
Torsion angles, period 2             1     0.023    0.005      5.000
Torsion angles, period 6             1     0.839    0.042     20.000
Planar groups                        8     0.000    0.011      0.020
VDW nonbonded                        1     0.192    0.959      0.200
VDW torsion                          4     0.200    1.000      0.200



====== CYCLE  8 ======

 weight = 1.0000e+00
 geom_x = 13.754967769072719
 geom_a = 0
 geom_q = 0
 geom_c = 0.0
f0= 1.3755e+01
using cgsolve in c++, ic=False
diag(geom) min= 643.638679 max= 15733.312535
diag(all) min= 643.638679 max= 15733.312535
Trying gamma equal 0.084000
Convergence reached after 22 iterations with no gamma cycles
min(dx) = -0.0011928862355249554
max(dx) = 0.0017740173363837634
mean(dx)= -1.9015920747681275e-05
vdws = 23
atoms = 12
pairs = 52
 geom_x = 13.753301861921653
 geom_a = 0
 geom_q = 0
 geom_c = 0.0
f1, 0= 1.3753e+01
                          N restraints  r.m.s.d.  r.m.s.Z  Mn(sigma)
Bond distances, non H                5     0.011    0.646      0.016
Bond distances, H                    6     0.001    0.057      0.017
Bond angles, non H                   5     1.815    0.945      2.428
Bond angles, H                      13     0.809    0.312      2.077
Torsion angles, period 2             1     0.011    0.002      5.000
Torsion angles, period 6             1     0.932    0.047     20.000
Planar groups                        8     0.000    0.011      0.020
VDW nonbonded                        1     0.192    0.959      0.200
VDW torsion                          4     0.200    0.999      0.200



====== CYCLE  9 ======

 weight = 1.0000e+00
 geom_x = 13.753301861921653
 geom_a = 0
 geom_q = 0
 geom_c = 0.0
f0= 1.3753e+01
using cgsolve in c++, ic=False
diag(geom) min= 644.072969 max= 15733.111100
diag(all) min= 644.072969 max= 15733.111100
Trying gamma equal 0.084000
Convergence reached after 22 iterations with no gamma cycles
min(dx) = -0.0012259308687215071
max(dx) = 0.0017642787032229807
mean(dx)= -1.8387744366315502e-05
vdws = 23
atoms = 12
pairs = 52
 geom_x = 13.751604465753319
 geom_a = 0
 geom_q = 0
 geom_c = 0.0
f1, 0= 1.3752e+01
                          N restraints  r.m.s.d.  r.m.s.Z  Mn(sigma)
Bond distances, non H                5     0.011    0.646      0.016
Bond distances, H                    6     0.001    0.057      0.017
Bond angles, non H                   5     1.817    0.946      2.428
Bond angles, H                      13     0.809    0.312      2.077
Torsion angles, period 2             1     0.001    0.000      5.000
Torsion angles, period 6             1     1.031    0.052     20.000
Planar groups                        8     0.000    0.012      0.020
VDW nonbonded                        1     0.192    0.959      0.200
VDW torsion                          4     0.200    0.999      0.200



====== CYCLE 10 ======

 weight = 1.0000e+00
 geom_x = 13.751604465753319
 geom_a = 0
 geom_q = 0
 geom_c = 0.0
f0= 1.3752e+01
using cgsolve in c++, ic=False
diag(geom) min= 644.554834 max= 15732.985117
diag(all) min= 644.554834 max= 15732.985117
Trying gamma equal 0.084000
Convergence reached after 22 iterations with no gamma cycles
min(dx) = -0.001252930203724826
max(dx) = 0.0017690039385894593
mean(dx)= -1.8192491023071332e-05
vdws = 23
atoms = 12
pairs = 52
 geom_x = 13.749854879159814
 geom_a = 0
 geom_q = 0
 geom_c = 0.0
f1, 0= 1.3750e+01
                          N restraints  r.m.s.d.  r.m.s.Z  Mn(sigma)
Bond distances, non H                5     0.011    0.646      0.016
Bond distances, H                    6     0.001    0.057      0.017
Bond angles, non H                   5     1.819    0.946      2.428
Bond angles, H                      13     0.809    0.312      2.077
Torsion angles, period 2             1     0.008    0.002      5.000
Torsion angles, period 6             1     1.137    0.057     20.000
Planar groups                        8     0.000    0.012      0.020
VDW nonbonded                        1     0.192    0.959      0.200
VDW torsion                          4     0.200    0.999      0.200


$TABLE: stats vs cycle :
$GRAPHS
: Geometry :A:1,2,4:
: Geometry Z :A:1,5,3:
$$
 Ncyc  rmsBOND  zBOND  rmsANGL  zANGL
$$
$$
    0   0.0103 0.6648   1.0351 0.6078
    1   0.0093 0.5609   1.5946 0.8854
    2   0.0102 0.6171   1.7307 0.9303
    3   0.0105 0.6362   1.7801 0.9402
    4   0.0106 0.6407   1.7936 0.9424
    5   0.0106 0.6433   1.8029 0.9436
    6   0.0106 0.6447   1.8087 0.9444
    7   0.0107 0.6454   1.8126 0.9449
    8   0.0107 0.6457   1.8152 0.9452
    9   0.0107 0.6458   1.8172 0.9456
   10   0.0107 0.6458   1.8188 0.9458
$$

Running 30 cycles with wchir=1 wvdw=2 with hydrogen
Geometry weights
vdws = 23
atoms = 12
pairs = 52
                          N restraints  r.m.s.d.  r.m.s.Z  Mn(sigma)
Bond distances, non H                5     0.011    0.646      0.016
Bond distances, H                    6     0.001    0.057      0.017
Bond angles, non H                   5     1.819    0.946      2.428
Bond angles, H                      13     0.809    0.312      2.077
Torsion angles, period 2             1     0.008    0.002      5.000
Torsion angles, period 6             1     1.137    0.057     20.000
Planar groups                        8     0.000    0.012      0.020
VDW nonbonded                        1     0.192    0.959      0.200
VDW torsion                          4     0.200    0.999      0.200


====== CYCLE  1 ======

 weight = 1.0000e+00
 geom_x = 13.749854879159814
 geom_a = 0
 geom_q = 0
 geom_c = 0.0
f0= 1.3750e+01
using cgsolve in c++, ic=False
diag(geom) min= 645.089826 max= 15732.908992
diag(all) min= 645.089826 max= 15732.908992
Trying gamma equal 0.084000
Convergence reached after 20 iterations with no gamma cycles
min(dx) = -0.0012770531459021658
max(dx) = 0.0017836626899880906
mean(dx)= -1.8258248991528422e-05
vdws = 23
atoms = 12
pairs = 52
 geom_x = 13.748039533831689
 geom_a = 0
 geom_q = 0
 geom_c = 0.0
f1, 0= 1.3748e+01
                          N restraints  r.m.s.d.  r.m.s.Z  Mn(sigma)
Bond distances, non H                5     0.011    0.646      0.016
Bond distances, H                    6     0.001    0.057      0.017
Bond angles, non H                   5     1.820    0.946      2.428
Bond angles, H                      13     0.809    0.312      2.077
Torsion angles, period 2             1     0.016    0.003      5.000
Torsion angles, period 6             1     1.250    0.063     20.000
Planar groups                        8     0.000    0.012      0.020
VDW nonbonded                        1     0.192    0.959      0.200
VDW torsion                          4     0.200    0.999      0.200



====== CYCLE  2 ======

 weight = 1.0000e+00
 geom_x = 13.748039533831689
 geom_a = 0
 geom_q = 0
 geom_c = 0.0
f0= 1.3748e+01
using cgsolve in c++, ic=False
diag(geom) min= 645.682876 max= 15732.866711
diag(all) min= 645.682876 max= 15732.866711
Trying gamma equal 0.084000
Convergence reached after 19 iterations with no gamma cycles
min(dx) = -0.0013003800845354397
max(dx) = 0.001805631797343761
mean(dx)= -1.8480549998435836e-05
vdws = 23
atoms = 12
pairs = 52
 geom_x = 13.746146823118153
 geom_a = 0
 geom_q = 0
 geom_c = 0.0
f1, 0= 1.3746e+01
                          N restraints  r.m.s.d.  r.m.s.Z  Mn(sigma)
Bond distances, non H                5     0.011    0.646      0.016
Bond distances, H                    6     0.001    0.057      0.017
Bond angles, non H                   5     1.821    0.946      2.428
Bond angles, H                      13     0.809    0.312      2.077
Torsion angles, period 2             1     0.023    0.005      5.000
Torsion angles, period 6             1     1.370    0.069     20.000
Planar groups                        8     0.000    0.012      0.020
VDW nonbonded                        1     0.192    0.959      0.200
VDW torsion                          4     0.200    0.999      0.200



====== CYCLE  3 ======

 weight = 1.0000e+00
 geom_x = 13.746146823118153
 geom_a = 0
 geom_q = 0
 geom_c = 0.0
f0= 1.3746e+01
using cgsolve in c++, ic=False
diag(geom) min= 646.338550 max= 15732.847949
diag(all) min= 646.338550 max= 15732.847949
Trying gamma equal 0.084000
Convergence reached after 19 iterations with no gamma cycles
min(dx) = -0.001324151567248944
max(dx) = 0.0018333324665608238
mean(dx)= -1.8795564073898917e-05
vdws = 23
atoms = 12
pairs = 52
 geom_x = 13.74416518169509
 geom_a = 0
 geom_q = 0
 geom_c = 0.0
f1, 0= 1.3744e+01
                          N restraints  r.m.s.d.  r.m.s.Z  Mn(sigma)
Bond distances, non H                5     0.011    0.645      0.016
Bond distances, H                    6     0.001    0.057      0.017
Bond angles, non H                   5     1.822    0.947      2.428
Bond angles, H                      13     0.808    0.312      2.077
Torsion angles, period 2             1     0.030    0.006      5.000
Torsion angles, period 6             1     1.498    0.075     20.000
Planar groups                        8     0.000    0.013      0.020
VDW nonbonded                        1     0.192    0.959      0.200
VDW torsion                          4     0.200    0.999      0.200



====== CYCLE  4 ======

 weight = 1.0000e+00
 geom_x = 13.74416518169509
 geom_a = 0
 geom_q = 0
 geom_c = 0.0
f0= 1.3744e+01
using cgsolve in c++, ic=False
diag(geom) min= 647.061395 max= 15732.846376
diag(all) min= 647.061395 max= 15732.846376
Trying gamma equal 0.084000
Convergence reached after 19 iterations with no gamma cycles
min(dx) = -0.0013490959695545237
max(dx) = 0.0018658111214656103
mean(dx)= -1.916438770621708e-05
vdws = 23
atoms = 12
pairs = 52
 geom_x = 13.742082303895355
 geom_a = 0
 geom_q = 0
 geom_c = 0.0
f1, 0= 1.3742e+01
                          N restraints  r.m.s.d.  r.m.s.Z  Mn(sigma)
Bond distances, non H                5     0.011    0.645      0.016
Bond distances, H                    6     0.001    0.057      0.017
Bond angles, non H                   5     1.824    0.947      2.428
Bond angles, H                      13     0.808    0.312      2.077
Torsion angles, period 2             1     0.036    0.007      5.000
Torsion angles, period 6             1     1.633    0.082     20.000
Planar groups                        8     0.000    0.013      0.020
VDW nonbonded                        1     0.192    0.958      0.200
VDW torsion                          4     0.200    0.999      0.200



====== CYCLE  5 ======

 weight = 1.0000e+00
 geom_x = 13.742082303895355
 geom_a = 0
 geom_q = 0
 geom_c = 0.0
f0= 1.3742e+01
using cgsolve in c++, ic=False
diag(geom) min= 647.856108 max= 15732.857775
diag(all) min= 647.856108 max= 15732.857775
Trying gamma equal 0.084000
Convergence reached after 19 iterations with no gamma cycles
min(dx) = -0.0013756635762108291
max(dx) = 0.001902542119839122
mean(dx)= -1.956391186271702e-05
vdws = 23
atoms = 12
pairs = 52
 geom_x = 13.739884762560237
 geom_a = 0
 geom_q = 0
 geom_c = 0.0
f1, 0= 1.3740e+01
                          N restraints  r.m.s.d.  r.m.s.Z  Mn(sigma)
Bond distances, non H                5     0.011    0.645      0.016
Bond distances, H                    6     0.001    0.057      0.017
Bond angles, non H                   5     1.825    0.947      2.428
Bond angles, H                      13     0.808    0.312      2.077
Torsion angles, period 2             1     0.042    0.008      5.000
Torsion angles, period 6             1     1.777    0.089     20.000
Planar groups                        8     0.000    0.013      0.020
VDW nonbonded                        1     0.192    0.958      0.200
VDW torsion                          4     0.200    0.998      0.200



====== CYCLE  6 ======

 weight = 1.0000e+00
 geom_x = 13.739884762560237
 geom_a = 0
 geom_q = 0
 geom_c = 0.0
f0= 1.3740e+01
using cgsolve in c++, ic=False
diag(geom) min= 648.727656 max= 15732.879343
diag(all) min= 648.727656 max= 15732.879343
Trying gamma equal 0.084000
Convergence reached after 19 iterations with no gamma cycles
min(dx) = -0.0014041279072336938
max(dx) = 0.0019432401552739135
mean(dx)= -1.9979472961058433e-05
vdws = 23
atoms = 12
pairs = 52
 geom_x = 13.737557765737545
 geom_a = 0
 geom_q = 0
 geom_c = 0.0
f1, 0= 1.3738e+01
                          N restraints  r.m.s.d.  r.m.s.Z  Mn(sigma)
Bond distances, non H                5     0.011    0.645      0.016
Bond distances, H                    6     0.001    0.057      0.017
Bond angles, non H                   5     1.826    0.947      2.428
Bond angles, H                      13     0.808    0.312      2.077
Torsion angles, period 2             1     0.047    0.009      5.000
Torsion angles, period 6             1     1.929    0.096     20.000
Planar groups                        8     0.000    0.014      0.020
VDW nonbonded                        1     0.192    0.958      0.200
VDW torsion                          4     0.200    0.998      0.200



====== CYCLE  7 ======

 weight = 1.0000e+00
 geom_x = 13.737557765737545
 geom_a = 0
 geom_q = 0
 geom_c = 0.0
f0= 1.3738e+01
using cgsolve in c++, ic=False
diag(geom) min= 649.681359 max= 15732.909127
diag(all) min= 649.681359 max= 15732.909127
Trying gamma equal 0.084000
Convergence reached after 19 iterations with no gamma cycles
min(dx) = -0.0014992929883560738
max(dx) = 0.001987768789849235
mean(dx)= -2.04012807933426e-05
vdws = 23
atoms = 12
pairs = 52
 geom_x = 13.73508495662906
 geom_a = 0
 geom_q = 0
 geom_c = 0.0
f1, 0= 1.3735e+01
                          N restraints  r.m.s.d.  r.m.s.Z  Mn(sigma)
Bond distances, non H                5     0.011    0.645      0.016
Bond distances, H                    6     0.001    0.057      0.017
Bond angles, non H                   5     1.827    0.947      2.428
Bond angles, H                      13     0.808    0.311      2.077
Torsion angles, period 2             1     0.051    0.010      5.000
Torsion angles, period 6             1     2.090    0.104     20.000
Planar groups                        8     0.000    0.014      0.020
VDW nonbonded                        1     0.192    0.958      0.200
VDW torsion                          4     0.200    0.998      0.200



====== CYCLE  8 ======

 weight = 1.0000e+00
 geom_x = 13.73508495662906
 geom_a = 0
 geom_q = 0
 geom_c = 0.0
f0= 1.3735e+01
using cgsolve in c++, ic=False
diag(geom) min= 650.722959 max= 15732.945704
diag(all) min= 650.722959 max= 15732.945704
Trying gamma equal 0.084000
Convergence reached after 20 iterations with no gamma cycles
min(dx) = -0.0016255219079931572
max(dx) = 0.0020360886870346324
mean(dx)= -2.0822496410842108e-05
vdws = 23
atoms = 12
pairs = 52
 geom_x = 13.732465154490189
 geom_a = 0
 geom_q = 0
 geom_c = 0.0
f1, 0= 1.3732e+01
                          N restraints  r.m.s.d.  r.m.s.Z  Mn(sigma)
Bond distances, non H                5     0.011    0.644      0.016
Bond distances, H                    6     0.001    0.057      0.017
Bond angles, non H                   5     1.828    0.947      2.428
Bond angles, H                      13     0.808    0.311      2.077
Torsion angles, period 2             1     0.056    0.011      5.000
Torsion angles, period 6             1     2.261    0.113     20.000
Planar groups                        8     0.000    0.014      0.020
VDW nonbonded                        2     0.135    0.677      0.200
VDW torsion                          4     0.200    0.998      0.200



====== CYCLE  9 ======

 weight = 1.0000e+00
 geom_x = 13.732465154490189
 geom_a = 0
 geom_q = 0
 geom_c = 0.0
f0= 1.3732e+01
using cgsolve in c++, ic=False
diag(geom) min= 651.858677 max= 15732.988031
diag(all) min= 651.858677 max= 15732.988031
Trying gamma equal 0.084000
Convergence reached after 21 iterations with no gamma cycles
min(dx) = -0.0017763997057915078
max(dx) = 0.0020769777748664508
mean(dx)= -2.0018324576375658e-05
vdws = 23
atoms = 12
pairs = 52
 geom_x = 13.729781291771413
 geom_a = 0
 geom_q = 0
 geom_c = 0.0
f1, 0= 1.3730e+01
                          N restraints  r.m.s.d.  r.m.s.Z  Mn(sigma)
Bond distances, non H                5     0.011    0.644      0.016
Bond distances, H                    6     0.001    0.057      0.017
Bond angles, non H                   5     1.830    0.948      2.428
Bond angles, H                      13     0.809    0.312      2.077
Torsion angles, period 2             1     0.061    0.012      5.000
Torsion angles, period 6             1     2.438    0.122     20.000
Planar groups                        8     0.000    0.015      0.020
VDW nonbonded                        2     0.135    0.677      0.200
VDW torsion                          4     0.200    0.998      0.200



====== CYCLE 10 ======

 weight = 1.0000e+00
 geom_x = 13.729781291771413
 geom_a = 0
 geom_q = 0
 geom_c = 0.0
f0= 1.3730e+01
using cgsolve in c++, ic=False
diag(geom) min= 653.104289 max= 15732.912404
diag(all) min= 653.104289 max= 15732.912404
Trying gamma equal 0.084000
Convergence reached after 20 iterations with no gamma cycles
min(dx) = -0.0019174207928563832
max(dx) = 0.0021027047745086746
mean(dx)= -2.092188293718313e-05
vdws = 23
atoms = 12
pairs = 52
 geom_x = 13.726974411662836
 geom_a = 0
 geom_q = 0
 geom_c = 0.0
f1, 0= 1.3727e+01
                          N restraints  r.m.s.d.  r.m.s.Z  Mn(sigma)
Bond distances, non H                5     0.011    0.644      0.016
Bond distances, H                    6     0.001    0.057      0.017
Bond angles, non H                   5     1.832    0.948      2.428
Bond angles, H                      13     0.809    0.312      2.077
Torsion angles, period 2             1     0.067    0.013      5.000
Torsion angles, period 6             1     2.624    0.131     20.000
Planar groups                        8     0.000    0.015      0.020
VDW nonbonded                        2     0.135    0.676      0.200
VDW torsion                          4     0.200    0.998      0.200



====== CYCLE 11 ======

 weight = 1.0000e+00
 geom_x = 13.726974411662836
 geom_a = 0
 geom_q = 0
 geom_c = 0.0
f0= 1.3727e+01
using cgsolve in c++, ic=False
diag(geom) min= 654.458068 max= 15732.826276
diag(all) min= 654.458068 max= 15732.826276
Trying gamma equal 0.084000
Convergence reached after 19 iterations with no gamma cycles
min(dx) = -0.0020615340977179273
max(dx) = 0.0021303316433131983
mean(dx)= -2.103249796654373e-05
vdws = 23
atoms = 12
pairs = 52
 geom_x = 13.724018833082392
 geom_a = 0
 geom_q = 0
 geom_c = 0.0
f1, 0= 1.3724e+01
                          N restraints  r.m.s.d.  r.m.s.Z  Mn(sigma)
Bond distances, non H                5     0.011    0.645      0.016
Bond distances, H                    6     0.001    0.056      0.017
Bond angles, non H                   5     1.834    0.948      2.428
Bond angles, H                      13     0.810    0.312      2.077
Torsion angles, period 2             1     0.073    0.015      5.000
Torsion angles, period 6             1     2.819    0.141     20.000
Planar groups                        8     0.000    0.016      0.020
VDW nonbonded                        2     0.135    0.676      0.200
VDW torsion                          4     0.199    0.997      0.200



====== CYCLE 12 ======

 weight = 1.0000e+00
 geom_x = 13.724018833082392
 geom_a = 0
 geom_q = 0
 geom_c = 0.0
f0= 1.3724e+01
using cgsolve in c++, ic=False
diag(geom) min= 655.926087 max= 15732.736551
diag(all) min= 655.926087 max= 15732.736551
Trying gamma equal 0.084000
Convergence reached after 19 iterations with no gamma cycles
min(dx) = -0.00221133827540021
max(dx) = 0.002161411548451132
mean(dx)= -2.102790980212499e-05
vdws = 23
atoms = 12
pairs = 52
 geom_x = 13.720888513289255
 geom_a = 0
 geom_q = 0
 geom_c = 0.0
f1, 0= 1.3721e+01
                          N restraints  r.m.s.d.  r.m.s.Z  Mn(sigma)
Bond distances, non H                5     0.011    0.645      0.016
Bond distances, H                    6     0.001    0.056      0.017
Bond angles, non H                   5     1.836    0.948      2.428
Bond angles, H                      13     0.810    0.312      2.077
Torsion angles, period 2             1     0.079    0.016      5.000
Torsion angles, period 6             1     3.025    0.151     20.000
Planar groups                        8     0.000    0.016      0.020
VDW nonbonded                        2     0.135    0.676      0.200
VDW torsion                          4     0.199    0.997      0.200



====== CYCLE 13 ======

 weight = 1.0000e+00
 geom_x = 13.720888513289255
 geom_a = 0
 geom_q = 0
 geom_c = 0.0
f0= 1.3721e+01
using cgsolve in c++, ic=False
diag(geom) min= 657.516121 max= 15732.645172
diag(all) min= 657.516121 max= 15732.645172
Trying gamma equal 0.084000
Convergence reached after 19 iterations with no gamma cycles
min(dx) = -0.002367561955506542
max(dx) = 0.002196169359314427
mean(dx)= -2.0975764397195397e-05
vdws = 23
atoms = 12
pairs = 52
 geom_x = 13.717555343273334
 geom_a = 0
 geom_q = 0
 geom_c = 0.0
f1, 0= 1.3718e+01
                          N restraints  r.m.s.d.  r.m.s.Z  Mn(sigma)
Bond distances, non H                5     0.011    0.645      0.016
Bond distances, H                    6     0.001    0.056      0.017
Bond angles, non H                   5     1.838    0.948      2.428
Bond angles, H                      13     0.811    0.312      2.077
Torsion angles, period 2             1     0.086    0.017      5.000
Torsion angles, period 6             1     3.240    0.162     20.000
Planar groups                        8     0.000    0.017      0.020
VDW nonbonded                        2     0.135    0.675      0.200
VDW torsion                          4     0.199    0.997      0.200



====== CYCLE 14 ======

 weight = 1.0000e+00
 geom_x = 13.717555343273334
 geom_a = 0
 geom_q = 0
 geom_c = 0.0
f0= 1.3718e+01
using cgsolve in c++, ic=False
diag(geom) min= 659.236763 max= 15732.553044
diag(all) min= 659.236763 max= 15732.553044
Trying gamma equal 0.084000
Convergence reached after 19 iterations with no gamma cycles
min(dx) = -0.0025305891480471954
max(dx) = 0.002234845226880458
mean(dx)= -2.088479939566662e-05
vdws = 23
atoms = 12
pairs = 52
 geom_x = 13.713988893271681
 geom_a = 0
 geom_q = 0
 geom_c = 0.0
f1, 0= 1.3714e+01
                          N restraints  r.m.s.d.  r.m.s.Z  Mn(sigma)
Bond distances, non H                5     0.011    0.645      0.016
Bond distances, H                    6     0.001    0.056      0.017
Bond angles, non H                   5     1.840    0.949      2.428
Bond angles, H                      13     0.811    0.312      2.077
Torsion angles, period 2             1     0.093    0.019      5.000
Torsion angles, period 6             1     3.467    0.173     20.000
Planar groups                        8     0.000    0.017      0.020
VDW nonbonded                        2     0.135    0.675      0.200
VDW torsion                          4     0.199    0.997      0.200



====== CYCLE 15 ======

 weight = 1.0000e+00
 geom_x = 13.713988893271681
 geom_a = 0
 geom_q = 0
 geom_c = 0.0
f0= 1.3714e+01
using cgsolve in c++, ic=False
diag(geom) min= 661.097367 max= 15732.460566
diag(all) min= 661.097367 max= 15732.460566
Trying gamma equal 0.084000
Convergence reached after 19 iterations with no gamma cycles
min(dx) = -0.002700700307123505
max(dx) = 0.00231311259735414
mean(dx)= -2.0753310478088835e-05
vdws = 23
atoms = 12
pairs = 52
 geom_x = 13.710156199665647
 geom_a = 0
 geom_q = 0
 geom_c = 0.0
f1, 0= 1.3710e+01
                          N restraints  r.m.s.d.  r.m.s.Z  Mn(sigma)
Bond distances, non H                5     0.011    0.645      0.016
Bond distances, H                    6     0.001    0.056      0.017
Bond angles, non H                   5     1.842    0.949      2.428
Bond angles, H                      13     0.811    0.312      2.077
Torsion angles, period 2             1     0.099    0.020      5.000
Torsion angles, period 6             1     3.706    0.185     20.000
Planar groups                        8     0.000    0.018      0.020
VDW nonbonded                        2     0.135    0.675      0.200
VDW torsion                          4     0.199    0.996      0.200



====== CYCLE 16 ======

 weight = 1.0000e+00
 geom_x = 13.710156199665647
 geom_a = 0
 geom_q = 0
 geom_c = 0.0
f0= 1.3710e+01
using cgsolve in c++, ic=False
diag(geom) min= 663.108053 max= 15732.367761
diag(all) min= 663.108053 max= 15732.367761
Trying gamma equal 0.084000
Convergence reached after 19 iterations with no gamma cycles
min(dx) = -0.002878124010054835
max(dx) = 0.0024819356050535023
mean(dx)= -2.0574884347505595e-05
vdws = 23
atoms = 12
pairs = 52
 geom_x = 13.70602156458938
 geom_a = 0
 geom_q = 0
 geom_c = 0.0
f1, 0= 1.3706e+01
                          N restraints  r.m.s.d.  r.m.s.Z  Mn(sigma)
Bond distances, non H                5     0.011    0.645      0.016
Bond distances, H                    6     0.001    0.056      0.017
Bond angles, non H                   5     1.844    0.949      2.428
Bond angles, H                      13     0.811    0.312      2.077
Torsion angles, period 2             1     0.106    0.021      5.000
Torsion angles, period 6             1     3.956    0.198     20.000
Planar groups                        8     0.000    0.018      0.020
VDW nonbonded                        2     0.135    0.674      0.200
VDW torsion                          4     0.199    0.996      0.200



====== CYCLE 17 ======

 weight = 1.0000e+00
 geom_x = 13.70602156458938
 geom_a = 0
 geom_q = 0
 geom_c = 0.0
f0= 1.3706e+01
using cgsolve in c++, ic=False
diag(geom) min= 665.279749 max= 15732.274412
diag(all) min= 665.279749 max= 15732.274412
Trying gamma equal 0.084000
Convergence reached after 19 iterations with no gamma cycles
min(dx) = -0.003063042674609931
max(dx) = 0.002658719340911785
mean(dx)= -2.034035995530677e-05
vdws = 23
atoms = 12
pairs = 52
 geom_x = 13.701546368013291
 geom_a = 0
 geom_q = 0
 geom_c = 0.0
f1, 0= 1.3702e+01
                          N restraints  r.m.s.d.  r.m.s.Z  Mn(sigma)
Bond distances, non H                5     0.011    0.645      0.016
Bond distances, H                    6     0.001    0.056      0.017
Bond angles, non H                   5     1.846    0.949      2.428
Bond angles, H                      13     0.812    0.312      2.077
Torsion angles, period 2             1     0.113    0.023      5.000
Torsion angles, period 6             1     4.220    0.211     20.000
Planar groups                        8     0.000    0.019      0.020
VDW nonbonded                        2     0.135    0.673      0.200
VDW torsion                          4     0.199    0.996      0.200



====== CYCLE 18 ======

 weight = 1.0000e+00
 geom_x = 13.701546368013291
 geom_a = 0
 geom_q = 0
 geom_c = 0.0
f0= 1.3702e+01
using cgsolve in c++, ic=False
diag(geom) min= 667.624216 max= 15732.180140
diag(all) min= 667.624216 max= 15732.180140
Trying gamma equal 0.084000
Convergence reached after 19 iterations with no gamma cycles
min(dx) = -0.003255585986876107
max(dx) = 0.0028437220502616624
mean(dx)= -2.003857057795961e-05
vdws = 23
atoms = 12
pairs = 52
 geom_x = 13.696688898742796
 geom_a = 0
 geom_q = 0
 geom_c = 0.0
f1, 0= 1.3697e+01
                          N restraints  r.m.s.d.  r.m.s.Z  Mn(sigma)
Bond distances, non H                5     0.011    0.645      0.016
Bond distances, H                    6     0.001    0.056      0.017
Bond angles, non H                   5     1.848    0.949      2.428
Bond angles, H                      13     0.812    0.312      2.077
Torsion angles, period 2             1     0.121    0.024      5.000
Torsion angles, period 6             1     4.497    0.225     20.000
Planar groups                        8     0.000    0.020      0.020
VDW nonbonded                        2     0.135    0.673      0.200
VDW torsion                          4     0.199    0.996      0.200



====== CYCLE 19 ======

 weight = 1.0000e+00
 geom_x = 13.696688898742796
 geom_a = 0
 geom_q = 0
 geom_c = 0.0
f0= 1.3697e+01
using cgsolve in c++, ic=False
diag(geom) min= 670.154078 max= 15732.084445
diag(all) min= 670.154078 max= 15732.084445
Trying gamma equal 0.084000
Convergence reached after 19 iterations with no gamma cycles
min(dx) = -0.0034558274643243275
max(dx) = 0.0030371756442683813
mean(dx)= -1.9656629544920273e-05
vdws = 23
atoms = 12
pairs = 52
 geom_x = 13.691404213520173
 geom_a = 0
 geom_q = 0
 geom_c = 0.0
f1, 0= 1.3691e+01
                          N restraints  r.m.s.d.  r.m.s.Z  Mn(sigma)
Bond distances, non H                5     0.011    0.644      0.016
Bond distances, H                    6     0.001    0.056      0.017
Bond angles, non H                   5     1.850    0.949      2.428
Bond angles, H                      13     0.812    0.312      2.077
Torsion angles, period 2             1     0.128    0.026      5.000
Torsion angles, period 6             1     4.788    0.239     20.000
Planar groups                        8     0.000    0.020      0.020
VDW nonbonded                        2     0.134    0.672      0.200
VDW torsion                          4     0.199    0.995      0.200



====== CYCLE 20 ======

 weight = 1.0000e+00
 geom_x = 13.691404213520173
 geom_a = 0
 geom_q = 0
 geom_c = 0.0
f0= 1.3691e+01
using cgsolve in c++, ic=False
diag(geom) min= 672.882850 max= 15731.986724
diag(all) min= 672.882850 max= 15731.986724
Trying gamma equal 0.084000
Convergence reached after 19 iterations with no gamma cycles
min(dx) = -0.0036637803682566224
max(dx) = 0.003239277715705556
mean(dx)= -1.9180097333387287e-05
vdws = 23
atoms = 12
pairs = 52
 geom_x = 13.68564403551253
 geom_a = 0
 geom_q = 0
 geom_c = 0.0
f1, 0= 1.3686e+01
                          N restraints  r.m.s.d.  r.m.s.Z  Mn(sigma)
Bond distances, non H                5     0.011    0.644      0.016
Bond distances, H                    6     0.001    0.056      0.017
Bond angles, non H                   5     1.851    0.948      2.428
Bond angles, H                      13     0.812    0.312      2.077
Torsion angles, period 2             1     0.136    0.027      5.000
Torsion angles, period 6             1     5.094    0.255     20.000
Planar groups                        8     0.000    0.021      0.020
VDW nonbonded                        2     0.134    0.671      0.200
VDW torsion                          4     0.199    0.995      0.200



====== CYCLE 21 ======

 weight = 1.0000e+00
 geom_x = 13.68564403551253
 geom_a = 0
 geom_q = 0
 geom_c = 0.0
f0= 1.3686e+01
using cgsolve in c++, ic=False
diag(geom) min= 675.824956 max= 15731.886278
diag(all) min= 675.824956 max= 15731.886278
Trying gamma equal 0.084000
Convergence reached after 19 iterations with no gamma cycles
min(dx) = -0.0038793891244643273
max(dx) = 0.0034501809944587096
mean(dx)= -1.8593092588803533e-05
vdws = 23
atoms = 12
pairs = 52
 geom_x = 13.67935670614871
 geom_a = 0
 geom_q = 0
 geom_c = 0.0
f1, 0= 1.3679e+01
                          N restraints  r.m.s.d.  r.m.s.Z  Mn(sigma)
Bond distances, non H                5     0.011    0.644      0.016
Bond distances, H                    6     0.001    0.056      0.017
Bond angles, non H                   5     1.853    0.948      2.428
Bond angles, H                      13     0.812    0.312      2.077
Torsion angles, period 2             1     0.143    0.029      5.000
Torsion angles, period 6             1     5.416    0.271     20.000
Planar groups                        8     0.000    0.021      0.020
VDW nonbonded                        2     0.134    0.670      0.200
VDW torsion                          4     0.199    0.995      0.200



====== CYCLE 22 ======

 weight = 1.0000e+00
 geom_x = 13.67935670614871
 geom_a = 0
 geom_q = 0
 geom_c = 0.0
f0= 1.3679e+01
using cgsolve in c++, ic=False
diag(geom) min= 678.995742 max= 15731.782323
diag(all) min= 678.995742 max= 15731.782323
Trying gamma equal 0.084000
Convergence reached after 20 iterations with no gamma cycles
min(dx) = -0.004102535577081842
max(dx) = 0.0036700171818566892
mean(dx)= -1.787750850487474e-05
vdws = 23
atoms = 12
pairs = 52
 geom_x = 13.672487206061112
 geom_a = 0
 geom_q = 0
 geom_c = 0.0
f1, 0= 1.3672e+01
                          N restraints  r.m.s.d.  r.m.s.Z  Mn(sigma)
Bond distances, non H                5     0.011    0.644      0.016
Bond distances, H                    6     0.001    0.056      0.017
Bond angles, non H                   5     1.855    0.948      2.428
Bond angles, H                      13     0.812    0.311      2.077
Torsion angles, period 2             1     0.151    0.030      5.000
Torsion angles, period 6             1     5.753    0.288     20.000
Planar groups                        8     0.000    0.022      0.020
VDW nonbonded                        2     0.134    0.669      0.200
VDW torsion                          4     0.199    0.995      0.200



====== CYCLE 23 ======

 weight = 1.0000e+00
 geom_x = 13.672487206061112
 geom_a = 0
 geom_q = 0
 geom_c = 0.0
f0= 1.3672e+01
using cgsolve in c++, ic=False
diag(geom) min= 682.411490 max= 15731.674035
diag(all) min= 682.411490 max= 15731.674035
Trying gamma equal 0.084000
Convergence reached after 20 iterations with no gamma cycles
min(dx) = -0.004332953055575566
max(dx) = 0.0038987345942266337
mean(dx)= -1.701681329320798e-05
vdws = 23
atoms = 12
pairs = 52
 geom_x = 13.66497726896519
 geom_a = 0
 geom_q = 0
 geom_c = 0.0
f1, 0= 1.3665e+01
                          N restraints  r.m.s.d.  r.m.s.Z  Mn(sigma)
Bond distances, non H                5     0.011    0.644      0.016
Bond distances, H                    6     0.001    0.056      0.017
Bond angles, non H                   5     1.856    0.948      2.428
Bond angles, H                      13     0.812    0.311      2.077
Torsion angles, period 2             1     0.160    0.032      5.000
Torsion angles, period 6             1     6.108    0.305     20.000
Planar groups                        8     0.000    0.023      0.020
VDW nonbonded                        2     0.134    0.668      0.200
VDW torsion                          4     0.199    0.995      0.200



====== CYCLE 24 ======

 weight = 1.0000e+00
 geom_x = 13.66497726896519
 geom_a = 0
 geom_q = 0
 geom_c = 0.0
f0= 1.3665e+01
using cgsolve in c++, ic=False
diag(geom) min= 686.089354 max= 15731.560301
diag(all) min= 686.089354 max= 15731.560301
Trying gamma equal 0.084000
Convergence reached after 20 iterations with no gamma cycles
min(dx) = -0.004570312866602232
max(dx) = 0.0041363153385183295
mean(dx)= -1.5988955319261266e-05
vdws = 23
atoms = 12
pairs = 52
 geom_x = 13.65676560742324
 geom_a = 0
 geom_q = 0
 geom_c = 0.0
f1, 0= 1.3657e+01
                          N restraints  r.m.s.d.  r.m.s.Z  Mn(sigma)
Bond distances, non H                5     0.011    0.644      0.016
Bond distances, H                    6     0.001    0.056      0.017
Bond angles, non H                   5     1.858    0.947      2.428
Bond angles, H                      13     0.812    0.311      2.077
Torsion angles, period 2             1     0.168    0.034      5.000
Torsion angles, period 6             1     6.479    0.324     20.000
Planar groups                        8     0.000    0.024      0.020
VDW nonbonded                        2     0.133    0.666      0.200
VDW torsion                          4     0.199    0.994      0.200



====== CYCLE 25 ======

 weight = 1.0000e+00
 geom_x = 13.65676560742324
 geom_a = 0
 geom_q = 0
 geom_c = 0.0
f0= 1.3657e+01
using cgsolve in c++, ic=False
diag(geom) min= 690.047367 max= 15731.440120
diag(all) min= 690.047367 max= 15731.440120
Trying gamma equal 0.084000
Convergence reached after 20 iterations with no gamma cycles
min(dx) = -0.004814148601997661
max(dx) = 0.004382584965866015
mean(dx)= -1.4773488757840341e-05
vdws = 23
atoms = 12
pairs = 52
 geom_x = 13.647788277613742
 geom_a = 0
 geom_q = 0
 geom_c = 0.0
f1, 0= 1.3648e+01
                          N restraints  r.m.s.d.  r.m.s.Z  Mn(sigma)
Bond distances, non H                5     0.011    0.643      0.016
Bond distances, H                    6     0.001    0.055      0.017
Bond angles, non H                   5     1.859    0.947      2.428
Bond angles, H                      13     0.812    0.311      2.077
Torsion angles, period 2             1     0.177    0.035      5.000
Torsion angles, period 6             1     6.869    0.343     20.000
Planar groups                        8     0.000    0.024      0.020
VDW nonbonded                        2     0.133    0.665      0.200
VDW torsion                          4     0.199    0.994      0.200



====== CYCLE 26 ======

 weight = 1.0000e+00
 geom_x = 13.647788277613742
 geom_a = 0
 geom_q = 0
 geom_c = 0.0
f0= 1.3648e+01
using cgsolve in c++, ic=False
diag(geom) min= 694.304355 max= 15731.312333
diag(all) min= 694.304355 max= 15731.312333
Trying gamma equal 0.084000
Convergence reached after 20 iterations with no gamma cycles
min(dx) = -0.005063847578916085
max(dx) = 0.004637247017456104
mean(dx)= -1.3348435009508804e-05
vdws = 23
atoms = 12
pairs = 52
 geom_x = 13.63797921101488
 geom_a = 0
 geom_q = 0
 geom_c = 0.0
f1, 0= 1.3638e+01
                          N restraints  r.m.s.d.  r.m.s.Z  Mn(sigma)
Bond distances, non H                5     0.011    0.643      0.016
Bond distances, H                    6     0.001    0.055      0.017
Bond angles, non H                   5     1.860    0.946      2.428
Bond angles, H                      13     0.812    0.311      2.077
Torsion angles, period 2             1     0.186    0.037      5.000
Torsion angles, period 6             1     7.277    0.364     20.000
Planar groups                        8     0.001    0.025      0.020
VDW nonbonded                        2     0.133    0.663      0.200
VDW torsion                          4     0.199    0.994      0.200



====== CYCLE 27 ======

 weight = 1.0000e+00
 geom_x = 13.63797921101488
 geom_a = 0
 geom_q = 0
 geom_c = 0.0
f0= 1.3638e+01
using cgsolve in c++, ic=False
diag(geom) min= 698.879842 max= 15731.175691
diag(all) min= 698.879842 max= 15731.175691
Trying gamma equal 0.084000
Convergence reached after 21 iterations with no gamma cycles
min(dx) = -0.005318691939204595
max(dx) = 0.004899903438331586
mean(dx)= -1.1693415325658916e-05
vdws = 23
atoms = 12
pairs = 52
 geom_x = 13.627270941418917
 geom_a = 0
 geom_q = 0
 geom_c = 0.0
f1, 0= 1.3627e+01
                          N restraints  r.m.s.d.  r.m.s.Z  Mn(sigma)
Bond distances, non H                5     0.011    0.643      0.016
Bond distances, H                    6     0.001    0.055      0.017
Bond angles, non H                   5     1.861    0.945      2.428
Bond angles, H                      13     0.812    0.310      2.077
Torsion angles, period 2             1     0.195    0.039      5.000
Torsion angles, period 6             1     7.704    0.385     20.000
Planar groups                        8     0.001    0.026      0.020
VDW nonbonded                        2     0.132    0.661      0.200
VDW torsion                          4     0.199    0.994      0.200



====== CYCLE 28 ======

 weight = 1.0000e+00
 geom_x = 13.627270941418917
 geom_a = 0
 geom_q = 0
 geom_c = 0.0
f0= 1.3627e+01
using cgsolve in c++, ic=False
diag(geom) min= 703.793948 max= 15731.028674
diag(all) min= 703.793948 max= 15731.028674
Trying gamma equal 0.084000
Convergence reached after 21 iterations with no gamma cycles
min(dx) = -0.005577609942198406
max(dx) = 0.005169857628067737
mean(dx)= -9.779292984667832e-06
vdws = 23
atoms = 12
pairs = 52
 geom_x = 13.61559556018664
 geom_a = 0
 geom_q = 0
 geom_c = 0.0
f1, 0= 1.3616e+01
                          N restraints  r.m.s.d.  r.m.s.Z  Mn(sigma)
Bond distances, non H                5     0.011    0.642      0.016
Bond distances, H                    6     0.001    0.055      0.017
Bond angles, non H                   5     1.862    0.944      2.428
Bond angles, H                      13     0.811    0.310      2.077
Torsion angles, period 2             1     0.205    0.041      5.000
Torsion angles, period 6             1     8.151    0.408     20.000
Planar groups                        8     0.001    0.027      0.020
VDW nonbonded                        2     0.132    0.659      0.200
VDW torsion                          4     0.199    0.994      0.200



====== CYCLE 29 ======

 weight = 1.0000e+00
 geom_x = 13.61559556018664
 geom_a = 0
 geom_q = 0
 geom_c = 0.0
f0= 1.3616e+01
using cgsolve in c++, ic=False
diag(geom) min= 709.067098 max= 15730.870240
diag(all) min= 709.067098 max= 15730.870240
Trying gamma equal 0.084000
Convergence reached after 22 iterations with no gamma cycles
min(dx) = -0.005839568886916354
max(dx) = 0.005446373803923718
mean(dx)= -7.589617950220965e-06
vdws = 23
atoms = 12
pairs = 52
 geom_x = 13.602885931241188
 geom_a = 0
 geom_q = 0
 geom_c = 0.0
f1, 0= 1.3603e+01
                          N restraints  r.m.s.d.  r.m.s.Z  Mn(sigma)
Bond distances, non H                5     0.011    0.642      0.016
Bond distances, H                    6     0.001    0.055      0.017
Bond angles, non H                   5     1.862    0.943      2.428
Bond angles, H                      13     0.811    0.309      2.077
Torsion angles, period 2             1     0.215    0.043      5.000
Torsion angles, period 6             1     8.617    0.431     20.000
Planar groups                        8     0.001    0.028      0.020
VDW nonbonded                        2     0.131    0.656      0.200
VDW torsion                          4     0.199    0.994      0.200



====== CYCLE 30 ======

 weight = 1.0000e+00
 geom_x = 13.602885931241188
 geom_a = 0
 geom_q = 0
 geom_c = 0.0
f0= 1.3603e+01
using cgsolve in c++, ic=False
diag(geom) min= 714.719933 max= 15730.698848
diag(all) min= 714.719933 max= 15730.698848
Trying gamma equal 0.084000
Convergence reached after 22 iterations with no gamma cycles
min(dx) = -0.006103068698234317
max(dx) = 0.0057283832057430095
mean(dx)= -5.100629398130406e-06
vdws = 23
atoms = 12
pairs = 52
 geom_x = 13.589077176437549
 geom_a = 0
 geom_q = 0
 geom_c = 0.0
f1, 0= 1.3589e+01
                          N restraints  r.m.s.d.  r.m.s.Z  Mn(sigma)
Bond distances, non H                5     0.011    0.641      0.016
Bond distances, H                    6     0.001    0.055      0.017
Bond angles, non H                   5     1.863    0.942      2.428
Bond angles, H                      13     0.810    0.309      2.077
Torsion angles, period 2             1     0.225    0.045      5.000
Torsion angles, period 6             1     9.103    0.455     20.000
Planar groups                        8     0.001    0.029      0.020
VDW nonbonded                        2     0.131    0.654      0.200
VDW torsion                          4     0.199    0.993      0.200


$TABLE: stats vs cycle :
$GRAPHS
: Geometry :A:1,2,4:
: Geometry Z :A:1,5,3:
$$
 Ncyc  rmsBOND  zBOND  rmsANGL  zANGL
$$
$$
    0   0.0107 0.6458   1.8188 0.9458
    1   0.0107 0.6457   1.8202 0.9461
    2   0.0107 0.6456   1.8214 0.9463
    3   0.0107 0.6454   1.8225 0.9465
    4   0.0107 0.6453   1.8235 0.9467
    5   0.0106 0.6451   1.8246 0.9469
    6   0.0106 0.6449   1.8256 0.9471
    7   0.0106 0.6447   1.8266 0.9473
    8   0.0106 0.6444   1.8276 0.9474
    9   0.0106 0.6445   1.8296 0.9477
   10   0.0106 0.6445   1.8318 0.9479
   11   0.0106 0.6445   1.8340 0.9481
   12   0.0106 0.6446   1.8361 0.9483
   13   0.0106 0.6446   1.8382 0.9484
   14   0.0106 0.6446   1.8403 0.9485
   15   0.0106 0.6446   1.8423 0.9486
   16   0.0106 0.6446   1.8443 0.9487
   17   0.0106 0.6446   1.8462 0.9487
   18   0.0106 0.6445   1.8480 0.9486
   19   0.0106 0.6444   1.8498 0.9485
   20   0.0106 0.6443   1.8515 0.9484
   21   0.0106 0.6442   1.8531 0.9482
   22   0.0106 0.6440   1.8547 0.9479
   23   0.0106 0.6438   1.8562 0.9475
   24   0.0106 0.6436   1.8575 0.9471
   25   0.0106 0.6433   1.8588 0.9466
   26   0.0106 0.6430   1.8599 0.9460
   27   0.0106 0.6427   1.8609 0.9452
   28   0.0106 0.6422   1.8618 0.9444
   29   0.0106 0.6418   1.8625 0.9434
   30   0.0106 0.6412   1.8630 0.9423
$$

Updated dictionary saved: CAA_MODEL_TMP/mol_1_conf_14_updated.cif
Refinement statistics saved: CAA_MODEL_TMP/mol_1_conf_14_stats.json

# Finished on 2026-06-14 11:38:48.636241

=========END OF PROCESS INFORMATION ==========
