
============ PROCESS INFORMATION =============
Upper bound for b 0.020000
low bound for b 0.010000
Upper bound for a 3.000000
low bound for a 1.500000
||=====================Job description====================================||
You will get an output cif file for a list of dictionary restraints
based on the input cif file
Your input cif file : cys-ibr_link_TMP/LIG_for_link_TMP/LIG_for_link_mol_0.cif
Your monomer name : LIG
The output dictionary file(cif) : cys-ibr_link_TMP/LIG_for_link_TMP/LIG_for_link_mol_0_cod.rst
||========================================================================||
workMode 11
Atom N1 is initially set to sp 3
its bondingIdx 3
Atom C2 is initially set to sp 3
its bondingIdx 3
Atom C3 is initially set to sp 2
its bondingIdx 2
Atom O4 is initially set to sp 2
its bondingIdx 2
Atom C5 is initially set to sp 3
its bondingIdx 3
Atom S6 is initially set to sp 3
its bondingIdx 3
Atom O7 is initially set to sp 2
its bondingIdx 2
Atom N14 is initially set to sp 2
its bondingIdx 2
Atom C15 is initially set to sp 2
its bondingIdx 2
Atom N16 is initially set to sp 2
its bondingIdx 2
Atom C17 is initially set to sp 2
its bondingIdx 2
Atom C18 is initially set to sp 2
its bondingIdx 2
Atom C19 is initially set to sp 2
its bondingIdx 2
Atom C20 is initially set to sp 2
its bondingIdx 2
Atom N21 is initially set to sp 3
its bondingIdx 3
Atom O22 is initially set to sp 2
its bondingIdx 2
Atom C23 is initially set to sp 2
its bondingIdx 2
Atom C24 is initially set to sp 2
its bondingIdx 2
Atom C25 is initially set to sp 2
its bondingIdx 2
Atom C26 is initially set to sp 2
its bondingIdx 2
Atom C27 is initially set to sp 2
its bondingIdx 2
Atom C28 is initially set to sp 2
its bondingIdx 2
Atom C29 is initially set to sp 2
its bondingIdx 2
Atom C30 is initially set to sp 2
its bondingIdx 2
Atom C31 is initially set to sp 2
its bondingIdx 2
Atom C32 is initially set to sp 2
its bondingIdx 2
Atom C33 is initially set to sp 3
its bondingIdx 3
Atom C34 is initially set to sp 3
its bondingIdx 3
Atom C35 is initially set to sp 3
its bondingIdx 3
Atom C36 is initially set to sp 3
its bondingIdx 3
Atom N37 is initially set to sp 2
its bondingIdx 2
Atom O38 is initially set to sp 3
its bondingIdx 3
Atom C39 is initially set to sp 2
its bondingIdx 2
Atom C40 is initially set to sp 2
its bondingIdx 2
Atom C41 is initially set to sp 2
its bondingIdx 2
Atom C42 is initially set to sp 2
its bondingIdx 2
Atom C43 is initially set to sp 2
its bondingIdx 2
Atom C44 is initially set to sp 3
its bondingIdx 3
Atom N45 is initially set to sp 3
its bondingIdx 3
Atom N46 is initially set to sp 3
its bondingIdx 3
Atom H8 is initially set to sp 0
its bondingIdx 0
Atom H9 is initially set to sp 0
its bondingIdx 0
Atom H10 is initially set to sp 0
its bondingIdx 0
Atom H11 is initially set to sp 0
its bondingIdx 0
Atom H12 is initially set to sp 0
its bondingIdx 0
Atom H13 is initially set to sp 0
its bondingIdx 0
Atom H47 is initially set to sp 0
its bondingIdx 0
Atom H48 is initially set to sp 0
its bondingIdx 0
Atom H49 is initially set to sp 0
its bondingIdx 0
Atom H50 is initially set to sp 0
its bondingIdx 0
Atom H51 is initially set to sp 0
its bondingIdx 0
Atom H52 is initially set to sp 0
its bondingIdx 0
Atom H53 is initially set to sp 0
its bondingIdx 0
Atom H54 is initially set to sp 0
its bondingIdx 0
Atom H55 is initially set to sp 0
its bondingIdx 0
Atom H56 is initially set to sp 0
its bondingIdx 0
Atom H57 is initially set to sp 0
its bondingIdx 0
Atom H58 is initially set to sp 0
its bondingIdx 0
Atom H59 is initially set to sp 0
its bondingIdx 0
Atom H60 is initially set to sp 0
its bondingIdx 0
Atom H61 is initially set to sp 0
its bondingIdx 0
Atom H62 is initially set to sp 0
its bondingIdx 0
Atom H63 is initially set to sp 0
its bondingIdx 0
Atom H64 is initially set to sp 0
its bondingIdx 0
Atom H65 is initially set to sp 0
its bondingIdx 0
Atom H66 is initially set to sp 0
its bondingIdx 0
Atom H67 is initially set to sp 0
its bondingIdx 0
Atom H68 is initially set to sp 0
its bondingIdx 0
Atom H69 is initially set to sp 0
its bondingIdx 0

Atom 0 : 
Its ID : N1
Its Chemical Type : N
Its CCP4 chemical type N
Its bonding index : 3
Its residue Name: LIG
Its formal charge 1
Its connected atoms are : 
C2
H8
H9
H10
The coords for the atom are : 
-8.3098
0.9618
2.1707

Atom 1 : 
Its ID : C2
Its Chemical Type : C
Its CCP4 chemical type C
Its bonding index : 3
Its residue Name: LIG
Its formal charge 0
Its connected atoms are : 
N1
C3
C5
H11
The coords for the atom are : 
-8.4101
0.9106
0.7058

Atom 2 : 
Its ID : C3
Its Chemical Type : C
Its CCP4 chemical type C
Its bonding index : 2
Its residue Name: LIG
Its formal charge 0
Its connected atoms are : 
C2
O4
O7
The coords for the atom are : 
-9.6824
0.2312
0.2677

Atom 3 : 
Its ID : O4
Its Chemical Type : O
Its CCP4 chemical type O
Its bonding index : 2
Its residue Name: LIG
Its formal charge 0
Its connected atoms are : 
C3
The coords for the atom are : 
-10.2518
0.591
-0.7962

Atom 4 : 
Its ID : C5
Its Chemical Type : C
Its CCP4 chemical type C
Its bonding index : 3
Its residue Name: LIG
Its formal charge 0
Its connected atoms are : 
C2
S6
H12
H13
The coords for the atom are : 
-7.1743
0.2402
0.0766

Atom 5 : 
Its ID : S6
Its Chemical Type : S
Its CCP4 chemical type S
Its bonding index : 2
Its residue Name: LIG
Its formal charge 0
Its connected atoms are : 
C5
C20
The coords for the atom are : 
-6.9934
-1.5107
0.5779

Atom 6 : 
Its ID : O7
Its Chemical Type : O
Its CCP4 chemical type O
Its bonding index : 2
Its residue Name: LIG
Its formal charge -1
Its connected atoms are : 
C3
The coords for the atom are : 
-10.2103
-0.8261
0.9998

Atom 7 : 
Its ID : N14
Its Chemical Type : N
Its CCP4 chemical type N
Its bonding index : 2
Its residue Name: LIG
Its formal charge 0
Its connected atoms are : 
C15
C19
The coords for the atom are : 
0.1802
-3.9764
0.0321

Atom 8 : 
Its ID : C15
Its Chemical Type : C
Its CCP4 chemical type C
Its bonding index : 2
Its residue Name: LIG
Its formal charge 0
Its connected atoms are : 
N14
N16
H47
The coords for the atom are : 
-0.8604
-3.5057
0.6752

Atom 9 : 
Its ID : N16
Its Chemical Type : N
Its CCP4 chemical type N
Its bonding index : 2
Its residue Name: LIG
Its formal charge 0
Its connected atoms are : 
C15
C17
The coords for the atom are : 
-0.995
-2.0875
0.9068

Atom 10 : 
Its ID : C17
Its Chemical Type : C
Its CCP4 chemical type C
Its bonding index : 2
Its residue Name: LIG
Its formal charge 0
Its connected atoms are : 
N16
N45
C18
The coords for the atom are : 
-0.0259
-1.3136
0.5295

Atom 11 : 
Its ID : C18
Its Chemical Type : C
Its CCP4 chemical type C
Its bonding index : 2
Its residue Name: LIG
Its formal charge 0
Its connected atoms are : 
C17
C19
C43
The coords for the atom are : 
1.1412
-1.805
-0.137

Atom 12 : 
Its ID : C19
Its Chemical Type : C
Its CCP4 chemical type C
Its bonding index : 2
Its residue Name: LIG
Its formal charge 0
Its connected atoms are : 
N14
C18
N21
The coords for the atom are : 
1.2305
-3.1059
-0.4461

Atom 13 : 
Its ID : C20
Its Chemical Type : C
Its CCP4 chemical type C
Its bonding index : 2
Its residue Name: LIG
Its formal charge 0
Its connected atoms are : 
C23
S6
H48
The coords for the atom are : 
-5.4228
-1.7138
-0.2735

Atom 14 : 
Its ID : N21
Its Chemical Type : N
Its CCP4 chemical type N
Its bonding index : 2
Its residue Name: LIG
Its formal charge 0
Its connected atoms are : 
C19
H49
H50
The coords for the atom are : 
2.2542
-3.6313
-1.2919

Atom 15 : 
Its ID : O22
Its Chemical Type : O
Its CCP4 chemical type O
Its bonding index : 2
Its residue Name: LIG
Its formal charge 0
Its connected atoms are : 
C39
The coords for the atom are : 
-4.8605
-1.2691
2.5558

Atom 16 : 
Its ID : C23
Its Chemical Type : C
Its CCP4 chemical type C
Its bonding index : 2
Its residue Name: LIG
Its formal charge 0
Its connected atoms are : 
C20
C39
H51
The coords for the atom are : 
-4.2314
-1.435
0.2703

Atom 17 : 
Its ID : C24
Its Chemical Type : C
Its CCP4 chemical type C
Its bonding index : 2
Its residue Name: LIG
Its formal charge 0
Its connected atoms are : 
C25
C26
H52
The coords for the atom are : 
9.1981
3.4785
-3.5656

Atom 18 : 
Its ID : C25
Its Chemical Type : C
Its CCP4 chemical type C
Its bonding index : 2
Its residue Name: LIG
Its formal charge 0
Its connected atoms are : 
C24
C27
H53
The coords for the atom are : 
9.5521
2.2933
-4.0765

Atom 19 : 
Its ID : C26
Its Chemical Type : C
Its CCP4 chemical type C
Its bonding index : 2
Its residue Name: LIG
Its formal charge 0
Its connected atoms are : 
C24
C28
H54
The coords for the atom are : 
8.135
3.5536
-2.5431

Atom 20 : 
Its ID : C27
Its Chemical Type : C
Its CCP4 chemical type C
Its bonding index : 2
Its residue Name: LIG
Its formal charge 0
Its connected atoms are : 
C25
C40
H55
The coords for the atom are : 
8.873
1.06
-3.626

Atom 21 : 
Its ID : C28
Its Chemical Type : C
Its CCP4 chemical type C
Its bonding index : 2
Its residue Name: LIG
Its formal charge 0
Its connected atoms are : 
C26
C40
H56
The coords for the atom are : 
7.516
2.4385
-2.1354

Atom 22 : 
Its ID : C29
Its Chemical Type : C
Its CCP4 chemical type C
Its bonding index : 2
Its residue Name: LIG
Its formal charge 0
Its connected atoms are : 
C31
C41
H57
The coords for the atom are : 
4.8764
0.7218
-2.364

Atom 23 : 
Its ID : C30
Its Chemical Type : C
Its CCP4 chemical type C
Its bonding index : 2
Its residue Name: LIG
Its formal charge 0
Its connected atoms are : 
C41
C32
H58
The coords for the atom are : 
5.6369
-1.1367
-0.9789

Atom 24 : 
Its ID : C31
Its Chemical Type : C
Its CCP4 chemical type C
Its bonding index : 2
Its residue Name: LIG
Its formal charge 0
Its connected atoms are : 
C29
C42
H59
The coords for the atom are : 
3.6189
0.583
-1.927

Atom 25 : 
Its ID : C32
Its Chemical Type : C
Its CCP4 chemical type C
Its bonding index : 2
Its residue Name: LIG
Its formal charge 0
Its connected atoms are : 
C30
C42
H60
The coords for the atom are : 
4.2513
-1.283
-0.4875

Atom 26 : 
Its ID : C33
Its Chemical Type : C
Its CCP4 chemical type C
Its bonding index : 3
Its residue Name: LIG
Its formal charge 0
Its connected atoms are : 
C35
C34
H61
H62
The coords for the atom are : 
-0.9283
-0.0386
3.5888

Atom 27 : 
Its ID : C34
Its Chemical Type : C
Its CCP4 chemical type C
Its bonding index : 3
Its residue Name: LIG
Its formal charge 0
Its connected atoms are : 
C33
C44
H63
H64
The coords for the atom are : 
-0.4034
1.1437
2.775

Atom 28 : 
Its ID : C35
Its Chemical Type : C
Its CCP4 chemical type C
Its bonding index : 3
Its residue Name: LIG
Its formal charge 0
Its connected atoms are : 
C33
N46
H65
H66
The coords for the atom are : 
-2.4438
-0.1737
3.4406

Atom 29 : 
Its ID : C36
Its Chemical Type : C
Its CCP4 chemical type C
Its bonding index : 3
Its residue Name: LIG
Its formal charge 0
Its connected atoms are : 
N46
C44
H67
H68
The coords for the atom are : 
-2.3251
0.8061
1.1165

Atom 30 : 
Its ID : N37
Its Chemical Type : N
Its CCP4 chemical type N
Its bonding index : 2
Its residue Name: LIG
Its formal charge 0
Its connected atoms are : 
N45
C43
The coords for the atom are : 
1.2442
0.4699
-0.0298

Atom 31 : 
Its ID : O38
Its Chemical Type : O
Its CCP4 chemical type O
Its bonding index : 2
Its residue Name: LIG
Its formal charge 0
Its connected atoms are : 
C41
C40
The coords for the atom are : 
7.2719
-0.0685
-2.3058

Atom 32 : 
Its ID : C39
Its Chemical Type : C
Its CCP4 chemical type C
Its bonding index : 2
Its residue Name: LIG
Its formal charge 0
Its connected atoms are : 
O22
C23
N46
The coords for the atom are : 
-4.0191
-0.9746
1.6632

Atom 33 : 
Its ID : C40
Its Chemical Type : C
Its CCP4 chemical type C
Its bonding index : 2
Its residue Name: LIG
Its formal charge 0
Its connected atoms are : 
C27
C28
O38
The coords for the atom are : 
7.8883
1.1206
-2.7173

Atom 34 : 
Its ID : C41
Its Chemical Type : C
Its CCP4 chemical type C
Its bonding index : 2
Its residue Name: LIG
Its formal charge 0
Its connected atoms are : 
C29
C30
O38
The coords for the atom are : 
5.9489
-0.1734
-1.8564

Atom 35 : 
Its ID : C42
Its Chemical Type : C
Its CCP4 chemical type C
Its bonding index : 2
Its residue Name: LIG
Its formal charge 0
Its connected atoms are : 
C31
C32
C43
The coords for the atom are : 
3.2789
-0.4783
-0.95

Atom 36 : 
Its ID : C43
Its Chemical Type : C
Its CCP4 chemical type C
Its bonding index : 2
Its residue Name: LIG
Its formal charge 0
Its connected atoms are : 
C18
N37
C42
The coords for the atom are : 
1.9016
-0.5799
-0.4367

Atom 37 : 
Its ID : C44
Its Chemical Type : C
Its CCP4 chemical type C
Its bonding index : 3
Its residue Name: LIG
Its formal charge 0
Its connected atoms are : 
C34
C36
N45
H69
The coords for the atom are : 
-0.8151
1.0635
1.2956

Atom 38 : 
Its ID : N45
Its Chemical Type : N
Its CCP4 chemical type N
Its bonding index : 2
Its residue Name: LIG
Its formal charge 0
Its connected atoms are : 
C17
N37
C44
The coords for the atom are : 
0.0179
0.1061
0.5552

Atom 39 : 
Its ID : N46
Its Chemical Type : N
Its CCP4 chemical type N
Its bonding index : 2
Its residue Name: LIG
Its formal charge 0
Its connected atoms are : 
C35
C36
C39
The coords for the atom are : 
-2.8297
-0.2388
2.0235

Atom 40 : 
Its ID : H8
Its Chemical Type : H
Its CCP4 chemical type H
Its bonding index : 0
Its residue Name: LIG
Its formal charge 0
Its connected atoms are : 
N1
The coords for the atom are : 
-7.4393
1.4713
2.4481

Atom 41 : 
Its ID : H9
Its Chemical Type : H
Its CCP4 chemical type H
Its bonding index : 0
Its residue Name: LIG
Its formal charge 0
Its connected atoms are : 
N1
The coords for the atom are : 
-9.13
1.4811
2.5606

Atom 42 : 
Its ID : H10
Its Chemical Type : H
Its CCP4 chemical type H
Its bonding index : 0
Its residue Name: LIG
Its formal charge 0
Its connected atoms are : 
N1
The coords for the atom are : 
-8.2884
0.0019
2.5844

Atom 43 : 
Its ID : H11
Its Chemical Type : H
Its CCP4 chemical type H
Its bonding index : 0
Its residue Name: LIG
Its formal charge 0
Its connected atoms are : 
C2
The coords for the atom are : 
-8.4409
1.9584
0.3287

Atom 44 : 
Its ID : H12
Its Chemical Type : H
Its CCP4 chemical type H
Its bonding index : 0
Its residue Name: LIG
Its formal charge 0
Its connected atoms are : 
C5
The coords for the atom are : 
-7.2519
0.291
-1.0313

Atom 45 : 
Its ID : H13
Its Chemical Type : H
Its CCP4 chemical type H
Its bonding index : 0
Its residue Name: LIG
Its formal charge 0
Its connected atoms are : 
C5
The coords for the atom are : 
-6.2656
0.8045
0.3793

Atom 46 : 
Its ID : H47
Its Chemical Type : H
Its CCP4 chemical type H
Its bonding index : 0
Its residue Name: LIG
Its formal charge 0
Its connected atoms are : 
C15
The coords for the atom are : 
-1.6345
-4.1804
1.0137

Atom 47 : 
Its ID : H48
Its Chemical Type : H
Its CCP4 chemical type H
Its bonding index : 0
Its residue Name: LIG
Its formal charge 0
Its connected atoms are : 
C20
The coords for the atom are : 
-5.4575
-2.045
-1.3035

Atom 48 : 
Its ID : H49
Its Chemical Type : H
Its CCP4 chemical type H
Its bonding index : 0
Its residue Name: LIG
Its formal charge 0
Its connected atoms are : 
N21
The coords for the atom are : 
2.8376
-3.0144
-1.8963

Atom 49 : 
Its ID : H50
Its Chemical Type : H
Its CCP4 chemical type H
Its bonding index : 0
Its residue Name: LIG
Its formal charge 0
Its connected atoms are : 
N21
The coords for the atom are : 
2.3257
-4.6631
-1.433

Atom 50 : 
Its ID : H51
Its Chemical Type : H
Its CCP4 chemical type H
Its bonding index : 0
Its residue Name: LIG
Its formal charge 0
Its connected atoms are : 
C23
The coords for the atom are : 
-3.3618
-1.5418
-0.3647

Atom 51 : 
Its ID : H52
Its Chemical Type : H
Its CCP4 chemical type H
Its bonding index : 0
Its residue Name: LIG
Its formal charge 0
Its connected atoms are : 
C24
The coords for the atom are : 
9.6946
4.3824
-3.894

Atom 52 : 
Its ID : H53
Its Chemical Type : H
Its CCP4 chemical type H
Its bonding index : 0
Its residue Name: LIG
Its formal charge 0
Its connected atoms are : 
C25
The coords for the atom are : 
10.3353
2.2348
-4.8212

Atom 53 : 
Its ID : H54
Its Chemical Type : H
Its CCP4 chemical type H
Its bonding index : 0
Its residue Name: LIG
Its formal charge 0
Its connected atoms are : 
C26
The coords for the atom are : 
7.8666
4.5112
-2.116

Atom 54 : 
Its ID : H55
Its Chemical Type : H
Its CCP4 chemical type H
Its bonding index : 0
Its residue Name: LIG
Its formal charge 0
Its connected atoms are : 
C27
The coords for the atom are : 
9.1694
0.1067
-4.045

Atom 55 : 
Its ID : H56
Its Chemical Type : H
Its CCP4 chemical type H
Its bonding index : 0
Its residue Name: LIG
Its formal charge 0
Its connected atoms are : 
C28
The coords for the atom are : 
6.76
2.5029
-1.3638

Atom 56 : 
Its ID : H57
Its Chemical Type : H
Its CCP4 chemical type H
Its bonding index : 0
Its residue Name: LIG
Its formal charge 0
Its connected atoms are : 
C29
The coords for the atom are : 
5.0998
1.4779
-3.1051

Atom 57 : 
Its ID : H58
Its Chemical Type : H
Its CCP4 chemical type H
Its bonding index : 0
Its residue Name: LIG
Its formal charge 0
Its connected atoms are : 
C30
The coords for the atom are : 
6.404
-1.8058
-0.6101

Atom 58 : 
Its ID : H59
Its Chemical Type : H
Its CCP4 chemical type H
Its bonding index : 0
Its residue Name: LIG
Its formal charge 0
Its connected atoms are : 
C31
The coords for the atom are : 
2.845
1.2387
-2.3067

Atom 59 : 
Its ID : H60
Its Chemical Type : H
Its CCP4 chemical type H
Its bonding index : 0
Its residue Name: LIG
Its formal charge 0
Its connected atoms are : 
C32
The coords for the atom are : 
4.0375
-2.0388
0.2583

Atom 60 : 
Its ID : H61
Its Chemical Type : H
Its CCP4 chemical type H
Its bonding index : 0
Its residue Name: LIG
Its formal charge 0
Its connected atoms are : 
C33
The coords for the atom are : 
-0.6806
0.1192
4.6606

Atom 61 : 
Its ID : H62
Its Chemical Type : H
Its CCP4 chemical type H
Its bonding index : 0
Its residue Name: LIG
Its formal charge 0
Its connected atoms are : 
C33
The coords for the atom are : 
-0.4291
-0.9764
3.2685

Atom 62 : 
Its ID : H63
Its Chemical Type : H
Its CCP4 chemical type H
Its bonding index : 0
Its residue Name: LIG
Its formal charge 0
Its connected atoms are : 
C34
The coords for the atom are : 
-0.8052
2.0848
3.2119

Atom 63 : 
Its ID : H64
Its Chemical Type : H
Its CCP4 chemical type H
Its bonding index : 0
Its residue Name: LIG
Its formal charge 0
Its connected atoms are : 
C34
The coords for the atom are : 
0.7045
1.1862
2.8562

Atom 64 : 
Its ID : H65
Its Chemical Type : H
Its CCP4 chemical type H
Its bonding index : 0
Its residue Name: LIG
Its formal charge 0
Its connected atoms are : 
C35
The coords for the atom are : 
-2.9489
0.6931
3.9202

Atom 65 : 
Its ID : H66
Its Chemical Type : H
Its CCP4 chemical type H
Its bonding index : 0
Its residue Name: LIG
Its formal charge 0
Its connected atoms are : 
C35
The coords for the atom are : 
-2.7575
-1.098
3.9735

Atom 66 : 
Its ID : H67
Its Chemical Type : H
Its CCP4 chemical type H
Its bonding index : 0
Its residue Name: LIG
Its formal charge 0
Its connected atoms are : 
C36
The coords for the atom are : 
-2.5175
0.5554
0.0531

Atom 67 : 
Its ID : H68
Its Chemical Type : H
Its CCP4 chemical type H
Its bonding index : 0
Its residue Name: LIG
Its formal charge 0
Its connected atoms are : 
C36
The coords for the atom are : 
-2.8768
1.7475
1.3309

Atom 68 : 
Its ID : H69
Its Chemical Type : H
Its CCP4 chemical type H
Its bonding index : 0
Its residue Name: LIG
Its formal charge 0
Its connected atoms are : 
C44
The coords for the atom are : 
-0.6175
2.0669
0.8563
For Bond : 0
It is in Residue: LIG
Its component atom1 N1
Its component atom2 C2
its order : SINGLE
For Bond : 1
It is in Residue: LIG
Its component atom1 C2
Its component atom2 C3
its order : SINGLE
For Bond : 2
It is in Residue: LIG
Its component atom1 C2
Its component atom2 C5
its order : SINGLE
For Bond : 3
It is in Residue: LIG
Its component atom1 C3
Its component atom2 O4
its order : DOUBLE
For Bond : 4
It is in Residue: LIG
Its component atom1 C3
Its component atom2 O7
its order : SINGLE
For Bond : 5
It is in Residue: LIG
Its component atom1 C5
Its component atom2 S6
its order : SINGLE
For Bond : 6
It is in Residue: LIG
Its component atom1 N14
Its component atom2 C15
its order : DOUBLE
For Bond : 7
It is in Residue: LIG
Its component atom1 N14
Its component atom2 C19
its order : SINGLE
For Bond : 8
It is in Residue: LIG
Its component atom1 C15
Its component atom2 N16
its order : SINGLE
For Bond : 9
It is in Residue: LIG
Its component atom1 N16
Its component atom2 C17
its order : DOUBLE
For Bond : 10
It is in Residue: LIG
Its component atom1 C17
Its component atom2 N45
its order : SINGLE
For Bond : 11
It is in Residue: LIG
Its component atom1 C17
Its component atom2 C18
its order : SINGLE
For Bond : 12
It is in Residue: LIG
Its component atom1 C18
Its component atom2 C19
its order : DOUBLE
For Bond : 13
It is in Residue: LIG
Its component atom1 C18
Its component atom2 C43
its order : SINGLE
For Bond : 14
It is in Residue: LIG
Its component atom1 C19
Its component atom2 N21
its order : SINGLE
For Bond : 15
It is in Residue: LIG
Its component atom1 C20
Its component atom2 C23
its order : DOUBLE
For Bond : 16
It is in Residue: LIG
Its component atom1 O22
Its component atom2 C39
its order : DOUBLE
For Bond : 17
It is in Residue: LIG
Its component atom1 C23
Its component atom2 C39
its order : SINGLE
For Bond : 18
It is in Residue: LIG
Its component atom1 C24
Its component atom2 C25
its order : DOUBLE
For Bond : 19
It is in Residue: LIG
Its component atom1 C24
Its component atom2 C26
its order : SINGLE
For Bond : 20
It is in Residue: LIG
Its component atom1 C25
Its component atom2 C27
its order : SINGLE
For Bond : 21
It is in Residue: LIG
Its component atom1 C26
Its component atom2 C28
its order : DOUBLE
For Bond : 22
It is in Residue: LIG
Its component atom1 C27
Its component atom2 C40
its order : DOUBLE
For Bond : 23
It is in Residue: LIG
Its component atom1 C28
Its component atom2 C40
its order : SINGLE
For Bond : 24
It is in Residue: LIG
Its component atom1 C29
Its component atom2 C31
its order : DOUBLE
For Bond : 25
It is in Residue: LIG
Its component atom1 C29
Its component atom2 C41
its order : SINGLE
For Bond : 26
It is in Residue: LIG
Its component atom1 C30
Its component atom2 C41
its order : DOUBLE
For Bond : 27
It is in Residue: LIG
Its component atom1 C30
Its component atom2 C32
its order : SINGLE
For Bond : 28
It is in Residue: LIG
Its component atom1 C31
Its component atom2 C42
its order : SINGLE
For Bond : 29
It is in Residue: LIG
Its component atom1 C32
Its component atom2 C42
its order : DOUBLE
For Bond : 30
It is in Residue: LIG
Its component atom1 C33
Its component atom2 C35
its order : SINGLE
For Bond : 31
It is in Residue: LIG
Its component atom1 C33
Its component atom2 C34
its order : SINGLE
For Bond : 32
It is in Residue: LIG
Its component atom1 C34
Its component atom2 C44
its order : SINGLE
For Bond : 33
It is in Residue: LIG
Its component atom1 C35
Its component atom2 N46
its order : SINGLE
For Bond : 34
It is in Residue: LIG
Its component atom1 C36
Its component atom2 N46
its order : SINGLE
For Bond : 35
It is in Residue: LIG
Its component atom1 C36
Its component atom2 C44
its order : SINGLE
For Bond : 36
It is in Residue: LIG
Its component atom1 N37
Its component atom2 N45
its order : SINGLE
For Bond : 37
It is in Residue: LIG
Its component atom1 N37
Its component atom2 C43
its order : DOUBLE
For Bond : 38
It is in Residue: LIG
Its component atom1 O38
Its component atom2 C41
its order : SINGLE
For Bond : 39
It is in Residue: LIG
Its component atom1 O38
Its component atom2 C40
its order : SINGLE
For Bond : 40
It is in Residue: LIG
Its component atom1 C39
Its component atom2 N46
its order : SINGLE
For Bond : 41
It is in Residue: LIG
Its component atom1 C42
Its component atom2 C43
its order : SINGLE
For Bond : 42
It is in Residue: LIG
Its component atom1 C44
Its component atom2 N45
its order : SINGLE
For Bond : 43
It is in Residue: LIG
Its component atom1 S6
Its component atom2 C20
its order : SINGLE
For Bond : 44
It is in Residue: LIG
Its component atom1 N1
Its component atom2 H8
its order : SINGLE
For Bond : 45
It is in Residue: LIG
Its component atom1 N1
Its component atom2 H9
its order : SINGLE
For Bond : 46
It is in Residue: LIG
Its component atom1 N1
Its component atom2 H10
its order : SINGLE
For Bond : 47
It is in Residue: LIG
Its component atom1 C2
Its component atom2 H11
its order : SINGLE
For Bond : 48
It is in Residue: LIG
Its component atom1 C5
Its component atom2 H12
its order : SINGLE
For Bond : 49
It is in Residue: LIG
Its component atom1 C5
Its component atom2 H13
its order : SINGLE
For Bond : 50
It is in Residue: LIG
Its component atom1 C15
Its component atom2 H47
its order : SINGLE
For Bond : 51
It is in Residue: LIG
Its component atom1 C20
Its component atom2 H48
its order : SINGLE
For Bond : 52
It is in Residue: LIG
Its component atom1 N21
Its component atom2 H49
its order : SINGLE
For Bond : 53
It is in Residue: LIG
Its component atom1 N21
Its component atom2 H50
its order : SINGLE
For Bond : 54
It is in Residue: LIG
Its component atom1 C23
Its component atom2 H51
its order : SINGLE
For Bond : 55
It is in Residue: LIG
Its component atom1 C24
Its component atom2 H52
its order : SINGLE
For Bond : 56
It is in Residue: LIG
Its component atom1 C25
Its component atom2 H53
its order : SINGLE
For Bond : 57
It is in Residue: LIG
Its component atom1 C26
Its component atom2 H54
its order : SINGLE
For Bond : 58
It is in Residue: LIG
Its component atom1 C27
Its component atom2 H55
its order : SINGLE
For Bond : 59
It is in Residue: LIG
Its component atom1 C28
Its component atom2 H56
its order : SINGLE
For Bond : 60
It is in Residue: LIG
Its component atom1 C29
Its component atom2 H57
its order : SINGLE
For Bond : 61
It is in Residue: LIG
Its component atom1 C30
Its component atom2 H58
its order : SINGLE
For Bond : 62
It is in Residue: LIG
Its component atom1 C31
Its component atom2 H59
its order : SINGLE
For Bond : 63
It is in Residue: LIG
Its component atom1 C32
Its component atom2 H60
its order : SINGLE
For Bond : 64
It is in Residue: LIG
Its component atom1 C33
Its component atom2 H61
its order : SINGLE
For Bond : 65
It is in Residue: LIG
Its component atom1 C33
Its component atom2 H62
its order : SINGLE
For Bond : 66
It is in Residue: LIG
Its component atom1 C34
Its component atom2 H63
its order : SINGLE
For Bond : 67
It is in Residue: LIG
Its component atom1 C34
Its component atom2 H64
its order : SINGLE
For Bond : 68
It is in Residue: LIG
Its component atom1 C35
Its component atom2 H65
its order : SINGLE
For Bond : 69
It is in Residue: LIG
Its component atom1 C35
Its component atom2 H66
its order : SINGLE
For Bond : 70
It is in Residue: LIG
Its component atom1 C36
Its component atom2 H67
its order : SINGLE
For Bond : 71
It is in Residue: LIG
Its component atom1 C36
Its component atom2 H68
its order : SINGLE
For Bond : 72
It is in Residue: LIG
Its component atom1 C44
Its component atom2 H69
its order : SINGLE
Atom N1 is initially set to sp 3
its bondingIdx 3
Atom C2 is initially set to sp 3
its bondingIdx 3
Atom C3 is initially set to sp 2
its bondingIdx 2
Atom O4 is initially set to sp 2
its bondingIdx 2
Atom C5 is initially set to sp 3
its bondingIdx 3
Atom S6 is initially set to sp 3
its bondingIdx 3
Atom O7 is initially set to sp 2
its bondingIdx 2
Atom N14 is initially set to sp 2
its bondingIdx 2
Atom C15 is initially set to sp 2
its bondingIdx 2
Atom N16 is initially set to sp 2
its bondingIdx 2
Atom C17 is initially set to sp 2
its bondingIdx 2
Atom C18 is initially set to sp 2
its bondingIdx 2
Atom C19 is initially set to sp 2
its bondingIdx 2
Atom C20 is initially set to sp 2
its bondingIdx 2
Atom N21 is initially set to sp 3
its bondingIdx 3
Atom O22 is initially set to sp 2
its bondingIdx 2
Atom C23 is initially set to sp 2
its bondingIdx 2
Atom C24 is initially set to sp 2
its bondingIdx 2
Atom C25 is initially set to sp 2
its bondingIdx 2
Atom C26 is initially set to sp 2
its bondingIdx 2
Atom C27 is initially set to sp 2
its bondingIdx 2
Atom C28 is initially set to sp 2
its bondingIdx 2
Atom C29 is initially set to sp 2
its bondingIdx 2
Atom C30 is initially set to sp 2
its bondingIdx 2
Atom C31 is initially set to sp 2
its bondingIdx 2
Atom C32 is initially set to sp 2
its bondingIdx 2
Atom C33 is initially set to sp 3
its bondingIdx 3
Atom C34 is initially set to sp 3
its bondingIdx 3
Atom C35 is initially set to sp 3
its bondingIdx 3
Atom C36 is initially set to sp 3
its bondingIdx 3
Atom N37 is initially set to sp 2
its bondingIdx 2
Atom O38 is initially set to sp 3
its bondingIdx 3
Atom C39 is initially set to sp 2
its bondingIdx 2
Atom C40 is initially set to sp 2
its bondingIdx 2
Atom C41 is initially set to sp 2
its bondingIdx 2
Atom C42 is initially set to sp 2
its bondingIdx 2
Atom C43 is initially set to sp 2
its bondingIdx 2
Atom C44 is initially set to sp 3
its bondingIdx 3
Atom N45 is initially set to sp 3
its bondingIdx 3
Atom N46 is initially set to sp 3
its bondingIdx 3
Atom H8 is initially set to sp 0
its bondingIdx 0
Atom H9 is initially set to sp 0
its bondingIdx 0
Atom H10 is initially set to sp 0
its bondingIdx 0
Atom H11 is initially set to sp 0
its bondingIdx 0
Atom H12 is initially set to sp 0
its bondingIdx 0
Atom H13 is initially set to sp 0
its bondingIdx 0
Atom H47 is initially set to sp 0
its bondingIdx 0
Atom H48 is initially set to sp 0
its bondingIdx 0
Atom H49 is initially set to sp 0
its bondingIdx 0
Atom H50 is initially set to sp 0
its bondingIdx 0
Atom H51 is initially set to sp 0
its bondingIdx 0
Atom H52 is initially set to sp 0
its bondingIdx 0
Atom H53 is initially set to sp 0
its bondingIdx 0
Atom H54 is initially set to sp 0
its bondingIdx 0
Atom H55 is initially set to sp 0
its bondingIdx 0
Atom H56 is initially set to sp 0
its bondingIdx 0
Atom H57 is initially set to sp 0
its bondingIdx 0
Atom H58 is initially set to sp 0
its bondingIdx 0
Atom H59 is initially set to sp 0
its bondingIdx 0
Atom H60 is initially set to sp 0
its bondingIdx 0
Atom H61 is initially set to sp 0
its bondingIdx 0
Atom H62 is initially set to sp 0
its bondingIdx 0
Atom H63 is initially set to sp 0
its bondingIdx 0
Atom H64 is initially set to sp 0
its bondingIdx 0
Atom H65 is initially set to sp 0
its bondingIdx 0
Atom H66 is initially set to sp 0
its bondingIdx 0
Atom H67 is initially set to sp 0
its bondingIdx 0
Atom H68 is initially set to sp 0
its bondingIdx 0
Atom H69 is initially set to sp 0
its bondingIdx 0
There are 5 rings 
These are: 
Ring C15C17C18C19N14N16.
Ring size:  6
Atom N14
Atom C15
Atom N16
Atom C17
Atom C18
Atom C19
Ring C17C18C43N37N45.
Ring size:  5
Atom C17
Atom C18
Atom N37
Atom C43
Atom N45
Ring C24C25C26C27C28C40.
Ring size:  6
Atom C24
Atom C25
Atom C26
Atom C27
Atom C28
Atom C40
Ring C29C30C31C32C41C42.
Ring size:  6
Atom C29
Atom C30
Atom C31
Atom C32
Atom C41
Atom C42
Ring C33C34C35C36C44N46.
Ring size:  6
Atom C33
Atom C34
Atom C35
Atom C36
Atom C44
Atom N46
All torsions have been setup 
Torsion angle 0
Its atoms are : 
atom N16
atom C15
atom N14
atom C19
Torsion angle 1
Its atoms are : 
atom H47
atom C15
atom N14
atom C19
Torsion angle 2
Its atoms are : 
atom N14
atom C15
atom N16
atom C17
Torsion angle 3
Its atoms are : 
atom H47
atom C15
atom N16
atom C17
Torsion angle 4
Its atoms are : 
atom C18
atom C17
atom N16
atom C15
Torsion angle 5
Its atoms are : 
atom N45
atom C17
atom N16
atom C15
Torsion angle 6
Its atoms are : 
atom N16
atom C17
atom C18
atom C19
Torsion angle 7
Its atoms are : 
atom N16
atom C17
atom C18
atom C43
Torsion angle 8
Its atoms are : 
atom N45
atom C17
atom C18
atom C19
Torsion angle 9
Its atoms are : 
atom N45
atom C17
atom C18
atom C43
Torsion angle 10
Its atoms are : 
atom C17
atom C18
atom C19
atom N14
Torsion angle 11
Its atoms are : 
atom C17
atom C18
atom C19
atom N21
Torsion angle 12
Its atoms are : 
atom C43
atom C18
atom C19
atom N14
Torsion angle 13
Its atoms are : 
atom C43
atom C18
atom C19
atom N21
Torsion angle 14
Its atoms are : 
atom C18
atom C17
atom N45
atom N37
Torsion angle 15
Its atoms are : 
atom C18
atom C17
atom N45
atom C44
Torsion angle 16
Its atoms are : 
atom N16
atom C17
atom N45
atom N37
Torsion angle 17
Its atoms are : 
atom N16
atom C17
atom N45
atom C44
Torsion angle 18
Its atoms are : 
atom C43
atom N37
atom N45
atom C17
Torsion angle 19
Its atoms are : 
atom C43
atom N37
atom N45
atom C44
Torsion angle 20
Its atoms are : 
atom C18
atom C43
atom N37
atom N45
Torsion angle 21
Its atoms are : 
atom C42
atom C43
atom N37
atom N45
Torsion angle 22
Its atoms are : 
atom C17
atom C18
atom C43
atom N37
Torsion angle 23
Its atoms are : 
atom C17
atom C18
atom C43
atom C42
Torsion angle 24
Its atoms are : 
atom C19
atom C18
atom C43
atom N37
Torsion angle 25
Its atoms are : 
atom C19
atom C18
atom C43
atom C42
Torsion angle 26
Its atoms are : 
atom C26
atom C24
atom C25
atom C27
Torsion angle 27
Its atoms are : 
atom C26
atom C24
atom C25
atom H53
Torsion angle 28
Its atoms are : 
atom H52
atom C24
atom C25
atom C27
Torsion angle 29
Its atoms are : 
atom H52
atom C24
atom C25
atom H53
Torsion angle 30
Its atoms are : 
atom C24
atom C25
atom C27
atom C40
Torsion angle 31
Its atoms are : 
atom C24
atom C25
atom C27
atom H55
Torsion angle 32
Its atoms are : 
atom H53
atom C25
atom C27
atom C40
Torsion angle 33
Its atoms are : 
atom H53
atom C25
atom C27
atom H55
Torsion angle 34
Its atoms are : 
atom C25
atom C27
atom C40
atom C28
Torsion angle 35
Its atoms are : 
atom C25
atom C27
atom C40
atom O38
Torsion angle 36
Its atoms are : 
atom H55
atom C27
atom C40
atom C28
Torsion angle 37
Its atoms are : 
atom H55
atom C27
atom C40
atom O38
Torsion angle 38
Its atoms are : 
atom C26
atom C28
atom C40
atom C27
Torsion angle 39
Its atoms are : 
atom C26
atom C28
atom C40
atom O38
Torsion angle 40
Its atoms are : 
atom H56
atom C28
atom C40
atom C27
Torsion angle 41
Its atoms are : 
atom H56
atom C28
atom C40
atom O38
Torsion angle 42
Its atoms are : 
atom C24
atom C26
atom C28
atom C40
Torsion angle 43
Its atoms are : 
atom C24
atom C26
atom C28
atom H56
Torsion angle 44
Its atoms are : 
atom H54
atom C26
atom C28
atom C40
Torsion angle 45
Its atoms are : 
atom H54
atom C26
atom C28
atom H56
Torsion angle 46
Its atoms are : 
atom C41
atom C29
atom C31
atom C42
Torsion angle 47
Its atoms are : 
atom C41
atom C29
atom C31
atom H59
Torsion angle 48
Its atoms are : 
atom H57
atom C29
atom C31
atom C42
Torsion angle 49
Its atoms are : 
atom H57
atom C29
atom C31
atom H59
Torsion angle 50
Its atoms are : 
atom C29
atom C31
atom C42
atom C32
Torsion angle 51
Its atoms are : 
atom C29
atom C31
atom C42
atom C43
Torsion angle 52
Its atoms are : 
atom H59
atom C31
atom C42
atom C32
Torsion angle 53
Its atoms are : 
atom H59
atom C31
atom C42
atom C43
Torsion angle 54
Its atoms are : 
atom C30
atom C32
atom C42
atom C31
Torsion angle 55
Its atoms are : 
atom C30
atom C32
atom C42
atom C43
Torsion angle 56
Its atoms are : 
atom H60
atom C32
atom C42
atom C31
Torsion angle 57
Its atoms are : 
atom H60
atom C32
atom C42
atom C43
Torsion angle 58
Its atoms are : 
atom C41
atom C30
atom C32
atom C42
Torsion angle 59
Its atoms are : 
atom C41
atom C30
atom C32
atom H60
Torsion angle 60
Its atoms are : 
atom H58
atom C30
atom C32
atom C42
Torsion angle 61
Its atoms are : 
atom H58
atom C30
atom C32
atom H60
Torsion angle 62
Its atoms are : 
atom C32
atom C30
atom C41
atom C29
Torsion angle 63
Its atoms are : 
atom C32
atom C30
atom C41
atom O38
Torsion angle 64
Its atoms are : 
atom H58
atom C30
atom C41
atom C29
Torsion angle 65
Its atoms are : 
atom H58
atom C30
atom C41
atom O38
Torsion angle 66
Its atoms are : 
atom C34
atom C33
atom C35
atom N46
Torsion angle 67
Its atoms are : 
atom C34
atom C33
atom C35
atom H65
Torsion angle 68
Its atoms are : 
atom C34
atom C33
atom C35
atom H66
Torsion angle 69
Its atoms are : 
atom H61
atom C33
atom C35
atom N46
Torsion angle 70
Its atoms are : 
atom H61
atom C33
atom C35
atom H65
Torsion angle 71
Its atoms are : 
atom H61
atom C33
atom C35
atom H66
Torsion angle 72
Its atoms are : 
atom H62
atom C33
atom C35
atom N46
Torsion angle 73
Its atoms are : 
atom H62
atom C33
atom C35
atom H65
Torsion angle 74
Its atoms are : 
atom H62
atom C33
atom C35
atom H66
Torsion angle 75
Its atoms are : 
atom C36
atom N46
atom C35
atom C33
Torsion angle 76
Its atoms are : 
atom C36
atom N46
atom C35
atom H65
Torsion angle 77
Its atoms are : 
atom C36
atom N46
atom C35
atom H66
Torsion angle 78
Its atoms are : 
atom C39
atom N46
atom C35
atom C33
Torsion angle 79
Its atoms are : 
atom C39
atom N46
atom C35
atom H65
Torsion angle 80
Its atoms are : 
atom C39
atom N46
atom C35
atom H66
Torsion angle 81
Its atoms are : 
atom C35
atom N46
atom C36
atom C44
Torsion angle 82
Its atoms are : 
atom C35
atom N46
atom C36
atom H67
Torsion angle 83
Its atoms are : 
atom C35
atom N46
atom C36
atom H68
Torsion angle 84
Its atoms are : 
atom C39
atom N46
atom C36
atom C44
Torsion angle 85
Its atoms are : 
atom C39
atom N46
atom C36
atom H67
Torsion angle 86
Its atoms are : 
atom C39
atom N46
atom C36
atom H68
Torsion angle 87
Its atoms are : 
atom N46
atom C36
atom C44
atom C34
Torsion angle 88
Its atoms are : 
atom N46
atom C36
atom C44
atom N45
Torsion angle 89
Its atoms are : 
atom N46
atom C36
atom C44
atom H69
Torsion angle 90
Its atoms are : 
atom H67
atom C36
atom C44
atom C34
Torsion angle 91
Its atoms are : 
atom H67
atom C36
atom C44
atom N45
Torsion angle 92
Its atoms are : 
atom H67
atom C36
atom C44
atom H69
Torsion angle 93
Its atoms are : 
atom H68
atom C36
atom C44
atom C34
Torsion angle 94
Its atoms are : 
atom H68
atom C36
atom C44
atom N45
Torsion angle 95
Its atoms are : 
atom H68
atom C36
atom C44
atom H69
Torsion angle 96
Its atoms are : 
atom C33
atom C34
atom C44
atom C36
Torsion angle 97
Its atoms are : 
atom C33
atom C34
atom C44
atom N45
Torsion angle 98
Its atoms are : 
atom C33
atom C34
atom C44
atom H69
Torsion angle 99
Its atoms are : 
atom H63
atom C34
atom C44
atom C36
Torsion angle 100
Its atoms are : 
atom H63
atom C34
atom C44
atom N45
Torsion angle 101
Its atoms are : 
atom H63
atom C34
atom C44
atom H69
Torsion angle 102
Its atoms are : 
atom H64
atom C34
atom C44
atom C36
Torsion angle 103
Its atoms are : 
atom H64
atom C34
atom C44
atom N45
Torsion angle 104
Its atoms are : 
atom H64
atom C34
atom C44
atom H69
Torsion angle 105
Its atoms are : 
atom C3
atom C2
atom N1
atom H8
Torsion angle 106
Its atoms are : 
atom C3
atom C2
atom N1
atom H9
Torsion angle 107
Its atoms are : 
atom C3
atom C2
atom N1
atom H10
Torsion angle 108
Its atoms are : 
atom C5
atom C2
atom N1
atom H8
Torsion angle 109
Its atoms are : 
atom C5
atom C2
atom N1
atom H9
Torsion angle 110
Its atoms are : 
atom C5
atom C2
atom N1
atom H10
Torsion angle 111
Its atoms are : 
atom H11
atom C2
atom N1
atom H8
Torsion angle 112
Its atoms are : 
atom H11
atom C2
atom N1
atom H9
Torsion angle 113
Its atoms are : 
atom H11
atom C2
atom N1
atom H10
Torsion angle 114
Its atoms are : 
atom O4
atom C3
atom C2
atom N1
Torsion angle 115
Its atoms are : 
atom O4
atom C3
atom C2
atom C5
Torsion angle 116
Its atoms are : 
atom O4
atom C3
atom C2
atom H11
Torsion angle 117
Its atoms are : 
atom O7
atom C3
atom C2
atom N1
Torsion angle 118
Its atoms are : 
atom O7
atom C3
atom C2
atom C5
Torsion angle 119
Its atoms are : 
atom O7
atom C3
atom C2
atom H11
Torsion angle 120
Its atoms are : 
atom N1
atom C2
atom C5
atom S6
Torsion angle 121
Its atoms are : 
atom N1
atom C2
atom C5
atom H12
Torsion angle 122
Its atoms are : 
atom N1
atom C2
atom C5
atom H13
Torsion angle 123
Its atoms are : 
atom C3
atom C2
atom C5
atom S6
Torsion angle 124
Its atoms are : 
atom C3
atom C2
atom C5
atom H12
Torsion angle 125
Its atoms are : 
atom C3
atom C2
atom C5
atom H13
Torsion angle 126
Its atoms are : 
atom H11
atom C2
atom C5
atom S6
Torsion angle 127
Its atoms are : 
atom H11
atom C2
atom C5
atom H12
Torsion angle 128
Its atoms are : 
atom H11
atom C2
atom C5
atom H13
Torsion angle 129
Its atoms are : 
atom C2
atom C5
atom S6
atom C20
Torsion angle 130
Its atoms are : 
atom H12
atom C5
atom S6
atom C20
Torsion angle 131
Its atoms are : 
atom H13
atom C5
atom S6
atom C20
Torsion angle 132
Its atoms are : 
atom C18
atom C19
atom N14
atom C15
Torsion angle 133
Its atoms are : 
atom N21
atom C19
atom N14
atom C15
Torsion angle 134
Its atoms are : 
atom C18
atom C19
atom N21
atom H49
Torsion angle 135
Its atoms are : 
atom C18
atom C19
atom N21
atom H50
Torsion angle 136
Its atoms are : 
atom N14
atom C19
atom N21
atom H49
Torsion angle 137
Its atoms are : 
atom N14
atom C19
atom N21
atom H50
Torsion angle 138
Its atoms are : 
atom S6
atom C20
atom C23
atom C39
Torsion angle 139
Its atoms are : 
atom S6
atom C20
atom C23
atom H51
Torsion angle 140
Its atoms are : 
atom H48
atom C20
atom C23
atom C39
Torsion angle 141
Its atoms are : 
atom H48
atom C20
atom C23
atom H51
Torsion angle 142
Its atoms are : 
atom C20
atom C23
atom C39
atom N46
Torsion angle 143
Its atoms are : 
atom C20
atom C23
atom C39
atom O22
Torsion angle 144
Its atoms are : 
atom H51
atom C23
atom C39
atom N46
Torsion angle 145
Its atoms are : 
atom H51
atom C23
atom C39
atom O22
Torsion angle 146
Its atoms are : 
atom C25
atom C24
atom C26
atom C28
Torsion angle 147
Its atoms are : 
atom C25
atom C24
atom C26
atom H54
Torsion angle 148
Its atoms are : 
atom H52
atom C24
atom C26
atom C28
Torsion angle 149
Its atoms are : 
atom H52
atom C24
atom C26
atom H54
Torsion angle 150
Its atoms are : 
atom C31
atom C29
atom C41
atom C30
Torsion angle 151
Its atoms are : 
atom C31
atom C29
atom C41
atom O38
Torsion angle 152
Its atoms are : 
atom H57
atom C29
atom C41
atom C30
Torsion angle 153
Its atoms are : 
atom H57
atom C29
atom C41
atom O38
Torsion angle 154
Its atoms are : 
atom C35
atom C33
atom C34
atom C44
Torsion angle 155
Its atoms are : 
atom C35
atom C33
atom C34
atom H63
Torsion angle 156
Its atoms are : 
atom C35
atom C33
atom C34
atom H64
Torsion angle 157
Its atoms are : 
atom H61
atom C33
atom C34
atom C44
Torsion angle 158
Its atoms are : 
atom H61
atom C33
atom C34
atom H63
Torsion angle 159
Its atoms are : 
atom H61
atom C33
atom C34
atom H64
Torsion angle 160
Its atoms are : 
atom H62
atom C33
atom C34
atom C44
Torsion angle 161
Its atoms are : 
atom H62
atom C33
atom C34
atom H63
Torsion angle 162
Its atoms are : 
atom H62
atom C33
atom C34
atom H64
Torsion angle 163
Its atoms are : 
atom C29
atom C41
atom O38
atom C40
Torsion angle 164
Its atoms are : 
atom C30
atom C41
atom O38
atom C40
Torsion angle 165
Its atoms are : 
atom C27
atom C40
atom O38
atom C41
Torsion angle 166
Its atoms are : 
atom C28
atom C40
atom O38
atom C41
Torsion angle 167
Its atoms are : 
atom C23
atom C39
atom N46
atom C35
Torsion angle 168
Its atoms are : 
atom C23
atom C39
atom N46
atom C36
Torsion angle 169
Its atoms are : 
atom O22
atom C39
atom N46
atom C35
Torsion angle 170
Its atoms are : 
atom O22
atom C39
atom N46
atom C36
Torsion angle 171
Its atoms are : 
atom C31
atom C42
atom C43
atom C18
Torsion angle 172
Its atoms are : 
atom C31
atom C42
atom C43
atom N37
Torsion angle 173
Its atoms are : 
atom C32
atom C42
atom C43
atom C18
Torsion angle 174
Its atoms are : 
atom C32
atom C42
atom C43
atom N37
Torsion angle 175
Its atoms are : 
atom C17
atom N45
atom C44
atom C34
Torsion angle 176
Its atoms are : 
atom C17
atom N45
atom C44
atom C36
Torsion angle 177
Its atoms are : 
atom C17
atom N45
atom C44
atom H69
Torsion angle 178
Its atoms are : 
atom N37
atom N45
atom C44
atom C34
Torsion angle 179
Its atoms are : 
atom N37
atom N45
atom C44
atom C36
Torsion angle 180
Its atoms are : 
atom N37
atom N45
atom C44
atom H69
Torsion angle 181
Its atoms are : 
atom C23
atom C20
atom S6
atom C5
Torsion angle 182
Its atoms are : 
atom H48
atom C20
atom S6
atom C5
lUsingRefCoords=97

1. Check aromaticity for individual ring 
Ring C15C17C18C19N14N16
is Planar 1
One Planar Ring! It contains 6 atoms. 
1 It is an aromatic ring 
It is an aromaticP ring 
Finally, Is the ring aromatic ? 1
Finally, Is the ring aromaticP ? 1
Ring C17C18C43N37N45
is Planar 1
One Planar Ring! It contains 5 atoms. 
1 It is an aromatic ring 
It is an aromaticP ring 
Finally, Is the ring aromatic ? 1
Finally, Is the ring aromaticP ? 1
Ring C24C25C26C27C28C40
is Planar 1
One Planar Ring! It contains 6 atoms. 
1 It is an aromatic ring 
It is an aromaticP ring 
Finally, Is the ring aromatic ? 1
Finally, Is the ring aromaticP ? 1
Ring C29C30C31C32C41C42
is Planar 1
One Planar Ring! It contains 6 atoms. 
1 It is an aromatic ring 
It is an aromaticP ring 
Finally, Is the ring aromatic ? 1
Finally, Is the ring aromaticP ? 1
Ring C33C34C35C36C44N46
is Planar 0
Ring with sp3 atom 0
Is it a planar ring 0
Finally, Is the ring aromatic ? 0
Finally, Is the ring aromaticP ? 0
1. Ring C15C17C18C19N14N16
Arom 1
1. Ring C17C18C43N37N45
Arom 1
1. Ring C24C25C26C27C28C40
Arom 1
1. Ring C29C30C31C32C41C42
Arom 1
1. Ring C33C34C35C36C44N46
Arom 0
Ring C15C17C18C19N14N16
A: Is planar 1
those are connected : 
C15C17C18C19N14N16
C17C18C43N37N45
Ring C17C18C43N37N45
A: Is planar 1
Ring C24C25C26C27C28C40
A: Is planar 1
those are connected : 
C24C25C26C27C28C40
Ring C29C30C31C32C41C42
A: Is planar 1
those are connected : 
C29C30C31C32C41C42
Ring C33C34C35C36C44N46
A: Is planar 0
2. Ring C15C17C18C19N14N16
Arom 1
2. Ring C17C18C43N37N45
Arom 1
2. Ring C24C25C26C27C28C40
Arom 1
2. Ring C29C30C31C32C41C42
Arom 1
2. Ring C33C34C35C36C44N46
Arom 0
Add planes from C15C17C18C19N14N16
Add planes from C17C18C43N37N45
Add planes from C24C25C26C27C28C40
Add planes from C29C30C31C32C41C42
3. Ring C15C17C18C19N14N16
Arom 1
3. Ring C17C18C43N37N45
Arom 1
3. Ring C24C25C26C27C28C40
Arom 1
3. Ring C29C30C31C32C41C42
Arom 1
3. Ring C33C34C35C36C44N46
Arom 0
There are 10 planes. They are 
Confirm : Ring C15C17C18C19N14N16
aromatic 1
Atom N14 add a ring sign 6a
Atom C15 add a ring sign 6a
Atom N16 add a ring sign 6a
Atom C17 add a ring sign 6a
Atom C18 add a ring sign 6a
Atom C19 add a ring sign 6a
Confirm : Ring C17C18C43N37N45
aromatic 1
Atom C17 add a ring sign 5a
Atom C18 add a ring sign 5a
Atom N37 add a ring sign 5a
Atom C43 add a ring sign 5a
Atom N45 add a ring sign 5a
Confirm : Ring C24C25C26C27C28C40
aromatic 1
Atom C24 add a ring sign 6a
Atom C25 add a ring sign 6a
Atom C26 add a ring sign 6a
Atom C27 add a ring sign 6a
Atom C28 add a ring sign 6a
Atom C40 add a ring sign 6a
Confirm : Ring C29C30C31C32C41C42
aromatic 1
Atom C29 add a ring sign 6a
Atom C30 add a ring sign 6a
Atom C31 add a ring sign 6a
Atom C32 add a ring sign 6a
Atom C41 add a ring sign 6a
Atom C42 add a ring sign 6a
Confirm : Ring C33C34C35C36C44N46
aromatic 0
Atom C33 add a ring sign 6
Atom C34 add a ring sign 6
Atom C35 add a ring sign 6
Atom C36 add a ring sign 6
Atom C44 add a ring sign 6
Atom N46 add a ring sign 6
Set sp again 
Atom N1 is initially set to sp 3
its bondingIdx 3
Atom C2 is initially set to sp 3
its bondingIdx 3
Atom C3 is initially set to sp 2
its bondingIdx 2
Atom O4 is initially set to sp 2
its bondingIdx 2
Atom C5 is initially set to sp 3
its bondingIdx 3
Atom S6 is initially set to sp 3
its bondingIdx 3
Atom O7 is initially set to sp 2
its bondingIdx 2
Atom N14 is initially set to sp 2
its bondingIdx 2
Atom C15 is initially set to sp 2
its bondingIdx 2
Atom N16 is initially set to sp 2
its bondingIdx 2
Atom C17 is initially set to sp 2
its bondingIdx 2
Atom C18 is initially set to sp 2
its bondingIdx 2
Atom C19 is initially set to sp 2
its bondingIdx 2
Atom C20 is initially set to sp 2
its bondingIdx 2
Atom N21 is initially set to sp 3
its bondingIdx 3
Atom O22 is initially set to sp 2
its bondingIdx 2
Atom C23 is initially set to sp 2
its bondingIdx 2
Atom C24 is initially set to sp 2
its bondingIdx 2
Atom C25 is initially set to sp 2
its bondingIdx 2
Atom C26 is initially set to sp 2
its bondingIdx 2
Atom C27 is initially set to sp 2
its bondingIdx 2
Atom C28 is initially set to sp 2
its bondingIdx 2
Atom C29 is initially set to sp 2
its bondingIdx 2
Atom C30 is initially set to sp 2
its bondingIdx 2
Atom C31 is initially set to sp 2
its bondingIdx 2
Atom C32 is initially set to sp 2
its bondingIdx 2
Atom C33 is initially set to sp 3
its bondingIdx 3
Atom C34 is initially set to sp 3
its bondingIdx 3
Atom C35 is initially set to sp 3
its bondingIdx 3
Atom C36 is initially set to sp 3
its bondingIdx 3
Atom N37 is initially set to sp 2
its bondingIdx 2
Atom O38 is initially set to sp 3
its bondingIdx 3
Atom C39 is initially set to sp 2
its bondingIdx 2
Atom C40 is initially set to sp 2
its bondingIdx 2
Atom C41 is initially set to sp 2
its bondingIdx 2
Atom C42 is initially set to sp 2
its bondingIdx 2
Atom C43 is initially set to sp 2
its bondingIdx 2
Atom C44 is initially set to sp 3
its bondingIdx 3
Atom N45 is initially set to sp 3
its bondingIdx 3
Atom N46 is initially set to sp 3
its bondingIdx 3
Atom H8 is initially set to sp 0
its bondingIdx 0
Atom H9 is initially set to sp 0
its bondingIdx 0
Atom H10 is initially set to sp 0
its bondingIdx 0
Atom H11 is initially set to sp 0
its bondingIdx 0
Atom H12 is initially set to sp 0
its bondingIdx 0
Atom H13 is initially set to sp 0
its bondingIdx 0
Atom H47 is initially set to sp 0
its bondingIdx 0
Atom H48 is initially set to sp 0
its bondingIdx 0
Atom H49 is initially set to sp 0
its bondingIdx 0
Atom H50 is initially set to sp 0
its bondingIdx 0
Atom H51 is initially set to sp 0
its bondingIdx 0
Atom H52 is initially set to sp 0
its bondingIdx 0
Atom H53 is initially set to sp 0
its bondingIdx 0
Atom H54 is initially set to sp 0
its bondingIdx 0
Atom H55 is initially set to sp 0
its bondingIdx 0
Atom H56 is initially set to sp 0
its bondingIdx 0
Atom H57 is initially set to sp 0
its bondingIdx 0
Atom H58 is initially set to sp 0
its bondingIdx 0
Atom H59 is initially set to sp 0
its bondingIdx 0
Atom H60 is initially set to sp 0
its bondingIdx 0
Atom H61 is initially set to sp 0
its bondingIdx 0
Atom H62 is initially set to sp 0
its bondingIdx 0
Atom H63 is initially set to sp 0
its bondingIdx 0
Atom H64 is initially set to sp 0
its bondingIdx 0
Atom H65 is initially set to sp 0
its bondingIdx 0
Atom H66 is initially set to sp 0
its bondingIdx 0
Atom H67 is initially set to sp 0
its bondingIdx 0
Atom H68 is initially set to sp 0
its bondingIdx 0
Atom H69 is initially set to sp 0
its bondingIdx 0
atom N1 has sp 3
atom C2 has sp 3
atom C3 has sp 2
atom O4 has sp 2
atom C5 has sp 3
atom S6 has sp 2
atom O7 has sp 2
atom N14 has sp 2
atom C15 has sp 2
atom N16 has sp 2
atom C17 has sp 2
atom C18 has sp 2
atom C19 has sp 2
atom C20 has sp 2
atom N21 has sp 2
atom O22 has sp 2
atom C23 has sp 2
atom C24 has sp 2
atom C25 has sp 2
atom C26 has sp 2
atom C27 has sp 2
atom C28 has sp 2
atom C29 has sp 2
atom C30 has sp 2
atom C31 has sp 2
atom C32 has sp 2
atom C33 has sp 3
atom C34 has sp 3
atom C35 has sp 3
atom C36 has sp 3
atom N37 has sp 2
atom O38 has sp 2
atom C39 has sp 2
atom C40 has sp 2
atom C41 has sp 2
atom C42 has sp 2
atom C43 has sp 2
atom C44 has sp 3
atom N45 has sp 2
atom N46 has sp 2
atom H8 has sp 0
atom H9 has sp 0
atom H10 has sp 0
atom H11 has sp 0
atom H12 has sp 0
atom H13 has sp 0
atom H47 has sp 0
atom H48 has sp 0
atom H49 has sp 0
atom H50 has sp 0
atom H51 has sp 0
atom H52 has sp 0
atom H53 has sp 0
atom H54 has sp 0
atom H55 has sp 0
atom H56 has sp 0
atom H57 has sp 0
atom H58 has sp 0
atom H59 has sp 0
atom H60 has sp 0
atom H61 has sp 0
atom H62 has sp 0
atom H63 has sp 0
atom H64 has sp 0
atom H65 has sp 0
atom H66 has sp 0
atom H67 has sp 0
atom H68 has sp 0
atom H69 has sp 0
Atom 0 : 
Its ID N1
Its element type N
Its bondidx 3
Its COD root atom type N
Its acedrg atom type N(CCCH)(H)3
Its acedrg atom main type N(CCCH)(H)3
Its base ring type 
Its ccp4 atom type NT3
Its second NB sp props C-3_3_2_0:H-3:H-3:H-3
Its number of extra-electrons is 0
Its second NB extra-electron sign is C-0_0_0_0:H-0:H-0:H-0
Its hashing is 892
Atom 1 : 
Its ID C2
Its element type C
Its bondidx 3
Its COD root atom type C
Its acedrg atom type C(CHHS)(NH3)(COO)(H)
Its acedrg atom main type C(CHHS)(NH3)(COO)(H)
Its base ring type 
Its ccp4 atom type CH1
Its second NB sp props C-3_2_0_0:C-3_2_2:H-3:N-3_0_0_0
Its number of extra-electrons is 0
Its second NB extra-electron sign is C-0_0_0_0:C-0_0_0:H-0:N-0_0_0_0
Its hashing is 490
Atom 2 : 
Its ID C3
Its element type C
Its bondidx 2
Its COD root atom type C
Its acedrg atom type C(CCHN)(O)2
Its acedrg atom main type C(CCHN)(O)2
Its base ring type 
Its ccp4 atom type C
Its second NB sp props C-3_3_2_0:O-2:O-2
Its number of extra-electrons is 0
Its second NB extra-electron sign is C-0_0_0_0:O-0:O-0
Its hashing is 930
Atom 3 : 
Its ID O4
Its element type O
Its bondidx 2
Its COD root atom type O
Its acedrg atom type O(CCO)
Its acedrg atom main type O(CCO)
Its base ring type 
Its ccp4 atom type O
Its second NB sp props C-3_2_2
Its number of extra-electrons is 0
Its second NB extra-electron sign is C-0_0_0
Its hashing is 863
Atom 4 : 
Its ID C5
Its element type C
Its bondidx 3
Its COD root atom type C
Its acedrg atom type C(CCHN)(SC)(H)2
Its acedrg atom main type C(CCHN)(SC)(H)2
Its base ring type 
Its ccp4 atom type CH2
Its second NB sp props C-3_3_2_0:H-3:H-3:S-3_2
Its number of extra-electrons is 0
Its second NB extra-electron sign is C-0_0_0_0:H-0:H-0:S-0_0
Its hashing is 490
Atom 5 : 
Its ID S6
Its element type S
Its bondidx 2
Its COD root atom type S
Its acedrg atom type S(CCHH)(CCH)
Its acedrg atom main type S(CCHH)(CCH)
Its base ring type 
Its ccp4 atom type S2
Its second NB sp props C-2_2_0:C-3_2_0_0
Its number of extra-electrons is 0
Its second NB extra-electron sign is C-0_0_0_0:C-0_0_0
Its hashing is 909
Atom 6 : 
Its ID O7
Its element type O
Its bondidx 2
Its COD root atom type O
Its acedrg atom type O(CCO)
Its acedrg atom main type O(CCO)
Its base ring type 
Its ccp4 atom type OC
Its second NB sp props C-3_2_2
Its number of extra-electrons is 0
Its second NB extra-electron sign is C-0_0_0
Its hashing is 863
Atom 7 : 
Its ID N14
Its element type N
Its bondidx 2
Its COD root atom type N[6a]
Its acedrg atom type N[6a](C[6a]C[5a,6a]N)(C[6a]N[6a]H){2|C<3>}
Its acedrg atom main type N[6a](C[6a]C[5a,6a]N)(C[6a]N[6a]H)
Its base ring type y
Its ccp4 atom type N20
Its second NB sp props C[6a]-2_2_0:C[6a]-2_2_2
Its number of extra-electrons is 0
Its second NB extra-electron sign is C[6a]-0_0_0:C[6a]-0_0_0
Its hashing is 371
Atom 8 : 
Its ID C15
Its element type C
Its bondidx 2
Its COD root atom type C[6a]
Its acedrg atom type C[6a](N[6a]C[5a,6a])(N[6a]C[6a])(H){1|C<3>,2|N<3>}
Its acedrg atom main type C[6a](N[6a]C[5a,6a])(N[6a]C[6a])(H)
Its base ring type y
Its ccp4 atom type CR16
Its second NB sp props H-2:N[6a]-2_2:N[6a]-2_2
Its number of extra-electrons is 0
Its second NB extra-electron sign is H-0:N[6a]-0_0:N[6a]-0_0
Its hashing is 643
Atom 9 : 
Its ID N16
Its element type N
Its bondidx 2
Its COD root atom type N[6a]
Its acedrg atom type N[6a](C[5a,6a]C[5a,6a]N[5a])(C[6a]N[6a]H){1|C<4>,1|N<2>,2|C<3>}
Its acedrg atom main type N[6a](C[5a,6a]C[5a,6a]N[5a])(C[6a]N[6a]H)
Its base ring type y
Its ccp4 atom type N20
Its second NB sp props C[5a,6a]-2_2_2:C[6a]-2_2_0
Its number of extra-electrons is 0
Its second NB extra-electron sign is C[5a,6a]-0_0_0:C[6a]-0_0_0
Its hashing is 371
Atom 10 : 
Its ID C17
Its element type C
Its bondidx 2
Its COD root atom type C[5a,6a]
Its acedrg atom type C[5a,6a](C[5a,6a]C[5a]C[6a])(N[5a]N[5a]C[6])(N[6a]C[6a]){1|C<3>,1|N<2>,1|N<3>,2|C<4>,2|H<1>}
Its acedrg atom main type C[5a,6a](C[5a,6a]C[5a]C[6a])(N[5a]N[5a]C[6])(N[6a]C[6a])
Its base ring type y
Its ccp4 atom type CR56
Its second NB sp props C[5a,6a]-2_2_2:N[5a]-3_2_2:N[6a]-2_2
Its number of extra-electrons is 0
Its second NB extra-electron sign is C[5a,6a]-0_0_0:N[5a]-0_0_0:N[6a]-0_0
Its hashing is 727
Atom 11 : 
Its ID C18
Its element type C
Its bondidx 2
Its COD root atom type C[5a,6a]
Its acedrg atom type C[5a,6a](C[5a,6a]N[5a]N[6a])(C[5a]C[6a]N[5a])(C[6a]N[6a]N){1|C<4>,3|C<3>}
Its acedrg atom main type C[5a,6a](C[5a,6a]N[5a]N[6a])(C[5a]C[6a]N[5a])(C[6a]N[6a]N)
Its base ring type y
Its ccp4 atom type CR56
Its second NB sp props C[5a,6a]-2_2_2:C[5a]-2_2_2:C[6a]-2_2_2
Its number of extra-electrons is 0
Its second NB extra-electron sign is C[5a,6a]-0_0_0:C[5a]-0_0_0:C[6a]-0_0_0
Its hashing is 727
Atom 12 : 
Its ID C19
Its element type C
Its bondidx 2
Its COD root atom type C[6a]
Its acedrg atom type C[6a](C[5a,6a]C[5a,6a]C[5a])(N[6a]C[6a])(NHH){1|C<3>,1|H<1>,1|N<3>,2|N<2>}
Its acedrg atom main type C[6a](C[5a,6a]C[5a,6a]C[5a])(N[6a]C[6a])(NHH)
Its base ring type y
Its ccp4 atom type CR6
Its second NB sp props C[5a,6a]-2_2_2:N-2_0_0:N[6a]-2_2
Its number of extra-electrons is 0
Its second NB extra-electron sign is C[5a,6a]-0_0_0:N-0_0_0:N[6a]-0_0
Its hashing is 643
Atom 13 : 
Its ID C20
Its element type C
Its bondidx 2
Its COD root atom type C
Its acedrg atom type C(CCH)(SC)(H)
Its acedrg atom main type C(CCH)(SC)(H)
Its base ring type 
Its ccp4 atom type C1
Its second NB sp props C-2_2_0:H-2:S-3_2
Its number of extra-electrons is 0
Its second NB extra-electron sign is C-0_0_0:H-0:S-0_0
Its hashing is 930
Atom 14 : 
Its ID N21
Its element type N
Its bondidx 2
Its COD root atom type N
Its acedrg atom type N(C[6a]C[5a,6a]N[6a])(H)2
Its acedrg atom main type N(C[6a]C[5a,6a]N[6a])(H)2
Its base ring type 
Its ccp4 atom type NH2
Its second NB sp props C[6a]-2_2_2:H-2:H-2
Its number of extra-electrons is 0
Its second NB extra-electron sign is C[6a]-0_0_0:H-0:H-0
Its hashing is 956
Atom 15 : 
Its ID O22
Its element type O
Its bondidx 2
Its COD root atom type O
Its acedrg atom type O(CN[6]C)
Its acedrg atom main type O(CN[6]C)
Its base ring type 
Its ccp4 atom type O
Its second NB sp props C-2_2_2
Its number of extra-electrons is 0
Its second NB extra-electron sign is C-0_0_0
Its hashing is 863
Atom 16 : 
Its ID C23
Its element type C
Its bondidx 2
Its COD root atom type C
Its acedrg atom type C(CN[6]O)(CHS)(H)
Its acedrg atom main type C(CN[6]O)(CHS)(H)
Its base ring type 
Its ccp4 atom type C1
Its second NB sp props C-2_2_0:C-2_2_2:H-2
Its number of extra-electrons is 0
Its second NB extra-electron sign is C-0_0_0:C-0_0_0:H-0
Its hashing is 930
Atom 17 : 
Its ID C24
Its element type C
Its bondidx 2
Its COD root atom type C[6a]
Its acedrg atom type C[6a](C[6a]C[6a]H)2(H){1|C<3>,2|H<1>}
Its acedrg atom main type C[6a](C[6a]C[6a]H)2(H)
Its base ring type y
Its ccp4 atom type CR16
Its second NB sp props C[6a]-2_2_0:C[6a]-2_2_0:H-2
Its number of extra-electrons is 0
Its second NB extra-electron sign is C[6a]-0_0_0:C[6a]-0_0_0:H-0
Its hashing is 643
Atom 18 : 
Its ID C25
Its element type C
Its bondidx 2
Its COD root atom type C[6a]
Its acedrg atom type C[6a](C[6a]C[6a]H)2(H){1|C<3>,1|H<1>,1|O<2>}
Its acedrg atom main type C[6a](C[6a]C[6a]H)2(H)
Its base ring type y
Its ccp4 atom type CR16
Its second NB sp props C[6a]-2_2_0:C[6a]-2_2_0:H-2
Its number of extra-electrons is 0
Its second NB extra-electron sign is C[6a]-0_0_0:C[6a]-0_0_0:H-0
Its hashing is 643
Atom 19 : 
Its ID C26
Its element type C
Its bondidx 2
Its COD root atom type C[6a]
Its acedrg atom type C[6a](C[6a]C[6a]H)2(H){1|C<3>,1|H<1>,1|O<2>}
Its acedrg atom main type C[6a](C[6a]C[6a]H)2(H)
Its base ring type y
Its ccp4 atom type CR16
Its second NB sp props C[6a]-2_2_0:C[6a]-2_2_0:H-2
Its number of extra-electrons is 0
Its second NB extra-electron sign is C[6a]-0_0_0:C[6a]-0_0_0:H-0
Its hashing is 643
Atom 20 : 
Its ID C27
Its element type C
Its bondidx 2
Its COD root atom type C[6a]
Its acedrg atom type C[6a](C[6a]C[6a]H)(C[6a]C[6a]O)(H){1|C<3>,2|H<1>}
Its acedrg atom main type C[6a](C[6a]C[6a]H)(C[6a]C[6a]O)(H)
Its base ring type y
Its ccp4 atom type CR16
Its second NB sp props C[6a]-2_2_0:C[6a]-2_2_2:H-2
Its number of extra-electrons is 0
Its second NB extra-electron sign is C[6a]-0_0_0:C[6a]-0_0_0:H-0
Its hashing is 643
Atom 21 : 
Its ID C28
Its element type C
Its bondidx 2
Its COD root atom type C[6a]
Its acedrg atom type C[6a](C[6a]C[6a]H)(C[6a]C[6a]O)(H){1|C<3>,2|H<1>}
Its acedrg atom main type C[6a](C[6a]C[6a]H)(C[6a]C[6a]O)(H)
Its base ring type y
Its ccp4 atom type CR16
Its second NB sp props C[6a]-2_2_0:C[6a]-2_2_2:H-2
Its number of extra-electrons is 0
Its second NB extra-electron sign is C[6a]-0_0_0:C[6a]-0_0_0:H-0
Its hashing is 643
Atom 22 : 
Its ID C29
Its element type C
Its bondidx 2
Its COD root atom type C[6a]
Its acedrg atom type C[6a](C[6a]C[6a]H)(C[6a]C[6a]O)(H){1|H<1>,2|C<3>}
Its acedrg atom main type C[6a](C[6a]C[6a]H)(C[6a]C[6a]O)(H)
Its base ring type y
Its ccp4 atom type CR16
Its second NB sp props C[6a]-2_2_0:C[6a]-2_2_2:H-2
Its number of extra-electrons is 0
Its second NB extra-electron sign is C[6a]-0_0_0:C[6a]-0_0_0:H-0
Its hashing is 643
Atom 23 : 
Its ID C30
Its element type C
Its bondidx 2
Its COD root atom type C[6a]
Its acedrg atom type C[6a](C[6a]C[6a]H)(C[6a]C[6a]O)(H){1|H<1>,2|C<3>}
Its acedrg atom main type C[6a](C[6a]C[6a]H)(C[6a]C[6a]O)(H)
Its base ring type y
Its ccp4 atom type CR16
Its second NB sp props C[6a]-2_2_0:C[6a]-2_2_2:H-2
Its number of extra-electrons is 0
Its second NB extra-electron sign is C[6a]-0_0_0:C[6a]-0_0_0:H-0
Its hashing is 643
Atom 24 : 
Its ID C31
Its element type C
Its bondidx 2
Its COD root atom type C[6a]
Its acedrg atom type C[6a](C[6a]C[5a]C[6a])(C[6a]C[6a]H)(H){1|H<1>,1|N<2>,1|O<2>,2|C<3>}
Its acedrg atom main type C[6a](C[6a]C[5a]C[6a])(C[6a]C[6a]H)(H)
Its base ring type y
Its ccp4 atom type CR16
Its second NB sp props C[6a]-2_2_0:C[6a]-2_2_2:H-2
Its number of extra-electrons is 0
Its second NB extra-electron sign is C[6a]-0_0_0:C[6a]-0_0_0:H-0
Its hashing is 643
Atom 25 : 
Its ID C32
Its element type C
Its bondidx 2
Its COD root atom type C[6a]
Its acedrg atom type C[6a](C[6a]C[5a]C[6a])(C[6a]C[6a]H)(H){1|H<1>,1|N<2>,1|O<2>,2|C<3>}
Its acedrg atom main type C[6a](C[6a]C[5a]C[6a])(C[6a]C[6a]H)(H)
Its base ring type y
Its ccp4 atom type CR16
Its second NB sp props C[6a]-2_2_0:C[6a]-2_2_2:H-2
Its number of extra-electrons is 0
Its second NB extra-electron sign is C[6a]-0_0_0:C[6a]-0_0_0:H-0
Its hashing is 643
Atom 26 : 
Its ID C33
Its element type C
Its bondidx 3
Its COD root atom type C[6]
Its acedrg atom type C[6](C[6]C[6]HH)(C[6]N[6]HH)(H)2{1|C<3>,1|C<4>,1|H<1>,1|N<3>}
Its acedrg atom main type C[6](C[6]C[6]HH)(C[6]N[6]HH)(H)2
Its base ring type 
Its ccp4 atom type CH2
Its second NB sp props C[6]-3_2_0_0:C[6]-3_3_0_0:H-3:H-3
Its number of extra-electrons is 0
Its second NB extra-electron sign is C[6]-0_0_0_0:C[6]-0_0_0_0:H-0:H-0
Its hashing is 466
Atom 27 : 
Its ID C34
Its element type C
Its bondidx 3
Its COD root atom type C[6]
Its acedrg atom type C[6](C[6]N[5a]C[6]H)(C[6]C[6]HH)(H)2{1|C<3>,1|N<2>,1|N<3>,4|H<1>}
Its acedrg atom main type C[6](C[6]N[5a]C[6]H)(C[6]C[6]HH)(H)2
Its base ring type 
Its ccp4 atom type CH2
Its second NB sp props C[6]-3_3_0_0:C[6]-3_3_2_0:H-3:H-3
Its number of extra-electrons is 0
Its second NB extra-electron sign is C[6]-0_0_0_0:C[6]-0_0_0_0:H-0:H-0
Its hashing is 466
Atom 28 : 
Its ID C35
Its element type C
Its bondidx 3
Its COD root atom type C[6]
Its acedrg atom type C[6](C[6]C[6]HH)(N[6]C[6]C)(H)2{1|C<4>,4|H<1>}
Its acedrg atom main type C[6](C[6]C[6]HH)(N[6]C[6]C)(H)2
Its base ring type 
Its ccp4 atom type CH2
Its second NB sp props C[6]-3_3_0_0:H-3:H-3:N[6]-3_3_2
Its number of extra-electrons is 0
Its second NB extra-electron sign is C[6]-0_0_0_0:H-0:H-0:N[6]-0_0_0
Its hashing is 466
Atom 29 : 
Its ID C36
Its element type C
Its bondidx 3
Its COD root atom type C[6]
Its acedrg atom type C[6](C[6]N[5a]C[6]H)(N[6]C[6]C)(H)2{1|C<3>,1|C<4>,1|N<2>,4|H<1>}
Its acedrg atom main type C[6](C[6]N[5a]C[6]H)(N[6]C[6]C)(H)2
Its base ring type 
Its ccp4 atom type CH2
Its second NB sp props C[6]-3_3_2_0:H-3:H-3:N[6]-3_3_2
Its number of extra-electrons is 0
Its second NB extra-electron sign is C[6]-0_0_0_0:H-0:H-0:N[6]-0_0_0
Its hashing is 466
Atom 30 : 
Its ID N37
Its element type N
Its bondidx 2
Its COD root atom type N[5a]
Its acedrg atom type N[5a](C[5a]C[5a,6a]C[6a])(N[5a]C[5a,6a]C[6]){1|H<1>,1|N<2>,2|C<4>,3|C<3>}
Its acedrg atom main type N[5a](C[5a]C[5a,6a]C[6a])(N[5a]C[5a,6a]C[6])
Its base ring type y
Its ccp4 atom type N20
Its second NB sp props C[5a]-2_2_2:N[5a]-3_2_2
Its number of extra-electrons is 0
Its second NB extra-electron sign is C[5a]-0_0_0:N[5a]-0_0_0
Its hashing is 519
Atom 31 : 
Its ID O38
Its element type O
Its bondidx 2
Its COD root atom type O
Its acedrg atom type O(C[6a]C[6a]2)2
Its acedrg atom main type O(C[6a]C[6a]2)2
Its base ring type 
Its ccp4 atom type O
Its second NB sp props C[6a]-2_2_2:C[6a]-2_2_2
Its number of extra-electrons is 0
Its second NB extra-electron sign is C[6a]-0_0_0:C[6a]-0_0_0
Its hashing is 893
Atom 32 : 
Its ID C39
Its element type C
Its bondidx 2
Its COD root atom type C
Its acedrg atom type C(N[6]C[6]2)(CCH)(O)
Its acedrg atom main type C(N[6]C[6]2)(CCH)(O)
Its base ring type 
Its ccp4 atom type C
Its second NB sp props C-2_2_0:N[6]-3_3_2:O-2
Its number of extra-electrons is 0
Its second NB extra-electron sign is C-0_0_0:N[6]-0_0_0:O-0
Its hashing is 930
Atom 33 : 
Its ID C40
Its element type C
Its bondidx 2
Its COD root atom type C[6a]
Its acedrg atom type C[6a](C[6a]C[6a]H)2(OC[6a]){1|C<3>,2|H<1>}
Its acedrg atom main type C[6a](C[6a]C[6a]H)2(OC[6a])
Its base ring type y
Its ccp4 atom type CR6
Its second NB sp props C[6a]-2_2_0:C[6a]-2_2_0:O-2_2
Its number of extra-electrons is 0
Its second NB extra-electron sign is C[6a]-0_0_0:C[6a]-0_0_0:O-0_0
Its hashing is 643
Atom 34 : 
Its ID C41
Its element type C
Its bondidx 2
Its COD root atom type C[6a]
Its acedrg atom type C[6a](C[6a]C[6a]H)2(OC[6a]){1|C<3>,2|H<1>}
Its acedrg atom main type C[6a](C[6a]C[6a]H)2(OC[6a])
Its base ring type y
Its ccp4 atom type CR6
Its second NB sp props C[6a]-2_2_0:C[6a]-2_2_0:O-2_2
Its number of extra-electrons is 0
Its second NB extra-electron sign is C[6a]-0_0_0:C[6a]-0_0_0:O-0_0
Its hashing is 643
Atom 35 : 
Its ID C42
Its element type C
Its bondidx 2
Its COD root atom type C[6a]
Its acedrg atom type C[6a](C[5a]C[5a,6a]N[5a])(C[6a]C[6a]H)2{1|N<3>,2|H<1>,3|C<3>}
Its acedrg atom main type C[6a](C[5a]C[5a,6a]N[5a])(C[6a]C[6a]H)2
Its base ring type y
Its ccp4 atom type CR6
Its second NB sp props C[5a]-2_2_2:C[6a]-2_2_0:C[6a]-2_2_0
Its number of extra-electrons is 0
Its second NB extra-electron sign is C[5a]-0_0_0:C[6a]-0_0_0:C[6a]-0_0_0
Its hashing is 643
Atom 36 : 
Its ID C43
Its element type C
Its bondidx 2
Its COD root atom type C[5a]
Its acedrg atom type C[5a](C[5a,6a]C[5a,6a]C[6a])(C[6a]C[6a]2)(N[5a]N[5a]){1|C<4>,1|N<3>,2|C<3>,2|H<1>,2|N<2>}
Its acedrg atom main type C[5a](C[5a,6a]C[5a,6a]C[6a])(C[6a]C[6a]2)(N[5a]N[5a])
Its base ring type y
Its ccp4 atom type CR5
Its second NB sp props C[5a,6a]-2_2_2:C[6a]-2_2_2:N[5a]-2_2
Its number of extra-electrons is 0
Its second NB extra-electron sign is C[5a,6a]-0_0_0:C[6a]-0_0_0:N[5a]-0_0
Its hashing is 727
Atom 37 : 
Its ID C44
Its element type C
Its bondidx 3
Its COD root atom type C[6]
Its acedrg atom type C[6](N[5a]C[5a,6a]N[5a])(C[6]C[6]HH)(C[6]N[6]HH)(H){1|C<4>,1|N<2>,2|H<1>,3|C<3>}
Its acedrg atom main type C[6](N[5a]C[5a,6a]N[5a])(C[6]C[6]HH)(C[6]N[6]HH)(H)
Its base ring type 
Its ccp4 atom type CH1
Its second NB sp props C[6]-3_2_0_0:C[6]-3_3_0_0:H-3:N[5a]-3_2_2
Its number of extra-electrons is 0
Its second NB extra-electron sign is C[6]-0_0_0_0:C[6]-0_0_0_0:H-0:N[5a]-0_0_0
Its hashing is 466
Atom 38 : 
Its ID N45
Its element type N
Its bondidx 2
Its COD root atom type N[5a]
Its acedrg atom type N[5a](C[5a,6a]C[5a,6a]N[6a])(C[6]C[6]2H)(N[5a]C[5a]){1|C<4>,1|N<3>,3|C<3>,4|H<1>}
Its acedrg atom main type N[5a](C[5a,6a]C[5a,6a]N[6a])(C[6]C[6]2H)(N[5a]C[5a])
Its base ring type y
Its ccp4 atom type NH0
Its second NB sp props C[5a,6a]-2_2_2:C[6]-3_3_2_0:N[5a]-2_2
Its number of extra-electrons is 0
Its second NB extra-electron sign is C[5a,6a]-0_0_0:C[6]-0_0_0_0:N[5a]-0_0
Its hashing is 813
Atom 39 : 
Its ID N46
Its element type N
Its bondidx 2
Its COD root atom type N[6]
Its acedrg atom type N[6](C[6]C[6]HH)2(CCO){1|C<4>,1|N<3>,3|H<1>}
Its acedrg atom main type N[6](C[6]C[6]HH)2(CCO)
Its base ring type 
Its ccp4 atom type NH0
Its second NB sp props C-2_2_2:C[6]-3_2_0_0:C[6]-3_2_0_0
Its number of extra-electrons is 0
Its second NB extra-electron sign is C-0_0_0:C[6]-0_0_0_0:C[6]-0_0_0_0
Its hashing is 856
Atom 40 : 
Its ID H8
Its element type H
Its bondidx 0
Its COD root atom type H
Its acedrg atom type H(NCHH)
Its acedrg atom main type H(NCHH)
Its base ring type 
Its ccp4 atom type H
Its second NB sp props N-3_0_0_0
Its number of extra-electrons is 0
Its second NB extra-electron sign is N-0_0_0_0
Its hashing is 951
Atom 41 : 
Its ID H9
Its element type H
Its bondidx 0
Its COD root atom type H
Its acedrg atom type H(NCHH)
Its acedrg atom main type H(NCHH)
Its base ring type 
Its ccp4 atom type H
Its second NB sp props N-3_0_0_0
Its number of extra-electrons is 0
Its second NB extra-electron sign is N-0_0_0_0
Its hashing is 951
Atom 42 : 
Its ID H10
Its element type H
Its bondidx 0
Its COD root atom type H
Its acedrg atom type H(NCHH)
Its acedrg atom main type H(NCHH)
Its base ring type 
Its ccp4 atom type H
Its second NB sp props N-3_0_0_0
Its number of extra-electrons is 0
Its second NB extra-electron sign is N-0_0_0_0
Its hashing is 951
Atom 43 : 
Its ID H11
Its element type H
Its bondidx 0
Its COD root atom type H
Its acedrg atom type H(CCCN)
Its acedrg atom main type H(CCCN)
Its base ring type 
Its ccp4 atom type H
Its second NB sp props C-3_3_2_0
Its number of extra-electrons is 0
Its second NB extra-electron sign is C-0_0_0_0
Its hashing is 951
Atom 44 : 
Its ID H12
Its element type H
Its bondidx 0
Its COD root atom type H
Its acedrg atom type H(CCHS)
Its acedrg atom main type H(CCHS)
Its base ring type 
Its ccp4 atom type H
Its second NB sp props C-3_2_0_0
Its number of extra-electrons is 0
Its second NB extra-electron sign is C-0_0_0_0
Its hashing is 951
Atom 45 : 
Its ID H13
Its element type H
Its bondidx 0
Its COD root atom type H
Its acedrg atom type H(CCHS)
Its acedrg atom main type H(CCHS)
Its base ring type 
Its ccp4 atom type H
Its second NB sp props C-3_2_0_0
Its number of extra-electrons is 0
Its second NB extra-electron sign is C-0_0_0_0
Its hashing is 951
Atom 46 : 
Its ID H47
Its element type H
Its bondidx 0
Its COD root atom type H
Its acedrg atom type H(C[6a]N[6a]2)
Its acedrg atom main type H(C[6a]N[6a]2)
Its base ring type 
Its ccp4 atom type H
Its second NB sp props C[6a]-2_2_0
Its number of extra-electrons is 0
Its second NB extra-electron sign is C[6a]-0_0_0
Its hashing is 951
Atom 47 : 
Its ID H48
Its element type H
Its bondidx 0
Its COD root atom type H
Its acedrg atom type H(CCS)
Its acedrg atom main type H(CCS)
Its base ring type 
Its ccp4 atom type H
Its second NB sp props C-2_2_0
Its number of extra-electrons is 0
Its second NB extra-electron sign is C-0_0_0
Its hashing is 951
Atom 48 : 
Its ID H49
Its element type H
Its bondidx 0
Its COD root atom type H
Its acedrg atom type H(NC[6a]H)
Its acedrg atom main type H(NC[6a]H)
Its base ring type 
Its ccp4 atom type H
Its second NB sp props N-2_0_0
Its number of extra-electrons is 0
Its second NB extra-electron sign is N-0_0_0
Its hashing is 951
Atom 49 : 
Its ID H50
Its element type H
Its bondidx 0
Its COD root atom type H
Its acedrg atom type H(NC[6a]H)
Its acedrg atom main type H(NC[6a]H)
Its base ring type 
Its ccp4 atom type H
Its second NB sp props N-2_0_0
Its number of extra-electrons is 0
Its second NB extra-electron sign is N-0_0_0
Its hashing is 951
Atom 50 : 
Its ID H51
Its element type H
Its bondidx 0
Its COD root atom type H
Its acedrg atom type H(CCC)
Its acedrg atom main type H(CCC)
Its base ring type 
Its ccp4 atom type H
Its second NB sp props C-2_2_0
Its number of extra-electrons is 0
Its second NB extra-electron sign is C-0_0_0
Its hashing is 951
Atom 51 : 
Its ID H52
Its element type H
Its bondidx 0
Its COD root atom type H
Its acedrg atom type H(C[6a]C[6a]2)
Its acedrg atom main type H(C[6a]C[6a]2)
Its base ring type 
Its ccp4 atom type H
Its second NB sp props C[6a]-2_2_0
Its number of extra-electrons is 0
Its second NB extra-electron sign is C[6a]-0_0_0
Its hashing is 951
Atom 52 : 
Its ID H53
Its element type H
Its bondidx 0
Its COD root atom type H
Its acedrg atom type H(C[6a]C[6a]2)
Its acedrg atom main type H(C[6a]C[6a]2)
Its base ring type 
Its ccp4 atom type H
Its second NB sp props C[6a]-2_2_0
Its number of extra-electrons is 0
Its second NB extra-electron sign is C[6a]-0_0_0
Its hashing is 951
Atom 53 : 
Its ID H54
Its element type H
Its bondidx 0
Its COD root atom type H
Its acedrg atom type H(C[6a]C[6a]2)
Its acedrg atom main type H(C[6a]C[6a]2)
Its base ring type 
Its ccp4 atom type H
Its second NB sp props C[6a]-2_2_0
Its number of extra-electrons is 0
Its second NB extra-electron sign is C[6a]-0_0_0
Its hashing is 951
Atom 54 : 
Its ID H55
Its element type H
Its bondidx 0
Its COD root atom type H
Its acedrg atom type H(C[6a]C[6a]2)
Its acedrg atom main type H(C[6a]C[6a]2)
Its base ring type 
Its ccp4 atom type H
Its second NB sp props C[6a]-2_2_0
Its number of extra-electrons is 0
Its second NB extra-electron sign is C[6a]-0_0_0
Its hashing is 951
Atom 55 : 
Its ID H56
Its element type H
Its bondidx 0
Its COD root atom type H
Its acedrg atom type H(C[6a]C[6a]2)
Its acedrg atom main type H(C[6a]C[6a]2)
Its base ring type 
Its ccp4 atom type H
Its second NB sp props C[6a]-2_2_0
Its number of extra-electrons is 0
Its second NB extra-electron sign is C[6a]-0_0_0
Its hashing is 951
Atom 56 : 
Its ID H57
Its element type H
Its bondidx 0
Its COD root atom type H
Its acedrg atom type H(C[6a]C[6a]2)
Its acedrg atom main type H(C[6a]C[6a]2)
Its base ring type 
Its ccp4 atom type H
Its second NB sp props C[6a]-2_2_0
Its number of extra-electrons is 0
Its second NB extra-electron sign is C[6a]-0_0_0
Its hashing is 951
Atom 57 : 
Its ID H58
Its element type H
Its bondidx 0
Its COD root atom type H
Its acedrg atom type H(C[6a]C[6a]2)
Its acedrg atom main type H(C[6a]C[6a]2)
Its base ring type 
Its ccp4 atom type H
Its second NB sp props C[6a]-2_2_0
Its number of extra-electrons is 0
Its second NB extra-electron sign is C[6a]-0_0_0
Its hashing is 951
Atom 58 : 
Its ID H59
Its element type H
Its bondidx 0
Its COD root atom type H
Its acedrg atom type H(C[6a]C[6a]2)
Its acedrg atom main type H(C[6a]C[6a]2)
Its base ring type 
Its ccp4 atom type H
Its second NB sp props C[6a]-2_2_0
Its number of extra-electrons is 0
Its second NB extra-electron sign is C[6a]-0_0_0
Its hashing is 951
Atom 59 : 
Its ID H60
Its element type H
Its bondidx 0
Its COD root atom type H
Its acedrg atom type H(C[6a]C[6a]2)
Its acedrg atom main type H(C[6a]C[6a]2)
Its base ring type 
Its ccp4 atom type H
Its second NB sp props C[6a]-2_2_0
Its number of extra-electrons is 0
Its second NB extra-electron sign is C[6a]-0_0_0
Its hashing is 951
Atom 60 : 
Its ID H61
Its element type H
Its bondidx 0
Its COD root atom type H
Its acedrg atom type H(C[6]C[6]2H)
Its acedrg atom main type H(C[6]C[6]2H)
Its base ring type 
Its ccp4 atom type H
Its second NB sp props C[6]-3_3_0_0
Its number of extra-electrons is 0
Its second NB extra-electron sign is C[6]-0_0_0_0
Its hashing is 951
Atom 61 : 
Its ID H62
Its element type H
Its bondidx 0
Its COD root atom type H
Its acedrg atom type H(C[6]C[6]2H)
Its acedrg atom main type H(C[6]C[6]2H)
Its base ring type 
Its ccp4 atom type H
Its second NB sp props C[6]-3_3_0_0
Its number of extra-electrons is 0
Its second NB extra-electron sign is C[6]-0_0_0_0
Its hashing is 951
Atom 62 : 
Its ID H63
Its element type H
Its bondidx 0
Its COD root atom type H
Its acedrg atom type H(C[6]C[6]2H)
Its acedrg atom main type H(C[6]C[6]2H)
Its base ring type 
Its ccp4 atom type H
Its second NB sp props C[6]-3_3_0_0
Its number of extra-electrons is 0
Its second NB extra-electron sign is C[6]-0_0_0_0
Its hashing is 951
Atom 63 : 
Its ID H64
Its element type H
Its bondidx 0
Its COD root atom type H
Its acedrg atom type H(C[6]C[6]2H)
Its acedrg atom main type H(C[6]C[6]2H)
Its base ring type 
Its ccp4 atom type H
Its second NB sp props C[6]-3_3_0_0
Its number of extra-electrons is 0
Its second NB extra-electron sign is C[6]-0_0_0_0
Its hashing is 951
Atom 64 : 
Its ID H65
Its element type H
Its bondidx 0
Its COD root atom type H
Its acedrg atom type H(C[6]C[6]N[6]H)
Its acedrg atom main type H(C[6]C[6]N[6]H)
Its base ring type 
Its ccp4 atom type H
Its second NB sp props C[6]-3_2_0_0
Its number of extra-electrons is 0
Its second NB extra-electron sign is C[6]-0_0_0_0
Its hashing is 951
Atom 65 : 
Its ID H66
Its element type H
Its bondidx 0
Its COD root atom type H
Its acedrg atom type H(C[6]C[6]N[6]H)
Its acedrg atom main type H(C[6]C[6]N[6]H)
Its base ring type 
Its ccp4 atom type H
Its second NB sp props C[6]-3_2_0_0
Its number of extra-electrons is 0
Its second NB extra-electron sign is C[6]-0_0_0_0
Its hashing is 951
Atom 66 : 
Its ID H67
Its element type H
Its bondidx 0
Its COD root atom type H
Its acedrg atom type H(C[6]C[6]N[6]H)
Its acedrg atom main type H(C[6]C[6]N[6]H)
Its base ring type 
Its ccp4 atom type H
Its second NB sp props C[6]-3_2_0_0
Its number of extra-electrons is 0
Its second NB extra-electron sign is C[6]-0_0_0_0
Its hashing is 951
Atom 67 : 
Its ID H68
Its element type H
Its bondidx 0
Its COD root atom type H
Its acedrg atom type H(C[6]C[6]N[6]H)
Its acedrg atom main type H(C[6]C[6]N[6]H)
Its base ring type 
Its ccp4 atom type H
Its second NB sp props C[6]-3_2_0_0
Its number of extra-electrons is 0
Its second NB extra-electron sign is C[6]-0_0_0_0
Its hashing is 951
Atom 68 : 
Its ID H69
Its element type H
Its bondidx 0
Its COD root atom type H
Its acedrg atom type H(C[6]N[5a]C[6]2)
Its acedrg atom main type H(C[6]N[5a]C[6]2)
Its base ring type 
Its ccp4 atom type H
Its second NB sp props C[6]-3_3_2_0
Its number of extra-electrons is 0
Its second NB extra-electron sign is C[6]-0_0_0_0
Its hashing is 951
Torsion angles are : 
Formed by N16_C15_N14_C19, value is: 0
Formed by H47_C15_N14_C19, value is: 180
Formed by N14_C15_N16_C17, value is: 0
Formed by H47_C15_N16_C17, value is: 180
Formed by C18_C17_N16_C15, value is: 0
Formed by N45_C17_N16_C15, value is: 180
Formed by N16_C17_C18_C19, value is: 0
Formed by N16_C17_C18_C43, value is: 180
Formed by N45_C17_C18_C19, value is: 180
Formed by N45_C17_C18_C43, value is: 0
Formed by C17_C18_C19_N14, value is: 0
Formed by C17_C18_C19_N21, value is: 180
Formed by C43_C18_C19_N14, value is: 180
Formed by C43_C18_C19_N21, value is: 0
Formed by C18_C17_N45_N37, value is: 0
Formed by C18_C17_N45_C44, value is: 180
Formed by N16_C17_N45_N37, value is: 180
Formed by N16_C17_N45_C44, value is: 0
Formed by C43_N37_N45_C17, value is: 0
Formed by C43_N37_N45_C44, value is: 180
Formed by C18_C43_N37_N45, value is: 0
Formed by C42_C43_N37_N45, value is: 180
Formed by C17_C18_C43_N37, value is: 0
Formed by C17_C18_C43_C42, value is: 180
Formed by C19_C18_C43_N37, value is: 180
Formed by C19_C18_C43_C42, value is: 0
Formed by C26_C24_C25_C27, value is: 0
Formed by C26_C24_C25_H53, value is: 180
Formed by H52_C24_C25_C27, value is: 180
Formed by H52_C24_C25_H53, value is: 0
Formed by C24_C25_C27_C40, value is: 0
Formed by C24_C25_C27_H55, value is: 180
Formed by H53_C25_C27_C40, value is: 180
Formed by H53_C25_C27_H55, value is: 0
Formed by C25_C27_C40_C28, value is: 0
Formed by C25_C27_C40_O38, value is: 180
Formed by H55_C27_C40_C28, value is: 180
Formed by H55_C27_C40_O38, value is: 0
Formed by C26_C28_C40_C27, value is: 0
Formed by C26_C28_C40_O38, value is: 180
Formed by H56_C28_C40_C27, value is: 180
Formed by H56_C28_C40_O38, value is: 0
Formed by C24_C26_C28_C40, value is: 0
Formed by C24_C26_C28_H56, value is: 180
Formed by H54_C26_C28_C40, value is: 180
Formed by H54_C26_C28_H56, value is: 0
Formed by C41_C29_C31_C42, value is: 0
Formed by C41_C29_C31_H59, value is: 180
Formed by H57_C29_C31_C42, value is: 180
Formed by H57_C29_C31_H59, value is: 0
Formed by C29_C31_C42_C32, value is: 0
Formed by C29_C31_C42_C43, value is: 180
Formed by H59_C31_C42_C32, value is: 180
Formed by H59_C31_C42_C43, value is: 0
Formed by C30_C32_C42_C31, value is: 0
Formed by C30_C32_C42_C43, value is: 180
Formed by H60_C32_C42_C31, value is: 180
Formed by H60_C32_C42_C43, value is: 0
Formed by C41_C30_C32_C42, value is: 0
Formed by C41_C30_C32_H60, value is: 180
Formed by H58_C30_C32_C42, value is: 180
Formed by H58_C30_C32_H60, value is: 0
Formed by C32_C30_C41_C29, value is: 0
Formed by C32_C30_C41_O38, value is: 180
Formed by H58_C30_C41_C29, value is: 180
Formed by H58_C30_C41_O38, value is: 0
Formed by C34_C33_C35_N46, value is: 60
Formed by C34_C33_C35_H65, value is: 180
Formed by C34_C33_C35_H66, value is: -60
Formed by H61_C33_C35_N46, value is: -60
Formed by H61_C33_C35_H65, value is: 60
Formed by H61_C33_C35_H66, value is: 180
Formed by H62_C33_C35_N46, value is: 180
Formed by H62_C33_C35_H65, value is: -60
Formed by H62_C33_C35_H66, value is: 60
Formed by C36_N46_C35_C33, value is: 0
Formed by C36_N46_C35_H65, value is: 120
Formed by C36_N46_C35_H66, value is: -120
Formed by C39_N46_C35_C33, value is: 180
Formed by C39_N46_C35_H65, value is: -60
Formed by C39_N46_C35_H66, value is: 60
Formed by C35_N46_C36_C44, value is: 0
Formed by C35_N46_C36_H67, value is: 120
Formed by C35_N46_C36_H68, value is: -120
Formed by C39_N46_C36_C44, value is: 180
Formed by C39_N46_C36_H67, value is: -60
Formed by C39_N46_C36_H68, value is: 60
Formed by N46_C36_C44_C34, value is: -60
Formed by N46_C36_C44_N45, value is: 60
Formed by N46_C36_C44_H69, value is: 180
Formed by H67_C36_C44_C34, value is: 180
Formed by H67_C36_C44_N45, value is: -60
Formed by H67_C36_C44_H69, value is: 60
Formed by H68_C36_C44_C34, value is: 60
Formed by H68_C36_C44_N45, value is: 180
Formed by H68_C36_C44_H69, value is: -60
Formed by C33_C34_C44_C36, value is: 60
Formed by C33_C34_C44_N45, value is: 180
Formed by C33_C34_C44_H69, value is: -60
Formed by H63_C34_C44_C36, value is: -60
Formed by H63_C34_C44_N45, value is: 60
Formed by H63_C34_C44_H69, value is: 180
Formed by H64_C34_C44_C36, value is: 180
Formed by H64_C34_C44_N45, value is: -60
Formed by H64_C34_C44_H69, value is: 60
Formed by C3_C2_N1_H8, value is: 180
Formed by C3_C2_N1_H9, value is: -60
Formed by C3_C2_N1_H10, value is: 60
Formed by C5_C2_N1_H8, value is: 60
Formed by C5_C2_N1_H9, value is: 180
Formed by C5_C2_N1_H10, value is: -60
Formed by H11_C2_N1_H8, value is: -60
Formed by H11_C2_N1_H9, value is: 60
Formed by H11_C2_N1_H10, value is: 180
Formed by O4_C3_C2_N1, value is: 0
Formed by O4_C3_C2_C5, value is: 120
Formed by O4_C3_C2_H11, value is: -120
Formed by O7_C3_C2_N1, value is: 180
Formed by O7_C3_C2_C5, value is: -60
Formed by O7_C3_C2_H11, value is: 60
Formed by N1_C2_C5_S6, value is: 180
Formed by N1_C2_C5_H12, value is: -60
Formed by N1_C2_C5_H13, value is: 60
Formed by C3_C2_C5_S6, value is: 60
Formed by C3_C2_C5_H12, value is: 180
Formed by C3_C2_C5_H13, value is: -60
Formed by H11_C2_C5_S6, value is: -60
Formed by H11_C2_C5_H12, value is: 60
Formed by H11_C2_C5_H13, value is: 180
Formed by C2_C5_S6_C20, value is: 180
Formed by H12_C5_S6_C20, value is: -60
Formed by H13_C5_S6_C20, value is: 60
Formed by C18_C19_N14_C15, value is: 0
Formed by N21_C19_N14_C15, value is: 180
Formed by C18_C19_N21_H49, value is: 180
Formed by C18_C19_N21_H50, value is: 0
Formed by N14_C19_N21_H49, value is: 0
Formed by N14_C19_N21_H50, value is: 180
Formed by S6_C20_C23_C39, value is: 180
Formed by S6_C20_C23_H51, value is: 0
Formed by H48_C20_C23_C39, value is: 0
Formed by H48_C20_C23_H51, value is: 180
Formed by C20_C23_C39_N46, value is: 180
Formed by C20_C23_C39_O22, value is: 0
Formed by H51_C23_C39_N46, value is: 0
Formed by H51_C23_C39_O22, value is: 180
Formed by C25_C24_C26_C28, value is: 0
Formed by C25_C24_C26_H54, value is: 180
Formed by H52_C24_C26_C28, value is: 180
Formed by H52_C24_C26_H54, value is: 0
Formed by C31_C29_C41_C30, value is: 0
Formed by C31_C29_C41_O38, value is: 180
Formed by H57_C29_C41_C30, value is: 180
Formed by H57_C29_C41_O38, value is: 0
Formed by C35_C33_C34_C44, value is: 180
Formed by C35_C33_C34_H63, value is: -60
Formed by C35_C33_C34_H64, value is: 60
Formed by H61_C33_C34_C44, value is: 60
Formed by H61_C33_C34_H63, value is: 180
Formed by H61_C33_C34_H64, value is: -60
Formed by H62_C33_C34_C44, value is: -60
Formed by H62_C33_C34_H63, value is: 60
Formed by H62_C33_C34_H64, value is: 180
Formed by C29_C41_O38_C40, value is: 180
Formed by C30_C41_O38_C40, value is: 0
Formed by C27_C40_O38_C41, value is: 180
Formed by C28_C40_O38_C41, value is: 0
Formed by C23_C39_N46_C35, value is: 180
Formed by C23_C39_N46_C36, value is: 0
Formed by O22_C39_N46_C35, value is: 0
Formed by O22_C39_N46_C36, value is: 180
Formed by C31_C42_C43_C18, value is: 180
Formed by C31_C42_C43_N37, value is: 0
Formed by C32_C42_C43_C18, value is: 0
Formed by C32_C42_C43_N37, value is: 180
Formed by C17_N45_C44_C34, value is: 150
Formed by C17_N45_C44_C36, value is: -90
Formed by C17_N45_C44_H69, value is: 30
Formed by N37_N45_C44_C34, value is: -30
Formed by N37_N45_C44_C36, value is: 90
Formed by N37_N45_C44_H69, value is: -150
Formed by C23_C20_S6_C5, value is: 180
Formed by H48_C20_S6_C5, value is: 0
Number of atom-type is 484888
Clustering COD org bonds started at Sun Jun 14 09:57:10 2026
Bond file /Applications/ccp4-9/share/acedrg/tables/allOrgBondTables/107.table
Bond file /Applications/ccp4-9/share/acedrg/tables/allOrgBondTables/113.table
Bond file /Applications/ccp4-9/share/acedrg/tables/allOrgBondTables/115.table
Bond file /Applications/ccp4-9/share/acedrg/tables/allOrgBondTables/118.table
Bond file /Applications/ccp4-9/share/acedrg/tables/allOrgBondTables/120.table
Bond file /Applications/ccp4-9/share/acedrg/tables/allOrgBondTables/153.table
Bond file /Applications/ccp4-9/share/acedrg/tables/allOrgBondTables/156.table
Bond file /Applications/ccp4-9/share/acedrg/tables/allOrgBondTables/162.table
Bond file /Applications/ccp4-9/share/acedrg/tables/allOrgBondTables/167.table
Bond file /Applications/ccp4-9/share/acedrg/tables/allOrgBondTables/168.table
Bond file /Applications/ccp4-9/share/acedrg/tables/allOrgBondTables/170.table
Bond file /Applications/ccp4-9/share/acedrg/tables/allOrgBondTables/175.table
Bond file /Applications/ccp4-9/share/acedrg/tables/allOrgBondTables/18.table
Bond file /Applications/ccp4-9/share/acedrg/tables/allOrgBondTables/19.table
Bond file /Applications/ccp4-9/share/acedrg/tables/allOrgBondTables/21.table
Bond file /Applications/ccp4-9/share/acedrg/tables/allOrgBondTables/29.table
Bond file /Applications/ccp4-9/share/acedrg/tables/allOrgBondTables/31.table
Bond file /Applications/ccp4-9/share/acedrg/tables/allOrgBondTables/34.table
Bond file /Applications/ccp4-9/share/acedrg/tables/allOrgBondTables/61.table
Bond file /Applications/ccp4-9/share/acedrg/tables/allOrgBondTables/71.table
Bond file /Applications/ccp4-9/share/acedrg/tables/allOrgBondTables/73.table
Bond file /Applications/ccp4-9/share/acedrg/tables/allOrgBondTables/74.table
Bond file /Applications/ccp4-9/share/acedrg/tables/allOrgBondTables/76.table
Bond file /Applications/ccp4-9/share/acedrg/tables/allOrgBondTables/81.table
Bond file /Applications/ccp4-9/share/acedrg/tables/allOrgBondTables/82.table
Bond file /Applications/ccp4-9/share/acedrg/tables/allOrgBondTables/97.table
Bond file /Applications/ccp4-9/share/acedrg/tables/allOrgBondTables/98.table
Finish clustering COD org bonds 
finished at Sun Jun 14 09:57:13 2026
it takes 3 seconds to finish group COD bonds 
Group COD bonds involving metal elements 
Search for  all target bonds started at Sun Jun 14 09:57:13 2026
Bond between N1 and C2

+++++++++++++++++++++++++++++++++++++++++++++++++++
 search a organic-only bond 
aNumTh = 3
for target bond of atoms C2 and N1
The bond is not within the same ring.
Bond order is SINGLE
ha1 490 ha2 892
the hybr-combination is SP3_SP3
In or not in the same ring N
 a1NB2 4:4:3:1: a2NB2 4:1:1:1:
 a1NB1NB2 C-3_2_0_0:C-3_2_2:H-3:N-3_0_0_0 a2NB1NB2 C-3_3_2_0:H-3:H-3:H-3
 a1M C(CHHS)(NH3)(COO)(H) a2M N(CCCH)(H)3
 a1C C(CHHS)(NH3)(COO)(H) a2C N(CCCH)(H)3
atom 1 CH1  atom 2 NT3
Found all hashing codes 
Found hybr-combination SP3_SP3
Find in-ring prop N
find 4:4:3:1:
find 4:1:1:1:
 find C-3_2_0_0:C-3_2_2:H-3:N-3_0_0_0
 find C-3_3_2_0:H-3:H-3:H-3
start level is 2
tNumTh is 3
0
the level is now 3
The end search level is 3
The sig value is 0.00802
Finally bond sig is 0.00802
The final target bond value is 1.49
Its sig value is 0.00802

+++++++++++++++++++++++++++++++++++++++++++++++++++
Bond between C2 and C3

+++++++++++++++++++++++++++++++++++++++++++++++++++
 search a organic-only bond 
aNumTh = 3
for target bond of atoms C2 and C3
The bond is not within the same ring.
Bond order is SINGLE
ha1 490 ha2 930
the hybr-combination is SP2_SP3
In or not in the same ring N
 a1NB2 4:4:3:1: a2NB2 4:1:1:
 a1NB1NB2 C-3_2_0_0:C-3_2_2:H-3:N-3_0_0_0 a2NB1NB2 C-3_3_2_0:O-2:O-2
 a1M C(CHHS)(NH3)(COO)(H) a2M C(CCHN)(O)2
 a1C C(CHHS)(NH3)(COO)(H) a2C C(CCHN)(O)2
atom 1 CH1  atom 2 C
Found all hashing codes 
Found hybr-combination SP2_SP3
Find in-ring prop N
find 4:4:3:1:
find 4:1:1:
 find C-3_2_0_0:C-3_2_2:H-3:N-3_0_0_0
 find C-3_3_2_0:O-2:O-2
 find C(CHHS)(NH3)(COO)(H)
 find C(CCHN)(O)2
 find C(CHHS)(NH3)(COO)(H)
 find C(CCHN)(O)2
Found exact matches of atom cod-classes 
Number of value associate it 16
the table sigma 0.0064
Finally bond sig is 0.0064
The final target bond value is 1.53
Its sig value is 0.0064

+++++++++++++++++++++++++++++++++++++++++++++++++++
Bond between C2 and C5

+++++++++++++++++++++++++++++++++++++++++++++++++++
 search a organic-only bond 
aNumTh = 3
for target bond of atoms C2 and C5
The bond is not within the same ring.
Bond order is SINGLE
ha1 490 ha2 490
the hybr-combination is SP3_SP3
In or not in the same ring N
 a1NB2 4:4:3:1: a2NB2 4:2:1:1:
 a1NB1NB2 C-3_2_0_0:C-3_2_2:H-3:N-3_0_0_0 a2NB1NB2 C-3_3_2_0:H-3:H-3:S-3_2
 a1M C(CHHS)(NH3)(COO)(H) a2M C(CCHN)(SC)(H)2
 a1C C(CHHS)(NH3)(COO)(H) a2C C(CCHN)(SC)(H)2
atom 1 CH1  atom 2 CH2
Found all hashing codes 
Found hybr-combination SP3_SP3
Find in-ring prop N
find 4:4:3:1:
find 4:2:1:1:
start level is 5
tNumTh is 3
0
the level is now 6
the level is now 7
The end search level is 7
The sig value is 0.0152
Finally bond sig is 0.0152
The final target bond value is 1.52
Its sig value is 0.0152

+++++++++++++++++++++++++++++++++++++++++++++++++++
Bond between C3 and O4

+++++++++++++++++++++++++++++++++++++++++++++++++++
 search a organic-only bond 
aNumTh = 3
for target bond of atoms O4 and C3
The bond is not within the same ring.
Bond order is DOUBLE
ha1 863 ha2 930
the hybr-combination is SP2_SP2
In or not in the same ring N
 a1NB2 3: a2NB2 4:1:1:
 a1NB1NB2 C-3_2_2 a2NB1NB2 C-3_3_2_0:O-2:O-2
 a1M O(CCO) a2M C(CCHN)(O)2
 a1C O(CCO) a2C C(CCHN)(O)2
atom 1 C  atom 2 O
Found all hashing codes 
Found hybr-combination SP2_SP2
Find in-ring prop N
find 3:
find 4:1:1:
 find C-3_2_2
 find C-3_3_2_0:O-2:O-2
 find O(CCO)
start level is 1
tNumTh is 3
0
the level is now 2
the level is now 3
the level is now 4
the level is now 5
The end search level is 5
The sig value is 0.0183
Finally bond sig is 0.0183
The final target bond value is 1.25
Its sig value is 0.0183

+++++++++++++++++++++++++++++++++++++++++++++++++++
Bond between C3 and O7

+++++++++++++++++++++++++++++++++++++++++++++++++++
 search a organic-only bond 
aNumTh = 3
for target bond of atoms O7 and C3
The bond is not within the same ring.
Bond order is SINGLE
ha1 863 ha2 930
the hybr-combination is SP2_SP2
In or not in the same ring N
 a1NB2 3: a2NB2 4:1:1:
 a1NB1NB2 C-3_2_2 a2NB1NB2 C-3_3_2_0:O-2:O-2
 a1M O(CCO) a2M C(CCHN)(O)2
 a1C O(CCO) a2C C(CCHN)(O)2
atom 1 C  atom 2 OC
Found all hashing codes 
Found hybr-combination SP2_SP2
Find in-ring prop N
find 3:
find 4:1:1:
 find C-3_2_2
 find C-3_3_2_0:O-2:O-2
 find O(CCO)
start level is 1
tNumTh is 3
0
the level is now 2
the level is now 3
the level is now 4
the level is now 5
The end search level is 5
The sig value is 0.0183
Finally bond sig is 0.0183
The final target bond value is 1.25
Its sig value is 0.0183

+++++++++++++++++++++++++++++++++++++++++++++++++++
Bond between C5 and S6

+++++++++++++++++++++++++++++++++++++++++++++++++++
 search a organic-only bond 
aNumTh = 3
for target bond of atoms C5 and S6
The bond is not within the same ring.
Bond order is SINGLE
ha1 490 ha2 909
the hybr-combination is SP2_SP3
In or not in the same ring N
 a1NB2 4:2:1:1: a2NB2 4:3:
 a1NB1NB2 C-3_3_2_0:H-3:H-3:S-3_2 a2NB1NB2 C-2_2_0:C-3_2_0_0
 a1M C(CCHN)(SC)(H)2 a2M S(CCHH)(CCH)
 a1C C(CCHN)(SC)(H)2 a2C S(CCHH)(CCH)
atom 1 CH2  atom 2 S2
Found all hashing codes 
Found hybr-combination SP2_SP3
Find in-ring prop N
find 4:2:1:1:
find 4:3:
start level is 5
tNumTh is 3
0
the level is now 6
The end search level is 6
The sig value is 0.0112
Finally bond sig is 0.0112
The final target bond value is 1.81
Its sig value is 0.0112

+++++++++++++++++++++++++++++++++++++++++++++++++++
Bond between N14 and C15

+++++++++++++++++++++++++++++++++++++++++++++++++++
 search a organic-only bond 
aNumTh = 3
for target bond of atoms N14 and C15
The bond is within the same ring.
ha1 371 ha2 643
the hybr-combination is SP2_SP2
In or not in the same ring Y
 a1NB2 3:3: a2NB2 2:2:1:
 a1NB1NB2 C[6a]-2_2_0:C[6a]-2_2_2 a2NB1NB2 H-2:N[6a]-2_2:N[6a]-2_2
 a1M N[6a](C[6a]C[5a,6a]N)(C[6a]N[6a]H) a2M C[6a](N[6a]C[5a,6a])(N[6a]C[6a])(H)
 a1C N[6a](C[6a]C[5a,6a]N)(C[6a]N[6a]H){2|C<3>} a2C C[6a](N[6a]C[5a,6a])(N[6a]C[6a])(H){1|C<3>,2|N<3>}
atom 1 CR16  atom 2 N20
Found all hashing codes 
Found hybr-combination SP2_SP2
Find in-ring prop Y
find 3:3:
find 2:2:1:
 find C[6a]-2_2_0:C[6a]-2_2_2
 find H-2:N[6a]-2_2:N[6a]-2_2
 find N[6a](C[6a]C[5a,6a]N)(C[6a]N[6a]H)
 find C[6a](N[6a]C[5a,6a])(N[6a]C[6a])(H)
 find N[6a](C[6a]C[5a,6a]N)(C[6a]N[6a]H){2|C<3>}
 find C[6a](N[6a]C[5a,6a])(N[6a]C[6a])(H){1|C<3>,2|N<3>}
Found exact matches of atom cod-classes 
Number of value associate it 23
the table sigma 0.0085
Finally bond sig is 0.0085
The final target bond value is 1.34
Its sig value is 0.0085

+++++++++++++++++++++++++++++++++++++++++++++++++++
Bond between N14 and C19

+++++++++++++++++++++++++++++++++++++++++++++++++++
 search a organic-only bond 
aNumTh = 3
for target bond of atoms N14 and C19
The bond is within the same ring.
ha1 371 ha2 643
the hybr-combination is SP2_SP2
In or not in the same ring Y
 a1NB2 3:3: a2NB2 3:2:3:
 a1NB1NB2 C[6a]-2_2_0:C[6a]-2_2_2 a2NB1NB2 C[5a,6a]-2_2_2:N-2_0_0:N[6a]-2_2
 a1M N[6a](C[6a]C[5a,6a]N)(C[6a]N[6a]H) a2M C[6a](C[5a,6a]C[5a,6a]C[5a])(N[6a]C[6a])(NHH)
 a1C N[6a](C[6a]C[5a,6a]N)(C[6a]N[6a]H){2|C<3>} a2C C[6a](C[5a,6a]C[5a,6a]C[5a])(N[6a]C[6a])(NHH){1|C<3>,1|H<1>,1|N<3>,2|N<2>}
atom 1 CR6  atom 2 N20
Found all hashing codes 
Found hybr-combination SP2_SP2
Find in-ring prop Y
find 3:3:
find 3:2:3:
 find C[6a]-2_2_0:C[6a]-2_2_2
 find C[5a,6a]-2_2_2:N-2_0_0:N[6a]-2_2
 find N[6a](C[6a]C[5a,6a]N)(C[6a]N[6a]H)
 find C[6a](C[5a,6a]C[5a,6a]C[5a])(N[6a]C[6a])(NHH)
 find N[6a](C[6a]C[5a,6a]N)(C[6a]N[6a]H){2|C<3>}
 find C[6a](C[5a,6a]C[5a,6a]C[5a])(N[6a]C[6a])(NHH){1|C<3>,1|H<1>,1|N<3>,2|N<2>}
Found exact matches of atom cod-classes 
Number of value associate it 1
the table sigma 0
start level is 0
tNumTh is 3
0
the level is now 1
The end search level is 1
The sig value is 0.0076
Finally bond sig is 0.0076
The final target bond value is 1.35
Its sig value is 0.0076

+++++++++++++++++++++++++++++++++++++++++++++++++++
Bond between C15 and N16

+++++++++++++++++++++++++++++++++++++++++++++++++++
 search a organic-only bond 
aNumTh = 3
for target bond of atoms N16 and C15
The bond is within the same ring.
ha1 371 ha2 643
the hybr-combination is SP2_SP2
In or not in the same ring Y
 a1NB2 3:3: a2NB2 2:2:1:
 a1NB1NB2 C[5a,6a]-2_2_2:C[6a]-2_2_0 a2NB1NB2 H-2:N[6a]-2_2:N[6a]-2_2
 a1M N[6a](C[5a,6a]C[5a,6a]N[5a])(C[6a]N[6a]H) a2M C[6a](N[6a]C[5a,6a])(N[6a]C[6a])(H)
 a1C N[6a](C[5a,6a]C[5a,6a]N[5a])(C[6a]N[6a]H){1|C<4>,1|N<2>,2|C<3>} a2C C[6a](N[6a]C[5a,6a])(N[6a]C[6a])(H){1|C<3>,2|N<3>}
atom 1 CR16  atom 2 N20
Found all hashing codes 
Found hybr-combination SP2_SP2
Find in-ring prop Y
find 3:3:
find 2:2:1:
 find C[5a,6a]-2_2_2:C[6a]-2_2_0
 find H-2:N[6a]-2_2:N[6a]-2_2
 find N[6a](C[5a,6a]C[5a,6a]N[5a])(C[6a]N[6a]H)
 find C[6a](N[6a]C[5a,6a])(N[6a]C[6a])(H)
 find N[6a](C[5a,6a]C[5a,6a]N[5a])(C[6a]N[6a]H){1|C<4>,1|N<2>,2|C<3>}
 find C[6a](N[6a]C[5a,6a])(N[6a]C[6a])(H){1|C<3>,2|N<3>}
Found exact matches of atom cod-classes 
Number of value associate it 106
the table sigma 0.0075
Finally bond sig is 0.0075
The final target bond value is 1.33
Its sig value is 0.0075

+++++++++++++++++++++++++++++++++++++++++++++++++++
Bond between N16 and C17

+++++++++++++++++++++++++++++++++++++++++++++++++++
 search a organic-only bond 
aNumTh = 3
for target bond of atoms N16 and C17
The bond is within the same ring.
ha1 371 ha2 727
the hybr-combination is SP2_SP2
In or not in the same ring Y
 a1NB2 3:3: a2NB2 3:3:2:
 a1NB1NB2 C[5a,6a]-2_2_2:C[6a]-2_2_0 a2NB1NB2 C[5a,6a]-2_2_2:N[5a]-3_2_2:N[6a]-2_2
 a1M N[6a](C[5a,6a]C[5a,6a]N[5a])(C[6a]N[6a]H) a2M C[5a,6a](C[5a,6a]C[5a]C[6a])(N[5a]N[5a]C[6])(N[6a]C[6a])
 a1C N[6a](C[5a,6a]C[5a,6a]N[5a])(C[6a]N[6a]H){1|C<4>,1|N<2>,2|C<3>} a2C C[5a,6a](C[5a,6a]C[5a]C[6a])(N[5a]N[5a]C[6])(N[6a]C[6a]){1|C<3>,1|N<2>,1|N<3>,2|C<4>,2|H<1>}
atom 1 CR56  atom 2 N20
Found all hashing codes 
Found hybr-combination SP2_SP2
Find in-ring prop Y
find 3:3:
find 3:3:2:
 find C[5a,6a]-2_2_2:C[6a]-2_2_0
 find C[5a,6a]-2_2_2:N[5a]-3_2_2:N[6a]-2_2
 find N[6a](C[5a,6a]C[5a,6a]N[5a])(C[6a]N[6a]H)
start level is 1
tNumTh is 3
0
Bond sig is 0.0121
the level is now 2
The end search level is 2
The sig value is 0.0121
Finally bond sig is 0.0121
The final target bond value is 1.34
Its sig value is 0.0121

+++++++++++++++++++++++++++++++++++++++++++++++++++
Bond between C17 and N45

+++++++++++++++++++++++++++++++++++++++++++++++++++
 search a organic-only bond 
aNumTh = 3
for target bond of atoms C17 and N45
The bond is within the same ring.
ha1 727 ha2 813
the hybr-combination is SP2_SP2
In or not in the same ring Y
 a1NB2 3:3:2: a2NB2 3:4:2:
 a1NB1NB2 C[5a,6a]-2_2_2:N[5a]-3_2_2:N[6a]-2_2 a2NB1NB2 C[5a,6a]-2_2_2:C[6]-3_3_2_0:N[5a]-2_2
 a1M C[5a,6a](C[5a,6a]C[5a]C[6a])(N[5a]N[5a]C[6])(N[6a]C[6a]) a2M N[5a](C[5a,6a]C[5a,6a]N[6a])(C[6]C[6]2H)(N[5a]C[5a])
 a1C C[5a,6a](C[5a,6a]C[5a]C[6a])(N[5a]N[5a]C[6])(N[6a]C[6a]){1|C<3>,1|N<2>,1|N<3>,2|C<4>,2|H<1>} a2C N[5a](C[5a,6a]C[5a,6a]N[6a])(C[6]C[6]2H)(N[5a]C[5a]){1|C<4>,1|N<3>,3|C<3>,4|H<1>}
atom 1 CR56  atom 2 NH0
Found all hashing codes 
Found hybr-combination SP2_SP2
Find in-ring prop Y
find 3:3:2:
find 3:4:2:
 find C[5a,6a]-2_2_2:N[5a]-3_2_2:N[6a]-2_2
 find C[5a,6a]-2_2_2:C[6]-3_3_2_0:N[5a]-2_2
start level is 2
tNumTh is 3
0
the level is now 3
the level is now 4
the level is now 5
The end search level is 5
The sig value is 0.0053
Finally bond sig is 0.0053
The final target bond value is 1.36
Its sig value is 0.0053

+++++++++++++++++++++++++++++++++++++++++++++++++++
Bond between C17 and C18

+++++++++++++++++++++++++++++++++++++++++++++++++++
 search a organic-only bond 
aNumTh = 3
for target bond of atoms C18 and C17
The bond is within the same ring.
ha1 727 ha2 727
the hybr-combination is SP2_SP2
In or not in the same ring Y
 a1NB2 3:3:3: a2NB2 3:3:2:
 a1NB1NB2 C[5a,6a]-2_2_2:C[5a]-2_2_2:C[6a]-2_2_2 a2NB1NB2 C[5a,6a]-2_2_2:N[5a]-3_2_2:N[6a]-2_2
 a1M C[5a,6a](C[5a,6a]N[5a]N[6a])(C[5a]C[6a]N[5a])(C[6a]N[6a]N) a2M C[5a,6a](C[5a,6a]C[5a]C[6a])(N[5a]N[5a]C[6])(N[6a]C[6a])
 a1C C[5a,6a](C[5a,6a]N[5a]N[6a])(C[5a]C[6a]N[5a])(C[6a]N[6a]N){1|C<4>,3|C<3>} a2C C[5a,6a](C[5a,6a]C[5a]C[6a])(N[5a]N[5a]C[6])(N[6a]C[6a]){1|C<3>,1|N<2>,1|N<3>,2|C<4>,2|H<1>}
atom 1 CR56  atom 2 CR56
Found all hashing codes 
Found hybr-combination SP2_SP2
Find in-ring prop Y
find 3:3:3:
find 3:3:2:
 find C[5a,6a]-2_2_2:C[5a]-2_2_2:C[6a]-2_2_2
 find C[5a,6a]-2_2_2:N[5a]-3_2_2:N[6a]-2_2
start level is 2
tNumTh is 3
0
the level is now 3
the level is now 4
The end search level is 4
The sig value is 0.00133
Finally bond sig is 0.00133
The final target bond value is 1.41
Its sig value is 0.00133

+++++++++++++++++++++++++++++++++++++++++++++++++++
Bond between C18 and C19

+++++++++++++++++++++++++++++++++++++++++++++++++++
 search a organic-only bond 
aNumTh = 3
for target bond of atoms C19 and C18
The bond is within the same ring.
ha1 643 ha2 727
the hybr-combination is SP2_SP2
In or not in the same ring Y
 a1NB2 3:2:3: a2NB2 3:3:3:
 a1NB1NB2 C[5a,6a]-2_2_2:N-2_0_0:N[6a]-2_2 a2NB1NB2 C[5a,6a]-2_2_2:C[5a]-2_2_2:C[6a]-2_2_2
 a1M C[6a](C[5a,6a]C[5a,6a]C[5a])(N[6a]C[6a])(NHH) a2M C[5a,6a](C[5a,6a]N[5a]N[6a])(C[5a]C[6a]N[5a])(C[6a]N[6a]N)
 a1C C[6a](C[5a,6a]C[5a,6a]C[5a])(N[6a]C[6a])(NHH){1|C<3>,1|H<1>,1|N<3>,2|N<2>} a2C C[5a,6a](C[5a,6a]N[5a]N[6a])(C[5a]C[6a]N[5a])(C[6a]N[6a]N){1|C<4>,3|C<3>}
atom 1 CR56  atom 2 CR6
Found all hashing codes 
Found hybr-combination SP2_SP2
Find in-ring prop Y
find 3:2:3:
find 3:3:3:
 find C[5a,6a]-2_2_2:N-2_0_0:N[6a]-2_2
 find C[5a,6a]-2_2_2:C[5a]-2_2_2:C[6a]-2_2_2
 find C[6a](C[5a,6a]C[5a,6a]C[5a])(N[6a]C[6a])(NHH)
start level is 1
tNumTh is 3
0
the level is now 2
the level is now 3
the level is now 4
the level is now 5
The end search level is 5
The sig value is 0.0112
Finally bond sig is 0.0112
The final target bond value is 1.42
Its sig value is 0.0112

+++++++++++++++++++++++++++++++++++++++++++++++++++
Bond between C18 and C43

+++++++++++++++++++++++++++++++++++++++++++++++++++
 search a organic-only bond 
aNumTh = 3
for target bond of atoms C18 and C43
The bond is within the same ring.
ha1 727 ha2 727
the hybr-combination is SP2_SP2
In or not in the same ring Y
 a1NB2 3:3:3: a2NB2 3:3:2:
 a1NB1NB2 C[5a,6a]-2_2_2:C[5a]-2_2_2:C[6a]-2_2_2 a2NB1NB2 C[5a,6a]-2_2_2:C[6a]-2_2_2:N[5a]-2_2
 a1M C[5a,6a](C[5a,6a]N[5a]N[6a])(C[5a]C[6a]N[5a])(C[6a]N[6a]N) a2M C[5a](C[5a,6a]C[5a,6a]C[6a])(C[6a]C[6a]2)(N[5a]N[5a])
 a1C C[5a,6a](C[5a,6a]N[5a]N[6a])(C[5a]C[6a]N[5a])(C[6a]N[6a]N){1|C<4>,3|C<3>} a2C C[5a](C[5a,6a]C[5a,6a]C[6a])(C[6a]C[6a]2)(N[5a]N[5a]){1|C<4>,1|N<3>,2|C<3>,2|H<1>,2|N<2>}
atom 1 CR56  atom 2 CR5
Found all hashing codes 
Found hybr-combination SP2_SP2
Find in-ring prop Y
find 3:3:3:
find 3:3:2:
 find C[5a,6a]-2_2_2:C[5a]-2_2_2:C[6a]-2_2_2
 find C[5a,6a]-2_2_2:C[6a]-2_2_2:N[5a]-2_2
start level is 2
tNumTh is 3
0
the level is now 3
the level is now 4
the level is now 5
The end search level is 5
The sig value is 0.027
Finally bond sig is 0.027
The final target bond value is 1.42
Its sig value is 0.027

+++++++++++++++++++++++++++++++++++++++++++++++++++
Bond between C19 and N21

+++++++++++++++++++++++++++++++++++++++++++++++++++
 search a organic-only bond 
aNumTh = 3
for target bond of atoms C19 and N21
The bond is not within the same ring.
Bond order is SINGLE
ha1 643 ha2 956
the hybr-combination is SP2_SP2
In or not in the same ring N
 a1NB2 3:2:3: a2NB2 3:1:1:
 a1NB1NB2 C[5a,6a]-2_2_2:N-2_0_0:N[6a]-2_2 a2NB1NB2 C[6a]-2_2_2:H-2:H-2
 a1M C[6a](C[5a,6a]C[5a,6a]C[5a])(N[6a]C[6a])(NHH) a2M N(C[6a]C[5a,6a]N[6a])(H)2
 a1C C[6a](C[5a,6a]C[5a,6a]C[5a])(N[6a]C[6a])(NHH){1|C<3>,1|H<1>,1|N<3>,2|N<2>} a2C N(C[6a]C[5a,6a]N[6a])(H)2
atom 1 CR6  atom 2 NH2
Found all hashing codes 
Found hybr-combination SP2_SP2
Find in-ring prop N
find 3:2:3:
find 3:1:1:
 find C[5a,6a]-2_2_2:N-2_0_0:N[6a]-2_2
 find C[6a]-2_2_2:H-2:H-2
 find C[6a](C[5a,6a]C[5a,6a]C[5a])(N[6a]C[6a])(NHH)
 find N(C[6a]C[5a,6a]N[6a])(H)2
 find C[6a](C[5a,6a]C[5a,6a]C[5a])(N[6a]C[6a])(NHH){1|C<3>,1|H<1>,1|N<3>,2|N<2>}
 find N(C[6a]C[5a,6a]N[6a])(H)2
Found exact matches of atom cod-classes 
Number of value associate it 1
the table sigma 0
start level is 0
tNumTh is 3
0
the level is now 1
The end search level is 1
The sig value is 0.0104
Finally bond sig is 0.0104
The final target bond value is 1.34
Its sig value is 0.0104

+++++++++++++++++++++++++++++++++++++++++++++++++++
Bond between C20 and C23

+++++++++++++++++++++++++++++++++++++++++++++++++++
 search a organic-only bond 
aNumTh = 3
for target bond of atoms C23 and C20
The bond is not within the same ring.
Bond order is DOUBLE
ha1 930 ha2 930
the hybr-combination is SP2_SP2
In or not in the same ring N
 a1NB2 3:3:1: a2NB2 3:2:1:
 a1NB1NB2 C-2_2_0:C-2_2_2:H-2 a2NB1NB2 C-2_2_0:H-2:S-3_2
 a1M C(CN[6]O)(CHS)(H) a2M C(CCH)(SC)(H)
 a1C C(CN[6]O)(CHS)(H) a2C C(CCH)(SC)(H)
atom 1 C1  atom 2 C1
Found all hashing codes 
Found hybr-combination SP2_SP2
Find in-ring prop N
find 3:3:1:
find 3:2:1:
 find C-2_2_0:C-2_2_2:H-2
 find C-2_2_0:H-2:S-3_2
start level is 2
tNumTh is 3
0
the level is now 3
the level is now 4
the level is now 5
The end search level is 5
The sig value is 0.0231
Finally bond sig is 0.0231
The final target bond value is 1.47
Its sig value is 0.0231

+++++++++++++++++++++++++++++++++++++++++++++++++++
Bond between O22 and C39

+++++++++++++++++++++++++++++++++++++++++++++++++++
 search a organic-only bond 
aNumTh = 3
for target bond of atoms O22 and C39
The bond is not within the same ring.
Bond order is DOUBLE
ha1 863 ha2 930
the hybr-combination is SP2_SP2
In or not in the same ring N
 a1NB2 3: a2NB2 3:3:1:
 a1NB1NB2 C-2_2_2 a2NB1NB2 C-2_2_0:N[6]-3_3_2:O-2
 a1M O(CN[6]C) a2M C(N[6]C[6]2)(CCH)(O)
 a1C O(CN[6]C) a2C C(N[6]C[6]2)(CCH)(O)
atom 1 C  atom 2 O
Found all hashing codes 
Found hybr-combination SP2_SP2
Find in-ring prop N
find 3:
find 3:3:1:
 find C-2_2_2
 find C-2_2_0:N[6]-3_3_2:O-2
 find O(CN[6]C)
 find C(N[6]C[6]2)(CCH)(O)
 find O(CN[6]C)
 find C(N[6]C[6]2)(CCH)(O)
Found exact matches of atom cod-classes 
Number of value associate it 27
the table sigma 0.0096
Finally bond sig is 0.0096
The final target bond value is 1.23
Its sig value is 0.0096

+++++++++++++++++++++++++++++++++++++++++++++++++++
Bond between C23 and C39

+++++++++++++++++++++++++++++++++++++++++++++++++++
 search a organic-only bond 
aNumTh = 3
for target bond of atoms C39 and C23
The bond is not within the same ring.
Bond order is SINGLE
ha1 930 ha2 930
the hybr-combination is SP2_SP2
In or not in the same ring N
 a1NB2 3:3:1: a2NB2 3:3:1:
 a1NB1NB2 C-2_2_0:N[6]-3_3_2:O-2 a2NB1NB2 C-2_2_0:C-2_2_2:H-2
 a1M C(N[6]C[6]2)(CCH)(O) a2M C(CN[6]O)(CHS)(H)
 a1C C(N[6]C[6]2)(CCH)(O) a2C C(CN[6]O)(CHS)(H)
atom 1 C1  atom 2 C
Found all hashing codes 
Found hybr-combination SP2_SP2
Find in-ring prop N
find 3:3:1:
find 3:3:1:
 find C-2_2_0:N[6]-3_3_2:O-2
 find C-2_2_0:C-2_2_2:H-2
 find C(N[6]C[6]2)(CCH)(O)
start level is 1
tNumTh is 3
0
the level is now 2
the level is now 3
the level is now 4
the level is now 5
The end search level is 5
The sig value is 0.0549
Finally bond sig is 0.0549
The final target bond value is 1.35
Its sig value is 0.0549

+++++++++++++++++++++++++++++++++++++++++++++++++++
Bond between C24 and C25

+++++++++++++++++++++++++++++++++++++++++++++++++++
 search a organic-only bond 
aNumTh = 3
for target bond of atoms C25 and C24
The bond is within the same ring.
ha1 643 ha2 643
the hybr-combination is SP2_SP2
In or not in the same ring Y
 a1NB2 3:3:1: a2NB2 3:3:1:
 a1NB1NB2 C[6a]-2_2_0:C[6a]-2_2_0:H-2 a2NB1NB2 C[6a]-2_2_0:C[6a]-2_2_0:H-2
 a1M C[6a](C[6a]C[6a]H)2(H) a2M C[6a](C[6a]C[6a]H)2(H)
 a1C C[6a](C[6a]C[6a]H)2(H){1|C<3>,1|H<1>,1|O<2>} a2C C[6a](C[6a]C[6a]H)2(H){1|C<3>,2|H<1>}
atom 1 CR16  atom 2 CR16
Found all hashing codes 
Found hybr-combination SP2_SP2
Find in-ring prop Y
find 3:3:1:
find 3:3:1:
 find C[6a]-2_2_0:C[6a]-2_2_0:H-2
 find C[6a]-2_2_0:C[6a]-2_2_0:H-2
 find C[6a](C[6a]C[6a]H)2(H)
 find C[6a](C[6a]C[6a]H)2(H)
 find C[6a](C[6a]C[6a]H)2(H){1|C<3>,1|H<1>,1|O<2>}
 find C[6a](C[6a]C[6a]H)2(H){1|C<3>,2|H<1>}
Found exact matches of atom cod-classes 
Number of value associate it 2577
the table sigma 0.0147
Finally bond sig is 0.0147
The final target bond value is 1.38
Its sig value is 0.0147

+++++++++++++++++++++++++++++++++++++++++++++++++++
Bond between C24 and C26

+++++++++++++++++++++++++++++++++++++++++++++++++++
 search a organic-only bond 
aNumTh = 3
for target bond of atoms C26 and C24
The bond is within the same ring.
ha1 643 ha2 643
the hybr-combination is SP2_SP2
In or not in the same ring Y
 a1NB2 3:3:1: a2NB2 3:3:1:
 a1NB1NB2 C[6a]-2_2_0:C[6a]-2_2_0:H-2 a2NB1NB2 C[6a]-2_2_0:C[6a]-2_2_0:H-2
 a1M C[6a](C[6a]C[6a]H)2(H) a2M C[6a](C[6a]C[6a]H)2(H)
 a1C C[6a](C[6a]C[6a]H)2(H){1|C<3>,1|H<1>,1|O<2>} a2C C[6a](C[6a]C[6a]H)2(H){1|C<3>,2|H<1>}
atom 1 CR16  atom 2 CR16
Found all hashing codes 
Found hybr-combination SP2_SP2
Find in-ring prop Y
find 3:3:1:
find 3:3:1:
 find C[6a]-2_2_0:C[6a]-2_2_0:H-2
 find C[6a]-2_2_0:C[6a]-2_2_0:H-2
 find C[6a](C[6a]C[6a]H)2(H)
 find C[6a](C[6a]C[6a]H)2(H)
 find C[6a](C[6a]C[6a]H)2(H){1|C<3>,1|H<1>,1|O<2>}
 find C[6a](C[6a]C[6a]H)2(H){1|C<3>,2|H<1>}
Found exact matches of atom cod-classes 
Number of value associate it 2577
the table sigma 0.0147
Finally bond sig is 0.0147
The final target bond value is 1.38
Its sig value is 0.0147

+++++++++++++++++++++++++++++++++++++++++++++++++++
Bond between C25 and C27

+++++++++++++++++++++++++++++++++++++++++++++++++++
 search a organic-only bond 
aNumTh = 3
for target bond of atoms C27 and C25
The bond is within the same ring.
ha1 643 ha2 643
the hybr-combination is SP2_SP2
In or not in the same ring Y
 a1NB2 3:3:1: a2NB2 3:3:1:
 a1NB1NB2 C[6a]-2_2_0:C[6a]-2_2_2:H-2 a2NB1NB2 C[6a]-2_2_0:C[6a]-2_2_0:H-2
 a1M C[6a](C[6a]C[6a]H)(C[6a]C[6a]O)(H) a2M C[6a](C[6a]C[6a]H)2(H)
 a1C C[6a](C[6a]C[6a]H)(C[6a]C[6a]O)(H){1|C<3>,2|H<1>} a2C C[6a](C[6a]C[6a]H)2(H){1|C<3>,1|H<1>,1|O<2>}
atom 1 CR16  atom 2 CR16
Found all hashing codes 
Found hybr-combination SP2_SP2
Find in-ring prop Y
find 3:3:1:
find 3:3:1:
 find C[6a]-2_2_0:C[6a]-2_2_2:H-2
 find C[6a]-2_2_0:C[6a]-2_2_0:H-2
 find C[6a](C[6a]C[6a]H)(C[6a]C[6a]O)(H)
 find C[6a](C[6a]C[6a]H)2(H)
 find C[6a](C[6a]C[6a]H)(C[6a]C[6a]O)(H){1|C<3>,2|H<1>}
 find C[6a](C[6a]C[6a]H)2(H){1|C<3>,1|H<1>,1|O<2>}
Found exact matches of atom cod-classes 
Number of value associate it 2574
the table sigma 0.0116
Finally bond sig is 0.0116
The final target bond value is 1.39
Its sig value is 0.0116

+++++++++++++++++++++++++++++++++++++++++++++++++++
Bond between C26 and C28

+++++++++++++++++++++++++++++++++++++++++++++++++++
 search a organic-only bond 
aNumTh = 3
for target bond of atoms C28 and C26
The bond is within the same ring.
ha1 643 ha2 643
the hybr-combination is SP2_SP2
In or not in the same ring Y
 a1NB2 3:3:1: a2NB2 3:3:1:
 a1NB1NB2 C[6a]-2_2_0:C[6a]-2_2_2:H-2 a2NB1NB2 C[6a]-2_2_0:C[6a]-2_2_0:H-2
 a1M C[6a](C[6a]C[6a]H)(C[6a]C[6a]O)(H) a2M C[6a](C[6a]C[6a]H)2(H)
 a1C C[6a](C[6a]C[6a]H)(C[6a]C[6a]O)(H){1|C<3>,2|H<1>} a2C C[6a](C[6a]C[6a]H)2(H){1|C<3>,1|H<1>,1|O<2>}
atom 1 CR16  atom 2 CR16
Found all hashing codes 
Found hybr-combination SP2_SP2
Find in-ring prop Y
find 3:3:1:
find 3:3:1:
 find C[6a]-2_2_0:C[6a]-2_2_2:H-2
 find C[6a]-2_2_0:C[6a]-2_2_0:H-2
 find C[6a](C[6a]C[6a]H)(C[6a]C[6a]O)(H)
 find C[6a](C[6a]C[6a]H)2(H)
 find C[6a](C[6a]C[6a]H)(C[6a]C[6a]O)(H){1|C<3>,2|H<1>}
 find C[6a](C[6a]C[6a]H)2(H){1|C<3>,1|H<1>,1|O<2>}
Found exact matches of atom cod-classes 
Number of value associate it 2574
the table sigma 0.0116
Finally bond sig is 0.0116
The final target bond value is 1.39
Its sig value is 0.0116

+++++++++++++++++++++++++++++++++++++++++++++++++++
Bond between C27 and C40

+++++++++++++++++++++++++++++++++++++++++++++++++++
 search a organic-only bond 
aNumTh = 3
for target bond of atoms C27 and C40
The bond is within the same ring.
ha1 643 ha2 643
the hybr-combination is SP2_SP2
In or not in the same ring Y
 a1NB2 3:3:1: a2NB2 3:3:2:
 a1NB1NB2 C[6a]-2_2_0:C[6a]-2_2_2:H-2 a2NB1NB2 C[6a]-2_2_0:C[6a]-2_2_0:O-2_2
 a1M C[6a](C[6a]C[6a]H)(C[6a]C[6a]O)(H) a2M C[6a](C[6a]C[6a]H)2(OC[6a])
 a1C C[6a](C[6a]C[6a]H)(C[6a]C[6a]O)(H){1|C<3>,2|H<1>} a2C C[6a](C[6a]C[6a]H)2(OC[6a]){1|C<3>,2|H<1>}
atom 1 CR16  atom 2 CR6
Found all hashing codes 
Found hybr-combination SP2_SP2
Find in-ring prop Y
find 3:3:1:
find 3:3:2:
 find C[6a]-2_2_0:C[6a]-2_2_2:H-2
 find C[6a]-2_2_0:C[6a]-2_2_0:O-2_2
 find C[6a](C[6a]C[6a]H)(C[6a]C[6a]O)(H)
 find C[6a](C[6a]C[6a]H)2(OC[6a])
 find C[6a](C[6a]C[6a]H)(C[6a]C[6a]O)(H){1|C<3>,2|H<1>}
 find C[6a](C[6a]C[6a]H)2(OC[6a]){1|C<3>,2|H<1>}
Found exact matches of atom cod-classes 
Number of value associate it 408
the table sigma 0.0137
Finally bond sig is 0.0137
The final target bond value is 1.37
Its sig value is 0.0137

+++++++++++++++++++++++++++++++++++++++++++++++++++
Bond between C28 and C40

+++++++++++++++++++++++++++++++++++++++++++++++++++
 search a organic-only bond 
aNumTh = 3
for target bond of atoms C28 and C40
The bond is within the same ring.
ha1 643 ha2 643
the hybr-combination is SP2_SP2
In or not in the same ring Y
 a1NB2 3:3:1: a2NB2 3:3:2:
 a1NB1NB2 C[6a]-2_2_0:C[6a]-2_2_2:H-2 a2NB1NB2 C[6a]-2_2_0:C[6a]-2_2_0:O-2_2
 a1M C[6a](C[6a]C[6a]H)(C[6a]C[6a]O)(H) a2M C[6a](C[6a]C[6a]H)2(OC[6a])
 a1C C[6a](C[6a]C[6a]H)(C[6a]C[6a]O)(H){1|C<3>,2|H<1>} a2C C[6a](C[6a]C[6a]H)2(OC[6a]){1|C<3>,2|H<1>}
atom 1 CR16  atom 2 CR6
Found all hashing codes 
Found hybr-combination SP2_SP2
Find in-ring prop Y
find 3:3:1:
find 3:3:2:
 find C[6a]-2_2_0:C[6a]-2_2_2:H-2
 find C[6a]-2_2_0:C[6a]-2_2_0:O-2_2
 find C[6a](C[6a]C[6a]H)(C[6a]C[6a]O)(H)
 find C[6a](C[6a]C[6a]H)2(OC[6a])
 find C[6a](C[6a]C[6a]H)(C[6a]C[6a]O)(H){1|C<3>,2|H<1>}
 find C[6a](C[6a]C[6a]H)2(OC[6a]){1|C<3>,2|H<1>}
Found exact matches of atom cod-classes 
Number of value associate it 408
the table sigma 0.0137
Finally bond sig is 0.0137
The final target bond value is 1.37
Its sig value is 0.0137

+++++++++++++++++++++++++++++++++++++++++++++++++++
Bond between C29 and C31

+++++++++++++++++++++++++++++++++++++++++++++++++++
 search a organic-only bond 
aNumTh = 3
for target bond of atoms C31 and C29
The bond is within the same ring.
ha1 643 ha2 643
the hybr-combination is SP2_SP2
In or not in the same ring Y
 a1NB2 3:3:1: a2NB2 3:3:1:
 a1NB1NB2 C[6a]-2_2_0:C[6a]-2_2_2:H-2 a2NB1NB2 C[6a]-2_2_0:C[6a]-2_2_2:H-2
 a1M C[6a](C[6a]C[5a]C[6a])(C[6a]C[6a]H)(H) a2M C[6a](C[6a]C[6a]H)(C[6a]C[6a]O)(H)
 a1C C[6a](C[6a]C[5a]C[6a])(C[6a]C[6a]H)(H){1|H<1>,1|N<2>,1|O<2>,2|C<3>} a2C C[6a](C[6a]C[6a]H)(C[6a]C[6a]O)(H){1|H<1>,2|C<3>}
atom 1 CR16  atom 2 CR16
Found all hashing codes 
Found hybr-combination SP2_SP2
Find in-ring prop Y
find 3:3:1:
find 3:3:1:
 find C[6a]-2_2_0:C[6a]-2_2_2:H-2
 find C[6a]-2_2_0:C[6a]-2_2_2:H-2
 find C[6a](C[6a]C[5a]C[6a])(C[6a]C[6a]H)(H)
 find C[6a](C[6a]C[6a]H)(C[6a]C[6a]O)(H)
 find C[6a](C[6a]C[5a]C[6a])(C[6a]C[6a]H)(H){1|H<1>,1|N<2>,1|O<2>,2|C<3>}
 find C[6a](C[6a]C[6a]H)(C[6a]C[6a]O)(H){1|H<1>,2|C<3>}
Found exact matches of atom cod-classes 
Number of value associate it 152
the table sigma 0.0085
Finally bond sig is 0.0085
The final target bond value is 1.38
Its sig value is 0.0085

+++++++++++++++++++++++++++++++++++++++++++++++++++
Bond between C29 and C41

+++++++++++++++++++++++++++++++++++++++++++++++++++
 search a organic-only bond 
aNumTh = 3
for target bond of atoms C29 and C41
The bond is within the same ring.
ha1 643 ha2 643
the hybr-combination is SP2_SP2
In or not in the same ring Y
 a1NB2 3:3:1: a2NB2 3:3:2:
 a1NB1NB2 C[6a]-2_2_0:C[6a]-2_2_2:H-2 a2NB1NB2 C[6a]-2_2_0:C[6a]-2_2_0:O-2_2
 a1M C[6a](C[6a]C[6a]H)(C[6a]C[6a]O)(H) a2M C[6a](C[6a]C[6a]H)2(OC[6a])
 a1C C[6a](C[6a]C[6a]H)(C[6a]C[6a]O)(H){1|H<1>,2|C<3>} a2C C[6a](C[6a]C[6a]H)2(OC[6a]){1|C<3>,2|H<1>}
atom 1 CR16  atom 2 CR6
Found all hashing codes 
Found hybr-combination SP2_SP2
Find in-ring prop Y
find 3:3:1:
find 3:3:2:
 find C[6a]-2_2_0:C[6a]-2_2_2:H-2
 find C[6a]-2_2_0:C[6a]-2_2_0:O-2_2
 find C[6a](C[6a]C[6a]H)(C[6a]C[6a]O)(H)
 find C[6a](C[6a]C[6a]H)2(OC[6a])
 find C[6a](C[6a]C[6a]H)(C[6a]C[6a]O)(H){1|H<1>,2|C<3>}
 find C[6a](C[6a]C[6a]H)2(OC[6a]){1|C<3>,2|H<1>}
Found exact matches of atom cod-classes 
Number of value associate it 243
the table sigma 0.0083
Finally bond sig is 0.0083
The final target bond value is 1.38
Its sig value is 0.0083

+++++++++++++++++++++++++++++++++++++++++++++++++++
Bond between C30 and C41

+++++++++++++++++++++++++++++++++++++++++++++++++++
 search a organic-only bond 
aNumTh = 3
for target bond of atoms C30 and C41
The bond is within the same ring.
ha1 643 ha2 643
the hybr-combination is SP2_SP2
In or not in the same ring Y
 a1NB2 3:3:1: a2NB2 3:3:2:
 a1NB1NB2 C[6a]-2_2_0:C[6a]-2_2_2:H-2 a2NB1NB2 C[6a]-2_2_0:C[6a]-2_2_0:O-2_2
 a1M C[6a](C[6a]C[6a]H)(C[6a]C[6a]O)(H) a2M C[6a](C[6a]C[6a]H)2(OC[6a])
 a1C C[6a](C[6a]C[6a]H)(C[6a]C[6a]O)(H){1|H<1>,2|C<3>} a2C C[6a](C[6a]C[6a]H)2(OC[6a]){1|C<3>,2|H<1>}
atom 1 CR16  atom 2 CR6
Found all hashing codes 
Found hybr-combination SP2_SP2
Find in-ring prop Y
find 3:3:1:
find 3:3:2:
 find C[6a]-2_2_0:C[6a]-2_2_2:H-2
 find C[6a]-2_2_0:C[6a]-2_2_0:O-2_2
 find C[6a](C[6a]C[6a]H)(C[6a]C[6a]O)(H)
 find C[6a](C[6a]C[6a]H)2(OC[6a])
 find C[6a](C[6a]C[6a]H)(C[6a]C[6a]O)(H){1|H<1>,2|C<3>}
 find C[6a](C[6a]C[6a]H)2(OC[6a]){1|C<3>,2|H<1>}
Found exact matches of atom cod-classes 
Number of value associate it 243
the table sigma 0.0083
Finally bond sig is 0.0083
The final target bond value is 1.38
Its sig value is 0.0083

+++++++++++++++++++++++++++++++++++++++++++++++++++
Bond between C30 and C32

+++++++++++++++++++++++++++++++++++++++++++++++++++
 search a organic-only bond 
aNumTh = 3
for target bond of atoms C32 and C30
The bond is within the same ring.
ha1 643 ha2 643
the hybr-combination is SP2_SP2
In or not in the same ring Y
 a1NB2 3:3:1: a2NB2 3:3:1:
 a1NB1NB2 C[6a]-2_2_0:C[6a]-2_2_2:H-2 a2NB1NB2 C[6a]-2_2_0:C[6a]-2_2_2:H-2
 a1M C[6a](C[6a]C[5a]C[6a])(C[6a]C[6a]H)(H) a2M C[6a](C[6a]C[6a]H)(C[6a]C[6a]O)(H)
 a1C C[6a](C[6a]C[5a]C[6a])(C[6a]C[6a]H)(H){1|H<1>,1|N<2>,1|O<2>,2|C<3>} a2C C[6a](C[6a]C[6a]H)(C[6a]C[6a]O)(H){1|H<1>,2|C<3>}
atom 1 CR16  atom 2 CR16
Found all hashing codes 
Found hybr-combination SP2_SP2
Find in-ring prop Y
find 3:3:1:
find 3:3:1:
 find C[6a]-2_2_0:C[6a]-2_2_2:H-2
 find C[6a]-2_2_0:C[6a]-2_2_2:H-2
 find C[6a](C[6a]C[5a]C[6a])(C[6a]C[6a]H)(H)
 find C[6a](C[6a]C[6a]H)(C[6a]C[6a]O)(H)
 find C[6a](C[6a]C[5a]C[6a])(C[6a]C[6a]H)(H){1|H<1>,1|N<2>,1|O<2>,2|C<3>}
 find C[6a](C[6a]C[6a]H)(C[6a]C[6a]O)(H){1|H<1>,2|C<3>}
Found exact matches of atom cod-classes 
Number of value associate it 152
the table sigma 0.0085
Finally bond sig is 0.0085
The final target bond value is 1.38
Its sig value is 0.0085

+++++++++++++++++++++++++++++++++++++++++++++++++++
Bond between C31 and C42

+++++++++++++++++++++++++++++++++++++++++++++++++++
 search a organic-only bond 
aNumTh = 3
for target bond of atoms C42 and C31
The bond is within the same ring.
ha1 643 ha2 643
the hybr-combination is SP2_SP2
In or not in the same ring Y
 a1NB2 3:3:3: a2NB2 3:3:1:
 a1NB1NB2 C[5a]-2_2_2:C[6a]-2_2_0:C[6a]-2_2_0 a2NB1NB2 C[6a]-2_2_0:C[6a]-2_2_2:H-2
 a1M C[6a](C[5a]C[5a,6a]N[5a])(C[6a]C[6a]H)2 a2M C[6a](C[6a]C[5a]C[6a])(C[6a]C[6a]H)(H)
 a1C C[6a](C[5a]C[5a,6a]N[5a])(C[6a]C[6a]H)2{1|N<3>,2|H<1>,3|C<3>} a2C C[6a](C[6a]C[5a]C[6a])(C[6a]C[6a]H)(H){1|H<1>,1|N<2>,1|O<2>,2|C<3>}
atom 1 CR16  atom 2 CR6
Found all hashing codes 
Found hybr-combination SP2_SP2
Find in-ring prop Y
find 3:3:3:
find 3:3:1:
 find C[5a]-2_2_2:C[6a]-2_2_0:C[6a]-2_2_0
 find C[6a]-2_2_0:C[6a]-2_2_2:H-2
 find C[6a](C[5a]C[5a,6a]N[5a])(C[6a]C[6a]H)2
 find C[6a](C[6a]C[5a]C[6a])(C[6a]C[6a]H)(H)
 find C[6a](C[5a]C[5a,6a]N[5a])(C[6a]C[6a]H)2{1|N<3>,2|H<1>,3|C<3>}
start level is 0
tNumTh is 3
0
the level is now 1
The end search level is 1
The sig value is 0.0108
Finally bond sig is 0.0108
The final target bond value is 1.39
Its sig value is 0.0108

+++++++++++++++++++++++++++++++++++++++++++++++++++
Bond between C32 and C42

+++++++++++++++++++++++++++++++++++++++++++++++++++
 search a organic-only bond 
aNumTh = 3
for target bond of atoms C42 and C32
The bond is within the same ring.
ha1 643 ha2 643
the hybr-combination is SP2_SP2
In or not in the same ring Y
 a1NB2 3:3:3: a2NB2 3:3:1:
 a1NB1NB2 C[5a]-2_2_2:C[6a]-2_2_0:C[6a]-2_2_0 a2NB1NB2 C[6a]-2_2_0:C[6a]-2_2_2:H-2
 a1M C[6a](C[5a]C[5a,6a]N[5a])(C[6a]C[6a]H)2 a2M C[6a](C[6a]C[5a]C[6a])(C[6a]C[6a]H)(H)
 a1C C[6a](C[5a]C[5a,6a]N[5a])(C[6a]C[6a]H)2{1|N<3>,2|H<1>,3|C<3>} a2C C[6a](C[6a]C[5a]C[6a])(C[6a]C[6a]H)(H){1|H<1>,1|N<2>,1|O<2>,2|C<3>}
atom 1 CR16  atom 2 CR6
Found all hashing codes 
Found hybr-combination SP2_SP2
Find in-ring prop Y
find 3:3:3:
find 3:3:1:
 find C[5a]-2_2_2:C[6a]-2_2_0:C[6a]-2_2_0
 find C[6a]-2_2_0:C[6a]-2_2_2:H-2
 find C[6a](C[5a]C[5a,6a]N[5a])(C[6a]C[6a]H)2
 find C[6a](C[6a]C[5a]C[6a])(C[6a]C[6a]H)(H)
 find C[6a](C[5a]C[5a,6a]N[5a])(C[6a]C[6a]H)2{1|N<3>,2|H<1>,3|C<3>}
start level is 0
tNumTh is 3
0
the level is now 1
The end search level is 1
The sig value is 0.0108
Finally bond sig is 0.0108
The final target bond value is 1.39
Its sig value is 0.0108

+++++++++++++++++++++++++++++++++++++++++++++++++++
Bond between C33 and C35

+++++++++++++++++++++++++++++++++++++++++++++++++++
 search a organic-only bond 
aNumTh = 3
for target bond of atoms C33 and C35
The bond is within the same ring.
ha1 466 ha2 466
the hybr-combination is SP3_SP3
In or not in the same ring Y
 a1NB2 4:4:1:1: a2NB2 4:3:1:1:
 a1NB1NB2 C[6]-3_2_0_0:C[6]-3_3_0_0:H-3:H-3 a2NB1NB2 C[6]-3_3_0_0:H-3:H-3:N[6]-3_3_2
 a1M C[6](C[6]C[6]HH)(C[6]N[6]HH)(H)2 a2M C[6](C[6]C[6]HH)(N[6]C[6]C)(H)2
 a1C C[6](C[6]C[6]HH)(C[6]N[6]HH)(H)2{1|C<3>,1|C<4>,1|H<1>,1|N<3>} a2C C[6](C[6]C[6]HH)(N[6]C[6]C)(H)2{1|C<4>,4|H<1>}
atom 1 CH2  atom 2 CH2
Found all hashing codes 
Found hybr-combination SP3_SP3
Find in-ring prop Y
find 4:4:1:1:
find 4:3:1:1:
 find C[6]-3_2_0_0:C[6]-3_3_0_0:H-3:H-3
 find C[6]-3_3_0_0:H-3:H-3:N[6]-3_3_2
 find C[6](C[6]C[6]HH)(C[6]N[6]HH)(H)2
 find C[6](C[6]C[6]HH)(N[6]C[6]C)(H)2
 find C[6](C[6]C[6]HH)(C[6]N[6]HH)(H)2{1|C<3>,1|C<4>,1|H<1>,1|N<3>}
 find C[6](C[6]C[6]HH)(N[6]C[6]C)(H)2{1|C<4>,4|H<1>}
Found exact matches of atom cod-classes 
Number of value associate it 1
the table sigma 0
start level is 0
tNumTh is 3
0
the level is now 1
The end search level is 1
The sig value is 0.0257
Finally bond sig is 0.0257
The final target bond value is 1.51
Its sig value is 0.0257

+++++++++++++++++++++++++++++++++++++++++++++++++++
Bond between C33 and C34

+++++++++++++++++++++++++++++++++++++++++++++++++++
 search a organic-only bond 
aNumTh = 3
for target bond of atoms C34 and C33
The bond is within the same ring.
ha1 466 ha2 466
the hybr-combination is SP3_SP3
In or not in the same ring Y
 a1NB2 4:4:1:1: a2NB2 4:4:1:1:
 a1NB1NB2 C[6]-3_3_0_0:C[6]-3_3_2_0:H-3:H-3 a2NB1NB2 C[6]-3_2_0_0:C[6]-3_3_0_0:H-3:H-3
 a1M C[6](C[6]N[5a]C[6]H)(C[6]C[6]HH)(H)2 a2M C[6](C[6]C[6]HH)(C[6]N[6]HH)(H)2
 a1C C[6](C[6]N[5a]C[6]H)(C[6]C[6]HH)(H)2{1|C<3>,1|N<2>,1|N<3>,4|H<1>} a2C C[6](C[6]C[6]HH)(C[6]N[6]HH)(H)2{1|C<3>,1|C<4>,1|H<1>,1|N<3>}
atom 1 CH2  atom 2 CH2
Found all hashing codes 
Found hybr-combination SP3_SP3
Find in-ring prop Y
find 4:4:1:1:
find 4:4:1:1:
 find C[6]-3_3_0_0:C[6]-3_3_2_0:H-3:H-3
 find C[6]-3_2_0_0:C[6]-3_3_0_0:H-3:H-3
 find C[6](C[6]N[5a]C[6]H)(C[6]C[6]HH)(H)2
start level is 1
tNumTh is 3
0
Bond sig is 0.00617
the level is now 2
The end search level is 2
The sig value is 0.00617
Finally bond sig is 0.00617
The final target bond value is 1.52
Its sig value is 0.00617

+++++++++++++++++++++++++++++++++++++++++++++++++++
Bond between C34 and C44

+++++++++++++++++++++++++++++++++++++++++++++++++++
 search a organic-only bond 
aNumTh = 3
for target bond of atoms C44 and C34
The bond is within the same ring.
ha1 466 ha2 466
the hybr-combination is SP3_SP3
In or not in the same ring Y
 a1NB2 3:4:4:1: a2NB2 4:4:1:1:
 a1NB1NB2 C[6]-3_2_0_0:C[6]-3_3_0_0:H-3:N[5a]-3_2_2 a2NB1NB2 C[6]-3_3_0_0:C[6]-3_3_2_0:H-3:H-3
 a1M C[6](N[5a]C[5a,6a]N[5a])(C[6]C[6]HH)(C[6]N[6]HH)(H) a2M C[6](C[6]N[5a]C[6]H)(C[6]C[6]HH)(H)2
 a1C C[6](N[5a]C[5a,6a]N[5a])(C[6]C[6]HH)(C[6]N[6]HH)(H){1|C<4>,1|N<2>,2|H<1>,3|C<3>} a2C C[6](C[6]N[5a]C[6]H)(C[6]C[6]HH)(H)2{1|C<3>,1|N<2>,1|N<3>,4|H<1>}
atom 1 CH2  atom 2 CH1
Found all hashing codes 
Found hybr-combination SP3_SP3
Find in-ring prop Y
find 3:4:4:1:
find 4:4:1:1:
 find C[6]-3_2_0_0:C[6]-3_3_0_0:H-3:N[5a]-3_2_2
 find C[6]-3_3_0_0:C[6]-3_3_2_0:H-3:H-3
start level is 2
tNumTh is 3
0
the level is now 3
the level is now 4
the level is now 5
The end search level is 5
The sig value is 0.0153
Finally bond sig is 0.0153
The final target bond value is 1.53
Its sig value is 0.0153

+++++++++++++++++++++++++++++++++++++++++++++++++++
Bond between C35 and N46

+++++++++++++++++++++++++++++++++++++++++++++++++++
 search a organic-only bond 
aNumTh = 3
for target bond of atoms C35 and N46
The bond is within the same ring.
ha1 466 ha2 856
the hybr-combination is SP2_SP3
In or not in the same ring Y
 a1NB2 4:3:1:1: a2NB2 4:4:3:
 a1NB1NB2 C[6]-3_3_0_0:H-3:H-3:N[6]-3_3_2 a2NB1NB2 C-2_2_2:C[6]-3_2_0_0:C[6]-3_2_0_0
 a1M C[6](C[6]C[6]HH)(N[6]C[6]C)(H)2 a2M N[6](C[6]C[6]HH)2(CCO)
 a1C C[6](C[6]C[6]HH)(N[6]C[6]C)(H)2{1|C<4>,4|H<1>} a2C N[6](C[6]C[6]HH)2(CCO){1|C<4>,1|N<3>,3|H<1>}
atom 1 CH2  atom 2 NH0
Found all hashing codes 
Found hybr-combination SP2_SP3
Find in-ring prop Y
find 4:3:1:1:
find 4:4:3:
 find C[6]-3_3_0_0:H-3:H-3:N[6]-3_3_2
 find C-2_2_2:C[6]-3_2_0_0:C[6]-3_2_0_0
 find C[6](C[6]C[6]HH)(N[6]C[6]C)(H)2
 find N[6](C[6]C[6]HH)2(CCO)
start level is 0
tNumTh is 3
0
the level is now 1
The end search level is 1
The sig value is 0.0023
Finally bond sig is 0.0023
The final target bond value is 1.47
Its sig value is 0.0023

+++++++++++++++++++++++++++++++++++++++++++++++++++
Bond between C36 and N46

+++++++++++++++++++++++++++++++++++++++++++++++++++
 search a organic-only bond 
aNumTh = 3
for target bond of atoms C36 and N46
The bond is within the same ring.
ha1 466 ha2 856
the hybr-combination is SP2_SP3
In or not in the same ring Y
 a1NB2 4:3:1:1: a2NB2 4:4:3:
 a1NB1NB2 C[6]-3_3_2_0:H-3:H-3:N[6]-3_3_2 a2NB1NB2 C-2_2_2:C[6]-3_2_0_0:C[6]-3_2_0_0
 a1M C[6](C[6]N[5a]C[6]H)(N[6]C[6]C)(H)2 a2M N[6](C[6]C[6]HH)2(CCO)
 a1C C[6](C[6]N[5a]C[6]H)(N[6]C[6]C)(H)2{1|C<3>,1|C<4>,1|N<2>,4|H<1>} a2C N[6](C[6]C[6]HH)2(CCO){1|C<4>,1|N<3>,3|H<1>}
atom 1 CH2  atom 2 NH0
Found all hashing codes 
Found hybr-combination SP2_SP3
Find in-ring prop Y
find 4:3:1:1:
find 4:4:3:
 find C[6]-3_3_2_0:H-3:H-3:N[6]-3_3_2
 find C-2_2_2:C[6]-3_2_0_0:C[6]-3_2_0_0
start level is 2
tNumTh is 3
0
the level is now 3
the level is now 4
The end search level is 4
The sig value is 0.00923
Finally bond sig is 0.00923
The final target bond value is 1.46
Its sig value is 0.00923

+++++++++++++++++++++++++++++++++++++++++++++++++++
Bond between C36 and C44

+++++++++++++++++++++++++++++++++++++++++++++++++++
 search a organic-only bond 
aNumTh = 3
for target bond of atoms C44 and C36
The bond is within the same ring.
ha1 466 ha2 466
the hybr-combination is SP3_SP3
In or not in the same ring Y
 a1NB2 3:4:4:1: a2NB2 4:3:1:1:
 a1NB1NB2 C[6]-3_2_0_0:C[6]-3_3_0_0:H-3:N[5a]-3_2_2 a2NB1NB2 C[6]-3_3_2_0:H-3:H-3:N[6]-3_3_2
 a1M C[6](N[5a]C[5a,6a]N[5a])(C[6]C[6]HH)(C[6]N[6]HH)(H) a2M C[6](C[6]N[5a]C[6]H)(N[6]C[6]C)(H)2
 a1C C[6](N[5a]C[5a,6a]N[5a])(C[6]C[6]HH)(C[6]N[6]HH)(H){1|C<4>,1|N<2>,2|H<1>,3|C<3>} a2C C[6](C[6]N[5a]C[6]H)(N[6]C[6]C)(H)2{1|C<3>,1|C<4>,1|N<2>,4|H<1>}
atom 1 CH2  atom 2 CH1
Found all hashing codes 
Found hybr-combination SP3_SP3
Find in-ring prop Y
find 3:4:4:1:
find 4:3:1:1:
 find C[6]-3_2_0_0:C[6]-3_3_0_0:H-3:N[5a]-3_2_2
start level is 4
tNumTh is 3
0
the level is now 5
The end search level is 5
The sig value is 0.00589
Finally bond sig is 0.00589
The final target bond value is 1.52
Its sig value is 0.00589

+++++++++++++++++++++++++++++++++++++++++++++++++++
Bond between N37 and N45

+++++++++++++++++++++++++++++++++++++++++++++++++++
 search a organic-only bond 
aNumTh = 3
for target bond of atoms N37 and N45
The bond is within the same ring.
ha1 519 ha2 813
the hybr-combination is SP2_SP2
In or not in the same ring Y
 a1NB2 3:3: a2NB2 3:4:2:
 a1NB1NB2 C[5a]-2_2_2:N[5a]-3_2_2 a2NB1NB2 C[5a,6a]-2_2_2:C[6]-3_3_2_0:N[5a]-2_2
 a1M N[5a](C[5a]C[5a,6a]C[6a])(N[5a]C[5a,6a]C[6]) a2M N[5a](C[5a,6a]C[5a,6a]N[6a])(C[6]C[6]2H)(N[5a]C[5a])
 a1C N[5a](C[5a]C[5a,6a]C[6a])(N[5a]C[5a,6a]C[6]){1|H<1>,1|N<2>,2|C<4>,3|C<3>} a2C N[5a](C[5a,6a]C[5a,6a]N[6a])(C[6]C[6]2H)(N[5a]C[5a]){1|C<4>,1|N<3>,3|C<3>,4|H<1>}
atom 1 N20  atom 2 NH0
Found all hashing codes 
Found hybr-combination SP2_SP2
Find in-ring prop Y
find 3:3:
find 3:4:2:
 find C[5a]-2_2_2:N[5a]-3_2_2
start level is 4
tNumTh is 3
0
the level is now 5
The end search level is 5
The sig value is 0.0271
Finally bond sig is 0.0271
The final target bond value is 1.38
Its sig value is 0.0271

+++++++++++++++++++++++++++++++++++++++++++++++++++
Bond between N37 and C43

+++++++++++++++++++++++++++++++++++++++++++++++++++
 search a organic-only bond 
aNumTh = 3
for target bond of atoms N37 and C43
The bond is within the same ring.
ha1 519 ha2 727
the hybr-combination is SP2_SP2
In or not in the same ring Y
 a1NB2 3:3: a2NB2 3:3:2:
 a1NB1NB2 C[5a]-2_2_2:N[5a]-3_2_2 a2NB1NB2 C[5a,6a]-2_2_2:C[6a]-2_2_2:N[5a]-2_2
 a1M N[5a](C[5a]C[5a,6a]C[6a])(N[5a]C[5a,6a]C[6]) a2M C[5a](C[5a,6a]C[5a,6a]C[6a])(C[6a]C[6a]2)(N[5a]N[5a])
 a1C N[5a](C[5a]C[5a,6a]C[6a])(N[5a]C[5a,6a]C[6]){1|H<1>,1|N<2>,2|C<4>,3|C<3>} a2C C[5a](C[5a,6a]C[5a,6a]C[6a])(C[6a]C[6a]2)(N[5a]N[5a]){1|C<4>,1|N<3>,2|C<3>,2|H<1>,2|N<2>}
atom 1 CR5  atom 2 N20
Found all hashing codes 
Found hybr-combination SP2_SP2
Find in-ring prop Y
find 3:3:
find 3:3:2:
 find C[5a]-2_2_2:N[5a]-3_2_2
 find C[5a,6a]-2_2_2:C[6a]-2_2_2:N[5a]-2_2
start level is 2
tNumTh is 3
0
the level is now 3
the level is now 4
The end search level is 4
The sig value is 0.00755
Finally bond sig is 0.00755
The final target bond value is 1.33
Its sig value is 0.00755

+++++++++++++++++++++++++++++++++++++++++++++++++++
Bond between O38 and C41

+++++++++++++++++++++++++++++++++++++++++++++++++++
 search a organic-only bond 
aNumTh = 3
for target bond of atoms C41 and O38
The bond is not within the same ring.
Bond order is SINGLE
ha1 643 ha2 893
the hybr-combination is SP2_SP2
In or not in the same ring N
 a1NB2 3:3:2: a2NB2 3:3:
 a1NB1NB2 C[6a]-2_2_0:C[6a]-2_2_0:O-2_2 a2NB1NB2 C[6a]-2_2_2:C[6a]-2_2_2
 a1M C[6a](C[6a]C[6a]H)2(OC[6a]) a2M O(C[6a]C[6a]2)2
 a1C C[6a](C[6a]C[6a]H)2(OC[6a]){1|C<3>,2|H<1>} a2C O(C[6a]C[6a]2)2
atom 1 CR6  atom 2 O
Found all hashing codes 
Found hybr-combination SP2_SP2
Find in-ring prop N
find 3:3:2:
find 3:3:
 find C[6a]-2_2_0:C[6a]-2_2_0:O-2_2
 find C[6a]-2_2_2:C[6a]-2_2_2
 find C[6a](C[6a]C[6a]H)2(OC[6a])
 find O(C[6a]C[6a]2)2
 find C[6a](C[6a]C[6a]H)2(OC[6a]){1|C<3>,2|H<1>}
 find O(C[6a]C[6a]2)2
Found exact matches of atom cod-classes 
Number of value associate it 589
the table sigma 0.0141
Finally bond sig is 0.0141
The final target bond value is 1.39
Its sig value is 0.0141

+++++++++++++++++++++++++++++++++++++++++++++++++++
Bond between O38 and C40

+++++++++++++++++++++++++++++++++++++++++++++++++++
 search a organic-only bond 
aNumTh = 3
for target bond of atoms C40 and O38
The bond is not within the same ring.
Bond order is SINGLE
ha1 643 ha2 893
the hybr-combination is SP2_SP2
In or not in the same ring N
 a1NB2 3:3:2: a2NB2 3:3:
 a1NB1NB2 C[6a]-2_2_0:C[6a]-2_2_0:O-2_2 a2NB1NB2 C[6a]-2_2_2:C[6a]-2_2_2
 a1M C[6a](C[6a]C[6a]H)2(OC[6a]) a2M O(C[6a]C[6a]2)2
 a1C C[6a](C[6a]C[6a]H)2(OC[6a]){1|C<3>,2|H<1>} a2C O(C[6a]C[6a]2)2
atom 1 CR6  atom 2 O
Found all hashing codes 
Found hybr-combination SP2_SP2
Find in-ring prop N
find 3:3:2:
find 3:3:
 find C[6a]-2_2_0:C[6a]-2_2_0:O-2_2
 find C[6a]-2_2_2:C[6a]-2_2_2
 find C[6a](C[6a]C[6a]H)2(OC[6a])
 find O(C[6a]C[6a]2)2
 find C[6a](C[6a]C[6a]H)2(OC[6a]){1|C<3>,2|H<1>}
 find O(C[6a]C[6a]2)2
Found exact matches of atom cod-classes 
Number of value associate it 589
the table sigma 0.0141
Finally bond sig is 0.0141
The final target bond value is 1.39
Its sig value is 0.0141

+++++++++++++++++++++++++++++++++++++++++++++++++++
Bond between C39 and N46

+++++++++++++++++++++++++++++++++++++++++++++++++++
 search a organic-only bond 
aNumTh = 3
for target bond of atoms N46 and C39
The bond is not within the same ring.
Bond order is SINGLE
ha1 856 ha2 930
the hybr-combination is SP2_SP2
In or not in the same ring N
 a1NB2 4:4:3: a2NB2 3:3:1:
 a1NB1NB2 C-2_2_2:C[6]-3_2_0_0:C[6]-3_2_0_0 a2NB1NB2 C-2_2_0:N[6]-3_3_2:O-2
 a1M N[6](C[6]C[6]HH)2(CCO) a2M C(N[6]C[6]2)(CCH)(O)
 a1C N[6](C[6]C[6]HH)2(CCO){1|C<4>,1|N<3>,3|H<1>} a2C C(N[6]C[6]2)(CCH)(O)
atom 1 C  atom 2 NH0
Found all hashing codes 
Found hybr-combination SP2_SP2
Find in-ring prop N
find 4:4:3:
find 3:3:1:
 find C-2_2_2:C[6]-3_2_0_0:C[6]-3_2_0_0
 find C-2_2_0:N[6]-3_3_2:O-2
 find N[6](C[6]C[6]HH)2(CCO)
 find C(N[6]C[6]2)(CCH)(O)
start level is 0
tNumTh is 3
0
the level is now 1
The end search level is 1
The sig value is 0.0084
Finally bond sig is 0.0084
The final target bond value is 1.35
Its sig value is 0.0084

+++++++++++++++++++++++++++++++++++++++++++++++++++
Bond between C42 and C43

+++++++++++++++++++++++++++++++++++++++++++++++++++
 search a organic-only bond 
aNumTh = 3
for target bond of atoms C42 and C43
The bond is not within the same ring.
Bond order is SINGLE
ha1 643 ha2 727
the hybr-combination is SP2_SP2
In or not in the same ring N
 a1NB2 3:3:3: a2NB2 3:3:2:
 a1NB1NB2 C[5a]-2_2_2:C[6a]-2_2_0:C[6a]-2_2_0 a2NB1NB2 C[5a,6a]-2_2_2:C[6a]-2_2_2:N[5a]-2_2
 a1M C[6a](C[5a]C[5a,6a]N[5a])(C[6a]C[6a]H)2 a2M C[5a](C[5a,6a]C[5a,6a]C[6a])(C[6a]C[6a]2)(N[5a]N[5a])
 a1C C[6a](C[5a]C[5a,6a]N[5a])(C[6a]C[6a]H)2{1|N<3>,2|H<1>,3|C<3>} a2C C[5a](C[5a,6a]C[5a,6a]C[6a])(C[6a]C[6a]2)(N[5a]N[5a]){1|C<4>,1|N<3>,2|C<3>,2|H<1>,2|N<2>}
atom 1 CR6  atom 2 CR5
Found all hashing codes 
Found hybr-combination SP2_SP2
Find in-ring prop N
find 3:3:3:
find 3:3:2:
 find C[5a]-2_2_2:C[6a]-2_2_0:C[6a]-2_2_0
 find C[5a,6a]-2_2_2:C[6a]-2_2_2:N[5a]-2_2
 find C[6a](C[5a]C[5a,6a]N[5a])(C[6a]C[6a]H)2
 find C[5a](C[5a,6a]C[5a,6a]C[6a])(C[6a]C[6a]2)(N[5a]N[5a])
 find C[6a](C[5a]C[5a,6a]N[5a])(C[6a]C[6a]H)2{1|N<3>,2|H<1>,3|C<3>}
start level is 0
tNumTh is 3
0
the level is now 1
The end search level is 1
The sig value is 0.0064
Finally bond sig is 0.0064
The final target bond value is 1.47
Its sig value is 0.0064

+++++++++++++++++++++++++++++++++++++++++++++++++++
Bond between C44 and N45

+++++++++++++++++++++++++++++++++++++++++++++++++++
 search a organic-only bond 
aNumTh = 3
for target bond of atoms C44 and N45
The bond is not within the same ring.
Bond order is SINGLE
ha1 466 ha2 813
the hybr-combination is SP2_SP3
In or not in the same ring N
 a1NB2 3:4:4:1: a2NB2 3:4:2:
 a1NB1NB2 C[6]-3_2_0_0:C[6]-3_3_0_0:H-3:N[5a]-3_2_2 a2NB1NB2 C[5a,6a]-2_2_2:C[6]-3_3_2_0:N[5a]-2_2
 a1M C[6](N[5a]C[5a,6a]N[5a])(C[6]C[6]HH)(C[6]N[6]HH)(H) a2M N[5a](C[5a,6a]C[5a,6a]N[6a])(C[6]C[6]2H)(N[5a]C[5a])
 a1C C[6](N[5a]C[5a,6a]N[5a])(C[6]C[6]HH)(C[6]N[6]HH)(H){1|C<4>,1|N<2>,2|H<1>,3|C<3>} a2C N[5a](C[5a,6a]C[5a,6a]N[6a])(C[6]C[6]2H)(N[5a]C[5a]){1|C<4>,1|N<3>,3|C<3>,4|H<1>}
atom 1 CH1  atom 2 NH0
Found all hashing codes 
Found hybr-combination SP2_SP3
Find in-ring prop N
find 3:4:4:1:
find 3:4:2:
 find C[6]-3_2_0_0:C[6]-3_3_0_0:H-3:N[5a]-3_2_2
start level is 4
tNumTh is 3
0
the level is now 5
the level is now 6
the level is now 7
The end search level is 7
The sig value is 0.00683
Finally bond sig is 0.00683
The final target bond value is 1.47
Its sig value is 0.00683

+++++++++++++++++++++++++++++++++++++++++++++++++++
Bond between S6 and C20

+++++++++++++++++++++++++++++++++++++++++++++++++++
 search a organic-only bond 
aNumTh = 3
for target bond of atoms S6 and C20
The bond is not within the same ring.
Bond order is SINGLE
ha1 909 ha2 930
the hybr-combination is SP2_SP2
In or not in the same ring N
 a1NB2 4:3: a2NB2 3:2:1:
 a1NB1NB2 C-2_2_0:C-3_2_0_0 a2NB1NB2 C-2_2_0:H-2:S-3_2
 a1M S(CCHH)(CCH) a2M C(CCH)(SC)(H)
 a1C S(CCHH)(CCH) a2C C(CCH)(SC)(H)
atom 1 C1  atom 2 S2
Found all hashing codes 
Found hybr-combination SP2_SP2
Find in-ring prop N
find 4:3:
find 3:2:1:
 find C-2_2_0:C-3_2_0_0
 find C-2_2_0:H-2:S-3_2
 find S(CCHH)(CCH)
start level is 1
tNumTh is 3
0
the level is now 2
the level is now 3
the level is now 4
the level is now 5
The end search level is 5
The sig value is 0.0191
Finally bond sig is 0.0191
The final target bond value is 1.75
Its sig value is 0.0191

+++++++++++++++++++++++++++++++++++++++++++++++++++
Bond between N1 and H8

+++++++++++++++++++++++++++++++++++++++++++++++++++
 search a organic-only bond 
aNumTh = 3
for target bond of atoms N1 and H8
The bond is not within the same ring.
Bond order is SINGLE
ha1 892 ha2 951
the hybr-combination is SP-NON_SP3
In or not in the same ring N
 a1NB2 4:1:1:1: a2NB2 4:
 a1NB1NB2 C-3_3_2_0:H-3:H-3:H-3 a2NB1NB2 N-3_0_0_0
 a1M N(CCCH)(H)3 a2M H(NCHH)
 a1C N(CCCH)(H)3 a2C H(NCHH)
atom 1 H  atom 2 NT3
Found all hashing codes 
Found hybr-combination SP-NON_SP3
Find in-ring prop N
find 4:1:1:1:
find 4:
 find C-3_3_2_0:H-3:H-3:H-3
 find N-3_0_0_0
start level is 2
tNumTh is 3
0
the level is now 3
The end search level is 3
The sig value is 0.0102
Finally bond sig is 0.0102
The final target bond value is 0.902
Its sig value is 0.0102

+++++++++++++++++++++++++++++++++++++++++++++++++++
Bond between N1 and H9

+++++++++++++++++++++++++++++++++++++++++++++++++++
 search a organic-only bond 
aNumTh = 3
for target bond of atoms N1 and H9
The bond is not within the same ring.
Bond order is SINGLE
ha1 892 ha2 951
the hybr-combination is SP-NON_SP3
In or not in the same ring N
 a1NB2 4:1:1:1: a2NB2 4:
 a1NB1NB2 C-3_3_2_0:H-3:H-3:H-3 a2NB1NB2 N-3_0_0_0
 a1M N(CCCH)(H)3 a2M H(NCHH)
 a1C N(CCCH)(H)3 a2C H(NCHH)
atom 1 H  atom 2 NT3
Found all hashing codes 
Found hybr-combination SP-NON_SP3
Find in-ring prop N
find 4:1:1:1:
find 4:
 find C-3_3_2_0:H-3:H-3:H-3
 find N-3_0_0_0
start level is 2
tNumTh is 3
0
the level is now 3
The end search level is 3
The sig value is 0.0102
Finally bond sig is 0.0102
The final target bond value is 0.902
Its sig value is 0.0102

+++++++++++++++++++++++++++++++++++++++++++++++++++
Bond between N1 and H10

+++++++++++++++++++++++++++++++++++++++++++++++++++
 search a organic-only bond 
aNumTh = 3
for target bond of atoms N1 and H10
The bond is not within the same ring.
Bond order is SINGLE
ha1 892 ha2 951
the hybr-combination is SP-NON_SP3
In or not in the same ring N
 a1NB2 4:1:1:1: a2NB2 4:
 a1NB1NB2 C-3_3_2_0:H-3:H-3:H-3 a2NB1NB2 N-3_0_0_0
 a1M N(CCCH)(H)3 a2M H(NCHH)
 a1C N(CCCH)(H)3 a2C H(NCHH)
atom 1 H  atom 2 NT3
Found all hashing codes 
Found hybr-combination SP-NON_SP3
Find in-ring prop N
find 4:1:1:1:
find 4:
 find C-3_3_2_0:H-3:H-3:H-3
 find N-3_0_0_0
start level is 2
tNumTh is 3
0
the level is now 3
The end search level is 3
The sig value is 0.0102
Finally bond sig is 0.0102
The final target bond value is 0.902
Its sig value is 0.0102

+++++++++++++++++++++++++++++++++++++++++++++++++++
Bond between C2 and H11

+++++++++++++++++++++++++++++++++++++++++++++++++++
 search a organic-only bond 
aNumTh = 3
for target bond of atoms C2 and H11
The bond is not within the same ring.
Bond order is SINGLE
ha1 490 ha2 951
the hybr-combination is SP-NON_SP3
In or not in the same ring N
 a1NB2 4:4:3:1: a2NB2 4:
 a1NB1NB2 C-3_2_0_0:C-3_2_2:H-3:N-3_0_0_0 a2NB1NB2 C-3_3_2_0
 a1M C(CHHS)(NH3)(COO)(H) a2M H(CCCN)
 a1C C(CHHS)(NH3)(COO)(H) a2C H(CCCN)
atom 1 CH1  atom 2 H
Found all hashing codes 
Found hybr-combination SP-NON_SP3
Find in-ring prop N
find 4:4:3:1:
find 4:
 find C-3_2_0_0:C-3_2_2:H-3:N-3_0_0_0
 find C-3_3_2_0
start level is 2
tNumTh is 3
0
the level is now 3
The end search level is 3
The sig value is 0.0346
Finally bond sig is 0.0346
The final target bond value is 0.988
Its sig value is 0.0346

+++++++++++++++++++++++++++++++++++++++++++++++++++
Bond between C5 and H12

+++++++++++++++++++++++++++++++++++++++++++++++++++
 search a organic-only bond 
aNumTh = 3
for target bond of atoms C5 and H12
The bond is not within the same ring.
Bond order is SINGLE
ha1 490 ha2 951
the hybr-combination is SP-NON_SP3
In or not in the same ring N
 a1NB2 4:2:1:1: a2NB2 4:
 a1NB1NB2 C-3_3_2_0:H-3:H-3:S-3_2 a2NB1NB2 C-3_2_0_0
 a1M C(CCHN)(SC)(H)2 a2M H(CCHS)
 a1C C(CCHN)(SC)(H)2 a2C H(CCHS)
atom 1 CH2  atom 2 H
Found all hashing codes 
Found hybr-combination SP-NON_SP3
Find in-ring prop N
find 4:2:1:1:
find 4:
 find C-3_3_2_0:H-3:H-3:S-3_2
 find C-3_2_0_0
start level is 2
tNumTh is 3
0
the level is now 3
the level is now 4
the level is now 5
The end search level is 5
The sig value is 0.0171
Finally bond sig is 0.0171
The final target bond value is 0.98
Its sig value is 0.0171

+++++++++++++++++++++++++++++++++++++++++++++++++++
Bond between C5 and H13

+++++++++++++++++++++++++++++++++++++++++++++++++++
 search a organic-only bond 
aNumTh = 3
for target bond of atoms C5 and H13
The bond is not within the same ring.
Bond order is SINGLE
ha1 490 ha2 951
the hybr-combination is SP-NON_SP3
In or not in the same ring N
 a1NB2 4:2:1:1: a2NB2 4:
 a1NB1NB2 C-3_3_2_0:H-3:H-3:S-3_2 a2NB1NB2 C-3_2_0_0
 a1M C(CCHN)(SC)(H)2 a2M H(CCHS)
 a1C C(CCHN)(SC)(H)2 a2C H(CCHS)
atom 1 CH2  atom 2 H
Found all hashing codes 
Found hybr-combination SP-NON_SP3
Find in-ring prop N
find 4:2:1:1:
find 4:
 find C-3_3_2_0:H-3:H-3:S-3_2
 find C-3_2_0_0
start level is 2
tNumTh is 3
0
the level is now 3
the level is now 4
the level is now 5
The end search level is 5
The sig value is 0.0171
Finally bond sig is 0.0171
The final target bond value is 0.98
Its sig value is 0.0171

+++++++++++++++++++++++++++++++++++++++++++++++++++
Bond between C15 and H47

+++++++++++++++++++++++++++++++++++++++++++++++++++
 search a organic-only bond 
aNumTh = 3
for target bond of atoms C15 and H47
The bond is not within the same ring.
Bond order is SINGLE
ha1 643 ha2 951
the hybr-combination is SP-NON_SP2
In or not in the same ring N
 a1NB2 2:2:1: a2NB2 3:
 a1NB1NB2 H-2:N[6a]-2_2:N[6a]-2_2 a2NB1NB2 C[6a]-2_2_0
 a1M C[6a](N[6a]C[5a,6a])(N[6a]C[6a])(H) a2M H(C[6a]N[6a]2)
 a1C C[6a](N[6a]C[5a,6a])(N[6a]C[6a])(H){1|C<3>,2|N<3>} a2C H(C[6a]N[6a]2)
atom 1 CR16  atom 2 H
Found all hashing codes 
Found hybr-combination SP-NON_SP2
Find in-ring prop N
find 2:2:1:
find 3:
 find H-2:N[6a]-2_2:N[6a]-2_2
 find C[6a]-2_2_0
 find C[6a](N[6a]C[5a,6a])(N[6a]C[6a])(H)
 find H(C[6a]N[6a]2)
 find C[6a](N[6a]C[5a,6a])(N[6a]C[6a])(H){1|C<3>,2|N<3>}
 find H(C[6a]N[6a]2)
Found exact matches of atom cod-classes 
Number of value associate it 150
the table sigma 0.029
Finally bond sig is 0.029
The final target bond value is 0.946
Its sig value is 0.029

+++++++++++++++++++++++++++++++++++++++++++++++++++
Bond between C20 and H48

+++++++++++++++++++++++++++++++++++++++++++++++++++
 search a organic-only bond 
aNumTh = 3
for target bond of atoms C20 and H48
The bond is not within the same ring.
Bond order is SINGLE
ha1 930 ha2 951
the hybr-combination is SP-NON_SP2
In or not in the same ring N
 a1NB2 3:2:1: a2NB2 3:
 a1NB1NB2 C-2_2_0:H-2:S-3_2 a2NB1NB2 C-2_2_0
 a1M C(CCH)(SC)(H) a2M H(CCS)
 a1C C(CCH)(SC)(H) a2C H(CCS)
atom 1 C1  atom 2 H
Found all hashing codes 
Found hybr-combination SP-NON_SP2
Find in-ring prop N
find 3:2:1:
find 3:
 find C-2_2_0:H-2:S-3_2
 find C-2_2_0
 find C(CCH)(SC)(H)
 find H(CCS)
 find C(CCH)(SC)(H)
 find H(CCS)
Found exact matches of atom cod-classes 
Number of value associate it 2
the table sigma 0.0139
start level is 0
tNumTh is 3
0
the level is now 1
the level is now 2
the level is now 3
the level is now 4
the level is now 5
The end search level is 5
The sig value is 0.02
Finally bond sig is 0.02
The final target bond value is 0.941
Its sig value is 0.02

+++++++++++++++++++++++++++++++++++++++++++++++++++
Bond between N21 and H49

+++++++++++++++++++++++++++++++++++++++++++++++++++
 search a organic-only bond 
aNumTh = 3
for target bond of atoms H49 and N21
The bond is not within the same ring.
Bond order is SINGLE
ha1 951 ha2 956
the hybr-combination is SP-NON_SP2
In or not in the same ring N
 a1NB2 3: a2NB2 3:1:1:
 a1NB1NB2 N-2_0_0 a2NB1NB2 C[6a]-2_2_2:H-2:H-2
 a1M H(NC[6a]H) a2M N(C[6a]C[5a,6a]N[6a])(H)2
 a1C H(NC[6a]H) a2C N(C[6a]C[5a,6a]N[6a])(H)2
atom 1 H  atom 2 NH2
Found all hashing codes 
Found hybr-combination SP-NON_SP2
Find in-ring prop N
find 3:
find 3:1:1:
 find N-2_0_0
 find C[6a]-2_2_2:H-2:H-2
 find H(NC[6a]H)
 find N(C[6a]C[5a,6a]N[6a])(H)2
 find H(NC[6a]H)
 find N(C[6a]C[5a,6a]N[6a])(H)2
Found exact matches of atom cod-classes 
Number of value associate it 325
the table sigma 0.0383
Finally bond sig is 0.0383
The final target bond value is 0.88
Its sig value is 0.0383

+++++++++++++++++++++++++++++++++++++++++++++++++++
Bond between N21 and H50

+++++++++++++++++++++++++++++++++++++++++++++++++++
 search a organic-only bond 
aNumTh = 3
for target bond of atoms H50 and N21
The bond is not within the same ring.
Bond order is SINGLE
ha1 951 ha2 956
the hybr-combination is SP-NON_SP2
In or not in the same ring N
 a1NB2 3: a2NB2 3:1:1:
 a1NB1NB2 N-2_0_0 a2NB1NB2 C[6a]-2_2_2:H-2:H-2
 a1M H(NC[6a]H) a2M N(C[6a]C[5a,6a]N[6a])(H)2
 a1C H(NC[6a]H) a2C N(C[6a]C[5a,6a]N[6a])(H)2
atom 1 H  atom 2 NH2
Found all hashing codes 
Found hybr-combination SP-NON_SP2
Find in-ring prop N
find 3:
find 3:1:1:
 find N-2_0_0
 find C[6a]-2_2_2:H-2:H-2
 find H(NC[6a]H)
 find N(C[6a]C[5a,6a]N[6a])(H)2
 find H(NC[6a]H)
 find N(C[6a]C[5a,6a]N[6a])(H)2
Found exact matches of atom cod-classes 
Number of value associate it 325
the table sigma 0.0383
Finally bond sig is 0.0383
The final target bond value is 0.88
Its sig value is 0.0383

+++++++++++++++++++++++++++++++++++++++++++++++++++
Bond between C23 and H51

+++++++++++++++++++++++++++++++++++++++++++++++++++
 search a organic-only bond 
aNumTh = 3
for target bond of atoms C23 and H51
The bond is not within the same ring.
Bond order is SINGLE
ha1 930 ha2 951
the hybr-combination is SP-NON_SP2
In or not in the same ring N
 a1NB2 3:3:1: a2NB2 3:
 a1NB1NB2 C-2_2_0:C-2_2_2:H-2 a2NB1NB2 C-2_2_0
 a1M C(CN[6]O)(CHS)(H) a2M H(CCC)
 a1C C(CN[6]O)(CHS)(H) a2C H(CCC)
atom 1 C1  atom 2 H
Found all hashing codes 
Found hybr-combination SP-NON_SP2
Find in-ring prop N
find 3:3:1:
find 3:
 find C-2_2_0:C-2_2_2:H-2
 find C-2_2_0
start level is 2
tNumTh is 3
0
the level is now 3
The end search level is 3
The sig value is 0.023
Finally bond sig is 0.023
The final target bond value is 0.942
Its sig value is 0.023

+++++++++++++++++++++++++++++++++++++++++++++++++++
Bond between C24 and H52

+++++++++++++++++++++++++++++++++++++++++++++++++++
 search a organic-only bond 
aNumTh = 3
for target bond of atoms C24 and H52
The bond is not within the same ring.
Bond order is SINGLE
ha1 643 ha2 951
the hybr-combination is SP-NON_SP2
In or not in the same ring N
 a1NB2 3:3:1: a2NB2 3:
 a1NB1NB2 C[6a]-2_2_0:C[6a]-2_2_0:H-2 a2NB1NB2 C[6a]-2_2_0
 a1M C[6a](C[6a]C[6a]H)2(H) a2M H(C[6a]C[6a]2)
 a1C C[6a](C[6a]C[6a]H)2(H){1|C<3>,2|H<1>} a2C H(C[6a]C[6a]2)
atom 1 CR16  atom 2 H
Found all hashing codes 
Found hybr-combination SP-NON_SP2
Find in-ring prop N
find 3:3:1:
find 3:
 find C[6a]-2_2_0:C[6a]-2_2_0:H-2
 find C[6a]-2_2_0
 find C[6a](C[6a]C[6a]H)2(H)
 find H(C[6a]C[6a]2)
 find C[6a](C[6a]C[6a]H)2(H){1|C<3>,2|H<1>}
 find H(C[6a]C[6a]2)
Found exact matches of atom cod-classes 
Number of value associate it 147388
the table sigma 0.017
Finally bond sig is 0.017
The final target bond value is 0.944
Its sig value is 0.017

+++++++++++++++++++++++++++++++++++++++++++++++++++
Bond between C25 and H53

+++++++++++++++++++++++++++++++++++++++++++++++++++
 search a organic-only bond 
aNumTh = 3
for target bond of atoms C25 and H53
The bond is not within the same ring.
Bond order is SINGLE
ha1 643 ha2 951
the hybr-combination is SP-NON_SP2
In or not in the same ring N
 a1NB2 3:3:1: a2NB2 3:
 a1NB1NB2 C[6a]-2_2_0:C[6a]-2_2_0:H-2 a2NB1NB2 C[6a]-2_2_0
 a1M C[6a](C[6a]C[6a]H)2(H) a2M H(C[6a]C[6a]2)
 a1C C[6a](C[6a]C[6a]H)2(H){1|C<3>,1|H<1>,1|O<2>} a2C H(C[6a]C[6a]2)
atom 1 CR16  atom 2 H
Found all hashing codes 
Found hybr-combination SP-NON_SP2
Find in-ring prop N
find 3:3:1:
find 3:
 find C[6a]-2_2_0:C[6a]-2_2_0:H-2
 find C[6a]-2_2_0
 find C[6a](C[6a]C[6a]H)2(H)
 find H(C[6a]C[6a]2)
 find C[6a](C[6a]C[6a]H)2(H){1|C<3>,1|H<1>,1|O<2>}
 find H(C[6a]C[6a]2)
Found exact matches of atom cod-classes 
Number of value associate it 9670
the table sigma 0.0233
Finally bond sig is 0.0233
The final target bond value is 0.944
Its sig value is 0.0233

+++++++++++++++++++++++++++++++++++++++++++++++++++
Bond between C26 and H54

+++++++++++++++++++++++++++++++++++++++++++++++++++
 search a organic-only bond 
aNumTh = 3
for target bond of atoms C26 and H54
The bond is not within the same ring.
Bond order is SINGLE
ha1 643 ha2 951
the hybr-combination is SP-NON_SP2
In or not in the same ring N
 a1NB2 3:3:1: a2NB2 3:
 a1NB1NB2 C[6a]-2_2_0:C[6a]-2_2_0:H-2 a2NB1NB2 C[6a]-2_2_0
 a1M C[6a](C[6a]C[6a]H)2(H) a2M H(C[6a]C[6a]2)
 a1C C[6a](C[6a]C[6a]H)2(H){1|C<3>,1|H<1>,1|O<2>} a2C H(C[6a]C[6a]2)
atom 1 CR16  atom 2 H
Found all hashing codes 
Found hybr-combination SP-NON_SP2
Find in-ring prop N
find 3:3:1:
find 3:
 find C[6a]-2_2_0:C[6a]-2_2_0:H-2
 find C[6a]-2_2_0
 find C[6a](C[6a]C[6a]H)2(H)
 find H(C[6a]C[6a]2)
 find C[6a](C[6a]C[6a]H)2(H){1|C<3>,1|H<1>,1|O<2>}
 find H(C[6a]C[6a]2)
Found exact matches of atom cod-classes 
Number of value associate it 9670
the table sigma 0.0233
Finally bond sig is 0.0233
The final target bond value is 0.944
Its sig value is 0.0233

+++++++++++++++++++++++++++++++++++++++++++++++++++
Bond between C27 and H55

+++++++++++++++++++++++++++++++++++++++++++++++++++
 search a organic-only bond 
aNumTh = 3
for target bond of atoms C27 and H55
The bond is not within the same ring.
Bond order is SINGLE
ha1 643 ha2 951
the hybr-combination is SP-NON_SP2
In or not in the same ring N
 a1NB2 3:3:1: a2NB2 3:
 a1NB1NB2 C[6a]-2_2_0:C[6a]-2_2_2:H-2 a2NB1NB2 C[6a]-2_2_0
 a1M C[6a](C[6a]C[6a]H)(C[6a]C[6a]O)(H) a2M H(C[6a]C[6a]2)
 a1C C[6a](C[6a]C[6a]H)(C[6a]C[6a]O)(H){1|C<3>,2|H<1>} a2C H(C[6a]C[6a]2)
atom 1 CR16  atom 2 H
Found all hashing codes 
Found hybr-combination SP-NON_SP2
Find in-ring prop N
find 3:3:1:
find 3:
 find C[6a]-2_2_0:C[6a]-2_2_2:H-2
 find C[6a]-2_2_0
 find C[6a](C[6a]C[6a]H)(C[6a]C[6a]O)(H)
 find H(C[6a]C[6a]2)
 find C[6a](C[6a]C[6a]H)(C[6a]C[6a]O)(H){1|C<3>,2|H<1>}
 find H(C[6a]C[6a]2)
Found exact matches of atom cod-classes 
Number of value associate it 3759
the table sigma 0.0259
Finally bond sig is 0.0259
The final target bond value is 0.945
Its sig value is 0.0259

+++++++++++++++++++++++++++++++++++++++++++++++++++
Bond between C28 and H56

+++++++++++++++++++++++++++++++++++++++++++++++++++
 search a organic-only bond 
aNumTh = 3
for target bond of atoms C28 and H56
The bond is not within the same ring.
Bond order is SINGLE
ha1 643 ha2 951
the hybr-combination is SP-NON_SP2
In or not in the same ring N
 a1NB2 3:3:1: a2NB2 3:
 a1NB1NB2 C[6a]-2_2_0:C[6a]-2_2_2:H-2 a2NB1NB2 C[6a]-2_2_0
 a1M C[6a](C[6a]C[6a]H)(C[6a]C[6a]O)(H) a2M H(C[6a]C[6a]2)
 a1C C[6a](C[6a]C[6a]H)(C[6a]C[6a]O)(H){1|C<3>,2|H<1>} a2C H(C[6a]C[6a]2)
atom 1 CR16  atom 2 H
Found all hashing codes 
Found hybr-combination SP-NON_SP2
Find in-ring prop N
find 3:3:1:
find 3:
 find C[6a]-2_2_0:C[6a]-2_2_2:H-2
 find C[6a]-2_2_0
 find C[6a](C[6a]C[6a]H)(C[6a]C[6a]O)(H)
 find H(C[6a]C[6a]2)
 find C[6a](C[6a]C[6a]H)(C[6a]C[6a]O)(H){1|C<3>,2|H<1>}
 find H(C[6a]C[6a]2)
Found exact matches of atom cod-classes 
Number of value associate it 3759
the table sigma 0.0259
Finally bond sig is 0.0259
The final target bond value is 0.945
Its sig value is 0.0259

+++++++++++++++++++++++++++++++++++++++++++++++++++
Bond between C29 and H57

+++++++++++++++++++++++++++++++++++++++++++++++++++
 search a organic-only bond 
aNumTh = 3
for target bond of atoms C29 and H57
The bond is not within the same ring.
Bond order is SINGLE
ha1 643 ha2 951
the hybr-combination is SP-NON_SP2
In or not in the same ring N
 a1NB2 3:3:1: a2NB2 3:
 a1NB1NB2 C[6a]-2_2_0:C[6a]-2_2_2:H-2 a2NB1NB2 C[6a]-2_2_0
 a1M C[6a](C[6a]C[6a]H)(C[6a]C[6a]O)(H) a2M H(C[6a]C[6a]2)
 a1C C[6a](C[6a]C[6a]H)(C[6a]C[6a]O)(H){1|H<1>,2|C<3>} a2C H(C[6a]C[6a]2)
atom 1 CR16  atom 2 H
Found all hashing codes 
Found hybr-combination SP-NON_SP2
Find in-ring prop N
find 3:3:1:
find 3:
 find C[6a]-2_2_0:C[6a]-2_2_2:H-2
 find C[6a]-2_2_0
 find C[6a](C[6a]C[6a]H)(C[6a]C[6a]O)(H)
 find H(C[6a]C[6a]2)
 find C[6a](C[6a]C[6a]H)(C[6a]C[6a]O)(H){1|H<1>,2|C<3>}
 find H(C[6a]C[6a]2)
Found exact matches of atom cod-classes 
Number of value associate it 12751
the table sigma 0.0175
Finally bond sig is 0.0175
The final target bond value is 0.941
Its sig value is 0.0175

+++++++++++++++++++++++++++++++++++++++++++++++++++
Bond between C30 and H58

+++++++++++++++++++++++++++++++++++++++++++++++++++
 search a organic-only bond 
aNumTh = 3
for target bond of atoms C30 and H58
The bond is not within the same ring.
Bond order is SINGLE
ha1 643 ha2 951
the hybr-combination is SP-NON_SP2
In or not in the same ring N
 a1NB2 3:3:1: a2NB2 3:
 a1NB1NB2 C[6a]-2_2_0:C[6a]-2_2_2:H-2 a2NB1NB2 C[6a]-2_2_0
 a1M C[6a](C[6a]C[6a]H)(C[6a]C[6a]O)(H) a2M H(C[6a]C[6a]2)
 a1C C[6a](C[6a]C[6a]H)(C[6a]C[6a]O)(H){1|H<1>,2|C<3>} a2C H(C[6a]C[6a]2)
atom 1 CR16  atom 2 H
Found all hashing codes 
Found hybr-combination SP-NON_SP2
Find in-ring prop N
find 3:3:1:
find 3:
 find C[6a]-2_2_0:C[6a]-2_2_2:H-2
 find C[6a]-2_2_0
 find C[6a](C[6a]C[6a]H)(C[6a]C[6a]O)(H)
 find H(C[6a]C[6a]2)
 find C[6a](C[6a]C[6a]H)(C[6a]C[6a]O)(H){1|H<1>,2|C<3>}
 find H(C[6a]C[6a]2)
Found exact matches of atom cod-classes 
Number of value associate it 12751
the table sigma 0.0175
Finally bond sig is 0.0175
The final target bond value is 0.941
Its sig value is 0.0175

+++++++++++++++++++++++++++++++++++++++++++++++++++
Bond between C31 and H59

+++++++++++++++++++++++++++++++++++++++++++++++++++
 search a organic-only bond 
aNumTh = 3
for target bond of atoms C31 and H59
The bond is not within the same ring.
Bond order is SINGLE
ha1 643 ha2 951
the hybr-combination is SP-NON_SP2
In or not in the same ring N
 a1NB2 3:3:1: a2NB2 3:
 a1NB1NB2 C[6a]-2_2_0:C[6a]-2_2_2:H-2 a2NB1NB2 C[6a]-2_2_0
 a1M C[6a](C[6a]C[5a]C[6a])(C[6a]C[6a]H)(H) a2M H(C[6a]C[6a]2)
 a1C C[6a](C[6a]C[5a]C[6a])(C[6a]C[6a]H)(H){1|H<1>,1|N<2>,1|O<2>,2|C<3>} a2C H(C[6a]C[6a]2)
atom 1 CR16  atom 2 H
Found all hashing codes 
Found hybr-combination SP-NON_SP2
Find in-ring prop N
find 3:3:1:
find 3:
 find C[6a]-2_2_0:C[6a]-2_2_2:H-2
 find C[6a]-2_2_0
 find C[6a](C[6a]C[5a]C[6a])(C[6a]C[6a]H)(H)
 find H(C[6a]C[6a]2)
 find C[6a](C[6a]C[5a]C[6a])(C[6a]C[6a]H)(H){1|H<1>,1|N<2>,1|O<2>,2|C<3>}
 find H(C[6a]C[6a]2)
Found exact matches of atom cod-classes 
Number of value associate it 293
the table sigma 0.0195
Finally bond sig is 0.0195
The final target bond value is 0.941
Its sig value is 0.0195

+++++++++++++++++++++++++++++++++++++++++++++++++++
Bond between C32 and H60

+++++++++++++++++++++++++++++++++++++++++++++++++++
 search a organic-only bond 
aNumTh = 3
for target bond of atoms C32 and H60
The bond is not within the same ring.
Bond order is SINGLE
ha1 643 ha2 951
the hybr-combination is SP-NON_SP2
In or not in the same ring N
 a1NB2 3:3:1: a2NB2 3:
 a1NB1NB2 C[6a]-2_2_0:C[6a]-2_2_2:H-2 a2NB1NB2 C[6a]-2_2_0
 a1M C[6a](C[6a]C[5a]C[6a])(C[6a]C[6a]H)(H) a2M H(C[6a]C[6a]2)
 a1C C[6a](C[6a]C[5a]C[6a])(C[6a]C[6a]H)(H){1|H<1>,1|N<2>,1|O<2>,2|C<3>} a2C H(C[6a]C[6a]2)
atom 1 CR16  atom 2 H
Found all hashing codes 
Found hybr-combination SP-NON_SP2
Find in-ring prop N
find 3:3:1:
find 3:
 find C[6a]-2_2_0:C[6a]-2_2_2:H-2
 find C[6a]-2_2_0
 find C[6a](C[6a]C[5a]C[6a])(C[6a]C[6a]H)(H)
 find H(C[6a]C[6a]2)
 find C[6a](C[6a]C[5a]C[6a])(C[6a]C[6a]H)(H){1|H<1>,1|N<2>,1|O<2>,2|C<3>}
 find H(C[6a]C[6a]2)
Found exact matches of atom cod-classes 
Number of value associate it 293
the table sigma 0.0195
Finally bond sig is 0.0195
The final target bond value is 0.941
Its sig value is 0.0195

+++++++++++++++++++++++++++++++++++++++++++++++++++
Bond between C33 and H61

+++++++++++++++++++++++++++++++++++++++++++++++++++
 search a organic-only bond 
aNumTh = 3
for target bond of atoms C33 and H61
The bond is not within the same ring.
Bond order is SINGLE
ha1 466 ha2 951
the hybr-combination is SP-NON_SP3
In or not in the same ring N
 a1NB2 4:4:1:1: a2NB2 4:
 a1NB1NB2 C[6]-3_2_0_0:C[6]-3_3_0_0:H-3:H-3 a2NB1NB2 C[6]-3_3_0_0
 a1M C[6](C[6]C[6]HH)(C[6]N[6]HH)(H)2 a2M H(C[6]C[6]2H)
 a1C C[6](C[6]C[6]HH)(C[6]N[6]HH)(H)2{1|C<3>,1|C<4>,1|H<1>,1|N<3>} a2C H(C[6]C[6]2H)
atom 1 CH2  atom 2 H
Found all hashing codes 
Found hybr-combination SP-NON_SP3
Find in-ring prop N
find 4:4:1:1:
find 4:
 find C[6]-3_2_0_0:C[6]-3_3_0_0:H-3:H-3
 find C[6]-3_3_0_0
 find C[6](C[6]C[6]HH)(C[6]N[6]HH)(H)2
 find H(C[6]C[6]2H)
 find C[6](C[6]C[6]HH)(C[6]N[6]HH)(H)2{1|C<3>,1|C<4>,1|H<1>,1|N<3>}
 find H(C[6]C[6]2H)
Found exact matches of atom cod-classes 
Number of value associate it 20
the table sigma 0.0051
Finally bond sig is 0.0051
The final target bond value is 0.986
Its sig value is 0.0051

+++++++++++++++++++++++++++++++++++++++++++++++++++
Bond between C33 and H62

+++++++++++++++++++++++++++++++++++++++++++++++++++
 search a organic-only bond 
aNumTh = 3
for target bond of atoms C33 and H62
The bond is not within the same ring.
Bond order is SINGLE
ha1 466 ha2 951
the hybr-combination is SP-NON_SP3
In or not in the same ring N
 a1NB2 4:4:1:1: a2NB2 4:
 a1NB1NB2 C[6]-3_2_0_0:C[6]-3_3_0_0:H-3:H-3 a2NB1NB2 C[6]-3_3_0_0
 a1M C[6](C[6]C[6]HH)(C[6]N[6]HH)(H)2 a2M H(C[6]C[6]2H)
 a1C C[6](C[6]C[6]HH)(C[6]N[6]HH)(H)2{1|C<3>,1|C<4>,1|H<1>,1|N<3>} a2C H(C[6]C[6]2H)
atom 1 CH2  atom 2 H
Found all hashing codes 
Found hybr-combination SP-NON_SP3
Find in-ring prop N
find 4:4:1:1:
find 4:
 find C[6]-3_2_0_0:C[6]-3_3_0_0:H-3:H-3
 find C[6]-3_3_0_0
 find C[6](C[6]C[6]HH)(C[6]N[6]HH)(H)2
 find H(C[6]C[6]2H)
 find C[6](C[6]C[6]HH)(C[6]N[6]HH)(H)2{1|C<3>,1|C<4>,1|H<1>,1|N<3>}
 find H(C[6]C[6]2H)
Found exact matches of atom cod-classes 
Number of value associate it 20
the table sigma 0.0051
Finally bond sig is 0.0051
The final target bond value is 0.986
Its sig value is 0.0051

+++++++++++++++++++++++++++++++++++++++++++++++++++
Bond between C34 and H63

+++++++++++++++++++++++++++++++++++++++++++++++++++
 search a organic-only bond 
aNumTh = 3
for target bond of atoms C34 and H63
The bond is not within the same ring.
Bond order is SINGLE
ha1 466 ha2 951
the hybr-combination is SP-NON_SP3
In or not in the same ring N
 a1NB2 4:4:1:1: a2NB2 4:
 a1NB1NB2 C[6]-3_3_0_0:C[6]-3_3_2_0:H-3:H-3 a2NB1NB2 C[6]-3_3_0_0
 a1M C[6](C[6]N[5a]C[6]H)(C[6]C[6]HH)(H)2 a2M H(C[6]C[6]2H)
 a1C C[6](C[6]N[5a]C[6]H)(C[6]C[6]HH)(H)2{1|C<3>,1|N<2>,1|N<3>,4|H<1>} a2C H(C[6]C[6]2H)
atom 1 CH2  atom 2 H
Found all hashing codes 
Found hybr-combination SP-NON_SP3
Find in-ring prop N
find 4:4:1:1:
find 4:
 find C[6]-3_3_0_0:C[6]-3_3_2_0:H-3:H-3
 find C[6]-3_3_0_0
 find C[6](C[6]N[5a]C[6]H)(C[6]C[6]HH)(H)2
 find H(C[6]C[6]2H)
start level is 0
tNumTh is 3
0
the level is now 1
The end search level is 1
The sig value is 0.0127
Finally bond sig is 0.0127
The final target bond value is 0.983
Its sig value is 0.0127

+++++++++++++++++++++++++++++++++++++++++++++++++++
Bond between C34 and H64

+++++++++++++++++++++++++++++++++++++++++++++++++++
 search a organic-only bond 
aNumTh = 3
for target bond of atoms C34 and H64
The bond is not within the same ring.
Bond order is SINGLE
ha1 466 ha2 951
the hybr-combination is SP-NON_SP3
In or not in the same ring N
 a1NB2 4:4:1:1: a2NB2 4:
 a1NB1NB2 C[6]-3_3_0_0:C[6]-3_3_2_0:H-3:H-3 a2NB1NB2 C[6]-3_3_0_0
 a1M C[6](C[6]N[5a]C[6]H)(C[6]C[6]HH)(H)2 a2M H(C[6]C[6]2H)
 a1C C[6](C[6]N[5a]C[6]H)(C[6]C[6]HH)(H)2{1|C<3>,1|N<2>,1|N<3>,4|H<1>} a2C H(C[6]C[6]2H)
atom 1 CH2  atom 2 H
Found all hashing codes 
Found hybr-combination SP-NON_SP3
Find in-ring prop N
find 4:4:1:1:
find 4:
 find C[6]-3_3_0_0:C[6]-3_3_2_0:H-3:H-3
 find C[6]-3_3_0_0
 find C[6](C[6]N[5a]C[6]H)(C[6]C[6]HH)(H)2
 find H(C[6]C[6]2H)
start level is 0
tNumTh is 3
0
the level is now 1
The end search level is 1
The sig value is 0.0127
Finally bond sig is 0.0127
The final target bond value is 0.983
Its sig value is 0.0127

+++++++++++++++++++++++++++++++++++++++++++++++++++
Bond between C35 and H65

+++++++++++++++++++++++++++++++++++++++++++++++++++
 search a organic-only bond 
aNumTh = 3
for target bond of atoms C35 and H65
The bond is not within the same ring.
Bond order is SINGLE
ha1 466 ha2 951
the hybr-combination is SP-NON_SP3
In or not in the same ring N
 a1NB2 4:3:1:1: a2NB2 4:
 a1NB1NB2 C[6]-3_3_0_0:H-3:H-3:N[6]-3_3_2 a2NB1NB2 C[6]-3_2_0_0
 a1M C[6](C[6]C[6]HH)(N[6]C[6]C)(H)2 a2M H(C[6]C[6]N[6]H)
 a1C C[6](C[6]C[6]HH)(N[6]C[6]C)(H)2{1|C<4>,4|H<1>} a2C H(C[6]C[6]N[6]H)
atom 1 CH2  atom 2 H
Found all hashing codes 
Found hybr-combination SP-NON_SP3
Find in-ring prop N
find 4:3:1:1:
find 4:
 find C[6]-3_3_0_0:H-3:H-3:N[6]-3_3_2
 find C[6]-3_2_0_0
 find C[6](C[6]C[6]HH)(N[6]C[6]C)(H)2
 find H(C[6]C[6]N[6]H)
start level is 0
tNumTh is 3
0
the level is now 1
The end search level is 1
The sig value is 0.0128
Finally bond sig is 0.0128
The final target bond value is 0.984
Its sig value is 0.0128

+++++++++++++++++++++++++++++++++++++++++++++++++++
Bond between C35 and H66

+++++++++++++++++++++++++++++++++++++++++++++++++++
 search a organic-only bond 
aNumTh = 3
for target bond of atoms C35 and H66
The bond is not within the same ring.
Bond order is SINGLE
ha1 466 ha2 951
the hybr-combination is SP-NON_SP3
In or not in the same ring N
 a1NB2 4:3:1:1: a2NB2 4:
 a1NB1NB2 C[6]-3_3_0_0:H-3:H-3:N[6]-3_3_2 a2NB1NB2 C[6]-3_2_0_0
 a1M C[6](C[6]C[6]HH)(N[6]C[6]C)(H)2 a2M H(C[6]C[6]N[6]H)
 a1C C[6](C[6]C[6]HH)(N[6]C[6]C)(H)2{1|C<4>,4|H<1>} a2C H(C[6]C[6]N[6]H)
atom 1 CH2  atom 2 H
Found all hashing codes 
Found hybr-combination SP-NON_SP3
Find in-ring prop N
find 4:3:1:1:
find 4:
 find C[6]-3_3_0_0:H-3:H-3:N[6]-3_3_2
 find C[6]-3_2_0_0
 find C[6](C[6]C[6]HH)(N[6]C[6]C)(H)2
 find H(C[6]C[6]N[6]H)
start level is 0
tNumTh is 3
0
the level is now 1
The end search level is 1
The sig value is 0.0128
Finally bond sig is 0.0128
The final target bond value is 0.984
Its sig value is 0.0128

+++++++++++++++++++++++++++++++++++++++++++++++++++
Bond between C36 and H67

+++++++++++++++++++++++++++++++++++++++++++++++++++
 search a organic-only bond 
aNumTh = 3
for target bond of atoms C36 and H67
The bond is not within the same ring.
Bond order is SINGLE
ha1 466 ha2 951
the hybr-combination is SP-NON_SP3
In or not in the same ring N
 a1NB2 4:3:1:1: a2NB2 4:
 a1NB1NB2 C[6]-3_3_2_0:H-3:H-3:N[6]-3_3_2 a2NB1NB2 C[6]-3_2_0_0
 a1M C[6](C[6]N[5a]C[6]H)(N[6]C[6]C)(H)2 a2M H(C[6]C[6]N[6]H)
 a1C C[6](C[6]N[5a]C[6]H)(N[6]C[6]C)(H)2{1|C<3>,1|C<4>,1|N<2>,4|H<1>} a2C H(C[6]C[6]N[6]H)
atom 1 CH2  atom 2 H
Found all hashing codes 
Found hybr-combination SP-NON_SP3
Find in-ring prop N
find 4:3:1:1:
find 4:
 find C[6]-3_3_2_0:H-3:H-3:N[6]-3_3_2
 find C[6]-3_2_0_0
start level is 2
tNumTh is 3
0
the level is now 3
The end search level is 3
The sig value is 0.0179
Finally bond sig is 0.0179
The final target bond value is 0.976
Its sig value is 0.0179

+++++++++++++++++++++++++++++++++++++++++++++++++++
Bond between C36 and H68

+++++++++++++++++++++++++++++++++++++++++++++++++++
 search a organic-only bond 
aNumTh = 3
for target bond of atoms C36 and H68
The bond is not within the same ring.
Bond order is SINGLE
ha1 466 ha2 951
the hybr-combination is SP-NON_SP3
In or not in the same ring N
 a1NB2 4:3:1:1: a2NB2 4:
 a1NB1NB2 C[6]-3_3_2_0:H-3:H-3:N[6]-3_3_2 a2NB1NB2 C[6]-3_2_0_0
 a1M C[6](C[6]N[5a]C[6]H)(N[6]C[6]C)(H)2 a2M H(C[6]C[6]N[6]H)
 a1C C[6](C[6]N[5a]C[6]H)(N[6]C[6]C)(H)2{1|C<3>,1|C<4>,1|N<2>,4|H<1>} a2C H(C[6]C[6]N[6]H)
atom 1 CH2  atom 2 H
Found all hashing codes 
Found hybr-combination SP-NON_SP3
Find in-ring prop N
find 4:3:1:1:
find 4:
 find C[6]-3_3_2_0:H-3:H-3:N[6]-3_3_2
 find C[6]-3_2_0_0
start level is 2
tNumTh is 3
0
the level is now 3
The end search level is 3
The sig value is 0.0179
Finally bond sig is 0.0179
The final target bond value is 0.976
Its sig value is 0.0179

+++++++++++++++++++++++++++++++++++++++++++++++++++
Bond between C44 and H69

+++++++++++++++++++++++++++++++++++++++++++++++++++
 search a organic-only bond 
aNumTh = 3
for target bond of atoms C44 and H69
The bond is not within the same ring.
Bond order is SINGLE
ha1 466 ha2 951
the hybr-combination is SP-NON_SP3
In or not in the same ring N
 a1NB2 3:4:4:1: a2NB2 4:
 a1NB1NB2 C[6]-3_2_0_0:C[6]-3_3_0_0:H-3:N[5a]-3_2_2 a2NB1NB2 C[6]-3_3_2_0
 a1M C[6](N[5a]C[5a,6a]N[5a])(C[6]C[6]HH)(C[6]N[6]HH)(H) a2M H(C[6]N[5a]C[6]2)
 a1C C[6](N[5a]C[5a,6a]N[5a])(C[6]C[6]HH)(C[6]N[6]HH)(H){1|C<4>,1|N<2>,2|H<1>,3|C<3>} a2C H(C[6]N[5a]C[6]2)
atom 1 CH1  atom 2 H
Found all hashing codes 
Found hybr-combination SP-NON_SP3
Find in-ring prop N
find 3:4:4:1:
find 4:
 find C[6]-3_2_0_0:C[6]-3_3_0_0:H-3:N[5a]-3_2_2
 find C[6]-3_3_2_0
start level is 2
tNumTh is 3
0
the level is now 3
The end search level is 3
The sig value is 0.0103
Finally bond sig is 0.0103
The final target bond value is 0.996
Its sig value is 0.0103

+++++++++++++++++++++++++++++++++++++++++++++++++++
Number of Bonds to be found 73
Number of Bonds found 73
Search for all target bonds finished at Sun Jun 14 09:57:13 2026
it takes 0 seconds to do that 
Finish setDefaultCoordGeos() 
Clustering all COD angles started at Sun Jun 14 09:57:13 2026
Clustering COD org angles finished at Sun Jun 14 09:57:20 2026
it takes 7 seconds to finish group COD angles 
Finish groupCodOrgAngles() 
Finish groupCodMetAngles() 
Finish groupCodAnglesWithNonCenteredMetal() 
1. Search for target angles started at Sun Jun 14 09:57:21 2026

%=========================================%
Angle between N1(center) and C2 and H8

Center Atom : N1
Its Hashing code  892
Its root atom symbol N
Its codNB2Symb 4:1:1:1:
Its codNBSymb C-4:H-1:H-1:H-1:
Its atom type main sec N(CCCH)(H)3
Its atom type full N(CCCH)(H)3

Atom2 : C2
Its Hashing code 490
Its root atom symbol C
Its codNB2Symb 4:4:3:1:
Its codNBSymb C-4:N-4:C-3:H-1:
Its atom type main section C(CHHS)(NH3)(COO)(H)
Its atom type full C(CHHS)(NH3)(COO)(H)

Atom3: H8
Its Hashing code  951
Its root atom symbol H
Its codNB2Symb 4:
Its codNBSymb N-4:
Its atom type main section H(NCHH)
Its atom type full H(NCHH)

These 3 atoms are in a ring of size 0
The hybridization on three atoms is 0:SP3_SP-NON_SP3
Find ha1 892
Find ha2 490
Find ha3 951
Found 0:SP3_SP-NON_SP3
Found N
Found C
Found H
Found 4:1:1:1:
Found 4:4:3:1:
Found 4:
Found C-4:H-1:H-1:H-1:
Found C-4:N-4:C-3:H-1:
Found N-4:
Found N(CCCH)(H)3
Found C(CHHS)(NH3)(COO)(H)
Found H(NCHH)
aNum 3
tLev 1
Angle value 110
Angle siga 2.12
Number of observations  130
Approximation level 0
Level finished 
Finally the angle value is 110
It sig value is 2.12
Number of COD angles involved 130
Target angle value : 110

%=========================================%
Angle between N1(center) and C2 and H9

Center Atom : N1
Its Hashing code  892
Its root atom symbol N
Its codNB2Symb 4:1:1:1:
Its codNBSymb C-4:H-1:H-1:H-1:
Its atom type main sec N(CCCH)(H)3
Its atom type full N(CCCH)(H)3

Atom2 : C2
Its Hashing code 490
Its root atom symbol C
Its codNB2Symb 4:4:3:1:
Its codNBSymb C-4:N-4:C-3:H-1:
Its atom type main section C(CHHS)(NH3)(COO)(H)
Its atom type full C(CHHS)(NH3)(COO)(H)

Atom3: H9
Its Hashing code  951
Its root atom symbol H
Its codNB2Symb 4:
Its codNBSymb N-4:
Its atom type main section H(NCHH)
Its atom type full H(NCHH)

These 3 atoms are in a ring of size 0
The hybridization on three atoms is 0:SP3_SP-NON_SP3
Find ha1 892
Find ha2 490
Find ha3 951
Found 0:SP3_SP-NON_SP3
Found N
Found C
Found H
Found 4:1:1:1:
Found 4:4:3:1:
Found 4:
Found C-4:H-1:H-1:H-1:
Found C-4:N-4:C-3:H-1:
Found N-4:
Found N(CCCH)(H)3
Found C(CHHS)(NH3)(COO)(H)
Found H(NCHH)
aNum 3
tLev 1
Angle value 110
Angle siga 2.12
Number of observations  130
Approximation level 0
Level finished 
Finally the angle value is 110
It sig value is 2.12
Number of COD angles involved 130
Target angle value : 110

%=========================================%
Angle between N1(center) and C2 and H10

Center Atom : N1
Its Hashing code  892
Its root atom symbol N
Its codNB2Symb 4:1:1:1:
Its codNBSymb C-4:H-1:H-1:H-1:
Its atom type main sec N(CCCH)(H)3
Its atom type full N(CCCH)(H)3

Atom2 : C2
Its Hashing code 490
Its root atom symbol C
Its codNB2Symb 4:4:3:1:
Its codNBSymb C-4:N-4:C-3:H-1:
Its atom type main section C(CHHS)(NH3)(COO)(H)
Its atom type full C(CHHS)(NH3)(COO)(H)

Atom3: H10
Its Hashing code  951
Its root atom symbol H
Its codNB2Symb 4:
Its codNBSymb N-4:
Its atom type main section H(NCHH)
Its atom type full H(NCHH)

These 3 atoms are in a ring of size 0
The hybridization on three atoms is 0:SP3_SP-NON_SP3
Find ha1 892
Find ha2 490
Find ha3 951
Found 0:SP3_SP-NON_SP3
Found N
Found C
Found H
Found 4:1:1:1:
Found 4:4:3:1:
Found 4:
Found C-4:H-1:H-1:H-1:
Found C-4:N-4:C-3:H-1:
Found N-4:
Found N(CCCH)(H)3
Found C(CHHS)(NH3)(COO)(H)
Found H(NCHH)
aNum 3
tLev 1
Angle value 110
Angle siga 2.12
Number of observations  130
Approximation level 0
Level finished 
Finally the angle value is 110
It sig value is 2.12
Number of COD angles involved 130
Target angle value : 110

%=========================================%
Angle between N1(center) and H9 and H8

Center Atom : N1
Its Hashing code  892
Its root atom symbol N
Its codNB2Symb 4:1:1:1:
Its codNBSymb C-4:H-1:H-1:H-1:
Its atom type main sec N(CCCH)(H)3
Its atom type full N(CCCH)(H)3

Atom2 : H9
Its Hashing code 951
Its root atom symbol H
Its codNB2Symb 4:
Its codNBSymb N-4:
Its atom type main section H(NCHH)
Its atom type full H(NCHH)

Atom3: H8
Its Hashing code  951
Its root atom symbol H
Its codNB2Symb 4:
Its codNBSymb N-4:
Its atom type main section H(NCHH)
Its atom type full H(NCHH)

These 3 atoms are in a ring of size 0
The hybridization on three atoms is 0:SP3_SP-NON_SP-NON
Find ha1 892
Find ha2 951
Find ha3 951
Found 0:SP3_SP-NON_SP-NON
Found N
Found H
Found H
Found 4:1:1:1:
Found 4:
Found 4:
Found C-4:H-1:H-1:H-1:
Found N-4:
Found N-4:
Found N(CCCH)(H)3
Found H(NCHH)
Found H(NCHH)
aNum 3
tLev 1
Angle value 109
Angle siga 6.18
Number of observations  2546
Approximation level 0
Level finished 
Finally the angle value is 109
It sig value is 6.18
Number of COD angles involved 2546
Target angle value : 109

%=========================================%
Angle between N1(center) and H10 and H8

Center Atom : N1
Its Hashing code  892
Its root atom symbol N
Its codNB2Symb 4:1:1:1:
Its codNBSymb C-4:H-1:H-1:H-1:
Its atom type main sec N(CCCH)(H)3
Its atom type full N(CCCH)(H)3

Atom2 : H10
Its Hashing code 951
Its root atom symbol H
Its codNB2Symb 4:
Its codNBSymb N-4:
Its atom type main section H(NCHH)
Its atom type full H(NCHH)

Atom3: H8
Its Hashing code  951
Its root atom symbol H
Its codNB2Symb 4:
Its codNBSymb N-4:
Its atom type main section H(NCHH)
Its atom type full H(NCHH)

These 3 atoms are in a ring of size 0
The hybridization on three atoms is 0:SP3_SP-NON_SP-NON
Find ha1 892
Find ha2 951
Find ha3 951
Found 0:SP3_SP-NON_SP-NON
Found N
Found H
Found H
Found 4:1:1:1:
Found 4:
Found 4:
Found C-4:H-1:H-1:H-1:
Found N-4:
Found N-4:
Found N(CCCH)(H)3
Found H(NCHH)
Found H(NCHH)
aNum 3
tLev 1
Angle value 109
Angle siga 6.18
Number of observations  2546
Approximation level 0
Level finished 
Finally the angle value is 109
It sig value is 6.18
Number of COD angles involved 2546
Target angle value : 109

%=========================================%
Angle between N1(center) and H10 and H9

Center Atom : N1
Its Hashing code  892
Its root atom symbol N
Its codNB2Symb 4:1:1:1:
Its codNBSymb C-4:H-1:H-1:H-1:
Its atom type main sec N(CCCH)(H)3
Its atom type full N(CCCH)(H)3

Atom2 : H10
Its Hashing code 951
Its root atom symbol H
Its codNB2Symb 4:
Its codNBSymb N-4:
Its atom type main section H(NCHH)
Its atom type full H(NCHH)

Atom3: H9
Its Hashing code  951
Its root atom symbol H
Its codNB2Symb 4:
Its codNBSymb N-4:
Its atom type main section H(NCHH)
Its atom type full H(NCHH)

These 3 atoms are in a ring of size 0
The hybridization on three atoms is 0:SP3_SP-NON_SP-NON
Find ha1 892
Find ha2 951
Find ha3 951
Found 0:SP3_SP-NON_SP-NON
Found N
Found H
Found H
Found 4:1:1:1:
Found 4:
Found 4:
Found C-4:H-1:H-1:H-1:
Found N-4:
Found N-4:
Found N(CCCH)(H)3
Found H(NCHH)
Found H(NCHH)
aNum 3
tLev 1
Angle value 109
Angle siga 6.18
Number of observations  2546
Approximation level 0
Level finished 
Finally the angle value is 109
It sig value is 6.18
Number of COD angles involved 2546
Target angle value : 109

%=========================================%
Angle between C2(center) and N1 and C3

Center Atom : C2
Its Hashing code  490
Its root atom symbol C
Its codNB2Symb 4:4:3:1:
Its codNBSymb C-4:N-4:C-3:H-1:
Its atom type main sec C(CHHS)(NH3)(COO)(H)
Its atom type full C(CHHS)(NH3)(COO)(H)

Atom2 : N1
Its Hashing code 892
Its root atom symbol N
Its codNB2Symb 4:1:1:1:
Its codNBSymb C-4:H-1:H-1:H-1:
Its atom type main section N(CCCH)(H)3
Its atom type full N(CCCH)(H)3

Atom3: C3
Its Hashing code  930
Its root atom symbol C
Its codNB2Symb 4:1:1:
Its codNBSymb C-4:O-1:O-1:
Its atom type main section C(CCHN)(O)2
Its atom type full C(CCHN)(O)2

These 3 atoms are in a ring of size 0
The hybridization on three atoms is 0:SP3_SP2_SP3
Find ha1 490
Find ha2 892
Find ha3 930
Found 0:SP3_SP2_SP3
Found C
Found N
Found C
Found 4:4:3:1:
Found 4:1:1:1:
Found 4:1:1:
Found C-4:N-4:C-3:H-1:
Found C-4:H-1:H-1:H-1:
Found C-4:O-1:O-1:
Found C(CHHS)(NH3)(COO)(H)
Found N(CCCH)(H)3
Found C(CCHN)(O)2
aNum 3
tLev 1
Angle value 110
Angle siga 0.666
Number of observations  16
Approximation level 0
Level finished 
Finally the angle value is 110
It sig value is 0.666
Number of COD angles involved 16
Target angle value : 110

%=========================================%
Angle between C2(center) and C5 and N1

Center Atom : C2
Its Hashing code  490
Its root atom symbol C
Its codNB2Symb 4:4:3:1:
Its codNBSymb C-4:N-4:C-3:H-1:
Its atom type main sec C(CHHS)(NH3)(COO)(H)
Its atom type full C(CHHS)(NH3)(COO)(H)

Atom2 : C5
Its Hashing code 490
Its root atom symbol C
Its codNB2Symb 4:2:1:1:
Its codNBSymb C-4:S-2:H-1:H-1:
Its atom type main section C(CCHN)(SC)(H)2
Its atom type full C(CCHN)(SC)(H)2

Atom3: N1
Its Hashing code  892
Its root atom symbol N
Its codNB2Symb 4:1:1:1:
Its codNBSymb C-4:H-1:H-1:H-1:
Its atom type main section N(CCCH)(H)3
Its atom type full N(CCCH)(H)3

These 3 atoms are in a ring of size 0
The hybridization on three atoms is 0:SP3_SP3_SP3
Find ha1 490
Find ha2 490
Find ha3 892
Found 0:SP3_SP3_SP3
Found C
Found C
Found N
Found 4:4:3:1:
Found 4:2:1:1:
Found 4:1:1:1:
Found C-4:N-4:C-3:H-1:
Found C-4:S-2:H-1:H-1:
Found C-4:H-1:H-1:H-1:
Found C(CHHS)(NH3)(COO)(H)
Found C(CCHN)(SC)(H)2
Found N(CCCH)(H)3
aNum 3
tLev 1
Angle value 109
Angle siga 2.2
Number of observations  5
Approximation level 0
Level finished 
Finally the angle value is 109
It sig value is 2.2
Number of COD angles involved 5
Target angle value : 109

%=========================================%
Angle between C2(center) and N1 and H11

Center Atom : C2
Its Hashing code  490
Its root atom symbol C
Its codNB2Symb 4:4:3:1:
Its codNBSymb C-4:N-4:C-3:H-1:
Its atom type main sec C(CHHS)(NH3)(COO)(H)
Its atom type full C(CHHS)(NH3)(COO)(H)

Atom2 : N1
Its Hashing code 892
Its root atom symbol N
Its codNB2Symb 4:1:1:1:
Its codNBSymb C-4:H-1:H-1:H-1:
Its atom type main section N(CCCH)(H)3
Its atom type full N(CCCH)(H)3

Atom3: H11
Its Hashing code  951
Its root atom symbol H
Its codNB2Symb 4:
Its codNBSymb C-4:
Its atom type main section H(CCCN)
Its atom type full H(CCCN)

These 3 atoms are in a ring of size 0
The hybridization on three atoms is 0:SP3_SP-NON_SP3
Find ha1 490
Find ha2 892
Find ha3 951
Found 0:SP3_SP-NON_SP3
Found C
Found N
Found H
Found 4:4:3:1:
Found 4:1:1:1:
Found 4:
Found C-4:N-4:C-3:H-1:
Found C-4:H-1:H-1:H-1:
Found C-4:
Found C(CHHS)(NH3)(COO)(H)
Found N(CCCH)(H)3
Found H(CCCN)
aNum 3
tLev 1
Angle value 108
Angle siga 0.986
Number of observations  51
Approximation level 0
Level finished 
Finally the angle value is 108
It sig value is 0.986
Number of COD angles involved 51
Target angle value : 108

%=========================================%
Angle between C2(center) and C5 and C3

Center Atom : C2
Its Hashing code  490
Its root atom symbol C
Its codNB2Symb 4:4:3:1:
Its codNBSymb C-4:N-4:C-3:H-1:
Its atom type main sec C(CHHS)(NH3)(COO)(H)
Its atom type full C(CHHS)(NH3)(COO)(H)

Atom2 : C5
Its Hashing code 490
Its root atom symbol C
Its codNB2Symb 4:2:1:1:
Its codNBSymb C-4:S-2:H-1:H-1:
Its atom type main section C(CCHN)(SC)(H)2
Its atom type full C(CCHN)(SC)(H)2

Atom3: C3
Its Hashing code  930
Its root atom symbol C
Its codNB2Symb 4:1:1:
Its codNBSymb C-4:O-1:O-1:
Its atom type main section C(CCHN)(O)2
Its atom type full C(CCHN)(O)2

These 3 atoms are in a ring of size 0
The hybridization on three atoms is 0:SP3_SP2_SP3
Find ha1 490
Find ha2 490
Find ha3 930
Found 0:SP3_SP2_SP3
Found C
Found C
Found C
Found 4:4:3:1:
Found 4:2:1:1:
Found 4:1:1:
Found C-4:N-4:C-3:H-1:
Found C-4:S-2:H-1:H-1:
Found C-4:O-1:O-1:
Found C(CHHS)(NH3)(COO)(H)
Found C(CCHN)(SC)(H)2
Found C(CCHN)(O)2
aNum 3
tLev 1
Angle value 110
Angle siga 5.35
Number of observations  5
Approximation level 0
Level finished 
Finally the angle value is 110
It sig value is 5.35
Number of COD angles involved 5
Target angle value : 110

%=========================================%
Angle between C2(center) and C3 and H11

Center Atom : C2
Its Hashing code  490
Its root atom symbol C
Its codNB2Symb 4:4:3:1:
Its codNBSymb C-4:N-4:C-3:H-1:
Its atom type main sec C(CHHS)(NH3)(COO)(H)
Its atom type full C(CHHS)(NH3)(COO)(H)

Atom2 : C3
Its Hashing code 930
Its root atom symbol C
Its codNB2Symb 4:1:1:
Its codNBSymb C-4:O-1:O-1:
Its atom type main section C(CCHN)(O)2
Its atom type full C(CCHN)(O)2

Atom3: H11
Its Hashing code  951
Its root atom symbol H
Its codNB2Symb 4:
Its codNBSymb C-4:
Its atom type main section H(CCCN)
Its atom type full H(CCCN)

These 3 atoms are in a ring of size 0
The hybridization on three atoms is 0:SP3_SP-NON_SP2
Find ha1 490
Find ha2 930
Find ha3 951
Found 0:SP3_SP-NON_SP2
Found C
Found C
Found H
Found 4:4:3:1:
Found 4:1:1:
Found 4:
Found C-4:N-4:C-3:H-1:
Found C-4:O-1:O-1:
Found C-4:
Found C(CHHS)(NH3)(COO)(H)
Found C(CCHN)(O)2
Found H(CCCN)
aNum 3
tLev 1
Angle value 108
Angle siga 0.967
Number of observations  16
Approximation level 0
Level finished 
Finally the angle value is 108
It sig value is 0.967
Number of COD angles involved 16
Target angle value : 108

%=========================================%
Angle between C2(center) and C5 and H11

Center Atom : C2
Its Hashing code  490
Its root atom symbol C
Its codNB2Symb 4:4:3:1:
Its codNBSymb C-4:N-4:C-3:H-1:
Its atom type main sec C(CHHS)(NH3)(COO)(H)
Its atom type full C(CHHS)(NH3)(COO)(H)

Atom2 : C5
Its Hashing code 490
Its root atom symbol C
Its codNB2Symb 4:2:1:1:
Its codNBSymb C-4:S-2:H-1:H-1:
Its atom type main section C(CCHN)(SC)(H)2
Its atom type full C(CCHN)(SC)(H)2

Atom3: H11
Its Hashing code  951
Its root atom symbol H
Its codNB2Symb 4:
Its codNBSymb C-4:
Its atom type main section H(CCCN)
Its atom type full H(CCCN)

These 3 atoms are in a ring of size 0
The hybridization on three atoms is 0:SP3_SP-NON_SP3
Find ha1 490
Find ha2 490
Find ha3 951
Found 0:SP3_SP-NON_SP3
Found C
Found C
Found H
Found 4:4:3:1:
Found 4:2:1:1:
Found 4:
Found C-4:N-4:C-3:H-1:
Found C-4:S-2:H-1:H-1:
Found C-4:
Found C(CHHS)(NH3)(COO)(H)
Found C(CCHN)(SC)(H)2
Found H(CCCN)
aNum 3
tLev 1
Angle value 109
Angle siga 0.088
Number of observations  5
Approximation level 0
Level finished 
Finally the angle value is 109
It sig value is 0.088
Number of COD angles involved 5
Target angle value : 109

%=========================================%
Angle between C3(center) and C2 and O4

Center Atom : C3
Its Hashing code  930
Its root atom symbol C
Its codNB2Symb 4:1:1:
Its codNBSymb C-4:O-1:O-1:
Its atom type main sec C(CCHN)(O)2
Its atom type full C(CCHN)(O)2

Atom2 : C2
Its Hashing code 490
Its root atom symbol C
Its codNB2Symb 4:4:3:1:
Its codNBSymb C-4:N-4:C-3:H-1:
Its atom type main section C(CHHS)(NH3)(COO)(H)
Its atom type full C(CHHS)(NH3)(COO)(H)

Atom3: O4
Its Hashing code  863
Its root atom symbol O
Its codNB2Symb 3:
Its codNBSymb C-3:
Its atom type main section O(CCO)
Its atom type full O(CCO)

These 3 atoms are in a ring of size 0
The hybridization on three atoms is 0:SP2_SP2_SP3
Find ha1 930
Find ha2 490
Find ha3 863
Found 0:SP2_SP2_SP3
Found C
Found C
Found O
Found 4:1:1:
Found 4:4:3:1:
Found 3:
Found C-4:O-1:O-1:
Found C-4:N-4:C-3:H-1:
Found C-3:
Found C(CCHN)(O)2
Found C(CHHS)(NH3)(COO)(H)
Found O(CCO)
aNum 3
tLev 1
Angle value 117
Angle siga 1.23
Number of observations  32
Approximation level 0
Level finished 
Finally the angle value is 117
It sig value is 1.23
Number of COD angles involved 32
Target angle value : 117

%=========================================%
Angle between C3(center) and C2 and O7

Center Atom : C3
Its Hashing code  930
Its root atom symbol C
Its codNB2Symb 4:1:1:
Its codNBSymb C-4:O-1:O-1:
Its atom type main sec C(CCHN)(O)2
Its atom type full C(CCHN)(O)2

Atom2 : C2
Its Hashing code 490
Its root atom symbol C
Its codNB2Symb 4:4:3:1:
Its codNBSymb C-4:N-4:C-3:H-1:
Its atom type main section C(CHHS)(NH3)(COO)(H)
Its atom type full C(CHHS)(NH3)(COO)(H)

Atom3: O7
Its Hashing code  863
Its root atom symbol O
Its codNB2Symb 3:
Its codNBSymb C-3:
Its atom type main section O(CCO)
Its atom type full O(CCO)

These 3 atoms are in a ring of size 0
The hybridization on three atoms is 0:SP2_SP2_SP3
Find ha1 930
Find ha2 490
Find ha3 863
Found 0:SP2_SP2_SP3
Found C
Found C
Found O
Found 4:1:1:
Found 4:4:3:1:
Found 3:
Found C-4:O-1:O-1:
Found C-4:N-4:C-3:H-1:
Found C-3:
Found C(CCHN)(O)2
Found C(CHHS)(NH3)(COO)(H)
Found O(CCO)
aNum 3
tLev 1
Angle value 117
Angle siga 1.23
Number of observations  32
Approximation level 0
Level finished 
Finally the angle value is 117
It sig value is 1.23
Number of COD angles involved 32
Target angle value : 117

%=========================================%
Angle between C3(center) and O7 and O4

Center Atom : C3
Its Hashing code  930
Its root atom symbol C
Its codNB2Symb 4:1:1:
Its codNBSymb C-4:O-1:O-1:
Its atom type main sec C(CCHN)(O)2
Its atom type full C(CCHN)(O)2

Atom2 : O7
Its Hashing code 863
Its root atom symbol O
Its codNB2Symb 3:
Its codNBSymb C-3:
Its atom type main section O(CCO)
Its atom type full O(CCO)

Atom3: O4
Its Hashing code  863
Its root atom symbol O
Its codNB2Symb 3:
Its codNBSymb C-3:
Its atom type main section O(CCO)
Its atom type full O(CCO)

These 3 atoms are in a ring of size 0
The hybridization on three atoms is 0:SP2_SP2_SP2
Find ha1 930
Find ha2 863
Find ha3 863
Found 0:SP2_SP2_SP2
Found C
Found O
Found O
Found 4:1:1:
Found 3:
Found 3:
Found C-4:O-1:O-1:
Found C-3:
Found C-3:
Found C(CCHN)(O)2
Found O(CCO)
Found O(CCO)
aNum 3
tLev 1
Angle value 126
Angle siga 1.11
Number of observations  732
Approximation level 0
Level finished 
Finally the angle value is 126
It sig value is 1.11
Number of COD angles involved 732
Target angle value : 126

%=========================================%
Angle between C5(center) and C2 and S6

Center Atom : C5
Its Hashing code  490
Its root atom symbol C
Its codNB2Symb 4:2:1:1:
Its codNBSymb C-4:S-2:H-1:H-1:
Its atom type main sec C(CCHN)(SC)(H)2
Its atom type full C(CCHN)(SC)(H)2

Atom2 : C2
Its Hashing code 490
Its root atom symbol C
Its codNB2Symb 4:4:3:1:
Its codNBSymb C-4:N-4:C-3:H-1:
Its atom type main section C(CHHS)(NH3)(COO)(H)
Its atom type full C(CHHS)(NH3)(COO)(H)

Atom3: S6
Its Hashing code  909
Its root atom symbol S
Its codNB2Symb 4:3:
Its codNBSymb C-4:C-3:
Its atom type main section S(CCHH)(CCH)
Its atom type full S(CCHH)(CCH)

These 3 atoms are in a ring of size 0
The hybridization on three atoms is 0:SP3_SP2_SP3
Find ha1 490
Find ha2 490
Find ha3 909
Found 0:SP3_SP2_SP3
Found C
Found C
Found S
Found 4:2:1:1:
aNum 3
tLev 4
Angle value 111
Angle siga 11.6
Number of observations  1103
Approximation level 3
Level finished 
Finally the angle value is 111
It sig value is 11.6
Number of COD angles involved 1103
Target angle value : 111

%=========================================%
Angle between C5(center) and C2 and H12

Center Atom : C5
Its Hashing code  490
Its root atom symbol C
Its codNB2Symb 4:2:1:1:
Its codNBSymb C-4:S-2:H-1:H-1:
Its atom type main sec C(CCHN)(SC)(H)2
Its atom type full C(CCHN)(SC)(H)2

Atom2 : C2
Its Hashing code 490
Its root atom symbol C
Its codNB2Symb 4:4:3:1:
Its codNBSymb C-4:N-4:C-3:H-1:
Its atom type main section C(CHHS)(NH3)(COO)(H)
Its atom type full C(CHHS)(NH3)(COO)(H)

Atom3: H12
Its Hashing code  951
Its root atom symbol H
Its codNB2Symb 4:
Its codNBSymb C-4:
Its atom type main section H(CCHS)
Its atom type full H(CCHS)

These 3 atoms are in a ring of size 0
The hybridization on three atoms is 0:SP3_SP-NON_SP3
Find ha1 490
Find ha2 490
Find ha3 951
Found 0:SP3_SP-NON_SP3
Found C
Found C
Found H
Found 4:2:1:1:
Found 4:4:3:1:
Found 4:
Found C-4:S-2:H-1:H-1:
Found C-4:N-4:C-3:H-1:
Found C-4:
Found C(CCHN)(SC)(H)2
Found C(CHHS)(NH3)(COO)(H)
Found H(CCHS)
aNum 3
tLev 1
Angle value 109
Angle siga 0.108
Number of observations  10
Approximation level 0
Level finished 
Finally the angle value is 109
It sig value is 0.108
Number of COD angles involved 10
Target angle value : 109

%=========================================%
Angle between C5(center) and C2 and H13

Center Atom : C5
Its Hashing code  490
Its root atom symbol C
Its codNB2Symb 4:2:1:1:
Its codNBSymb C-4:S-2:H-1:H-1:
Its atom type main sec C(CCHN)(SC)(H)2
Its atom type full C(CCHN)(SC)(H)2

Atom2 : C2
Its Hashing code 490
Its root atom symbol C
Its codNB2Symb 4:4:3:1:
Its codNBSymb C-4:N-4:C-3:H-1:
Its atom type main section C(CHHS)(NH3)(COO)(H)
Its atom type full C(CHHS)(NH3)(COO)(H)

Atom3: H13
Its Hashing code  951
Its root atom symbol H
Its codNB2Symb 4:
Its codNBSymb C-4:
Its atom type main section H(CCHS)
Its atom type full H(CCHS)

These 3 atoms are in a ring of size 0
The hybridization on three atoms is 0:SP3_SP-NON_SP3
Find ha1 490
Find ha2 490
Find ha3 951
Found 0:SP3_SP-NON_SP3
Found C
Found C
Found H
Found 4:2:1:1:
Found 4:4:3:1:
Found 4:
Found C-4:S-2:H-1:H-1:
Found C-4:N-4:C-3:H-1:
Found C-4:
Found C(CCHN)(SC)(H)2
Found C(CHHS)(NH3)(COO)(H)
Found H(CCHS)
aNum 3
tLev 1
Angle value 109
Angle siga 0.108
Number of observations  10
Approximation level 0
Level finished 
Finally the angle value is 109
It sig value is 0.108
Number of COD angles involved 10
Target angle value : 109

%=========================================%
Angle between C5(center) and S6 and H12

Center Atom : C5
Its Hashing code  490
Its root atom symbol C
Its codNB2Symb 4:2:1:1:
Its codNBSymb C-4:S-2:H-1:H-1:
Its atom type main sec C(CCHN)(SC)(H)2
Its atom type full C(CCHN)(SC)(H)2

Atom2 : S6
Its Hashing code 909
Its root atom symbol S
Its codNB2Symb 4:3:
Its codNBSymb C-4:C-3:
Its atom type main section S(CCHH)(CCH)
Its atom type full S(CCHH)(CCH)

Atom3: H12
Its Hashing code  951
Its root atom symbol H
Its codNB2Symb 4:
Its codNBSymb C-4:
Its atom type main section H(CCHS)
Its atom type full H(CCHS)

These 3 atoms are in a ring of size 0
The hybridization on three atoms is 0:SP3_SP-NON_SP2
Find ha1 490
Find ha2 909
Find ha3 951
Found 0:SP3_SP-NON_SP2
Found C
Found S
Found H
Found 4:2:1:1:
Found 4:3:
Found 4:
Found C-4:S-2:H-1:H-1:
Found C-4:C-3:
Found C-4:
aNum 3
tLev 2
Angle value 109
Angle siga 2.26
Number of observations  225
Approximation level 1
Level finished 
Finally the angle value is 109
It sig value is 2.26
Number of COD angles involved 225
Target angle value : 109

%=========================================%
Angle between C5(center) and S6 and H13

Center Atom : C5
Its Hashing code  490
Its root atom symbol C
Its codNB2Symb 4:2:1:1:
Its codNBSymb C-4:S-2:H-1:H-1:
Its atom type main sec C(CCHN)(SC)(H)2
Its atom type full C(CCHN)(SC)(H)2

Atom2 : S6
Its Hashing code 909
Its root atom symbol S
Its codNB2Symb 4:3:
Its codNBSymb C-4:C-3:
Its atom type main section S(CCHH)(CCH)
Its atom type full S(CCHH)(CCH)

Atom3: H13
Its Hashing code  951
Its root atom symbol H
Its codNB2Symb 4:
Its codNBSymb C-4:
Its atom type main section H(CCHS)
Its atom type full H(CCHS)

These 3 atoms are in a ring of size 0
The hybridization on three atoms is 0:SP3_SP-NON_SP2
Find ha1 490
Find ha2 909
Find ha3 951
Found 0:SP3_SP-NON_SP2
Found C
Found S
Found H
Found 4:2:1:1:
Found 4:3:
Found 4:
Found C-4:S-2:H-1:H-1:
Found C-4:C-3:
Found C-4:
aNum 3
tLev 2
Angle value 109
Angle siga 2.26
Number of observations  225
Approximation level 1
Level finished 
Finally the angle value is 109
It sig value is 2.26
Number of COD angles involved 225
Target angle value : 109

%=========================================%
Angle between C5(center) and H13 and H12

Center Atom : C5
Its Hashing code  490
Its root atom symbol C
Its codNB2Symb 4:2:1:1:
Its codNBSymb C-4:S-2:H-1:H-1:
Its atom type main sec C(CCHN)(SC)(H)2
Its atom type full C(CCHN)(SC)(H)2

Atom2 : H13
Its Hashing code 951
Its root atom symbol H
Its codNB2Symb 4:
Its codNBSymb C-4:
Its atom type main section H(CCHS)
Its atom type full H(CCHS)

Atom3: H12
Its Hashing code  951
Its root atom symbol H
Its codNB2Symb 4:
Its codNBSymb C-4:
Its atom type main section H(CCHS)
Its atom type full H(CCHS)

These 3 atoms are in a ring of size 0
The hybridization on three atoms is 0:SP3_SP-NON_SP-NON
Find ha1 490
Find ha2 951
Find ha3 951
Found 0:SP3_SP-NON_SP-NON
Found C
Found H
Found H
Found 4:2:1:1:
Found 4:
Found 4:
Found C-4:S-2:H-1:H-1:
Found C-4:
Found C-4:
Found C(CCHN)(SC)(H)2
Found H(CCHS)
Found H(CCHS)
aNum 3
tLev 1
Angle value 108
Angle siga 0.351
Number of observations  13
Approximation level 0
Level finished 
Finally the angle value is 108
It sig value is 0.351
Number of COD angles involved 13
Target angle value : 108

%=========================================%
Angle between S6(center) and C5 and C20

Center Atom : S6
Its Hashing code  909
Its root atom symbol S
Its codNB2Symb 4:3:
Its codNBSymb C-4:C-3:
Its atom type main sec S(CCHH)(CCH)
Its atom type full S(CCHH)(CCH)

Atom2 : C5
Its Hashing code 490
Its root atom symbol C
Its codNB2Symb 4:2:1:1:
Its codNBSymb C-4:S-2:H-1:H-1:
Its atom type main section C(CCHN)(SC)(H)2
Its atom type full C(CCHN)(SC)(H)2

Atom3: C20
Its Hashing code  930
Its root atom symbol C
Its codNB2Symb 3:2:1:
Its codNBSymb C-3:S-2:H-1:
Its atom type main section C(CCH)(SC)(H)
Its atom type full C(CCH)(SC)(H)

These 3 atoms are in a ring of size 0
The hybridization on three atoms is 0:SP2_SP2_SP3
Find ha1 909
Find ha2 490
Find ha3 930
Found 0:SP2_SP2_SP3
Found S
Found C
Found C
Found 4:3:
Found 4:2:1:1:
Found 3:2:1:
Found C-4:C-3:
Found C-4:S-2:H-1:H-1:
Found C-3:S-2:H-1:
Found S(CCHH)(CCH)
aNum 3
tLev 2
Angle value 101
Angle siga 3.87
Number of observations  6
Approximation level 1
Level finished 
Finally the angle value is 101
It sig value is 3.87
Number of COD angles involved 6
Target angle value : 101

%=========================================%
Angle between N14(center) and C19 and C15

Center Atom : N14
Its Hashing code  371
Its root atom symbol N[6a]
Its codNB2Symb 3:3:
Its codNBSymb C[6a]-3:C[6a]-3:
Its atom type main sec N[6a](C[6a]C[5a,6a]N)(C[6a]N[6a]H)
Its atom type full N[6a](C[6a]C[5a,6a]N)(C[6a]N[6a]H){2|C<3>}

Atom2 : C19
Its Hashing code 643
Its root atom symbol C[6a]
Its codNB2Symb 3:2:3:
Its codNBSymb C[5a,6a]-3:N[6a]-2:N-3:
Its atom type main section C[6a](C[5a,6a]C[5a,6a]C[5a])(N[6a]C[6a])(NHH)
Its atom type full C[6a](C[5a,6a]C[5a,6a]C[5a])(N[6a]C[6a])(NHH){1|C<3>,1|H<1>,1|N<3>,2|N<2>}

Atom3: C15
Its Hashing code  643
Its root atom symbol C[6a]
Its codNB2Symb 2:2:1:
Its codNBSymb N[6a]-2:N[6a]-2:H-1:
Its atom type main section C[6a](N[6a]C[5a,6a])(N[6a]C[6a])(H)
Its atom type full C[6a](N[6a]C[5a,6a])(N[6a]C[6a])(H){1|C<3>,2|N<3>}

These 3 atoms are in a ring of size 6
The hybridization on three atoms is 6:SP2_SP2_SP2
Find ha1 371
Find ha2 643
Find ha3 643
Found 6:SP2_SP2_SP2
Found N[6a]
Found C[6a]
Found C[6a]
Found 3:3:
Found 3:2:3:
Found 2:2:1:
Found C[6a]-3:C[6a]-3:
Found C[5a,6a]-3:N[6a]-2:N-3:
Found N[6a]-2:N[6a]-2:H-1:
Found N[6a](C[6a]C[5a,6a]N)(C[6a]N[6a]H)
Found C[6a](C[5a,6a]C[5a,6a]C[5a])(N[6a]C[6a])(NHH)
Found C[6a](N[6a]C[5a,6a])(N[6a]C[6a])(H)
aNum 3
tLev 1
Angle value 118
Angle siga 0.281
Number of observations  20
Approximation level 0
Level finished 
Finally the angle value is 118
It sig value is 0.281
Number of COD angles involved 20
Target angle value : 118

%=========================================%
Angle between C15(center) and N16 and N14

Center Atom : C15
Its Hashing code  643
Its root atom symbol C[6a]
Its codNB2Symb 2:2:1:
Its codNBSymb N[6a]-2:N[6a]-2:H-1:
Its atom type main sec C[6a](N[6a]C[5a,6a])(N[6a]C[6a])(H)
Its atom type full C[6a](N[6a]C[5a,6a])(N[6a]C[6a])(H){1|C<3>,2|N<3>}

Atom2 : N16
Its Hashing code 371
Its root atom symbol N[6a]
Its codNB2Symb 3:3:
Its codNBSymb C[5a,6a]-3:C[6a]-3:
Its atom type main section N[6a](C[5a,6a]C[5a,6a]N[5a])(C[6a]N[6a]H)
Its atom type full N[6a](C[5a,6a]C[5a,6a]N[5a])(C[6a]N[6a]H){1|C<4>,1|N<2>,2|C<3>}

Atom3: N14
Its Hashing code  371
Its root atom symbol N[6a]
Its codNB2Symb 3:3:
Its codNBSymb C[6a]-3:C[6a]-3:
Its atom type main section N[6a](C[6a]C[5a,6a]N)(C[6a]N[6a]H)
Its atom type full N[6a](C[6a]C[5a,6a]N)(C[6a]N[6a]H){2|C<3>}

These 3 atoms are in a ring of size 6
The hybridization on three atoms is 6:SP2_SP2_SP2
Find ha1 643
Find ha2 371
Find ha3 371
Found 6:SP2_SP2_SP2
Found C[6a]
Found N[6a]
Found N[6a]
Found 2:2:1:
Found 3:3:
Found 3:3:
Found N[6a]-2:N[6a]-2:H-1:
Found C[5a,6a]-3:C[6a]-3:
Found C[6a]-3:C[6a]-3:
Found C[6a](N[6a]C[5a,6a])(N[6a]C[6a])(H)
Found N[6a](C[5a,6a]C[5a,6a]N[5a])(C[6a]N[6a]H)
Found N[6a](C[6a]C[5a,6a]N)(C[6a]N[6a]H)
aNum 3
tLev 1
Angle value 129
Angle siga 0.804
Number of observations  154
Approximation level 0
Level finished 
Finally the angle value is 129
It sig value is 0.804
Number of COD angles involved 154
Target angle value : 129

%=========================================%
Angle between C15(center) and N14 and H47

Center Atom : C15
Its Hashing code  643
Its root atom symbol C[6a]
Its codNB2Symb 2:2:1:
Its codNBSymb N[6a]-2:N[6a]-2:H-1:
Its atom type main sec C[6a](N[6a]C[5a,6a])(N[6a]C[6a])(H)
Its atom type full C[6a](N[6a]C[5a,6a])(N[6a]C[6a])(H){1|C<3>,2|N<3>}

Atom2 : N14
Its Hashing code 371
Its root atom symbol N[6a]
Its codNB2Symb 3:3:
Its codNBSymb C[6a]-3:C[6a]-3:
Its atom type main section N[6a](C[6a]C[5a,6a]N)(C[6a]N[6a]H)
Its atom type full N[6a](C[6a]C[5a,6a]N)(C[6a]N[6a]H){2|C<3>}

Atom3: H47
Its Hashing code  951
Its root atom symbol H
Its codNB2Symb 3:
Its codNBSymb C[6a]-3:
Its atom type main section H(C[6a]N[6a]2)
Its atom type full H(C[6a]N[6a]2)

These 3 atoms are in a ring of size 0
The hybridization on three atoms is 0:SP2_SP-NON_SP2
Find ha1 643
Find ha2 371
Find ha3 951
Found 0:SP2_SP-NON_SP2
Found C[6a]
Found N[6a]
Found H
Found 2:2:1:
Found 3:3:
Found 3:
Found N[6a]-2:N[6a]-2:H-1:
Found C[6a]-3:C[6a]-3:
Found C[6a]-3:
Found C[6a](N[6a]C[5a,6a])(N[6a]C[6a])(H)
Found N[6a](C[6a]C[5a,6a]N)(C[6a]N[6a]H)
Found H(C[6a]N[6a]2)
aNum 3
tLev 1
Angle value 115
Angle siga 0.415
Number of observations  161
Approximation level 0
Level finished 
Finally the angle value is 115
It sig value is 0.415
Number of COD angles involved 161
Target angle value : 115

%=========================================%
Angle between C15(center) and N16 and H47

Center Atom : C15
Its Hashing code  643
Its root atom symbol C[6a]
Its codNB2Symb 2:2:1:
Its codNBSymb N[6a]-2:N[6a]-2:H-1:
Its atom type main sec C[6a](N[6a]C[5a,6a])(N[6a]C[6a])(H)
Its atom type full C[6a](N[6a]C[5a,6a])(N[6a]C[6a])(H){1|C<3>,2|N<3>}

Atom2 : N16
Its Hashing code 371
Its root atom symbol N[6a]
Its codNB2Symb 3:3:
Its codNBSymb C[5a,6a]-3:C[6a]-3:
Its atom type main section N[6a](C[5a,6a]C[5a,6a]N[5a])(C[6a]N[6a]H)
Its atom type full N[6a](C[5a,6a]C[5a,6a]N[5a])(C[6a]N[6a]H){1|C<4>,1|N<2>,2|C<3>}

Atom3: H47
Its Hashing code  951
Its root atom symbol H
Its codNB2Symb 3:
Its codNBSymb C[6a]-3:
Its atom type main section H(C[6a]N[6a]2)
Its atom type full H(C[6a]N[6a]2)

These 3 atoms are in a ring of size 0
The hybridization on three atoms is 0:SP2_SP-NON_SP2
Find ha1 643
Find ha2 371
Find ha3 951
Found 0:SP2_SP-NON_SP2
Found C[6a]
Found N[6a]
Found H
Found 2:2:1:
Found 3:3:
Found 3:
Found N[6a]-2:N[6a]-2:H-1:
Found C[5a,6a]-3:C[6a]-3:
Found C[6a]-3:
Found C[6a](N[6a]C[5a,6a])(N[6a]C[6a])(H)
Found N[6a](C[5a,6a]C[5a,6a]N[5a])(C[6a]N[6a]H)
Found H(C[6a]N[6a]2)
aNum 3
tLev 1
Angle value 115
Angle siga 0.422
Number of observations  250
Approximation level 0
Level finished 
Finally the angle value is 115
It sig value is 0.422
Number of COD angles involved 250
Target angle value : 115

%=========================================%
Angle between N16(center) and C15 and C17

Center Atom : N16
Its Hashing code  371
Its root atom symbol N[6a]
Its codNB2Symb 3:3:
Its codNBSymb C[5a,6a]-3:C[6a]-3:
Its atom type main sec N[6a](C[5a,6a]C[5a,6a]N[5a])(C[6a]N[6a]H)
Its atom type full N[6a](C[5a,6a]C[5a,6a]N[5a])(C[6a]N[6a]H){1|C<4>,1|N<2>,2|C<3>}

Atom2 : C15
Its Hashing code 643
Its root atom symbol C[6a]
Its codNB2Symb 2:2:1:
Its codNBSymb N[6a]-2:N[6a]-2:H-1:
Its atom type main section C[6a](N[6a]C[5a,6a])(N[6a]C[6a])(H)
Its atom type full C[6a](N[6a]C[5a,6a])(N[6a]C[6a])(H){1|C<3>,2|N<3>}

Atom3: C17
Its Hashing code  727
Its root atom symbol C[5a,6a]
Its codNB2Symb 3:3:2:
Its codNBSymb C[5a,6a]-3:N[5a]-3:N[6a]-2:
Its atom type main section C[5a,6a](C[5a,6a]C[5a]C[6a])(N[5a]N[5a]C[6])(N[6a]C[6a])
Its atom type full C[5a,6a](C[5a,6a]C[5a]C[6a])(N[5a]N[5a]C[6])(N[6a]C[6a]){1|C<3>,1|N<2>,1|N<3>,2|C<4>,2|H<1>}

These 3 atoms are in a ring of size 6
The hybridization on three atoms is 6:SP2_SP2_SP2
Find ha1 371
Find ha2 643
Find ha3 727
Found 6:SP2_SP2_SP2
Found N[6a]
Found C[6a]
Found C[5a,6a]
Found 3:3:
Found 2:2:1:
Found 3:3:2:
Found C[5a,6a]-3:C[6a]-3:
Found N[6a]-2:N[6a]-2:H-1:
Found C[5a,6a]-3:N[5a]-3:N[6a]-2:
Found N[6a](C[5a,6a]C[5a,6a]N[5a])(C[6a]N[6a]H)
Found C[6a](N[6a]C[5a,6a])(N[6a]C[6a])(H)
aNum 3
tLev 2
Angle value 111
Angle siga 0.702
Number of observations  227
Approximation level 1
Level finished 
Finally the angle value is 111
It sig value is 0.702
Number of COD angles involved 227
Target angle value : 111

%=========================================%
Angle between C17(center) and N16 and N45

Center Atom : C17
Its Hashing code  727
Its root atom symbol C[5a,6a]
Its codNB2Symb 3:3:2:
Its codNBSymb C[5a,6a]-3:N[5a]-3:N[6a]-2:
Its atom type main sec C[5a,6a](C[5a,6a]C[5a]C[6a])(N[5a]N[5a]C[6])(N[6a]C[6a])
Its atom type full C[5a,6a](C[5a,6a]C[5a]C[6a])(N[5a]N[5a]C[6])(N[6a]C[6a]){1|C<3>,1|N<2>,1|N<3>,2|C<4>,2|H<1>}

Atom2 : N16
Its Hashing code 371
Its root atom symbol N[6a]
Its codNB2Symb 3:3:
Its codNBSymb C[5a,6a]-3:C[6a]-3:
Its atom type main section N[6a](C[5a,6a]C[5a,6a]N[5a])(C[6a]N[6a]H)
Its atom type full N[6a](C[5a,6a]C[5a,6a]N[5a])(C[6a]N[6a]H){1|C<4>,1|N<2>,2|C<3>}

Atom3: N45
Its Hashing code  813
Its root atom symbol N[5a]
Its codNB2Symb 3:4:2:
Its codNBSymb C[5a,6a]-3:C[6]-4:N[5a]-2:
Its atom type main section N[5a](C[5a,6a]C[5a,6a]N[6a])(C[6]C[6]2H)(N[5a]C[5a])
Its atom type full N[5a](C[5a,6a]C[5a,6a]N[6a])(C[6]C[6]2H)(N[5a]C[5a]){1|C<4>,1|N<3>,3|C<3>,4|H<1>}

These 3 atoms are in a ring of size 0
The hybridization on three atoms is 0:SP2_SP2_SP2
Find ha1 727
Find ha2 371
Find ha3 813
Found 0:SP2_SP2_SP2
Found C[5a,6a]
Found N[6a]
Found N[5a]
Found 3:3:2:
Found 3:3:
Found 3:4:2:
Found C[5a,6a]-3:N[5a]-3:N[6a]-2:
Found C[5a,6a]-3:C[6a]-3:
Found C[5a,6a]-3:C[6]-4:N[5a]-2:
aNum 3
tLev 2
Angle value 127
Angle siga 0
Number of observations  1
Approximation level 1
tLev 3
Angle value 127
Angle siga 0.578
Number of observations  11
Approximation level 2
Level finished 
Finally the angle value is 127
It sig value is 0.578
Number of COD angles involved 11
Target angle value : 127

%=========================================%
Angle between C17(center) and N16 and C18

Center Atom : C17
Its Hashing code  727
Its root atom symbol C[5a,6a]
Its codNB2Symb 3:3:2:
Its codNBSymb C[5a,6a]-3:N[5a]-3:N[6a]-2:
Its atom type main sec C[5a,6a](C[5a,6a]C[5a]C[6a])(N[5a]N[5a]C[6])(N[6a]C[6a])
Its atom type full C[5a,6a](C[5a,6a]C[5a]C[6a])(N[5a]N[5a]C[6])(N[6a]C[6a]){1|C<3>,1|N<2>,1|N<3>,2|C<4>,2|H<1>}

Atom2 : N16
Its Hashing code 371
Its root atom symbol N[6a]
Its codNB2Symb 3:3:
Its codNBSymb C[5a,6a]-3:C[6a]-3:
Its atom type main section N[6a](C[5a,6a]C[5a,6a]N[5a])(C[6a]N[6a]H)
Its atom type full N[6a](C[5a,6a]C[5a,6a]N[5a])(C[6a]N[6a]H){1|C<4>,1|N<2>,2|C<3>}

Atom3: C18
Its Hashing code  727
Its root atom symbol C[5a,6a]
Its codNB2Symb 3:3:3:
Its codNBSymb C[5a,6a]-3:C[5a]-3:C[6a]-3:
Its atom type main section C[5a,6a](C[5a,6a]N[5a]N[6a])(C[5a]C[6a]N[5a])(C[6a]N[6a]N)
Its atom type full C[5a,6a](C[5a,6a]N[5a]N[6a])(C[5a]C[6a]N[5a])(C[6a]N[6a]N){1|C<4>,3|C<3>}

These 3 atoms are in a ring of size 6
The hybridization on three atoms is 6:SP2_SP2_SP2
Find ha1 727
Find ha2 371
Find ha3 727
Found 6:SP2_SP2_SP2
Found C[5a,6a]
Found N[6a]
Found C[5a,6a]
Found 3:3:2:
Found 3:3:
Found 3:3:3:
Found C[5a,6a]-3:N[5a]-3:N[6a]-2:
Found C[5a,6a]-3:C[6a]-3:
Found C[5a,6a]-3:C[5a]-3:C[6a]-3:
aNum 3
tLev 2
Angle value 127
Angle siga 0.868
Number of observations  237
Approximation level 1
Level finished 
Finally the angle value is 127
It sig value is 0.868
Number of COD angles involved 237
Target angle value : 127

%=========================================%
Angle between C17(center) and C18 and N45

Center Atom : C17
Its Hashing code  727
Its root atom symbol C[5a,6a]
Its codNB2Symb 3:3:2:
Its codNBSymb C[5a,6a]-3:N[5a]-3:N[6a]-2:
Its atom type main sec C[5a,6a](C[5a,6a]C[5a]C[6a])(N[5a]N[5a]C[6])(N[6a]C[6a])
Its atom type full C[5a,6a](C[5a,6a]C[5a]C[6a])(N[5a]N[5a]C[6])(N[6a]C[6a]){1|C<3>,1|N<2>,1|N<3>,2|C<4>,2|H<1>}

Atom2 : C18
Its Hashing code 727
Its root atom symbol C[5a,6a]
Its codNB2Symb 3:3:3:
Its codNBSymb C[5a,6a]-3:C[5a]-3:C[6a]-3:
Its atom type main section C[5a,6a](C[5a,6a]N[5a]N[6a])(C[5a]C[6a]N[5a])(C[6a]N[6a]N)
Its atom type full C[5a,6a](C[5a,6a]N[5a]N[6a])(C[5a]C[6a]N[5a])(C[6a]N[6a]N){1|C<4>,3|C<3>}

Atom3: N45
Its Hashing code  813
Its root atom symbol N[5a]
Its codNB2Symb 3:4:2:
Its codNBSymb C[5a,6a]-3:C[6]-4:N[5a]-2:
Its atom type main section N[5a](C[5a,6a]C[5a,6a]N[6a])(C[6]C[6]2H)(N[5a]C[5a])
Its atom type full N[5a](C[5a,6a]C[5a,6a]N[6a])(C[6]C[6]2H)(N[5a]C[5a]){1|C<4>,1|N<3>,3|C<3>,4|H<1>}

These 3 atoms are in a ring of size 5
The hybridization on three atoms is 5:SP2_SP2_SP2
Find ha1 727
Find ha2 727
Find ha3 813
Found 5:SP2_SP2_SP2
Found C[5a,6a]
Found C[5a,6a]
Found N[5a]
Found 3:3:2:
Found 3:3:3:
Found 3:4:2:
Found C[5a,6a]-3:N[5a]-3:N[6a]-2:
Found C[5a,6a]-3:C[5a]-3:C[6a]-3:
aNum 3
tLev 3
Angle value 107
Angle siga 0.089
Number of observations  13
Approximation level 2
Level finished 
Finally the angle value is 107
It sig value is 0.089
Number of COD angles involved 13
Target angle value : 107

%=========================================%
Angle between C18(center) and C19 and C17

Center Atom : C18
Its Hashing code  727
Its root atom symbol C[5a,6a]
Its codNB2Symb 3:3:3:
Its codNBSymb C[5a,6a]-3:C[5a]-3:C[6a]-3:
Its atom type main sec C[5a,6a](C[5a,6a]N[5a]N[6a])(C[5a]C[6a]N[5a])(C[6a]N[6a]N)
Its atom type full C[5a,6a](C[5a,6a]N[5a]N[6a])(C[5a]C[6a]N[5a])(C[6a]N[6a]N){1|C<4>,3|C<3>}

Atom2 : C19
Its Hashing code 643
Its root atom symbol C[6a]
Its codNB2Symb 3:2:3:
Its codNBSymb C[5a,6a]-3:N[6a]-2:N-3:
Its atom type main section C[6a](C[5a,6a]C[5a,6a]C[5a])(N[6a]C[6a])(NHH)
Its atom type full C[6a](C[5a,6a]C[5a,6a]C[5a])(N[6a]C[6a])(NHH){1|C<3>,1|H<1>,1|N<3>,2|N<2>}

Atom3: C17
Its Hashing code  727
Its root atom symbol C[5a,6a]
Its codNB2Symb 3:3:2:
Its codNBSymb C[5a,6a]-3:N[5a]-3:N[6a]-2:
Its atom type main section C[5a,6a](C[5a,6a]C[5a]C[6a])(N[5a]N[5a]C[6])(N[6a]C[6a])
Its atom type full C[5a,6a](C[5a,6a]C[5a]C[6a])(N[5a]N[5a]C[6])(N[6a]C[6a]){1|C<3>,1|N<2>,1|N<3>,2|C<4>,2|H<1>}

These 3 atoms are in a ring of size 6
The hybridization on three atoms is 6:SP2_SP2_SP2
Find ha1 727
Find ha2 643
Find ha3 727
Found 6:SP2_SP2_SP2
Found C[5a,6a]
Found C[6a]
Found C[5a,6a]
Found 3:3:3:
Found 3:2:3:
Found 3:3:2:
Found C[5a,6a]-3:C[5a]-3:C[6a]-3:
Found C[5a,6a]-3:N[6a]-2:N-3:
Found C[5a,6a]-3:N[5a]-3:N[6a]-2:
aNum 3
tLev 2
Angle value 116
Angle siga 0.833
Number of observations  35
Approximation level 1
Level finished 
Finally the angle value is 116
It sig value is 0.833
Number of COD angles involved 35
Target angle value : 116

%=========================================%
Angle between C18(center) and C17 and C43

Center Atom : C18
Its Hashing code  727
Its root atom symbol C[5a,6a]
Its codNB2Symb 3:3:3:
Its codNBSymb C[5a,6a]-3:C[5a]-3:C[6a]-3:
Its atom type main sec C[5a,6a](C[5a,6a]N[5a]N[6a])(C[5a]C[6a]N[5a])(C[6a]N[6a]N)
Its atom type full C[5a,6a](C[5a,6a]N[5a]N[6a])(C[5a]C[6a]N[5a])(C[6a]N[6a]N){1|C<4>,3|C<3>}

Atom2 : C17
Its Hashing code 727
Its root atom symbol C[5a,6a]
Its codNB2Symb 3:3:2:
Its codNBSymb C[5a,6a]-3:N[5a]-3:N[6a]-2:
Its atom type main section C[5a,6a](C[5a,6a]C[5a]C[6a])(N[5a]N[5a]C[6])(N[6a]C[6a])
Its atom type full C[5a,6a](C[5a,6a]C[5a]C[6a])(N[5a]N[5a]C[6])(N[6a]C[6a]){1|C<3>,1|N<2>,1|N<3>,2|C<4>,2|H<1>}

Atom3: C43
Its Hashing code  727
Its root atom symbol C[5a]
Its codNB2Symb 3:3:2:
Its codNBSymb C[5a,6a]-3:C[6a]-3:N[5a]-2:
Its atom type main section C[5a](C[5a,6a]C[5a,6a]C[6a])(C[6a]C[6a]2)(N[5a]N[5a])
Its atom type full C[5a](C[5a,6a]C[5a,6a]C[6a])(C[6a]C[6a]2)(N[5a]N[5a]){1|C<4>,1|N<3>,2|C<3>,2|H<1>,2|N<2>}

These 3 atoms are in a ring of size 5
The hybridization on three atoms is 5:SP2_SP2_SP2
Find ha1 727
Find ha2 727
Find ha3 727
Found 5:SP2_SP2_SP2
Found C[5a,6a]
Found C[5a,6a]
Found C[5a]
Found 3:3:3:
Found 3:3:2:
Found 3:3:2:
Found C[5a,6a]-3:C[5a]-3:C[6a]-3:
Found C[5a,6a]-3:N[5a]-3:N[6a]-2:
Found C[5a,6a]-3:C[6a]-3:N[5a]-2:
aNum 3
tLev 2
Angle value 105
Angle siga 0.331
Number of observations  2
Approximation level 1
tLev 3
Angle value 107
Angle siga 6.85
Number of observations  132
Approximation level 2
Level finished 
Finally the angle value is 107
It sig value is 6.85
Number of COD angles involved 132
Target angle value : 107

%=========================================%
Angle between C18(center) and C19 and C43

Center Atom : C18
Its Hashing code  727
Its root atom symbol C[5a,6a]
Its codNB2Symb 3:3:3:
Its codNBSymb C[5a,6a]-3:C[5a]-3:C[6a]-3:
Its atom type main sec C[5a,6a](C[5a,6a]N[5a]N[6a])(C[5a]C[6a]N[5a])(C[6a]N[6a]N)
Its atom type full C[5a,6a](C[5a,6a]N[5a]N[6a])(C[5a]C[6a]N[5a])(C[6a]N[6a]N){1|C<4>,3|C<3>}

Atom2 : C19
Its Hashing code 643
Its root atom symbol C[6a]
Its codNB2Symb 3:2:3:
Its codNBSymb C[5a,6a]-3:N[6a]-2:N-3:
Its atom type main section C[6a](C[5a,6a]C[5a,6a]C[5a])(N[6a]C[6a])(NHH)
Its atom type full C[6a](C[5a,6a]C[5a,6a]C[5a])(N[6a]C[6a])(NHH){1|C<3>,1|H<1>,1|N<3>,2|N<2>}

Atom3: C43
Its Hashing code  727
Its root atom symbol C[5a]
Its codNB2Symb 3:3:2:
Its codNBSymb C[5a,6a]-3:C[6a]-3:N[5a]-2:
Its atom type main section C[5a](C[5a,6a]C[5a,6a]C[6a])(C[6a]C[6a]2)(N[5a]N[5a])
Its atom type full C[5a](C[5a,6a]C[5a,6a]C[6a])(C[6a]C[6a]2)(N[5a]N[5a]){1|C<4>,1|N<3>,2|C<3>,2|H<1>,2|N<2>}

These 3 atoms are in a ring of size 0
The hybridization on three atoms is 0:SP2_SP2_SP2
Find ha1 727
Find ha2 643
Find ha3 727
Found 0:SP2_SP2_SP2
Found C[5a,6a]
Found C[6a]
Found C[5a]
Found 3:3:3:
Found 3:2:3:
Found 3:3:2:
Found C[5a,6a]-3:C[5a]-3:C[6a]-3:
Found C[5a,6a]-3:N[6a]-2:N-3:
aNum 3
tLev 3
Angle value 137
Angle siga 0.156
Number of observations  2
Approximation level 2
tLev 4
Angle value 134
Angle siga 6.15
Number of observations  6246
Approximation level 3
Level finished 
Finally the angle value is 134
It sig value is 6.15
Number of COD angles involved 6246
Target angle value : 134

%=========================================%
Angle between C19(center) and N14 and C18

Center Atom : C19
Its Hashing code  643
Its root atom symbol C[6a]
Its codNB2Symb 3:2:3:
Its codNBSymb C[5a,6a]-3:N[6a]-2:N-3:
Its atom type main sec C[6a](C[5a,6a]C[5a,6a]C[5a])(N[6a]C[6a])(NHH)
Its atom type full C[6a](C[5a,6a]C[5a,6a]C[5a])(N[6a]C[6a])(NHH){1|C<3>,1|H<1>,1|N<3>,2|N<2>}

Atom2 : N14
Its Hashing code 371
Its root atom symbol N[6a]
Its codNB2Symb 3:3:
Its codNBSymb C[6a]-3:C[6a]-3:
Its atom type main section N[6a](C[6a]C[5a,6a]N)(C[6a]N[6a]H)
Its atom type full N[6a](C[6a]C[5a,6a]N)(C[6a]N[6a]H){2|C<3>}

Atom3: C18
Its Hashing code  727
Its root atom symbol C[5a,6a]
Its codNB2Symb 3:3:3:
Its codNBSymb C[5a,6a]-3:C[5a]-3:C[6a]-3:
Its atom type main section C[5a,6a](C[5a,6a]N[5a]N[6a])(C[5a]C[6a]N[5a])(C[6a]N[6a]N)
Its atom type full C[5a,6a](C[5a,6a]N[5a]N[6a])(C[5a]C[6a]N[5a])(C[6a]N[6a]N){1|C<4>,3|C<3>}

These 3 atoms are in a ring of size 6
The hybridization on three atoms is 6:SP2_SP2_SP2
Find ha1 643
Find ha2 371
Find ha3 727
Found 6:SP2_SP2_SP2
Found C[6a]
Found N[6a]
Found C[5a,6a]
Found 3:2:3:
Found 3:3:
Found 3:3:3:
Found C[5a,6a]-3:N[6a]-2:N-3:
Found C[6a]-3:C[6a]-3:
Found C[5a,6a]-3:C[5a]-3:C[6a]-3:
Found C[6a](C[5a,6a]C[5a,6a]C[5a])(N[6a]C[6a])(NHH)
Found N[6a](C[6a]C[5a,6a]N)(C[6a]N[6a]H)
aNum 3
tLev 2
Angle value 119
Angle siga 0.448
Number of observations  37
Approximation level 1
Level finished 
Finally the angle value is 119
It sig value is 0.448
Number of COD angles involved 37
Target angle value : 119

%=========================================%
Angle between C19(center) and N14 and N21

Center Atom : C19
Its Hashing code  643
Its root atom symbol C[6a]
Its codNB2Symb 3:2:3:
Its codNBSymb C[5a,6a]-3:N[6a]-2:N-3:
Its atom type main sec C[6a](C[5a,6a]C[5a,6a]C[5a])(N[6a]C[6a])(NHH)
Its atom type full C[6a](C[5a,6a]C[5a,6a]C[5a])(N[6a]C[6a])(NHH){1|C<3>,1|H<1>,1|N<3>,2|N<2>}

Atom2 : N14
Its Hashing code 371
Its root atom symbol N[6a]
Its codNB2Symb 3:3:
Its codNBSymb C[6a]-3:C[6a]-3:
Its atom type main section N[6a](C[6a]C[5a,6a]N)(C[6a]N[6a]H)
Its atom type full N[6a](C[6a]C[5a,6a]N)(C[6a]N[6a]H){2|C<3>}

Atom3: N21
Its Hashing code  956
Its root atom symbol N
Its codNB2Symb 3:1:1:
Its codNBSymb C[6a]-3:H-1:H-1:
Its atom type main section N(C[6a]C[5a,6a]N[6a])(H)2
Its atom type full N(C[6a]C[5a,6a]N[6a])(H)2

These 3 atoms are in a ring of size 0
The hybridization on three atoms is 0:SP2_SP2_SP2
Find ha1 643
Find ha2 371
Find ha3 956
Found 0:SP2_SP2_SP2
Found C[6a]
Found N[6a]
Found N
Found 3:2:3:
Found 3:3:
Found 3:1:1:
Found C[5a,6a]-3:N[6a]-2:N-3:
Found C[6a]-3:C[6a]-3:
Found C[6a]-3:H-1:H-1:
Found C[6a](C[5a,6a]C[5a,6a]C[5a])(N[6a]C[6a])(NHH)
Found N[6a](C[6a]C[5a,6a]N)(C[6a]N[6a]H)
Found N(C[6a]C[5a,6a]N[6a])(H)2
aNum 3
tLev 1
Angle value 118
Angle siga 1.05
Number of observations  21
Approximation level 0
Level finished 
Finally the angle value is 118
It sig value is 1.05
Number of COD angles involved 21
Target angle value : 118

%=========================================%
Angle between C19(center) and C18 and N21

Center Atom : C19
Its Hashing code  643
Its root atom symbol C[6a]
Its codNB2Symb 3:2:3:
Its codNBSymb C[5a,6a]-3:N[6a]-2:N-3:
Its atom type main sec C[6a](C[5a,6a]C[5a,6a]C[5a])(N[6a]C[6a])(NHH)
Its atom type full C[6a](C[5a,6a]C[5a,6a]C[5a])(N[6a]C[6a])(NHH){1|C<3>,1|H<1>,1|N<3>,2|N<2>}

Atom2 : C18
Its Hashing code 727
Its root atom symbol C[5a,6a]
Its codNB2Symb 3:3:3:
Its codNBSymb C[5a,6a]-3:C[5a]-3:C[6a]-3:
Its atom type main section C[5a,6a](C[5a,6a]N[5a]N[6a])(C[5a]C[6a]N[5a])(C[6a]N[6a]N)
Its atom type full C[5a,6a](C[5a,6a]N[5a]N[6a])(C[5a]C[6a]N[5a])(C[6a]N[6a]N){1|C<4>,3|C<3>}

Atom3: N21
Its Hashing code  956
Its root atom symbol N
Its codNB2Symb 3:1:1:
Its codNBSymb C[6a]-3:H-1:H-1:
Its atom type main section N(C[6a]C[5a,6a]N[6a])(H)2
Its atom type full N(C[6a]C[5a,6a]N[6a])(H)2

These 3 atoms are in a ring of size 0
The hybridization on three atoms is 0:SP2_SP2_SP2
Find ha1 643
Find ha2 727
Find ha3 956
Found 0:SP2_SP2_SP2
Found C[6a]
Found C[5a,6a]
Found N
Found 3:2:3:
Found 3:3:3:
Found 3:1:1:
Found C[5a,6a]-3:N[6a]-2:N-3:
Found C[5a,6a]-3:C[5a]-3:C[6a]-3:
Found C[6a]-3:H-1:H-1:
Found C[6a](C[5a,6a]C[5a,6a]C[5a])(N[6a]C[6a])(NHH)
aNum 3
tLev 2
Angle value 123
Angle siga 1.33
Number of observations  28
Approximation level 1
Level finished 
Finally the angle value is 123
It sig value is 1.33
Number of COD angles involved 28
Target angle value : 123

%=========================================%
Angle between C20(center) and S6 and C23

Center Atom : C20
Its Hashing code  930
Its root atom symbol C
Its codNB2Symb 3:2:1:
Its codNBSymb C-3:S-2:H-1:
Its atom type main sec C(CCH)(SC)(H)
Its atom type full C(CCH)(SC)(H)

Atom2 : S6
Its Hashing code 909
Its root atom symbol S
Its codNB2Symb 4:3:
Its codNBSymb C-4:C-3:
Its atom type main section S(CCHH)(CCH)
Its atom type full S(CCHH)(CCH)

Atom3: C23
Its Hashing code  930
Its root atom symbol C
Its codNB2Symb 3:3:1:
Its codNBSymb C-3:C-3:H-1:
Its atom type main section C(CN[6]O)(CHS)(H)
Its atom type full C(CN[6]O)(CHS)(H)

These 3 atoms are in a ring of size 0
The hybridization on three atoms is 0:SP2_SP2_SP2
Find ha1 930
Find ha2 909
Find ha3 930
Found 0:SP2_SP2_SP2
Found C
Found S
Found C
Found 3:2:1:
Found 4:3:
Found 3:3:1:
Found C-3:S-2:H-1:
Found C-4:C-3:
Found C-3:C-3:H-1:
Found C(CCH)(SC)(H)
aNum 3
tLev 2
Angle value 126
Angle siga 8.09
Number of observations  2
Approximation level 1
tLev 3
Angle value 119
Angle siga 35.9
Number of observations  21
Approximation level 2
Level finished 
Finally the angle value is 119
It sig value is 35.9
Number of COD angles involved 21
Target angle value : 119

%=========================================%
Angle between C20(center) and C23 and H48

Center Atom : C20
Its Hashing code  930
Its root atom symbol C
Its codNB2Symb 3:2:1:
Its codNBSymb C-3:S-2:H-1:
Its atom type main sec C(CCH)(SC)(H)
Its atom type full C(CCH)(SC)(H)

Atom2 : C23
Its Hashing code 930
Its root atom symbol C
Its codNB2Symb 3:3:1:
Its codNBSymb C-3:C-3:H-1:
Its atom type main section C(CN[6]O)(CHS)(H)
Its atom type full C(CN[6]O)(CHS)(H)

Atom3: H48
Its Hashing code  951
Its root atom symbol H
Its codNB2Symb 3:
Its codNBSymb C-3:
Its atom type main section H(CCS)
Its atom type full H(CCS)

These 3 atoms are in a ring of size 0
The hybridization on three atoms is 0:SP2_SP-NON_SP2
Find ha1 930
Find ha2 930
Find ha3 951
Found 0:SP2_SP-NON_SP2
Found C
Found C
Found H
Found 3:2:1:
Found 3:3:1:
Found 3:
Found C-3:S-2:H-1:
Found C-3:C-3:H-1:
Found C-3:
Found C(CCH)(SC)(H)
aNum 3
tLev 2
Angle value 116
Angle siga 1.94
Number of observations  10
Approximation level 1
Level finished 
Finally the angle value is 116
It sig value is 1.94
Number of COD angles involved 10
Target angle value : 116

%=========================================%
Angle between C20(center) and S6 and H48

Center Atom : C20
Its Hashing code  930
Its root atom symbol C
Its codNB2Symb 3:2:1:
Its codNBSymb C-3:S-2:H-1:
Its atom type main sec C(CCH)(SC)(H)
Its atom type full C(CCH)(SC)(H)

Atom2 : S6
Its Hashing code 909
Its root atom symbol S
Its codNB2Symb 4:3:
Its codNBSymb C-4:C-3:
Its atom type main section S(CCHH)(CCH)
Its atom type full S(CCHH)(CCH)

Atom3: H48
Its Hashing code  951
Its root atom symbol H
Its codNB2Symb 3:
Its codNBSymb C-3:
Its atom type main section H(CCS)
Its atom type full H(CCS)

These 3 atoms are in a ring of size 0
The hybridization on three atoms is 0:SP2_SP-NON_SP2
Find ha1 930
Find ha2 909
Find ha3 951
Found 0:SP2_SP-NON_SP2
Found C
Found S
Found H
Found 3:2:1:
Found 4:3:
Found 3:
Found C-3:S-2:H-1:
Found C-4:C-3:
Found C-3:
Found C(CCH)(SC)(H)
aNum 3
tLev 2
Angle value 117
Angle siga 1.67
Number of observations  14
Approximation level 1
Level finished 
Finally the angle value is 117
It sig value is 1.67
Number of COD angles involved 14
Target angle value : 117

%=========================================%
Angle between N21(center) and C19 and H49

Center Atom : N21
Its Hashing code  956
Its root atom symbol N
Its codNB2Symb 3:1:1:
Its codNBSymb C[6a]-3:H-1:H-1:
Its atom type main sec N(C[6a]C[5a,6a]N[6a])(H)2
Its atom type full N(C[6a]C[5a,6a]N[6a])(H)2

Atom2 : C19
Its Hashing code 643
Its root atom symbol C[6a]
Its codNB2Symb 3:2:3:
Its codNBSymb C[5a,6a]-3:N[6a]-2:N-3:
Its atom type main section C[6a](C[5a,6a]C[5a,6a]C[5a])(N[6a]C[6a])(NHH)
Its atom type full C[6a](C[5a,6a]C[5a,6a]C[5a])(N[6a]C[6a])(NHH){1|C<3>,1|H<1>,1|N<3>,2|N<2>}

Atom3: H49
Its Hashing code  951
Its root atom symbol H
Its codNB2Symb 3:
Its codNBSymb N-3:
Its atom type main section H(NC[6a]H)
Its atom type full H(NC[6a]H)

These 3 atoms are in a ring of size 0
The hybridization on three atoms is 0:SP2_SP-NON_SP2
Find ha1 956
Find ha2 643
Find ha3 951
Found 0:SP2_SP-NON_SP2
Found N
Found C[6a]
Found H
Found 3:1:1:
Found 3:2:3:
Found 3:
Found C[6a]-3:H-1:H-1:
Found C[5a,6a]-3:N[6a]-2:N-3:
Found N-3:
Found N(C[6a]C[5a,6a]N[6a])(H)2
Found C[6a](C[5a,6a]C[5a,6a]C[5a])(N[6a]C[6a])(NHH)
Found H(NC[6a]H)
aNum 3
tLev 1
Angle value 120
Angle siga 4.39
Number of observations  51
Approximation level 0
Level finished 
Finally the angle value is 120
It sig value is 4.39
Number of COD angles involved 51
Target angle value : 120

%=========================================%
Angle between N21(center) and C19 and H50

Center Atom : N21
Its Hashing code  956
Its root atom symbol N
Its codNB2Symb 3:1:1:
Its codNBSymb C[6a]-3:H-1:H-1:
Its atom type main sec N(C[6a]C[5a,6a]N[6a])(H)2
Its atom type full N(C[6a]C[5a,6a]N[6a])(H)2

Atom2 : C19
Its Hashing code 643
Its root atom symbol C[6a]
Its codNB2Symb 3:2:3:
Its codNBSymb C[5a,6a]-3:N[6a]-2:N-3:
Its atom type main section C[6a](C[5a,6a]C[5a,6a]C[5a])(N[6a]C[6a])(NHH)
Its atom type full C[6a](C[5a,6a]C[5a,6a]C[5a])(N[6a]C[6a])(NHH){1|C<3>,1|H<1>,1|N<3>,2|N<2>}

Atom3: H50
Its Hashing code  951
Its root atom symbol H
Its codNB2Symb 3:
Its codNBSymb N-3:
Its atom type main section H(NC[6a]H)
Its atom type full H(NC[6a]H)

These 3 atoms are in a ring of size 0
The hybridization on three atoms is 0:SP2_SP-NON_SP2
Find ha1 956
Find ha2 643
Find ha3 951
Found 0:SP2_SP-NON_SP2
Found N
Found C[6a]
Found H
Found 3:1:1:
Found 3:2:3:
Found 3:
Found C[6a]-3:H-1:H-1:
Found C[5a,6a]-3:N[6a]-2:N-3:
Found N-3:
Found N(C[6a]C[5a,6a]N[6a])(H)2
Found C[6a](C[5a,6a]C[5a,6a]C[5a])(N[6a]C[6a])(NHH)
Found H(NC[6a]H)
aNum 3
tLev 1
Angle value 120
Angle siga 4.39
Number of observations  51
Approximation level 0
Level finished 
Finally the angle value is 120
It sig value is 4.39
Number of COD angles involved 51
Target angle value : 120

%=========================================%
Angle between N21(center) and H50 and H49

Center Atom : N21
Its Hashing code  956
Its root atom symbol N
Its codNB2Symb 3:1:1:
Its codNBSymb C[6a]-3:H-1:H-1:
Its atom type main sec N(C[6a]C[5a,6a]N[6a])(H)2
Its atom type full N(C[6a]C[5a,6a]N[6a])(H)2

Atom2 : H50
Its Hashing code 951
Its root atom symbol H
Its codNB2Symb 3:
Its codNBSymb N-3:
Its atom type main section H(NC[6a]H)
Its atom type full H(NC[6a]H)

Atom3: H49
Its Hashing code  951
Its root atom symbol H
Its codNB2Symb 3:
Its codNBSymb N-3:
Its atom type main section H(NC[6a]H)
Its atom type full H(NC[6a]H)

These 3 atoms are in a ring of size 0
The hybridization on three atoms is 0:SP2_SP-NON_SP-NON
Find ha1 956
Find ha2 951
Find ha3 951
Found 0:SP2_SP-NON_SP-NON
Found N
Found H
Found H
Found 3:1:1:
Found 3:
Found 3:
Found C[6a]-3:H-1:H-1:
Found N-3:
Found N-3:
Found N(C[6a]C[5a,6a]N[6a])(H)2
Found H(NC[6a]H)
Found H(NC[6a]H)
aNum 3
tLev 1
Angle value 120
Angle siga 8.04
Number of observations  159
Approximation level 0
Level finished 
Finally the angle value is 120
It sig value is 8.04
Number of COD angles involved 159
Target angle value : 120

%=========================================%
Angle between C23(center) and C39 and C20

Center Atom : C23
Its Hashing code  930
Its root atom symbol C
Its codNB2Symb 3:3:1:
Its codNBSymb C-3:C-3:H-1:
Its atom type main sec C(CN[6]O)(CHS)(H)
Its atom type full C(CN[6]O)(CHS)(H)

Atom2 : C39
Its Hashing code 930
Its root atom symbol C
Its codNB2Symb 3:3:1:
Its codNBSymb N[6]-3:C-3:O-1:
Its atom type main section C(N[6]C[6]2)(CCH)(O)
Its atom type full C(N[6]C[6]2)(CCH)(O)

Atom3: C20
Its Hashing code  930
Its root atom symbol C
Its codNB2Symb 3:2:1:
Its codNBSymb C-3:S-2:H-1:
Its atom type main section C(CCH)(SC)(H)
Its atom type full C(CCH)(SC)(H)

These 3 atoms are in a ring of size 0
The hybridization on three atoms is 0:SP2_SP2_SP2
Find ha1 930
Find ha2 930
Find ha3 930
Found 0:SP2_SP2_SP2
Found C
Found C
Found C
Found 3:3:1:
Found 3:3:1:
Found 3:2:1:
Found C-3:C-3:H-1:
aNum 3
tLev 3
Angle value 125
Angle siga 18.3
Number of observations  879
Approximation level 2
Level finished 
Finally the angle value is 125
It sig value is 18.3
Number of COD angles involved 879
Target angle value : 125

%=========================================%
Angle between C23(center) and C20 and H51

Center Atom : C23
Its Hashing code  930
Its root atom symbol C
Its codNB2Symb 3:3:1:
Its codNBSymb C-3:C-3:H-1:
Its atom type main sec C(CN[6]O)(CHS)(H)
Its atom type full C(CN[6]O)(CHS)(H)

Atom2 : C20
Its Hashing code 930
Its root atom symbol C
Its codNB2Symb 3:2:1:
Its codNBSymb C-3:S-2:H-1:
Its atom type main section C(CCH)(SC)(H)
Its atom type full C(CCH)(SC)(H)

Atom3: H51
Its Hashing code  951
Its root atom symbol H
Its codNB2Symb 3:
Its codNBSymb C-3:
Its atom type main section H(CCC)
Its atom type full H(CCC)

These 3 atoms are in a ring of size 0
The hybridization on three atoms is 0:SP2_SP-NON_SP2
Find ha1 930
Find ha2 930
Find ha3 951
Found 0:SP2_SP-NON_SP2
Found C
Found C
Found H
Found 3:3:1:
Found 3:2:1:
Found 3:
Found C-3:C-3:H-1:
Found C-3:S-2:H-1:
Found C-3:
aNum 3
tLev 2
Angle value 116
Angle siga 0.991
Number of observations  10
Approximation level 1
Level finished 
Finally the angle value is 116
It sig value is 0.991
Number of COD angles involved 10
Target angle value : 116

%=========================================%
Angle between C23(center) and C39 and H51

Center Atom : C23
Its Hashing code  930
Its root atom symbol C
Its codNB2Symb 3:3:1:
Its codNBSymb C-3:C-3:H-1:
Its atom type main sec C(CN[6]O)(CHS)(H)
Its atom type full C(CN[6]O)(CHS)(H)

Atom2 : C39
Its Hashing code 930
Its root atom symbol C
Its codNB2Symb 3:3:1:
Its codNBSymb N[6]-3:C-3:O-1:
Its atom type main section C(N[6]C[6]2)(CCH)(O)
Its atom type full C(N[6]C[6]2)(CCH)(O)

Atom3: H51
Its Hashing code  951
Its root atom symbol H
Its codNB2Symb 3:
Its codNBSymb C-3:
Its atom type main section H(CCC)
Its atom type full H(CCC)

These 3 atoms are in a ring of size 0
The hybridization on three atoms is 0:SP2_SP-NON_SP2
Find ha1 930
Find ha2 930
Find ha3 951
Found 0:SP2_SP-NON_SP2
Found C
Found C
Found H
Found 3:3:1:
Found 3:3:1:
Found 3:
Found C-3:C-3:H-1:
Found N[6]-3:C-3:O-1:
Found C-3:
aNum 3
tLev 2
Angle value 119
Angle siga 1.19
Number of observations  30
Approximation level 1
Level finished 
Finally the angle value is 119
It sig value is 1.19
Number of COD angles involved 30
Target angle value : 119

%=========================================%
Angle between C24(center) and C26 and C25

Center Atom : C24
Its Hashing code  643
Its root atom symbol C[6a]
Its codNB2Symb 3:3:1:
Its codNBSymb C[6a]-3:C[6a]-3:H-1:
Its atom type main sec C[6a](C[6a]C[6a]H)2(H)
Its atom type full C[6a](C[6a]C[6a]H)2(H){1|C<3>,2|H<1>}

Atom2 : C26
Its Hashing code 643
Its root atom symbol C[6a]
Its codNB2Symb 3:3:1:
Its codNBSymb C[6a]-3:C[6a]-3:H-1:
Its atom type main section C[6a](C[6a]C[6a]H)2(H)
Its atom type full C[6a](C[6a]C[6a]H)2(H){1|C<3>,1|H<1>,1|O<2>}

Atom3: C25
Its Hashing code  643
Its root atom symbol C[6a]
Its codNB2Symb 3:3:1:
Its codNBSymb C[6a]-3:C[6a]-3:H-1:
Its atom type main section C[6a](C[6a]C[6a]H)2(H)
Its atom type full C[6a](C[6a]C[6a]H)2(H){1|C<3>,1|H<1>,1|O<2>}

These 3 atoms are in a ring of size 6
The hybridization on three atoms is 6:SP2_SP2_SP2
Find ha1 643
Find ha2 643
Find ha3 643
Found 6:SP2_SP2_SP2
Found C[6a]
Found C[6a]
Found C[6a]
Found 3:3:1:
Found 3:3:1:
Found 3:3:1:
Found C[6a]-3:C[6a]-3:H-1:
Found C[6a]-3:C[6a]-3:H-1:
Found C[6a]-3:C[6a]-3:H-1:
Found C[6a](C[6a]C[6a]H)2(H)
Found C[6a](C[6a]C[6a]H)2(H)
Found C[6a](C[6a]C[6a]H)2(H)
aNum 3
tLev 1
Angle value 120
Angle siga 0.929
Number of observations  147217
Approximation level 0
Level finished 
Finally the angle value is 120
It sig value is 0.929
Number of COD angles involved 147217
Target angle value : 120

%=========================================%
Angle between C24(center) and C25 and H52

Center Atom : C24
Its Hashing code  643
Its root atom symbol C[6a]
Its codNB2Symb 3:3:1:
Its codNBSymb C[6a]-3:C[6a]-3:H-1:
Its atom type main sec C[6a](C[6a]C[6a]H)2(H)
Its atom type full C[6a](C[6a]C[6a]H)2(H){1|C<3>,2|H<1>}

Atom2 : C25
Its Hashing code 643
Its root atom symbol C[6a]
Its codNB2Symb 3:3:1:
Its codNBSymb C[6a]-3:C[6a]-3:H-1:
Its atom type main section C[6a](C[6a]C[6a]H)2(H)
Its atom type full C[6a](C[6a]C[6a]H)2(H){1|C<3>,1|H<1>,1|O<2>}

Atom3: H52
Its Hashing code  951
Its root atom symbol H
Its codNB2Symb 3:
Its codNBSymb C[6a]-3:
Its atom type main section H(C[6a]C[6a]2)
Its atom type full H(C[6a]C[6a]2)

These 3 atoms are in a ring of size 0
The hybridization on three atoms is 0:SP2_SP-NON_SP2
Find ha1 643
Find ha2 643
Find ha3 951
Found 0:SP2_SP-NON_SP2
Found C[6a]
Found C[6a]
Found H
Found 3:3:1:
Found 3:3:1:
Found 3:
Found C[6a]-3:C[6a]-3:H-1:
Found C[6a]-3:C[6a]-3:H-1:
Found C[6a]-3:
Found C[6a](C[6a]C[6a]H)2(H)
Found C[6a](C[6a]C[6a]H)2(H)
Found H(C[6a]C[6a]2)
aNum 3
tLev 1
Angle value 120
Angle siga 0.655
Number of observations  568710
Approximation level 0
Level finished 
Finally the angle value is 120
It sig value is 0.655
Number of COD angles involved 568710
Target angle value : 120

%=========================================%
Angle between C24(center) and C26 and H52

Center Atom : C24
Its Hashing code  643
Its root atom symbol C[6a]
Its codNB2Symb 3:3:1:
Its codNBSymb C[6a]-3:C[6a]-3:H-1:
Its atom type main sec C[6a](C[6a]C[6a]H)2(H)
Its atom type full C[6a](C[6a]C[6a]H)2(H){1|C<3>,2|H<1>}

Atom2 : C26
Its Hashing code 643
Its root atom symbol C[6a]
Its codNB2Symb 3:3:1:
Its codNBSymb C[6a]-3:C[6a]-3:H-1:
Its atom type main section C[6a](C[6a]C[6a]H)2(H)
Its atom type full C[6a](C[6a]C[6a]H)2(H){1|C<3>,1|H<1>,1|O<2>}

Atom3: H52
Its Hashing code  951
Its root atom symbol H
Its codNB2Symb 3:
Its codNBSymb C[6a]-3:
Its atom type main section H(C[6a]C[6a]2)
Its atom type full H(C[6a]C[6a]2)

These 3 atoms are in a ring of size 0
The hybridization on three atoms is 0:SP2_SP-NON_SP2
Find ha1 643
Find ha2 643
Find ha3 951
Found 0:SP2_SP-NON_SP2
Found C[6a]
Found C[6a]
Found H
Found 3:3:1:
Found 3:3:1:
Found 3:
Found C[6a]-3:C[6a]-3:H-1:
Found C[6a]-3:C[6a]-3:H-1:
Found C[6a]-3:
Found C[6a](C[6a]C[6a]H)2(H)
Found C[6a](C[6a]C[6a]H)2(H)
Found H(C[6a]C[6a]2)
aNum 3
tLev 1
Angle value 120
Angle siga 0.655
Number of observations  568710
Approximation level 0
Level finished 
Finally the angle value is 120
It sig value is 0.655
Number of COD angles involved 568710
Target angle value : 120

%=========================================%
Angle between C25(center) and C27 and C24

Center Atom : C25
Its Hashing code  643
Its root atom symbol C[6a]
Its codNB2Symb 3:3:1:
Its codNBSymb C[6a]-3:C[6a]-3:H-1:
Its atom type main sec C[6a](C[6a]C[6a]H)2(H)
Its atom type full C[6a](C[6a]C[6a]H)2(H){1|C<3>,1|H<1>,1|O<2>}

Atom2 : C27
Its Hashing code 643
Its root atom symbol C[6a]
Its codNB2Symb 3:3:1:
Its codNBSymb C[6a]-3:C[6a]-3:H-1:
Its atom type main section C[6a](C[6a]C[6a]H)(C[6a]C[6a]O)(H)
Its atom type full C[6a](C[6a]C[6a]H)(C[6a]C[6a]O)(H){1|C<3>,2|H<1>}

Atom3: C24
Its Hashing code  643
Its root atom symbol C[6a]
Its codNB2Symb 3:3:1:
Its codNBSymb C[6a]-3:C[6a]-3:H-1:
Its atom type main section C[6a](C[6a]C[6a]H)2(H)
Its atom type full C[6a](C[6a]C[6a]H)2(H){1|C<3>,2|H<1>}

These 3 atoms are in a ring of size 6
The hybridization on three atoms is 6:SP2_SP2_SP2
Find ha1 643
Find ha2 643
Find ha3 643
Found 6:SP2_SP2_SP2
Found C[6a]
Found C[6a]
Found C[6a]
Found 3:3:1:
Found 3:3:1:
Found 3:3:1:
Found C[6a]-3:C[6a]-3:H-1:
Found C[6a]-3:C[6a]-3:H-1:
Found C[6a]-3:C[6a]-3:H-1:
Found C[6a](C[6a]C[6a]H)2(H)
Found C[6a](C[6a]C[6a]H)(C[6a]C[6a]O)(H)
Found C[6a](C[6a]C[6a]H)2(H)
aNum 3
tLev 1
Angle value 121
Angle siga 0.573
Number of observations  10076
Approximation level 0
Level finished 
Finally the angle value is 121
It sig value is 0.573
Number of COD angles involved 10076
Target angle value : 121

%=========================================%
Angle between C25(center) and C24 and H53

Center Atom : C25
Its Hashing code  643
Its root atom symbol C[6a]
Its codNB2Symb 3:3:1:
Its codNBSymb C[6a]-3:C[6a]-3:H-1:
Its atom type main sec C[6a](C[6a]C[6a]H)2(H)
Its atom type full C[6a](C[6a]C[6a]H)2(H){1|C<3>,1|H<1>,1|O<2>}

Atom2 : C24
Its Hashing code 643
Its root atom symbol C[6a]
Its codNB2Symb 3:3:1:
Its codNBSymb C[6a]-3:C[6a]-3:H-1:
Its atom type main section C[6a](C[6a]C[6a]H)2(H)
Its atom type full C[6a](C[6a]C[6a]H)2(H){1|C<3>,2|H<1>}

Atom3: H53
Its Hashing code  951
Its root atom symbol H
Its codNB2Symb 3:
Its codNBSymb C[6a]-3:
Its atom type main section H(C[6a]C[6a]2)
Its atom type full H(C[6a]C[6a]2)

These 3 atoms are in a ring of size 0
The hybridization on three atoms is 0:SP2_SP-NON_SP2
Find ha1 643
Find ha2 643
Find ha3 951
Found 0:SP2_SP-NON_SP2
Found C[6a]
Found C[6a]
Found H
Found 3:3:1:
Found 3:3:1:
Found 3:
Found C[6a]-3:C[6a]-3:H-1:
Found C[6a]-3:C[6a]-3:H-1:
Found C[6a]-3:
Found C[6a](C[6a]C[6a]H)2(H)
Found C[6a](C[6a]C[6a]H)2(H)
Found H(C[6a]C[6a]2)
aNum 3
tLev 1
Angle value 120
Angle siga 0.655
Number of observations  568710
Approximation level 0
Level finished 
Finally the angle value is 120
It sig value is 0.655
Number of COD angles involved 568710
Target angle value : 120

%=========================================%
Angle between C25(center) and C27 and H53

Center Atom : C25
Its Hashing code  643
Its root atom symbol C[6a]
Its codNB2Symb 3:3:1:
Its codNBSymb C[6a]-3:C[6a]-3:H-1:
Its atom type main sec C[6a](C[6a]C[6a]H)2(H)
Its atom type full C[6a](C[6a]C[6a]H)2(H){1|C<3>,1|H<1>,1|O<2>}

Atom2 : C27
Its Hashing code 643
Its root atom symbol C[6a]
Its codNB2Symb 3:3:1:
Its codNBSymb C[6a]-3:C[6a]-3:H-1:
Its atom type main section C[6a](C[6a]C[6a]H)(C[6a]C[6a]O)(H)
Its atom type full C[6a](C[6a]C[6a]H)(C[6a]C[6a]O)(H){1|C<3>,2|H<1>}

Atom3: H53
Its Hashing code  951
Its root atom symbol H
Its codNB2Symb 3:
Its codNBSymb C[6a]-3:
Its atom type main section H(C[6a]C[6a]2)
Its atom type full H(C[6a]C[6a]2)

These 3 atoms are in a ring of size 0
The hybridization on three atoms is 0:SP2_SP-NON_SP2
Find ha1 643
Find ha2 643
Find ha3 951
Found 0:SP2_SP-NON_SP2
Found C[6a]
Found C[6a]
Found H
Found 3:3:1:
Found 3:3:1:
Found 3:
Found C[6a]-3:C[6a]-3:H-1:
Found C[6a]-3:C[6a]-3:H-1:
Found C[6a]-3:
Found C[6a](C[6a]C[6a]H)2(H)
Found C[6a](C[6a]C[6a]H)(C[6a]C[6a]O)(H)
Found H(C[6a]C[6a]2)
aNum 3
tLev 1
Angle value 120
Angle siga 0.662
Number of observations  13345
Approximation level 0
Level finished 
Finally the angle value is 120
It sig value is 0.662
Number of COD angles involved 13345
Target angle value : 120

%=========================================%
Angle between C26(center) and C28 and C24

Center Atom : C26
Its Hashing code  643
Its root atom symbol C[6a]
Its codNB2Symb 3:3:1:
Its codNBSymb C[6a]-3:C[6a]-3:H-1:
Its atom type main sec C[6a](C[6a]C[6a]H)2(H)
Its atom type full C[6a](C[6a]C[6a]H)2(H){1|C<3>,1|H<1>,1|O<2>}

Atom2 : C28
Its Hashing code 643
Its root atom symbol C[6a]
Its codNB2Symb 3:3:1:
Its codNBSymb C[6a]-3:C[6a]-3:H-1:
Its atom type main section C[6a](C[6a]C[6a]H)(C[6a]C[6a]O)(H)
Its atom type full C[6a](C[6a]C[6a]H)(C[6a]C[6a]O)(H){1|C<3>,2|H<1>}

Atom3: C24
Its Hashing code  643
Its root atom symbol C[6a]
Its codNB2Symb 3:3:1:
Its codNBSymb C[6a]-3:C[6a]-3:H-1:
Its atom type main section C[6a](C[6a]C[6a]H)2(H)
Its atom type full C[6a](C[6a]C[6a]H)2(H){1|C<3>,2|H<1>}

These 3 atoms are in a ring of size 6
The hybridization on three atoms is 6:SP2_SP2_SP2
Find ha1 643
Find ha2 643
Find ha3 643
Found 6:SP2_SP2_SP2
Found C[6a]
Found C[6a]
Found C[6a]
Found 3:3:1:
Found 3:3:1:
Found 3:3:1:
Found C[6a]-3:C[6a]-3:H-1:
Found C[6a]-3:C[6a]-3:H-1:
Found C[6a]-3:C[6a]-3:H-1:
Found C[6a](C[6a]C[6a]H)2(H)
Found C[6a](C[6a]C[6a]H)(C[6a]C[6a]O)(H)
Found C[6a](C[6a]C[6a]H)2(H)
aNum 3
tLev 1
Angle value 121
Angle siga 0.573
Number of observations  10076
Approximation level 0
Level finished 
Finally the angle value is 121
It sig value is 0.573
Number of COD angles involved 10076
Target angle value : 121

%=========================================%
Angle between C26(center) and C24 and H54

Center Atom : C26
Its Hashing code  643
Its root atom symbol C[6a]
Its codNB2Symb 3:3:1:
Its codNBSymb C[6a]-3:C[6a]-3:H-1:
Its atom type main sec C[6a](C[6a]C[6a]H)2(H)
Its atom type full C[6a](C[6a]C[6a]H)2(H){1|C<3>,1|H<1>,1|O<2>}

Atom2 : C24
Its Hashing code 643
Its root atom symbol C[6a]
Its codNB2Symb 3:3:1:
Its codNBSymb C[6a]-3:C[6a]-3:H-1:
Its atom type main section C[6a](C[6a]C[6a]H)2(H)
Its atom type full C[6a](C[6a]C[6a]H)2(H){1|C<3>,2|H<1>}

Atom3: H54
Its Hashing code  951
Its root atom symbol H
Its codNB2Symb 3:
Its codNBSymb C[6a]-3:
Its atom type main section H(C[6a]C[6a]2)
Its atom type full H(C[6a]C[6a]2)

These 3 atoms are in a ring of size 0
The hybridization on three atoms is 0:SP2_SP-NON_SP2
Find ha1 643
Find ha2 643
Find ha3 951
Found 0:SP2_SP-NON_SP2
Found C[6a]
Found C[6a]
Found H
Found 3:3:1:
Found 3:3:1:
Found 3:
Found C[6a]-3:C[6a]-3:H-1:
Found C[6a]-3:C[6a]-3:H-1:
Found C[6a]-3:
Found C[6a](C[6a]C[6a]H)2(H)
Found C[6a](C[6a]C[6a]H)2(H)
Found H(C[6a]C[6a]2)
aNum 3
tLev 1
Angle value 120
Angle siga 0.655
Number of observations  568710
Approximation level 0
Level finished 
Finally the angle value is 120
It sig value is 0.655
Number of COD angles involved 568710
Target angle value : 120

%=========================================%
Angle between C26(center) and C28 and H54

Center Atom : C26
Its Hashing code  643
Its root atom symbol C[6a]
Its codNB2Symb 3:3:1:
Its codNBSymb C[6a]-3:C[6a]-3:H-1:
Its atom type main sec C[6a](C[6a]C[6a]H)2(H)
Its atom type full C[6a](C[6a]C[6a]H)2(H){1|C<3>,1|H<1>,1|O<2>}

Atom2 : C28
Its Hashing code 643
Its root atom symbol C[6a]
Its codNB2Symb 3:3:1:
Its codNBSymb C[6a]-3:C[6a]-3:H-1:
Its atom type main section C[6a](C[6a]C[6a]H)(C[6a]C[6a]O)(H)
Its atom type full C[6a](C[6a]C[6a]H)(C[6a]C[6a]O)(H){1|C<3>,2|H<1>}

Atom3: H54
Its Hashing code  951
Its root atom symbol H
Its codNB2Symb 3:
Its codNBSymb C[6a]-3:
Its atom type main section H(C[6a]C[6a]2)
Its atom type full H(C[6a]C[6a]2)

These 3 atoms are in a ring of size 0
The hybridization on three atoms is 0:SP2_SP-NON_SP2
Find ha1 643
Find ha2 643
Find ha3 951
Found 0:SP2_SP-NON_SP2
Found C[6a]
Found C[6a]
Found H
Found 3:3:1:
Found 3:3:1:
Found 3:
Found C[6a]-3:C[6a]-3:H-1:
Found C[6a]-3:C[6a]-3:H-1:
Found C[6a]-3:
Found C[6a](C[6a]C[6a]H)2(H)
Found C[6a](C[6a]C[6a]H)(C[6a]C[6a]O)(H)
Found H(C[6a]C[6a]2)
aNum 3
tLev 1
Angle value 120
Angle siga 0.662
Number of observations  13345
Approximation level 0
Level finished 
Finally the angle value is 120
It sig value is 0.662
Number of COD angles involved 13345
Target angle value : 120

%=========================================%
Angle between C27(center) and C40 and C25

Center Atom : C27
Its Hashing code  643
Its root atom symbol C[6a]
Its codNB2Symb 3:3:1:
Its codNBSymb C[6a]-3:C[6a]-3:H-1:
Its atom type main sec C[6a](C[6a]C[6a]H)(C[6a]C[6a]O)(H)
Its atom type full C[6a](C[6a]C[6a]H)(C[6a]C[6a]O)(H){1|C<3>,2|H<1>}

Atom2 : C40
Its Hashing code 643
Its root atom symbol C[6a]
Its codNB2Symb 3:3:2:
Its codNBSymb C[6a]-3:C[6a]-3:O-2:
Its atom type main section C[6a](C[6a]C[6a]H)2(OC[6a])
Its atom type full C[6a](C[6a]C[6a]H)2(OC[6a]){1|C<3>,2|H<1>}

Atom3: C25
Its Hashing code  643
Its root atom symbol C[6a]
Its codNB2Symb 3:3:1:
Its codNBSymb C[6a]-3:C[6a]-3:H-1:
Its atom type main section C[6a](C[6a]C[6a]H)2(H)
Its atom type full C[6a](C[6a]C[6a]H)2(H){1|C<3>,1|H<1>,1|O<2>}

These 3 atoms are in a ring of size 6
The hybridization on three atoms is 6:SP2_SP2_SP2
Find ha1 643
Find ha2 643
Find ha3 643
Found 6:SP2_SP2_SP2
Found C[6a]
Found C[6a]
Found C[6a]
Found 3:3:1:
Found 3:3:2:
Found 3:3:1:
Found C[6a]-3:C[6a]-3:H-1:
Found C[6a]-3:C[6a]-3:O-2:
Found C[6a]-3:C[6a]-3:H-1:
Found C[6a](C[6a]C[6a]H)(C[6a]C[6a]O)(H)
Found C[6a](C[6a]C[6a]H)2(OC[6a])
Found C[6a](C[6a]C[6a]H)2(H)
aNum 3
tLev 1
Angle value 119
Angle siga 0.35
Number of observations  118
Approximation level 0
Level finished 
Finally the angle value is 119
It sig value is 0.35
Number of COD angles involved 118
Target angle value : 119

%=========================================%
Angle between C27(center) and C25 and H55

Center Atom : C27
Its Hashing code  643
Its root atom symbol C[6a]
Its codNB2Symb 3:3:1:
Its codNBSymb C[6a]-3:C[6a]-3:H-1:
Its atom type main sec C[6a](C[6a]C[6a]H)(C[6a]C[6a]O)(H)
Its atom type full C[6a](C[6a]C[6a]H)(C[6a]C[6a]O)(H){1|C<3>,2|H<1>}

Atom2 : C25
Its Hashing code 643
Its root atom symbol C[6a]
Its codNB2Symb 3:3:1:
Its codNBSymb C[6a]-3:C[6a]-3:H-1:
Its atom type main section C[6a](C[6a]C[6a]H)2(H)
Its atom type full C[6a](C[6a]C[6a]H)2(H){1|C<3>,1|H<1>,1|O<2>}

Atom3: H55
Its Hashing code  951
Its root atom symbol H
Its codNB2Symb 3:
Its codNBSymb C[6a]-3:
Its atom type main section H(C[6a]C[6a]2)
Its atom type full H(C[6a]C[6a]2)

These 3 atoms are in a ring of size 0
The hybridization on three atoms is 0:SP2_SP-NON_SP2
Find ha1 643
Find ha2 643
Find ha3 951
Found 0:SP2_SP-NON_SP2
Found C[6a]
Found C[6a]
Found H
Found 3:3:1:
Found 3:3:1:
Found 3:
Found C[6a]-3:C[6a]-3:H-1:
Found C[6a]-3:C[6a]-3:H-1:
Found C[6a]-3:
Found C[6a](C[6a]C[6a]H)(C[6a]C[6a]O)(H)
Found C[6a](C[6a]C[6a]H)2(H)
Found H(C[6a]C[6a]2)
aNum 3
tLev 1
Angle value 120
Angle siga 0.773
Number of observations  13414
Approximation level 0
Level finished 
Finally the angle value is 120
It sig value is 0.773
Number of COD angles involved 13414
Target angle value : 120

%=========================================%
Angle between C27(center) and C40 and H55

Center Atom : C27
Its Hashing code  643
Its root atom symbol C[6a]
Its codNB2Symb 3:3:1:
Its codNBSymb C[6a]-3:C[6a]-3:H-1:
Its atom type main sec C[6a](C[6a]C[6a]H)(C[6a]C[6a]O)(H)
Its atom type full C[6a](C[6a]C[6a]H)(C[6a]C[6a]O)(H){1|C<3>,2|H<1>}

Atom2 : C40
Its Hashing code 643
Its root atom symbol C[6a]
Its codNB2Symb 3:3:2:
Its codNBSymb C[6a]-3:C[6a]-3:O-2:
Its atom type main section C[6a](C[6a]C[6a]H)2(OC[6a])
Its atom type full C[6a](C[6a]C[6a]H)2(OC[6a]){1|C<3>,2|H<1>}

Atom3: H55
Its Hashing code  951
Its root atom symbol H
Its codNB2Symb 3:
Its codNBSymb C[6a]-3:
Its atom type main section H(C[6a]C[6a]2)
Its atom type full H(C[6a]C[6a]2)

These 3 atoms are in a ring of size 0
The hybridization on three atoms is 0:SP2_SP-NON_SP2
Find ha1 643
Find ha2 643
Find ha3 951
Found 0:SP2_SP-NON_SP2
Found C[6a]
Found C[6a]
Found H
Found 3:3:1:
Found 3:3:2:
Found 3:
Found C[6a]-3:C[6a]-3:H-1:
Found C[6a]-3:C[6a]-3:O-2:
Found C[6a]-3:
Found C[6a](C[6a]C[6a]H)(C[6a]C[6a]O)(H)
Found C[6a](C[6a]C[6a]H)2(OC[6a])
Found H(C[6a]C[6a]2)
aNum 3
tLev 1
Angle value 120
Angle siga 0.59
Number of observations  1582
Approximation level 0
Level finished 
Finally the angle value is 120
It sig value is 0.59
Number of COD angles involved 1582
Target angle value : 120

%=========================================%
Angle between C28(center) and C40 and C26

Center Atom : C28
Its Hashing code  643
Its root atom symbol C[6a]
Its codNB2Symb 3:3:1:
Its codNBSymb C[6a]-3:C[6a]-3:H-1:
Its atom type main sec C[6a](C[6a]C[6a]H)(C[6a]C[6a]O)(H)
Its atom type full C[6a](C[6a]C[6a]H)(C[6a]C[6a]O)(H){1|C<3>,2|H<1>}

Atom2 : C40
Its Hashing code 643
Its root atom symbol C[6a]
Its codNB2Symb 3:3:2:
Its codNBSymb C[6a]-3:C[6a]-3:O-2:
Its atom type main section C[6a](C[6a]C[6a]H)2(OC[6a])
Its atom type full C[6a](C[6a]C[6a]H)2(OC[6a]){1|C<3>,2|H<1>}

Atom3: C26
Its Hashing code  643
Its root atom symbol C[6a]
Its codNB2Symb 3:3:1:
Its codNBSymb C[6a]-3:C[6a]-3:H-1:
Its atom type main section C[6a](C[6a]C[6a]H)2(H)
Its atom type full C[6a](C[6a]C[6a]H)2(H){1|C<3>,1|H<1>,1|O<2>}

These 3 atoms are in a ring of size 6
The hybridization on three atoms is 6:SP2_SP2_SP2
Find ha1 643
Find ha2 643
Find ha3 643
Found 6:SP2_SP2_SP2
Found C[6a]
Found C[6a]
Found C[6a]
Found 3:3:1:
Found 3:3:2:
Found 3:3:1:
Found C[6a]-3:C[6a]-3:H-1:
Found C[6a]-3:C[6a]-3:O-2:
Found C[6a]-3:C[6a]-3:H-1:
Found C[6a](C[6a]C[6a]H)(C[6a]C[6a]O)(H)
Found C[6a](C[6a]C[6a]H)2(OC[6a])
Found C[6a](C[6a]C[6a]H)2(H)
aNum 3
tLev 1
Angle value 119
Angle siga 0.35
Number of observations  118
Approximation level 0
Level finished 
Finally the angle value is 119
It sig value is 0.35
Number of COD angles involved 118
Target angle value : 119

%=========================================%
Angle between C28(center) and C26 and H56

Center Atom : C28
Its Hashing code  643
Its root atom symbol C[6a]
Its codNB2Symb 3:3:1:
Its codNBSymb C[6a]-3:C[6a]-3:H-1:
Its atom type main sec C[6a](C[6a]C[6a]H)(C[6a]C[6a]O)(H)
Its atom type full C[6a](C[6a]C[6a]H)(C[6a]C[6a]O)(H){1|C<3>,2|H<1>}

Atom2 : C26
Its Hashing code 643
Its root atom symbol C[6a]
Its codNB2Symb 3:3:1:
Its codNBSymb C[6a]-3:C[6a]-3:H-1:
Its atom type main section C[6a](C[6a]C[6a]H)2(H)
Its atom type full C[6a](C[6a]C[6a]H)2(H){1|C<3>,1|H<1>,1|O<2>}

Atom3: H56
Its Hashing code  951
Its root atom symbol H
Its codNB2Symb 3:
Its codNBSymb C[6a]-3:
Its atom type main section H(C[6a]C[6a]2)
Its atom type full H(C[6a]C[6a]2)

These 3 atoms are in a ring of size 0
The hybridization on three atoms is 0:SP2_SP-NON_SP2
Find ha1 643
Find ha2 643
Find ha3 951
Found 0:SP2_SP-NON_SP2
Found C[6a]
Found C[6a]
Found H
Found 3:3:1:
Found 3:3:1:
Found 3:
Found C[6a]-3:C[6a]-3:H-1:
Found C[6a]-3:C[6a]-3:H-1:
Found C[6a]-3:
Found C[6a](C[6a]C[6a]H)(C[6a]C[6a]O)(H)
Found C[6a](C[6a]C[6a]H)2(H)
Found H(C[6a]C[6a]2)
aNum 3
tLev 1
Angle value 120
Angle siga 0.773
Number of observations  13414
Approximation level 0
Level finished 
Finally the angle value is 120
It sig value is 0.773
Number of COD angles involved 13414
Target angle value : 120

%=========================================%
Angle between C28(center) and C40 and H56

Center Atom : C28
Its Hashing code  643
Its root atom symbol C[6a]
Its codNB2Symb 3:3:1:
Its codNBSymb C[6a]-3:C[6a]-3:H-1:
Its atom type main sec C[6a](C[6a]C[6a]H)(C[6a]C[6a]O)(H)
Its atom type full C[6a](C[6a]C[6a]H)(C[6a]C[6a]O)(H){1|C<3>,2|H<1>}

Atom2 : C40
Its Hashing code 643
Its root atom symbol C[6a]
Its codNB2Symb 3:3:2:
Its codNBSymb C[6a]-3:C[6a]-3:O-2:
Its atom type main section C[6a](C[6a]C[6a]H)2(OC[6a])
Its atom type full C[6a](C[6a]C[6a]H)2(OC[6a]){1|C<3>,2|H<1>}

Atom3: H56
Its Hashing code  951
Its root atom symbol H
Its codNB2Symb 3:
Its codNBSymb C[6a]-3:
Its atom type main section H(C[6a]C[6a]2)
Its atom type full H(C[6a]C[6a]2)

These 3 atoms are in a ring of size 0
The hybridization on three atoms is 0:SP2_SP-NON_SP2
Find ha1 643
Find ha2 643
Find ha3 951
Found 0:SP2_SP-NON_SP2
Found C[6a]
Found C[6a]
Found H
Found 3:3:1:
Found 3:3:2:
Found 3:
Found C[6a]-3:C[6a]-3:H-1:
Found C[6a]-3:C[6a]-3:O-2:
Found C[6a]-3:
Found C[6a](C[6a]C[6a]H)(C[6a]C[6a]O)(H)
Found C[6a](C[6a]C[6a]H)2(OC[6a])
Found H(C[6a]C[6a]2)
aNum 3
tLev 1
Angle value 120
Angle siga 0.59
Number of observations  1582
Approximation level 0
Level finished 
Finally the angle value is 120
It sig value is 0.59
Number of COD angles involved 1582
Target angle value : 120

%=========================================%
Angle between C29(center) and C31 and C41

Center Atom : C29
Its Hashing code  643
Its root atom symbol C[6a]
Its codNB2Symb 3:3:1:
Its codNBSymb C[6a]-3:C[6a]-3:H-1:
Its atom type main sec C[6a](C[6a]C[6a]H)(C[6a]C[6a]O)(H)
Its atom type full C[6a](C[6a]C[6a]H)(C[6a]C[6a]O)(H){1|H<1>,2|C<3>}

Atom2 : C31
Its Hashing code 643
Its root atom symbol C[6a]
Its codNB2Symb 3:3:1:
Its codNBSymb C[6a]-3:C[6a]-3:H-1:
Its atom type main section C[6a](C[6a]C[5a]C[6a])(C[6a]C[6a]H)(H)
Its atom type full C[6a](C[6a]C[5a]C[6a])(C[6a]C[6a]H)(H){1|H<1>,1|N<2>,1|O<2>,2|C<3>}

Atom3: C41
Its Hashing code  643
Its root atom symbol C[6a]
Its codNB2Symb 3:3:2:
Its codNBSymb C[6a]-3:C[6a]-3:O-2:
Its atom type main section C[6a](C[6a]C[6a]H)2(OC[6a])
Its atom type full C[6a](C[6a]C[6a]H)2(OC[6a]){1|C<3>,2|H<1>}

These 3 atoms are in a ring of size 6
The hybridization on three atoms is 6:SP2_SP2_SP2
Find ha1 643
Find ha2 643
Find ha3 643
Found 6:SP2_SP2_SP2
Found C[6a]
Found C[6a]
Found C[6a]
Found 3:3:1:
Found 3:3:1:
Found 3:3:2:
Found C[6a]-3:C[6a]-3:H-1:
Found C[6a]-3:C[6a]-3:H-1:
Found C[6a]-3:C[6a]-3:O-2:
Found C[6a](C[6a]C[6a]H)(C[6a]C[6a]O)(H)
Found C[6a](C[6a]C[5a]C[6a])(C[6a]C[6a]H)(H)
Found C[6a](C[6a]C[6a]H)2(OC[6a])
aNum 3
tLev 1
Angle value 119
Angle siga 0.215
Number of observations  18
Approximation level 0
Level finished 
Finally the angle value is 119
It sig value is 0.215
Number of COD angles involved 18
Target angle value : 119

%=========================================%
Angle between C29(center) and C31 and H57

Center Atom : C29
Its Hashing code  643
Its root atom symbol C[6a]
Its codNB2Symb 3:3:1:
Its codNBSymb C[6a]-3:C[6a]-3:H-1:
Its atom type main sec C[6a](C[6a]C[6a]H)(C[6a]C[6a]O)(H)
Its atom type full C[6a](C[6a]C[6a]H)(C[6a]C[6a]O)(H){1|H<1>,2|C<3>}

Atom2 : C31
Its Hashing code 643
Its root atom symbol C[6a]
Its codNB2Symb 3:3:1:
Its codNBSymb C[6a]-3:C[6a]-3:H-1:
Its atom type main section C[6a](C[6a]C[5a]C[6a])(C[6a]C[6a]H)(H)
Its atom type full C[6a](C[6a]C[5a]C[6a])(C[6a]C[6a]H)(H){1|H<1>,1|N<2>,1|O<2>,2|C<3>}

Atom3: H57
Its Hashing code  951
Its root atom symbol H
Its codNB2Symb 3:
Its codNBSymb C[6a]-3:
Its atom type main section H(C[6a]C[6a]2)
Its atom type full H(C[6a]C[6a]2)

These 3 atoms are in a ring of size 0
The hybridization on three atoms is 0:SP2_SP-NON_SP2
Find ha1 643
Find ha2 643
Find ha3 951
Found 0:SP2_SP-NON_SP2
Found C[6a]
Found C[6a]
Found H
Found 3:3:1:
Found 3:3:1:
Found 3:
Found C[6a]-3:C[6a]-3:H-1:
Found C[6a]-3:C[6a]-3:H-1:
Found C[6a]-3:
Found C[6a](C[6a]C[6a]H)(C[6a]C[6a]O)(H)
Found C[6a](C[6a]C[5a]C[6a])(C[6a]C[6a]H)(H)
Found H(C[6a]C[6a]2)
aNum 3
tLev 1
Angle value 120
Angle siga 0.29
Number of observations  955
Approximation level 0
Level finished 
Finally the angle value is 120
It sig value is 0.29
Number of COD angles involved 955
Target angle value : 120

%=========================================%
Angle between C29(center) and C41 and H57

Center Atom : C29
Its Hashing code  643
Its root atom symbol C[6a]
Its codNB2Symb 3:3:1:
Its codNBSymb C[6a]-3:C[6a]-3:H-1:
Its atom type main sec C[6a](C[6a]C[6a]H)(C[6a]C[6a]O)(H)
Its atom type full C[6a](C[6a]C[6a]H)(C[6a]C[6a]O)(H){1|H<1>,2|C<3>}

Atom2 : C41
Its Hashing code 643
Its root atom symbol C[6a]
Its codNB2Symb 3:3:2:
Its codNBSymb C[6a]-3:C[6a]-3:O-2:
Its atom type main section C[6a](C[6a]C[6a]H)2(OC[6a])
Its atom type full C[6a](C[6a]C[6a]H)2(OC[6a]){1|C<3>,2|H<1>}

Atom3: H57
Its Hashing code  951
Its root atom symbol H
Its codNB2Symb 3:
Its codNBSymb C[6a]-3:
Its atom type main section H(C[6a]C[6a]2)
Its atom type full H(C[6a]C[6a]2)

These 3 atoms are in a ring of size 0
The hybridization on three atoms is 0:SP2_SP-NON_SP2
Find ha1 643
Find ha2 643
Find ha3 951
Found 0:SP2_SP-NON_SP2
Found C[6a]
Found C[6a]
Found H
Found 3:3:1:
Found 3:3:2:
Found 3:
Found C[6a]-3:C[6a]-3:H-1:
Found C[6a]-3:C[6a]-3:O-2:
Found C[6a]-3:
Found C[6a](C[6a]C[6a]H)(C[6a]C[6a]O)(H)
Found C[6a](C[6a]C[6a]H)2(OC[6a])
Found H(C[6a]C[6a]2)
aNum 3
tLev 1
Angle value 120
Angle siga 0.59
Number of observations  1582
Approximation level 0
Level finished 
Finally the angle value is 120
It sig value is 0.59
Number of COD angles involved 1582
Target angle value : 120

%=========================================%
Angle between C30(center) and C32 and C41

Center Atom : C30
Its Hashing code  643
Its root atom symbol C[6a]
Its codNB2Symb 3:3:1:
Its codNBSymb C[6a]-3:C[6a]-3:H-1:
Its atom type main sec C[6a](C[6a]C[6a]H)(C[6a]C[6a]O)(H)
Its atom type full C[6a](C[6a]C[6a]H)(C[6a]C[6a]O)(H){1|H<1>,2|C<3>}

Atom2 : C32
Its Hashing code 643
Its root atom symbol C[6a]
Its codNB2Symb 3:3:1:
Its codNBSymb C[6a]-3:C[6a]-3:H-1:
Its atom type main section C[6a](C[6a]C[5a]C[6a])(C[6a]C[6a]H)(H)
Its atom type full C[6a](C[6a]C[5a]C[6a])(C[6a]C[6a]H)(H){1|H<1>,1|N<2>,1|O<2>,2|C<3>}

Atom3: C41
Its Hashing code  643
Its root atom symbol C[6a]
Its codNB2Symb 3:3:2:
Its codNBSymb C[6a]-3:C[6a]-3:O-2:
Its atom type main section C[6a](C[6a]C[6a]H)2(OC[6a])
Its atom type full C[6a](C[6a]C[6a]H)2(OC[6a]){1|C<3>,2|H<1>}

These 3 atoms are in a ring of size 6
The hybridization on three atoms is 6:SP2_SP2_SP2
Find ha1 643
Find ha2 643
Find ha3 643
Found 6:SP2_SP2_SP2
Found C[6a]
Found C[6a]
Found C[6a]
Found 3:3:1:
Found 3:3:1:
Found 3:3:2:
Found C[6a]-3:C[6a]-3:H-1:
Found C[6a]-3:C[6a]-3:H-1:
Found C[6a]-3:C[6a]-3:O-2:
Found C[6a](C[6a]C[6a]H)(C[6a]C[6a]O)(H)
Found C[6a](C[6a]C[5a]C[6a])(C[6a]C[6a]H)(H)
Found C[6a](C[6a]C[6a]H)2(OC[6a])
aNum 3
tLev 1
Angle value 119
Angle siga 0.215
Number of observations  18
Approximation level 0
Level finished 
Finally the angle value is 119
It sig value is 0.215
Number of COD angles involved 18
Target angle value : 119

%=========================================%
Angle between C30(center) and C41 and H58

Center Atom : C30
Its Hashing code  643
Its root atom symbol C[6a]
Its codNB2Symb 3:3:1:
Its codNBSymb C[6a]-3:C[6a]-3:H-1:
Its atom type main sec C[6a](C[6a]C[6a]H)(C[6a]C[6a]O)(H)
Its atom type full C[6a](C[6a]C[6a]H)(C[6a]C[6a]O)(H){1|H<1>,2|C<3>}

Atom2 : C41
Its Hashing code 643
Its root atom symbol C[6a]
Its codNB2Symb 3:3:2:
Its codNBSymb C[6a]-3:C[6a]-3:O-2:
Its atom type main section C[6a](C[6a]C[6a]H)2(OC[6a])
Its atom type full C[6a](C[6a]C[6a]H)2(OC[6a]){1|C<3>,2|H<1>}

Atom3: H58
Its Hashing code  951
Its root atom symbol H
Its codNB2Symb 3:
Its codNBSymb C[6a]-3:
Its atom type main section H(C[6a]C[6a]2)
Its atom type full H(C[6a]C[6a]2)

These 3 atoms are in a ring of size 0
The hybridization on three atoms is 0:SP2_SP-NON_SP2
Find ha1 643
Find ha2 643
Find ha3 951
Found 0:SP2_SP-NON_SP2
Found C[6a]
Found C[6a]
Found H
Found 3:3:1:
Found 3:3:2:
Found 3:
Found C[6a]-3:C[6a]-3:H-1:
Found C[6a]-3:C[6a]-3:O-2:
Found C[6a]-3:
Found C[6a](C[6a]C[6a]H)(C[6a]C[6a]O)(H)
Found C[6a](C[6a]C[6a]H)2(OC[6a])
Found H(C[6a]C[6a]2)
aNum 3
tLev 1
Angle value 120
Angle siga 0.59
Number of observations  1582
Approximation level 0
Level finished 
Finally the angle value is 120
It sig value is 0.59
Number of COD angles involved 1582
Target angle value : 120

%=========================================%
Angle between C30(center) and C32 and H58

Center Atom : C30
Its Hashing code  643
Its root atom symbol C[6a]
Its codNB2Symb 3:3:1:
Its codNBSymb C[6a]-3:C[6a]-3:H-1:
Its atom type main sec C[6a](C[6a]C[6a]H)(C[6a]C[6a]O)(H)
Its atom type full C[6a](C[6a]C[6a]H)(C[6a]C[6a]O)(H){1|H<1>,2|C<3>}

Atom2 : C32
Its Hashing code 643
Its root atom symbol C[6a]
Its codNB2Symb 3:3:1:
Its codNBSymb C[6a]-3:C[6a]-3:H-1:
Its atom type main section C[6a](C[6a]C[5a]C[6a])(C[6a]C[6a]H)(H)
Its atom type full C[6a](C[6a]C[5a]C[6a])(C[6a]C[6a]H)(H){1|H<1>,1|N<2>,1|O<2>,2|C<3>}

Atom3: H58
Its Hashing code  951
Its root atom symbol H
Its codNB2Symb 3:
Its codNBSymb C[6a]-3:
Its atom type main section H(C[6a]C[6a]2)
Its atom type full H(C[6a]C[6a]2)

These 3 atoms are in a ring of size 0
The hybridization on three atoms is 0:SP2_SP-NON_SP2
Find ha1 643
Find ha2 643
Find ha3 951
Found 0:SP2_SP-NON_SP2
Found C[6a]
Found C[6a]
Found H
Found 3:3:1:
Found 3:3:1:
Found 3:
Found C[6a]-3:C[6a]-3:H-1:
Found C[6a]-3:C[6a]-3:H-1:
Found C[6a]-3:
Found C[6a](C[6a]C[6a]H)(C[6a]C[6a]O)(H)
Found C[6a](C[6a]C[5a]C[6a])(C[6a]C[6a]H)(H)
Found H(C[6a]C[6a]2)
aNum 3
tLev 1
Angle value 120
Angle siga 0.29
Number of observations  955
Approximation level 0
Level finished 
Finally the angle value is 120
It sig value is 0.29
Number of COD angles involved 955
Target angle value : 120

%=========================================%
Angle between C31(center) and C42 and C29

Center Atom : C31
Its Hashing code  643
Its root atom symbol C[6a]
Its codNB2Symb 3:3:1:
Its codNBSymb C[6a]-3:C[6a]-3:H-1:
Its atom type main sec C[6a](C[6a]C[5a]C[6a])(C[6a]C[6a]H)(H)
Its atom type full C[6a](C[6a]C[5a]C[6a])(C[6a]C[6a]H)(H){1|H<1>,1|N<2>,1|O<2>,2|C<3>}

Atom2 : C42
Its Hashing code 643
Its root atom symbol C[6a]
Its codNB2Symb 3:3:3:
Its codNBSymb C[5a]-3:C[6a]-3:C[6a]-3:
Its atom type main section C[6a](C[5a]C[5a,6a]N[5a])(C[6a]C[6a]H)2
Its atom type full C[6a](C[5a]C[5a,6a]N[5a])(C[6a]C[6a]H)2{1|N<3>,2|H<1>,3|C<3>}

Atom3: C29
Its Hashing code  643
Its root atom symbol C[6a]
Its codNB2Symb 3:3:1:
Its codNBSymb C[6a]-3:C[6a]-3:H-1:
Its atom type main section C[6a](C[6a]C[6a]H)(C[6a]C[6a]O)(H)
Its atom type full C[6a](C[6a]C[6a]H)(C[6a]C[6a]O)(H){1|H<1>,2|C<3>}

These 3 atoms are in a ring of size 6
The hybridization on three atoms is 6:SP2_SP2_SP2
Find ha1 643
Find ha2 643
Find ha3 643
Found 6:SP2_SP2_SP2
Found C[6a]
Found C[6a]
Found C[6a]
Found 3:3:1:
Found 3:3:3:
Found 3:3:1:
Found C[6a]-3:C[6a]-3:H-1:
Found C[5a]-3:C[6a]-3:C[6a]-3:
Found C[6a]-3:C[6a]-3:H-1:
Found C[6a](C[6a]C[5a]C[6a])(C[6a]C[6a]H)(H)
Found C[6a](C[5a]C[5a,6a]N[5a])(C[6a]C[6a]H)2
Found C[6a](C[6a]C[6a]H)(C[6a]C[6a]O)(H)
aNum 3
tLev 1
Angle value 121
Angle siga 0.467
Number of observations  10980
Approximation level 1
Level finished 
Finally the angle value is 121
It sig value is 0.467
Number of COD angles involved 10980
Target angle value : 121

%=========================================%
Angle between C31(center) and C29 and H59

Center Atom : C31
Its Hashing code  643
Its root atom symbol C[6a]
Its codNB2Symb 3:3:1:
Its codNBSymb C[6a]-3:C[6a]-3:H-1:
Its atom type main sec C[6a](C[6a]C[5a]C[6a])(C[6a]C[6a]H)(H)
Its atom type full C[6a](C[6a]C[5a]C[6a])(C[6a]C[6a]H)(H){1|H<1>,1|N<2>,1|O<2>,2|C<3>}

Atom2 : C29
Its Hashing code 643
Its root atom symbol C[6a]
Its codNB2Symb 3:3:1:
Its codNBSymb C[6a]-3:C[6a]-3:H-1:
Its atom type main section C[6a](C[6a]C[6a]H)(C[6a]C[6a]O)(H)
Its atom type full C[6a](C[6a]C[6a]H)(C[6a]C[6a]O)(H){1|H<1>,2|C<3>}

Atom3: H59
Its Hashing code  951
Its root atom symbol H
Its codNB2Symb 3:
Its codNBSymb C[6a]-3:
Its atom type main section H(C[6a]C[6a]2)
Its atom type full H(C[6a]C[6a]2)

These 3 atoms are in a ring of size 0
The hybridization on three atoms is 0:SP2_SP-NON_SP2
Find ha1 643
Find ha2 643
Find ha3 951
Found 0:SP2_SP-NON_SP2
Found C[6a]
Found C[6a]
Found H
Found 3:3:1:
Found 3:3:1:
Found 3:
Found C[6a]-3:C[6a]-3:H-1:
Found C[6a]-3:C[6a]-3:H-1:
Found C[6a]-3:
Found C[6a](C[6a]C[5a]C[6a])(C[6a]C[6a]H)(H)
Found C[6a](C[6a]C[6a]H)(C[6a]C[6a]O)(H)
Found H(C[6a]C[6a]2)
aNum 3
tLev 1
Angle value 119
Angle siga 0.24
Number of observations  958
Approximation level 0
Level finished 
Finally the angle value is 119
It sig value is 0.24
Number of COD angles involved 958
Target angle value : 119

%=========================================%
Angle between C31(center) and C42 and H59

Center Atom : C31
Its Hashing code  643
Its root atom symbol C[6a]
Its codNB2Symb 3:3:1:
Its codNBSymb C[6a]-3:C[6a]-3:H-1:
Its atom type main sec C[6a](C[6a]C[5a]C[6a])(C[6a]C[6a]H)(H)
Its atom type full C[6a](C[6a]C[5a]C[6a])(C[6a]C[6a]H)(H){1|H<1>,1|N<2>,1|O<2>,2|C<3>}

Atom2 : C42
Its Hashing code 643
Its root atom symbol C[6a]
Its codNB2Symb 3:3:3:
Its codNBSymb C[5a]-3:C[6a]-3:C[6a]-3:
Its atom type main section C[6a](C[5a]C[5a,6a]N[5a])(C[6a]C[6a]H)2
Its atom type full C[6a](C[5a]C[5a,6a]N[5a])(C[6a]C[6a]H)2{1|N<3>,2|H<1>,3|C<3>}

Atom3: H59
Its Hashing code  951
Its root atom symbol H
Its codNB2Symb 3:
Its codNBSymb C[6a]-3:
Its atom type main section H(C[6a]C[6a]2)
Its atom type full H(C[6a]C[6a]2)

These 3 atoms are in a ring of size 0
The hybridization on three atoms is 0:SP2_SP-NON_SP2
Find ha1 643
Find ha2 643
Find ha3 951
Found 0:SP2_SP-NON_SP2
Found C[6a]
Found C[6a]
Found H
Found 3:3:1:
Found 3:3:3:
Found 3:
Found C[6a]-3:C[6a]-3:H-1:
Found C[5a]-3:C[6a]-3:C[6a]-3:
Found C[6a]-3:
Found C[6a](C[6a]C[5a]C[6a])(C[6a]C[6a]H)(H)
Found C[6a](C[5a]C[5a,6a]N[5a])(C[6a]C[6a]H)2
Found H(C[6a]C[6a]2)
aNum 3
tLev 1
Angle value 120
Angle siga 0.084
Number of observations  103
Approximation level 0
Level finished 
Finally the angle value is 120
It sig value is 0.084
Number of COD angles involved 103
Target angle value : 120

%=========================================%
Angle between C32(center) and C42 and C30

Center Atom : C32
Its Hashing code  643
Its root atom symbol C[6a]
Its codNB2Symb 3:3:1:
Its codNBSymb C[6a]-3:C[6a]-3:H-1:
Its atom type main sec C[6a](C[6a]C[5a]C[6a])(C[6a]C[6a]H)(H)
Its atom type full C[6a](C[6a]C[5a]C[6a])(C[6a]C[6a]H)(H){1|H<1>,1|N<2>,1|O<2>,2|C<3>}

Atom2 : C42
Its Hashing code 643
Its root atom symbol C[6a]
Its codNB2Symb 3:3:3:
Its codNBSymb C[5a]-3:C[6a]-3:C[6a]-3:
Its atom type main section C[6a](C[5a]C[5a,6a]N[5a])(C[6a]C[6a]H)2
Its atom type full C[6a](C[5a]C[5a,6a]N[5a])(C[6a]C[6a]H)2{1|N<3>,2|H<1>,3|C<3>}

Atom3: C30
Its Hashing code  643
Its root atom symbol C[6a]
Its codNB2Symb 3:3:1:
Its codNBSymb C[6a]-3:C[6a]-3:H-1:
Its atom type main section C[6a](C[6a]C[6a]H)(C[6a]C[6a]O)(H)
Its atom type full C[6a](C[6a]C[6a]H)(C[6a]C[6a]O)(H){1|H<1>,2|C<3>}

These 3 atoms are in a ring of size 6
The hybridization on three atoms is 6:SP2_SP2_SP2
Find ha1 643
Find ha2 643
Find ha3 643
Found 6:SP2_SP2_SP2
Found C[6a]
Found C[6a]
Found C[6a]
Found 3:3:1:
Found 3:3:3:
Found 3:3:1:
Found C[6a]-3:C[6a]-3:H-1:
Found C[5a]-3:C[6a]-3:C[6a]-3:
Found C[6a]-3:C[6a]-3:H-1:
Found C[6a](C[6a]C[5a]C[6a])(C[6a]C[6a]H)(H)
Found C[6a](C[5a]C[5a,6a]N[5a])(C[6a]C[6a]H)2
Found C[6a](C[6a]C[6a]H)(C[6a]C[6a]O)(H)
aNum 3
tLev 1
Angle value 121
Angle siga 0.467
Number of observations  10980
Approximation level 1
Level finished 
Finally the angle value is 121
It sig value is 0.467
Number of COD angles involved 10980
Target angle value : 121

%=========================================%
Angle between C32(center) and C30 and H60

Center Atom : C32
Its Hashing code  643
Its root atom symbol C[6a]
Its codNB2Symb 3:3:1:
Its codNBSymb C[6a]-3:C[6a]-3:H-1:
Its atom type main sec C[6a](C[6a]C[5a]C[6a])(C[6a]C[6a]H)(H)
Its atom type full C[6a](C[6a]C[5a]C[6a])(C[6a]C[6a]H)(H){1|H<1>,1|N<2>,1|O<2>,2|C<3>}

Atom2 : C30
Its Hashing code 643
Its root atom symbol C[6a]
Its codNB2Symb 3:3:1:
Its codNBSymb C[6a]-3:C[6a]-3:H-1:
Its atom type main section C[6a](C[6a]C[6a]H)(C[6a]C[6a]O)(H)
Its atom type full C[6a](C[6a]C[6a]H)(C[6a]C[6a]O)(H){1|H<1>,2|C<3>}

Atom3: H60
Its Hashing code  951
Its root atom symbol H
Its codNB2Symb 3:
Its codNBSymb C[6a]-3:
Its atom type main section H(C[6a]C[6a]2)
Its atom type full H(C[6a]C[6a]2)

These 3 atoms are in a ring of size 0
The hybridization on three atoms is 0:SP2_SP-NON_SP2
Find ha1 643
Find ha2 643
Find ha3 951
Found 0:SP2_SP-NON_SP2
Found C[6a]
Found C[6a]
Found H
Found 3:3:1:
Found 3:3:1:
Found 3:
Found C[6a]-3:C[6a]-3:H-1:
Found C[6a]-3:C[6a]-3:H-1:
Found C[6a]-3:
Found C[6a](C[6a]C[5a]C[6a])(C[6a]C[6a]H)(H)
Found C[6a](C[6a]C[6a]H)(C[6a]C[6a]O)(H)
Found H(C[6a]C[6a]2)
aNum 3
tLev 1
Angle value 119
Angle siga 0.24
Number of observations  958
Approximation level 0
Level finished 
Finally the angle value is 119
It sig value is 0.24
Number of COD angles involved 958
Target angle value : 119

%=========================================%
Angle between C32(center) and C42 and H60

Center Atom : C32
Its Hashing code  643
Its root atom symbol C[6a]
Its codNB2Symb 3:3:1:
Its codNBSymb C[6a]-3:C[6a]-3:H-1:
Its atom type main sec C[6a](C[6a]C[5a]C[6a])(C[6a]C[6a]H)(H)
Its atom type full C[6a](C[6a]C[5a]C[6a])(C[6a]C[6a]H)(H){1|H<1>,1|N<2>,1|O<2>,2|C<3>}

Atom2 : C42
Its Hashing code 643
Its root atom symbol C[6a]
Its codNB2Symb 3:3:3:
Its codNBSymb C[5a]-3:C[6a]-3:C[6a]-3:
Its atom type main section C[6a](C[5a]C[5a,6a]N[5a])(C[6a]C[6a]H)2
Its atom type full C[6a](C[5a]C[5a,6a]N[5a])(C[6a]C[6a]H)2{1|N<3>,2|H<1>,3|C<3>}

Atom3: H60
Its Hashing code  951
Its root atom symbol H
Its codNB2Symb 3:
Its codNBSymb C[6a]-3:
Its atom type main section H(C[6a]C[6a]2)
Its atom type full H(C[6a]C[6a]2)

These 3 atoms are in a ring of size 0
The hybridization on three atoms is 0:SP2_SP-NON_SP2
Find ha1 643
Find ha2 643
Find ha3 951
Found 0:SP2_SP-NON_SP2
Found C[6a]
Found C[6a]
Found H
Found 3:3:1:
Found 3:3:3:
Found 3:
Found C[6a]-3:C[6a]-3:H-1:
Found C[5a]-3:C[6a]-3:C[6a]-3:
Found C[6a]-3:
Found C[6a](C[6a]C[5a]C[6a])(C[6a]C[6a]H)(H)
Found C[6a](C[5a]C[5a,6a]N[5a])(C[6a]C[6a]H)2
Found H(C[6a]C[6a]2)
aNum 3
tLev 1
Angle value 120
Angle siga 0.084
Number of observations  103
Approximation level 0
Level finished 
Finally the angle value is 120
It sig value is 0.084
Number of COD angles involved 103
Target angle value : 120

%=========================================%
Angle between C33(center) and C34 and C35

Center Atom : C33
Its Hashing code  466
Its root atom symbol C[6]
Its codNB2Symb 4:4:1:1:
Its codNBSymb C[6]-4:C[6]-4:H-1:H-1:
Its atom type main sec C[6](C[6]C[6]HH)(C[6]N[6]HH)(H)2
Its atom type full C[6](C[6]C[6]HH)(C[6]N[6]HH)(H)2{1|C<3>,1|C<4>,1|H<1>,1|N<3>}

Atom2 : C34
Its Hashing code 466
Its root atom symbol C[6]
Its codNB2Symb 4:4:1:1:
Its codNBSymb C[6]-4:C[6]-4:H-1:H-1:
Its atom type main section C[6](C[6]N[5a]C[6]H)(C[6]C[6]HH)(H)2
Its atom type full C[6](C[6]N[5a]C[6]H)(C[6]C[6]HH)(H)2{1|C<3>,1|N<2>,1|N<3>,4|H<1>}

Atom3: C35
Its Hashing code  466
Its root atom symbol C[6]
Its codNB2Symb 4:3:1:1:
Its codNBSymb C[6]-4:N[6]-3:H-1:H-1:
Its atom type main section C[6](C[6]C[6]HH)(N[6]C[6]C)(H)2
Its atom type full C[6](C[6]C[6]HH)(N[6]C[6]C)(H)2{1|C<4>,4|H<1>}

These 3 atoms are in a ring of size 6
The hybridization on three atoms is 6:SP3_SP3_SP3
Find ha1 466
Find ha2 466
Find ha3 466
Found 6:SP3_SP3_SP3
Found C[6]
Found C[6]
Found C[6]
Found 4:4:1:1:
Found 4:4:1:1:
Found 4:3:1:1:
Found C[6]-4:C[6]-4:H-1:H-1:
Found C[6]-4:C[6]-4:H-1:H-1:
Found C[6]-4:N[6]-3:H-1:H-1:
Found C[6](C[6]C[6]HH)(C[6]N[6]HH)(H)2
aNum 3
tLev 2
Angle value 110
Angle siga 1.78
Number of observations  61
Approximation level 1
Level finished 
Finally the angle value is 110
It sig value is 1.78
Number of COD angles involved 61
Target angle value : 110

%=========================================%
Angle between C33(center) and C35 and H61

Center Atom : C33
Its Hashing code  466
Its root atom symbol C[6]
Its codNB2Symb 4:4:1:1:
Its codNBSymb C[6]-4:C[6]-4:H-1:H-1:
Its atom type main sec C[6](C[6]C[6]HH)(C[6]N[6]HH)(H)2
Its atom type full C[6](C[6]C[6]HH)(C[6]N[6]HH)(H)2{1|C<3>,1|C<4>,1|H<1>,1|N<3>}

Atom2 : C35
Its Hashing code 466
Its root atom symbol C[6]
Its codNB2Symb 4:3:1:1:
Its codNBSymb C[6]-4:N[6]-3:H-1:H-1:
Its atom type main section C[6](C[6]C[6]HH)(N[6]C[6]C)(H)2
Its atom type full C[6](C[6]C[6]HH)(N[6]C[6]C)(H)2{1|C<4>,4|H<1>}

Atom3: H61
Its Hashing code  951
Its root atom symbol H
Its codNB2Symb 4:
Its codNBSymb C[6]-4:
Its atom type main section H(C[6]C[6]2H)
Its atom type full H(C[6]C[6]2H)

These 3 atoms are in a ring of size 0
The hybridization on three atoms is 0:SP3_SP-NON_SP3
Find ha1 466
Find ha2 466
Find ha3 951
Found 0:SP3_SP-NON_SP3
Found C[6]
Found C[6]
Found H
Found 4:4:1:1:
Found 4:3:1:1:
Found 4:
Found C[6]-4:C[6]-4:H-1:H-1:
Found C[6]-4:N[6]-3:H-1:H-1:
Found C[6]-4:
Found C[6](C[6]C[6]HH)(C[6]N[6]HH)(H)2
Found C[6](C[6]C[6]HH)(N[6]C[6]C)(H)2
Found H(C[6]C[6]2H)
aNum 3
tLev 1
Angle value 109
Angle siga 0.765
Number of observations  1312
Approximation level 0
Level finished 
Finally the angle value is 109
It sig value is 0.765
Number of COD angles involved 1312
Target angle value : 109

%=========================================%
Angle between C33(center) and C35 and H62

Center Atom : C33
Its Hashing code  466
Its root atom symbol C[6]
Its codNB2Symb 4:4:1:1:
Its codNBSymb C[6]-4:C[6]-4:H-1:H-1:
Its atom type main sec C[6](C[6]C[6]HH)(C[6]N[6]HH)(H)2
Its atom type full C[6](C[6]C[6]HH)(C[6]N[6]HH)(H)2{1|C<3>,1|C<4>,1|H<1>,1|N<3>}

Atom2 : C35
Its Hashing code 466
Its root atom symbol C[6]
Its codNB2Symb 4:3:1:1:
Its codNBSymb C[6]-4:N[6]-3:H-1:H-1:
Its atom type main section C[6](C[6]C[6]HH)(N[6]C[6]C)(H)2
Its atom type full C[6](C[6]C[6]HH)(N[6]C[6]C)(H)2{1|C<4>,4|H<1>}

Atom3: H62
Its Hashing code  951
Its root atom symbol H
Its codNB2Symb 4:
Its codNBSymb C[6]-4:
Its atom type main section H(C[6]C[6]2H)
Its atom type full H(C[6]C[6]2H)

These 3 atoms are in a ring of size 0
The hybridization on three atoms is 0:SP3_SP-NON_SP3
Find ha1 466
Find ha2 466
Find ha3 951
Found 0:SP3_SP-NON_SP3
Found C[6]
Found C[6]
Found H
Found 4:4:1:1:
Found 4:3:1:1:
Found 4:
Found C[6]-4:C[6]-4:H-1:H-1:
Found C[6]-4:N[6]-3:H-1:H-1:
Found C[6]-4:
Found C[6](C[6]C[6]HH)(C[6]N[6]HH)(H)2
Found C[6](C[6]C[6]HH)(N[6]C[6]C)(H)2
Found H(C[6]C[6]2H)
aNum 3
tLev 1
Angle value 109
Angle siga 0.765
Number of observations  1312
Approximation level 0
Level finished 
Finally the angle value is 109
It sig value is 0.765
Number of COD angles involved 1312
Target angle value : 109

%=========================================%
Angle between C33(center) and C34 and H61

Center Atom : C33
Its Hashing code  466
Its root atom symbol C[6]
Its codNB2Symb 4:4:1:1:
Its codNBSymb C[6]-4:C[6]-4:H-1:H-1:
Its atom type main sec C[6](C[6]C[6]HH)(C[6]N[6]HH)(H)2
Its atom type full C[6](C[6]C[6]HH)(C[6]N[6]HH)(H)2{1|C<3>,1|C<4>,1|H<1>,1|N<3>}

Atom2 : C34
Its Hashing code 466
Its root atom symbol C[6]
Its codNB2Symb 4:4:1:1:
Its codNBSymb C[6]-4:C[6]-4:H-1:H-1:
Its atom type main section C[6](C[6]N[5a]C[6]H)(C[6]C[6]HH)(H)2
Its atom type full C[6](C[6]N[5a]C[6]H)(C[6]C[6]HH)(H)2{1|C<3>,1|N<2>,1|N<3>,4|H<1>}

Atom3: H61
Its Hashing code  951
Its root atom symbol H
Its codNB2Symb 4:
Its codNBSymb C[6]-4:
Its atom type main section H(C[6]C[6]2H)
Its atom type full H(C[6]C[6]2H)

These 3 atoms are in a ring of size 0
The hybridization on three atoms is 0:SP3_SP-NON_SP3
Find ha1 466
Find ha2 466
Find ha3 951
Found 0:SP3_SP-NON_SP3
Found C[6]
Found C[6]
Found H
Found 4:4:1:1:
Found 4:4:1:1:
Found 4:
Found C[6]-4:C[6]-4:H-1:H-1:
Found C[6]-4:C[6]-4:H-1:H-1:
Found C[6]-4:
Found C[6](C[6]C[6]HH)(C[6]N[6]HH)(H)2
aNum 3
tLev 2
Angle value 109
Angle siga 0.557
Number of observations  125119
Approximation level 1
Level finished 
Finally the angle value is 109
It sig value is 0.557
Number of COD angles involved 125119
Target angle value : 109

%=========================================%
Angle between C33(center) and C34 and H62

Center Atom : C33
Its Hashing code  466
Its root atom symbol C[6]
Its codNB2Symb 4:4:1:1:
Its codNBSymb C[6]-4:C[6]-4:H-1:H-1:
Its atom type main sec C[6](C[6]C[6]HH)(C[6]N[6]HH)(H)2
Its atom type full C[6](C[6]C[6]HH)(C[6]N[6]HH)(H)2{1|C<3>,1|C<4>,1|H<1>,1|N<3>}

Atom2 : C34
Its Hashing code 466
Its root atom symbol C[6]
Its codNB2Symb 4:4:1:1:
Its codNBSymb C[6]-4:C[6]-4:H-1:H-1:
Its atom type main section C[6](C[6]N[5a]C[6]H)(C[6]C[6]HH)(H)2
Its atom type full C[6](C[6]N[5a]C[6]H)(C[6]C[6]HH)(H)2{1|C<3>,1|N<2>,1|N<3>,4|H<1>}

Atom3: H62
Its Hashing code  951
Its root atom symbol H
Its codNB2Symb 4:
Its codNBSymb C[6]-4:
Its atom type main section H(C[6]C[6]2H)
Its atom type full H(C[6]C[6]2H)

These 3 atoms are in a ring of size 0
The hybridization on three atoms is 0:SP3_SP-NON_SP3
Find ha1 466
Find ha2 466
Find ha3 951
Found 0:SP3_SP-NON_SP3
Found C[6]
Found C[6]
Found H
Found 4:4:1:1:
Found 4:4:1:1:
Found 4:
Found C[6]-4:C[6]-4:H-1:H-1:
Found C[6]-4:C[6]-4:H-1:H-1:
Found C[6]-4:
Found C[6](C[6]C[6]HH)(C[6]N[6]HH)(H)2
aNum 3
tLev 2
Angle value 109
Angle siga 0.557
Number of observations  125119
Approximation level 1
Level finished 
Finally the angle value is 109
It sig value is 0.557
Number of COD angles involved 125119
Target angle value : 109

%=========================================%
Angle between C33(center) and H62 and H61

Center Atom : C33
Its Hashing code  466
Its root atom symbol C[6]
Its codNB2Symb 4:4:1:1:
Its codNBSymb C[6]-4:C[6]-4:H-1:H-1:
Its atom type main sec C[6](C[6]C[6]HH)(C[6]N[6]HH)(H)2
Its atom type full C[6](C[6]C[6]HH)(C[6]N[6]HH)(H)2{1|C<3>,1|C<4>,1|H<1>,1|N<3>}

Atom2 : H62
Its Hashing code 951
Its root atom symbol H
Its codNB2Symb 4:
Its codNBSymb C[6]-4:
Its atom type main section H(C[6]C[6]2H)
Its atom type full H(C[6]C[6]2H)

Atom3: H61
Its Hashing code  951
Its root atom symbol H
Its codNB2Symb 4:
Its codNBSymb C[6]-4:
Its atom type main section H(C[6]C[6]2H)
Its atom type full H(C[6]C[6]2H)

These 3 atoms are in a ring of size 0
The hybridization on three atoms is 0:SP3_SP-NON_SP-NON
Find ha1 466
Find ha2 951
Find ha3 951
Found 0:SP3_SP-NON_SP-NON
Found C[6]
Found H
Found H
Found 4:4:1:1:
Found 4:
Found 4:
Found C[6]-4:C[6]-4:H-1:H-1:
Found C[6]-4:
Found C[6]-4:
Found C[6](C[6]C[6]HH)(C[6]N[6]HH)(H)2
Found H(C[6]C[6]2H)
Found H(C[6]C[6]2H)
aNum 3
tLev 1
Angle value 108
Angle siga 1.76
Number of observations  1509
Approximation level 0
Level finished 
Finally the angle value is 108
It sig value is 1.76
Number of COD angles involved 1509
Target angle value : 108

%=========================================%
Angle between C34(center) and C44 and C33

Center Atom : C34
Its Hashing code  466
Its root atom symbol C[6]
Its codNB2Symb 4:4:1:1:
Its codNBSymb C[6]-4:C[6]-4:H-1:H-1:
Its atom type main sec C[6](C[6]N[5a]C[6]H)(C[6]C[6]HH)(H)2
Its atom type full C[6](C[6]N[5a]C[6]H)(C[6]C[6]HH)(H)2{1|C<3>,1|N<2>,1|N<3>,4|H<1>}

Atom2 : C44
Its Hashing code 466
Its root atom symbol C[6]
Its codNB2Symb 3:4:4:1:
Its codNBSymb N[5a]-3:C[6]-4:C[6]-4:H-1:
Its atom type main section C[6](N[5a]C[5a,6a]N[5a])(C[6]C[6]HH)(C[6]N[6]HH)(H)
Its atom type full C[6](N[5a]C[5a,6a]N[5a])(C[6]C[6]HH)(C[6]N[6]HH)(H){1|C<4>,1|N<2>,2|H<1>,3|C<3>}

Atom3: C33
Its Hashing code  466
Its root atom symbol C[6]
Its codNB2Symb 4:4:1:1:
Its codNBSymb C[6]-4:C[6]-4:H-1:H-1:
Its atom type main section C[6](C[6]C[6]HH)(C[6]N[6]HH)(H)2
Its atom type full C[6](C[6]C[6]HH)(C[6]N[6]HH)(H)2{1|C<3>,1|C<4>,1|H<1>,1|N<3>}

These 3 atoms are in a ring of size 6
The hybridization on three atoms is 6:SP3_SP3_SP3
Find ha1 466
Find ha2 466
Find ha3 466
Found 6:SP3_SP3_SP3
Found C[6]
Found C[6]
Found C[6]
Found 4:4:1:1:
Found 3:4:4:1:
Found 4:4:1:1:
Found C[6]-4:C[6]-4:H-1:H-1:
Found N[5a]-3:C[6]-4:C[6]-4:H-1:
Found C[6]-4:C[6]-4:H-1:H-1:
Found C[6](C[6]N[5a]C[6]H)(C[6]C[6]HH)(H)2
aNum 3
tLev 2
Angle value 111
Angle siga 0.783
Number of observations  38
Approximation level 1
Level finished 
Finally the angle value is 111
It sig value is 0.783
Number of COD angles involved 38
Target angle value : 111

%=========================================%
Angle between C34(center) and C33 and H63

Center Atom : C34
Its Hashing code  466
Its root atom symbol C[6]
Its codNB2Symb 4:4:1:1:
Its codNBSymb C[6]-4:C[6]-4:H-1:H-1:
Its atom type main sec C[6](C[6]N[5a]C[6]H)(C[6]C[6]HH)(H)2
Its atom type full C[6](C[6]N[5a]C[6]H)(C[6]C[6]HH)(H)2{1|C<3>,1|N<2>,1|N<3>,4|H<1>}

Atom2 : C33
Its Hashing code 466
Its root atom symbol C[6]
Its codNB2Symb 4:4:1:1:
Its codNBSymb C[6]-4:C[6]-4:H-1:H-1:
Its atom type main section C[6](C[6]C[6]HH)(C[6]N[6]HH)(H)2
Its atom type full C[6](C[6]C[6]HH)(C[6]N[6]HH)(H)2{1|C<3>,1|C<4>,1|H<1>,1|N<3>}

Atom3: H63
Its Hashing code  951
Its root atom symbol H
Its codNB2Symb 4:
Its codNBSymb C[6]-4:
Its atom type main section H(C[6]C[6]2H)
Its atom type full H(C[6]C[6]2H)

These 3 atoms are in a ring of size 0
The hybridization on three atoms is 0:SP3_SP-NON_SP3
Find ha1 466
Find ha2 466
Find ha3 951
Found 0:SP3_SP-NON_SP3
Found C[6]
Found C[6]
Found H
Found 4:4:1:1:
Found 4:4:1:1:
Found 4:
Found C[6]-4:C[6]-4:H-1:H-1:
Found C[6]-4:C[6]-4:H-1:H-1:
Found C[6]-4:
Found C[6](C[6]N[5a]C[6]H)(C[6]C[6]HH)(H)2
aNum 3
tLev 2
Angle value 109
Angle siga 0.557
Number of observations  125119
Approximation level 1
Level finished 
Finally the angle value is 109
It sig value is 0.557
Number of COD angles involved 125119
Target angle value : 109

%=========================================%
Angle between C34(center) and C33 and H64

Center Atom : C34
Its Hashing code  466
Its root atom symbol C[6]
Its codNB2Symb 4:4:1:1:
Its codNBSymb C[6]-4:C[6]-4:H-1:H-1:
Its atom type main sec C[6](C[6]N[5a]C[6]H)(C[6]C[6]HH)(H)2
Its atom type full C[6](C[6]N[5a]C[6]H)(C[6]C[6]HH)(H)2{1|C<3>,1|N<2>,1|N<3>,4|H<1>}

Atom2 : C33
Its Hashing code 466
Its root atom symbol C[6]
Its codNB2Symb 4:4:1:1:
Its codNBSymb C[6]-4:C[6]-4:H-1:H-1:
Its atom type main section C[6](C[6]C[6]HH)(C[6]N[6]HH)(H)2
Its atom type full C[6](C[6]C[6]HH)(C[6]N[6]HH)(H)2{1|C<3>,1|C<4>,1|H<1>,1|N<3>}

Atom3: H64
Its Hashing code  951
Its root atom symbol H
Its codNB2Symb 4:
Its codNBSymb C[6]-4:
Its atom type main section H(C[6]C[6]2H)
Its atom type full H(C[6]C[6]2H)

These 3 atoms are in a ring of size 0
The hybridization on three atoms is 0:SP3_SP-NON_SP3
Find ha1 466
Find ha2 466
Find ha3 951
Found 0:SP3_SP-NON_SP3
Found C[6]
Found C[6]
Found H
Found 4:4:1:1:
Found 4:4:1:1:
Found 4:
Found C[6]-4:C[6]-4:H-1:H-1:
Found C[6]-4:C[6]-4:H-1:H-1:
Found C[6]-4:
Found C[6](C[6]N[5a]C[6]H)(C[6]C[6]HH)(H)2
aNum 3
tLev 2
Angle value 109
Angle siga 0.557
Number of observations  125119
Approximation level 1
Level finished 
Finally the angle value is 109
It sig value is 0.557
Number of COD angles involved 125119
Target angle value : 109

%=========================================%
Angle between C34(center) and C44 and H63

Center Atom : C34
Its Hashing code  466
Its root atom symbol C[6]
Its codNB2Symb 4:4:1:1:
Its codNBSymb C[6]-4:C[6]-4:H-1:H-1:
Its atom type main sec C[6](C[6]N[5a]C[6]H)(C[6]C[6]HH)(H)2
Its atom type full C[6](C[6]N[5a]C[6]H)(C[6]C[6]HH)(H)2{1|C<3>,1|N<2>,1|N<3>,4|H<1>}

Atom2 : C44
Its Hashing code 466
Its root atom symbol C[6]
Its codNB2Symb 3:4:4:1:
Its codNBSymb N[5a]-3:C[6]-4:C[6]-4:H-1:
Its atom type main section C[6](N[5a]C[5a,6a]N[5a])(C[6]C[6]HH)(C[6]N[6]HH)(H)
Its atom type full C[6](N[5a]C[5a,6a]N[5a])(C[6]C[6]HH)(C[6]N[6]HH)(H){1|C<4>,1|N<2>,2|H<1>,3|C<3>}

Atom3: H63
Its Hashing code  951
Its root atom symbol H
Its codNB2Symb 4:
Its codNBSymb C[6]-4:
Its atom type main section H(C[6]C[6]2H)
Its atom type full H(C[6]C[6]2H)

These 3 atoms are in a ring of size 0
The hybridization on three atoms is 0:SP3_SP-NON_SP3
Find ha1 466
Find ha2 466
Find ha3 951
Found 0:SP3_SP-NON_SP3
Found C[6]
Found C[6]
Found H
Found 4:4:1:1:
Found 3:4:4:1:
Found 4:
Found C[6]-4:C[6]-4:H-1:H-1:
Found N[5a]-3:C[6]-4:C[6]-4:H-1:
Found C[6]-4:
Found C[6](C[6]N[5a]C[6]H)(C[6]C[6]HH)(H)2
aNum 3
tLev 2
Angle value 109
Angle siga 0.515
Number of observations  96
Approximation level 1
Level finished 
Finally the angle value is 109
It sig value is 0.515
Number of COD angles involved 96
Target angle value : 109

%=========================================%
Angle between C34(center) and C44 and H64

Center Atom : C34
Its Hashing code  466
Its root atom symbol C[6]
Its codNB2Symb 4:4:1:1:
Its codNBSymb C[6]-4:C[6]-4:H-1:H-1:
Its atom type main sec C[6](C[6]N[5a]C[6]H)(C[6]C[6]HH)(H)2
Its atom type full C[6](C[6]N[5a]C[6]H)(C[6]C[6]HH)(H)2{1|C<3>,1|N<2>,1|N<3>,4|H<1>}

Atom2 : C44
Its Hashing code 466
Its root atom symbol C[6]
Its codNB2Symb 3:4:4:1:
Its codNBSymb N[5a]-3:C[6]-4:C[6]-4:H-1:
Its atom type main section C[6](N[5a]C[5a,6a]N[5a])(C[6]C[6]HH)(C[6]N[6]HH)(H)
Its atom type full C[6](N[5a]C[5a,6a]N[5a])(C[6]C[6]HH)(C[6]N[6]HH)(H){1|C<4>,1|N<2>,2|H<1>,3|C<3>}

Atom3: H64
Its Hashing code  951
Its root atom symbol H
Its codNB2Symb 4:
Its codNBSymb C[6]-4:
Its atom type main section H(C[6]C[6]2H)
Its atom type full H(C[6]C[6]2H)

These 3 atoms are in a ring of size 0
The hybridization on three atoms is 0:SP3_SP-NON_SP3
Find ha1 466
Find ha2 466
Find ha3 951
Found 0:SP3_SP-NON_SP3
Found C[6]
Found C[6]
Found H
Found 4:4:1:1:
Found 3:4:4:1:
Found 4:
Found C[6]-4:C[6]-4:H-1:H-1:
Found N[5a]-3:C[6]-4:C[6]-4:H-1:
Found C[6]-4:
Found C[6](C[6]N[5a]C[6]H)(C[6]C[6]HH)(H)2
aNum 3
tLev 2
Angle value 109
Angle siga 0.515
Number of observations  96
Approximation level 1
Level finished 
Finally the angle value is 109
It sig value is 0.515
Number of COD angles involved 96
Target angle value : 109

%=========================================%
Angle between C34(center) and H64 and H63

Center Atom : C34
Its Hashing code  466
Its root atom symbol C[6]
Its codNB2Symb 4:4:1:1:
Its codNBSymb C[6]-4:C[6]-4:H-1:H-1:
Its atom type main sec C[6](C[6]N[5a]C[6]H)(C[6]C[6]HH)(H)2
Its atom type full C[6](C[6]N[5a]C[6]H)(C[6]C[6]HH)(H)2{1|C<3>,1|N<2>,1|N<3>,4|H<1>}

Atom2 : H64
Its Hashing code 951
Its root atom symbol H
Its codNB2Symb 4:
Its codNBSymb C[6]-4:
Its atom type main section H(C[6]C[6]2H)
Its atom type full H(C[6]C[6]2H)

Atom3: H63
Its Hashing code  951
Its root atom symbol H
Its codNB2Symb 4:
Its codNBSymb C[6]-4:
Its atom type main section H(C[6]C[6]2H)
Its atom type full H(C[6]C[6]2H)

These 3 atoms are in a ring of size 0
The hybridization on three atoms is 0:SP3_SP-NON_SP-NON
Find ha1 466
Find ha2 951
Find ha3 951
Found 0:SP3_SP-NON_SP-NON
Found C[6]
Found H
Found H
Found 4:4:1:1:
Found 4:
Found 4:
Found C[6]-4:C[6]-4:H-1:H-1:
Found C[6]-4:
Found C[6]-4:
Found C[6](C[6]N[5a]C[6]H)(C[6]C[6]HH)(H)2
Found H(C[6]C[6]2H)
Found H(C[6]C[6]2H)
aNum 3
tLev 1
Angle value 108
Angle siga 0.266
Number of observations  34
Approximation level 0
Level finished 
Finally the angle value is 108
It sig value is 0.266
Number of COD angles involved 34
Target angle value : 108

%=========================================%
Angle between C35(center) and C33 and N46

Center Atom : C35
Its Hashing code  466
Its root atom symbol C[6]
Its codNB2Symb 4:3:1:1:
Its codNBSymb C[6]-4:N[6]-3:H-1:H-1:
Its atom type main sec C[6](C[6]C[6]HH)(N[6]C[6]C)(H)2
Its atom type full C[6](C[6]C[6]HH)(N[6]C[6]C)(H)2{1|C<4>,4|H<1>}

Atom2 : C33
Its Hashing code 466
Its root atom symbol C[6]
Its codNB2Symb 4:4:1:1:
Its codNBSymb C[6]-4:C[6]-4:H-1:H-1:
Its atom type main section C[6](C[6]C[6]HH)(C[6]N[6]HH)(H)2
Its atom type full C[6](C[6]C[6]HH)(C[6]N[6]HH)(H)2{1|C<3>,1|C<4>,1|H<1>,1|N<3>}

Atom3: N46
Its Hashing code  856
Its root atom symbol N[6]
Its codNB2Symb 4:4:3:
Its codNBSymb C[6]-4:C[6]-4:C-3:
Its atom type main section N[6](C[6]C[6]HH)2(CCO)
Its atom type full N[6](C[6]C[6]HH)2(CCO){1|C<4>,1|N<3>,3|H<1>}

These 3 atoms are in a ring of size 6
The hybridization on three atoms is 6:SP3_SP2_SP3
Find ha1 466
Find ha2 466
Find ha3 856
Found 6:SP3_SP2_SP3
Found C[6]
Found C[6]
Found N[6]
Found 4:3:1:1:
Found 4:4:1:1:
Found 4:4:3:
Found C[6]-4:N[6]-3:H-1:H-1:
Found C[6]-4:C[6]-4:H-1:H-1:
Found C[6]-4:C[6]-4:C-3:
Found C[6](C[6]C[6]HH)(N[6]C[6]C)(H)2
Found C[6](C[6]C[6]HH)(C[6]N[6]HH)(H)2
Found N[6](C[6]C[6]HH)2(CCO)
aNum 3
tLev 1
Angle value 110
Angle siga 0.718
Number of observations  83
Approximation level 0
Level finished 
Finally the angle value is 110
It sig value is 0.718
Number of COD angles involved 83
Target angle value : 110

%=========================================%
Angle between C35(center) and C33 and H65

Center Atom : C35
Its Hashing code  466
Its root atom symbol C[6]
Its codNB2Symb 4:3:1:1:
Its codNBSymb C[6]-4:N[6]-3:H-1:H-1:
Its atom type main sec C[6](C[6]C[6]HH)(N[6]C[6]C)(H)2
Its atom type full C[6](C[6]C[6]HH)(N[6]C[6]C)(H)2{1|C<4>,4|H<1>}

Atom2 : C33
Its Hashing code 466
Its root atom symbol C[6]
Its codNB2Symb 4:4:1:1:
Its codNBSymb C[6]-4:C[6]-4:H-1:H-1:
Its atom type main section C[6](C[6]C[6]HH)(C[6]N[6]HH)(H)2
Its atom type full C[6](C[6]C[6]HH)(C[6]N[6]HH)(H)2{1|C<3>,1|C<4>,1|H<1>,1|N<3>}

Atom3: H65
Its Hashing code  951
Its root atom symbol H
Its codNB2Symb 4:
Its codNBSymb C[6]-4:
Its atom type main section H(C[6]C[6]N[6]H)
Its atom type full H(C[6]C[6]N[6]H)

These 3 atoms are in a ring of size 0
The hybridization on three atoms is 0:SP3_SP-NON_SP3
Find ha1 466
Find ha2 466
Find ha3 951
Found 0:SP3_SP-NON_SP3
Found C[6]
Found C[6]
Found H
Found 4:3:1:1:
Found 4:4:1:1:
Found 4:
Found C[6]-4:N[6]-3:H-1:H-1:
Found C[6]-4:C[6]-4:H-1:H-1:
Found C[6]-4:
Found C[6](C[6]C[6]HH)(N[6]C[6]C)(H)2
Found C[6](C[6]C[6]HH)(C[6]N[6]HH)(H)2
Found H(C[6]C[6]N[6]H)
aNum 3
tLev 1
Angle value 110
Angle siga 0.558
Number of observations  1316
Approximation level 0
Level finished 
Finally the angle value is 110
It sig value is 0.558
Number of COD angles involved 1316
Target angle value : 110

%=========================================%
Angle between C35(center) and C33 and H66

Center Atom : C35
Its Hashing code  466
Its root atom symbol C[6]
Its codNB2Symb 4:3:1:1:
Its codNBSymb C[6]-4:N[6]-3:H-1:H-1:
Its atom type main sec C[6](C[6]C[6]HH)(N[6]C[6]C)(H)2
Its atom type full C[6](C[6]C[6]HH)(N[6]C[6]C)(H)2{1|C<4>,4|H<1>}

Atom2 : C33
Its Hashing code 466
Its root atom symbol C[6]
Its codNB2Symb 4:4:1:1:
Its codNBSymb C[6]-4:C[6]-4:H-1:H-1:
Its atom type main section C[6](C[6]C[6]HH)(C[6]N[6]HH)(H)2
Its atom type full C[6](C[6]C[6]HH)(C[6]N[6]HH)(H)2{1|C<3>,1|C<4>,1|H<1>,1|N<3>}

Atom3: H66
Its Hashing code  951
Its root atom symbol H
Its codNB2Symb 4:
Its codNBSymb C[6]-4:
Its atom type main section H(C[6]C[6]N[6]H)
Its atom type full H(C[6]C[6]N[6]H)

These 3 atoms are in a ring of size 0
The hybridization on three atoms is 0:SP3_SP-NON_SP3
Find ha1 466
Find ha2 466
Find ha3 951
Found 0:SP3_SP-NON_SP3
Found C[6]
Found C[6]
Found H
Found 4:3:1:1:
Found 4:4:1:1:
Found 4:
Found C[6]-4:N[6]-3:H-1:H-1:
Found C[6]-4:C[6]-4:H-1:H-1:
Found C[6]-4:
Found C[6](C[6]C[6]HH)(N[6]C[6]C)(H)2
Found C[6](C[6]C[6]HH)(C[6]N[6]HH)(H)2
Found H(C[6]C[6]N[6]H)
aNum 3
tLev 1
Angle value 110
Angle siga 0.558
Number of observations  1316
Approximation level 0
Level finished 
Finally the angle value is 110
It sig value is 0.558
Number of COD angles involved 1316
Target angle value : 110

%=========================================%
Angle between C35(center) and N46 and H65

Center Atom : C35
Its Hashing code  466
Its root atom symbol C[6]
Its codNB2Symb 4:3:1:1:
Its codNBSymb C[6]-4:N[6]-3:H-1:H-1:
Its atom type main sec C[6](C[6]C[6]HH)(N[6]C[6]C)(H)2
Its atom type full C[6](C[6]C[6]HH)(N[6]C[6]C)(H)2{1|C<4>,4|H<1>}

Atom2 : N46
Its Hashing code 856
Its root atom symbol N[6]
Its codNB2Symb 4:4:3:
Its codNBSymb C[6]-4:C[6]-4:C-3:
Its atom type main section N[6](C[6]C[6]HH)2(CCO)
Its atom type full N[6](C[6]C[6]HH)2(CCO){1|C<4>,1|N<3>,3|H<1>}

Atom3: H65
Its Hashing code  951
Its root atom symbol H
Its codNB2Symb 4:
Its codNBSymb C[6]-4:
Its atom type main section H(C[6]C[6]N[6]H)
Its atom type full H(C[6]C[6]N[6]H)

These 3 atoms are in a ring of size 0
The hybridization on three atoms is 0:SP3_SP-NON_SP2
Find ha1 466
Find ha2 856
Find ha3 951
Found 0:SP3_SP-NON_SP2
Found C[6]
Found N[6]
Found H
Found 4:3:1:1:
Found 4:4:3:
Found 4:
Found C[6]-4:N[6]-3:H-1:H-1:
Found C[6]-4:C[6]-4:C-3:
Found C[6]-4:
Found C[6](C[6]C[6]HH)(N[6]C[6]C)(H)2
Found N[6](C[6]C[6]HH)2(CCO)
Found H(C[6]C[6]N[6]H)
aNum 3
tLev 1
Angle value 110
Angle siga 0.196
Number of observations  219
Approximation level 0
Level finished 
Finally the angle value is 110
It sig value is 0.196
Number of COD angles involved 219
Target angle value : 110

%=========================================%
Angle between C35(center) and N46 and H66

Center Atom : C35
Its Hashing code  466
Its root atom symbol C[6]
Its codNB2Symb 4:3:1:1:
Its codNBSymb C[6]-4:N[6]-3:H-1:H-1:
Its atom type main sec C[6](C[6]C[6]HH)(N[6]C[6]C)(H)2
Its atom type full C[6](C[6]C[6]HH)(N[6]C[6]C)(H)2{1|C<4>,4|H<1>}

Atom2 : N46
Its Hashing code 856
Its root atom symbol N[6]
Its codNB2Symb 4:4:3:
Its codNBSymb C[6]-4:C[6]-4:C-3:
Its atom type main section N[6](C[6]C[6]HH)2(CCO)
Its atom type full N[6](C[6]C[6]HH)2(CCO){1|C<4>,1|N<3>,3|H<1>}

Atom3: H66
Its Hashing code  951
Its root atom symbol H
Its codNB2Symb 4:
Its codNBSymb C[6]-4:
Its atom type main section H(C[6]C[6]N[6]H)
Its atom type full H(C[6]C[6]N[6]H)

These 3 atoms are in a ring of size 0
The hybridization on three atoms is 0:SP3_SP-NON_SP2
Find ha1 466
Find ha2 856
Find ha3 951
Found 0:SP3_SP-NON_SP2
Found C[6]
Found N[6]
Found H
Found 4:3:1:1:
Found 4:4:3:
Found 4:
Found C[6]-4:N[6]-3:H-1:H-1:
Found C[6]-4:C[6]-4:C-3:
Found C[6]-4:
Found C[6](C[6]C[6]HH)(N[6]C[6]C)(H)2
Found N[6](C[6]C[6]HH)2(CCO)
Found H(C[6]C[6]N[6]H)
aNum 3
tLev 1
Angle value 110
Angle siga 0.196
Number of observations  219
Approximation level 0
Level finished 
Finally the angle value is 110
It sig value is 0.196
Number of COD angles involved 219
Target angle value : 110

%=========================================%
Angle between C35(center) and H66 and H65

Center Atom : C35
Its Hashing code  466
Its root atom symbol C[6]
Its codNB2Symb 4:3:1:1:
Its codNBSymb C[6]-4:N[6]-3:H-1:H-1:
Its atom type main sec C[6](C[6]C[6]HH)(N[6]C[6]C)(H)2
Its atom type full C[6](C[6]C[6]HH)(N[6]C[6]C)(H)2{1|C<4>,4|H<1>}

Atom2 : H66
Its Hashing code 951
Its root atom symbol H
Its codNB2Symb 4:
Its codNBSymb C[6]-4:
Its atom type main section H(C[6]C[6]N[6]H)
Its atom type full H(C[6]C[6]N[6]H)

Atom3: H65
Its Hashing code  951
Its root atom symbol H
Its codNB2Symb 4:
Its codNBSymb C[6]-4:
Its atom type main section H(C[6]C[6]N[6]H)
Its atom type full H(C[6]C[6]N[6]H)

These 3 atoms are in a ring of size 0
The hybridization on three atoms is 0:SP3_SP-NON_SP-NON
Find ha1 466
Find ha2 951
Find ha3 951
Found 0:SP3_SP-NON_SP-NON
Found C[6]
Found H
Found H
Found 4:3:1:1:
Found 4:
Found 4:
Found C[6]-4:N[6]-3:H-1:H-1:
Found C[6]-4:
Found C[6]-4:
Found C[6](C[6]C[6]HH)(N[6]C[6]C)(H)2
Found H(C[6]C[6]N[6]H)
Found H(C[6]C[6]N[6]H)
aNum 3
tLev 1
Angle value 108
Angle siga 1.13
Number of observations  1033
Approximation level 0
Level finished 
Finally the angle value is 108
It sig value is 1.13
Number of COD angles involved 1033
Target angle value : 108

%=========================================%
Angle between C36(center) and C44 and N46

Center Atom : C36
Its Hashing code  466
Its root atom symbol C[6]
Its codNB2Symb 4:3:1:1:
Its codNBSymb C[6]-4:N[6]-3:H-1:H-1:
Its atom type main sec C[6](C[6]N[5a]C[6]H)(N[6]C[6]C)(H)2
Its atom type full C[6](C[6]N[5a]C[6]H)(N[6]C[6]C)(H)2{1|C<3>,1|C<4>,1|N<2>,4|H<1>}

Atom2 : C44
Its Hashing code 466
Its root atom symbol C[6]
Its codNB2Symb 3:4:4:1:
Its codNBSymb N[5a]-3:C[6]-4:C[6]-4:H-1:
Its atom type main section C[6](N[5a]C[5a,6a]N[5a])(C[6]C[6]HH)(C[6]N[6]HH)(H)
Its atom type full C[6](N[5a]C[5a,6a]N[5a])(C[6]C[6]HH)(C[6]N[6]HH)(H){1|C<4>,1|N<2>,2|H<1>,3|C<3>}

Atom3: N46
Its Hashing code  856
Its root atom symbol N[6]
Its codNB2Symb 4:4:3:
Its codNBSymb C[6]-4:C[6]-4:C-3:
Its atom type main section N[6](C[6]C[6]HH)2(CCO)
Its atom type full N[6](C[6]C[6]HH)2(CCO){1|C<4>,1|N<3>,3|H<1>}

These 3 atoms are in a ring of size 6
The hybridization on three atoms is 6:SP3_SP2_SP3
Find ha1 466
Find ha2 466
Find ha3 856
Found 6:SP3_SP2_SP3
Found C[6]
Found C[6]
Found N[6]
Found 4:3:1:1:
Found 3:4:4:1:
Found 4:4:3:
Found C[6]-4:N[6]-3:H-1:H-1:
aNum 3
tLev 3
Angle value 110
Angle siga 0.669
Number of observations  5
Approximation level 2
Level finished 
Finally the angle value is 110
It sig value is 0.669
Number of COD angles involved 5
Target angle value : 110

%=========================================%
Angle between C36(center) and N46 and H67

Center Atom : C36
Its Hashing code  466
Its root atom symbol C[6]
Its codNB2Symb 4:3:1:1:
Its codNBSymb C[6]-4:N[6]-3:H-1:H-1:
Its atom type main sec C[6](C[6]N[5a]C[6]H)(N[6]C[6]C)(H)2
Its atom type full C[6](C[6]N[5a]C[6]H)(N[6]C[6]C)(H)2{1|C<3>,1|C<4>,1|N<2>,4|H<1>}

Atom2 : N46
Its Hashing code 856
Its root atom symbol N[6]
Its codNB2Symb 4:4:3:
Its codNBSymb C[6]-4:C[6]-4:C-3:
Its atom type main section N[6](C[6]C[6]HH)2(CCO)
Its atom type full N[6](C[6]C[6]HH)2(CCO){1|C<4>,1|N<3>,3|H<1>}

Atom3: H67
Its Hashing code  951
Its root atom symbol H
Its codNB2Symb 4:
Its codNBSymb C[6]-4:
Its atom type main section H(C[6]C[6]N[6]H)
Its atom type full H(C[6]C[6]N[6]H)

These 3 atoms are in a ring of size 0
The hybridization on three atoms is 0:SP3_SP-NON_SP2
Find ha1 466
Find ha2 856
Find ha3 951
Found 0:SP3_SP-NON_SP2
Found C[6]
Found N[6]
Found H
Found 4:3:1:1:
Found 4:4:3:
Found 4:
Found C[6]-4:N[6]-3:H-1:H-1:
Found C[6]-4:C[6]-4:C-3:
Found C[6]-4:
aNum 3
tLev 2
Angle value 110
Angle siga 0.64
Number of observations  2685
Approximation level 1
Level finished 
Finally the angle value is 110
It sig value is 0.64
Number of COD angles involved 2685
Target angle value : 110

%=========================================%
Angle between C36(center) and N46 and H68

Center Atom : C36
Its Hashing code  466
Its root atom symbol C[6]
Its codNB2Symb 4:3:1:1:
Its codNBSymb C[6]-4:N[6]-3:H-1:H-1:
Its atom type main sec C[6](C[6]N[5a]C[6]H)(N[6]C[6]C)(H)2
Its atom type full C[6](C[6]N[5a]C[6]H)(N[6]C[6]C)(H)2{1|C<3>,1|C<4>,1|N<2>,4|H<1>}

Atom2 : N46
Its Hashing code 856
Its root atom symbol N[6]
Its codNB2Symb 4:4:3:
Its codNBSymb C[6]-4:C[6]-4:C-3:
Its atom type main section N[6](C[6]C[6]HH)2(CCO)
Its atom type full N[6](C[6]C[6]HH)2(CCO){1|C<4>,1|N<3>,3|H<1>}

Atom3: H68
Its Hashing code  951
Its root atom symbol H
Its codNB2Symb 4:
Its codNBSymb C[6]-4:
Its atom type main section H(C[6]C[6]N[6]H)
Its atom type full H(C[6]C[6]N[6]H)

These 3 atoms are in a ring of size 0
The hybridization on three atoms is 0:SP3_SP-NON_SP2
Find ha1 466
Find ha2 856
Find ha3 951
Found 0:SP3_SP-NON_SP2
Found C[6]
Found N[6]
Found H
Found 4:3:1:1:
Found 4:4:3:
Found 4:
Found C[6]-4:N[6]-3:H-1:H-1:
Found C[6]-4:C[6]-4:C-3:
Found C[6]-4:
aNum 3
tLev 2
Angle value 110
Angle siga 0.64
Number of observations  2685
Approximation level 1
Level finished 
Finally the angle value is 110
It sig value is 0.64
Number of COD angles involved 2685
Target angle value : 110

%=========================================%
Angle between C36(center) and C44 and H67

Center Atom : C36
Its Hashing code  466
Its root atom symbol C[6]
Its codNB2Symb 4:3:1:1:
Its codNBSymb C[6]-4:N[6]-3:H-1:H-1:
Its atom type main sec C[6](C[6]N[5a]C[6]H)(N[6]C[6]C)(H)2
Its atom type full C[6](C[6]N[5a]C[6]H)(N[6]C[6]C)(H)2{1|C<3>,1|C<4>,1|N<2>,4|H<1>}

Atom2 : C44
Its Hashing code 466
Its root atom symbol C[6]
Its codNB2Symb 3:4:4:1:
Its codNBSymb N[5a]-3:C[6]-4:C[6]-4:H-1:
Its atom type main section C[6](N[5a]C[5a,6a]N[5a])(C[6]C[6]HH)(C[6]N[6]HH)(H)
Its atom type full C[6](N[5a]C[5a,6a]N[5a])(C[6]C[6]HH)(C[6]N[6]HH)(H){1|C<4>,1|N<2>,2|H<1>,3|C<3>}

Atom3: H67
Its Hashing code  951
Its root atom symbol H
Its codNB2Symb 4:
Its codNBSymb C[6]-4:
Its atom type main section H(C[6]C[6]N[6]H)
Its atom type full H(C[6]C[6]N[6]H)

These 3 atoms are in a ring of size 0
The hybridization on three atoms is 0:SP3_SP-NON_SP3
Find ha1 466
Find ha2 466
Find ha3 951
Found 0:SP3_SP-NON_SP3
Found C[6]
Found C[6]
Found H
Found 4:3:1:1:
Found 3:4:4:1:
Found 4:
Found C[6]-4:N[6]-3:H-1:H-1:
Found N[5a]-3:C[6]-4:C[6]-4:H-1:
Found C[6]-4:
Found C[6](C[6]N[5a]C[6]H)(N[6]C[6]C)(H)2
aNum 3
tLev 2
Angle value 109
Angle siga 0
Number of observations  1
Approximation level 1
tLev 3
Angle value 109
Angle siga 0.369
Number of observations  319
Approximation level 2
Level finished 
Finally the angle value is 109
It sig value is 0.369
Number of COD angles involved 319
Target angle value : 109

%=========================================%
Angle between C36(center) and C44 and H68

Center Atom : C36
Its Hashing code  466
Its root atom symbol C[6]
Its codNB2Symb 4:3:1:1:
Its codNBSymb C[6]-4:N[6]-3:H-1:H-1:
Its atom type main sec C[6](C[6]N[5a]C[6]H)(N[6]C[6]C)(H)2
Its atom type full C[6](C[6]N[5a]C[6]H)(N[6]C[6]C)(H)2{1|C<3>,1|C<4>,1|N<2>,4|H<1>}

Atom2 : C44
Its Hashing code 466
Its root atom symbol C[6]
Its codNB2Symb 3:4:4:1:
Its codNBSymb N[5a]-3:C[6]-4:C[6]-4:H-1:
Its atom type main section C[6](N[5a]C[5a,6a]N[5a])(C[6]C[6]HH)(C[6]N[6]HH)(H)
Its atom type full C[6](N[5a]C[5a,6a]N[5a])(C[6]C[6]HH)(C[6]N[6]HH)(H){1|C<4>,1|N<2>,2|H<1>,3|C<3>}

Atom3: H68
Its Hashing code  951
Its root atom symbol H
Its codNB2Symb 4:
Its codNBSymb C[6]-4:
Its atom type main section H(C[6]C[6]N[6]H)
Its atom type full H(C[6]C[6]N[6]H)

These 3 atoms are in a ring of size 0
The hybridization on three atoms is 0:SP3_SP-NON_SP3
Find ha1 466
Find ha2 466
Find ha3 951
Found 0:SP3_SP-NON_SP3
Found C[6]
Found C[6]
Found H
Found 4:3:1:1:
Found 3:4:4:1:
Found 4:
Found C[6]-4:N[6]-3:H-1:H-1:
Found N[5a]-3:C[6]-4:C[6]-4:H-1:
Found C[6]-4:
Found C[6](C[6]N[5a]C[6]H)(N[6]C[6]C)(H)2
aNum 3
tLev 2
Angle value 109
Angle siga 0
Number of observations  1
Approximation level 1
tLev 3
Angle value 109
Angle siga 0.369
Number of observations  319
Approximation level 2
Level finished 
Finally the angle value is 109
It sig value is 0.369
Number of COD angles involved 319
Target angle value : 109

%=========================================%
Angle between C36(center) and H68 and H67

Center Atom : C36
Its Hashing code  466
Its root atom symbol C[6]
Its codNB2Symb 4:3:1:1:
Its codNBSymb C[6]-4:N[6]-3:H-1:H-1:
Its atom type main sec C[6](C[6]N[5a]C[6]H)(N[6]C[6]C)(H)2
Its atom type full C[6](C[6]N[5a]C[6]H)(N[6]C[6]C)(H)2{1|C<3>,1|C<4>,1|N<2>,4|H<1>}

Atom2 : H68
Its Hashing code 951
Its root atom symbol H
Its codNB2Symb 4:
Its codNBSymb C[6]-4:
Its atom type main section H(C[6]C[6]N[6]H)
Its atom type full H(C[6]C[6]N[6]H)

Atom3: H67
Its Hashing code  951
Its root atom symbol H
Its codNB2Symb 4:
Its codNBSymb C[6]-4:
Its atom type main section H(C[6]C[6]N[6]H)
Its atom type full H(C[6]C[6]N[6]H)

These 3 atoms are in a ring of size 0
The hybridization on three atoms is 0:SP3_SP-NON_SP-NON
Find ha1 466
Find ha2 951
Find ha3 951
Found 0:SP3_SP-NON_SP-NON
Found C[6]
Found H
Found H
Found 4:3:1:1:
Found 4:
Found 4:
Found C[6]-4:N[6]-3:H-1:H-1:
Found C[6]-4:
Found C[6]-4:
Found C[6](C[6]N[5a]C[6]H)(N[6]C[6]C)(H)2
Found H(C[6]C[6]N[6]H)
Found H(C[6]C[6]N[6]H)
aNum 3
tLev 1
Angle value 108
Angle siga 1.03
Number of observations  4733
Approximation level 1
Level finished 
Finally the angle value is 108
It sig value is 1.03
Number of COD angles involved 4733
Target angle value : 108

%=========================================%
Angle between N37(center) and C43 and N45

Center Atom : N37
Its Hashing code  519
Its root atom symbol N[5a]
Its codNB2Symb 3:3:
Its codNBSymb C[5a]-3:N[5a]-3:
Its atom type main sec N[5a](C[5a]C[5a,6a]C[6a])(N[5a]C[5a,6a]C[6])
Its atom type full N[5a](C[5a]C[5a,6a]C[6a])(N[5a]C[5a,6a]C[6]){1|H<1>,1|N<2>,2|C<4>,3|C<3>}

Atom2 : C43
Its Hashing code 727
Its root atom symbol C[5a]
Its codNB2Symb 3:3:2:
Its codNBSymb C[5a,6a]-3:C[6a]-3:N[5a]-2:
Its atom type main section C[5a](C[5a,6a]C[5a,6a]C[6a])(C[6a]C[6a]2)(N[5a]N[5a])
Its atom type full C[5a](C[5a,6a]C[5a,6a]C[6a])(C[6a]C[6a]2)(N[5a]N[5a]){1|C<4>,1|N<3>,2|C<3>,2|H<1>,2|N<2>}

Atom3: N45
Its Hashing code  813
Its root atom symbol N[5a]
Its codNB2Symb 3:4:2:
Its codNBSymb C[5a,6a]-3:C[6]-4:N[5a]-2:
Its atom type main section N[5a](C[5a,6a]C[5a,6a]N[6a])(C[6]C[6]2H)(N[5a]C[5a])
Its atom type full N[5a](C[5a,6a]C[5a,6a]N[6a])(C[6]C[6]2H)(N[5a]C[5a]){1|C<4>,1|N<3>,3|C<3>,4|H<1>}

These 3 atoms are in a ring of size 5
The hybridization on three atoms is 5:SP2_SP2_SP2
Find ha1 519
Find ha2 727
Find ha3 813
Found 5:SP2_SP2_SP2
Found N[5a]
Found C[5a]
Found N[5a]
Found 3:3:
Found 3:3:2:
Found 3:4:2:
Found C[5a]-3:N[5a]-3:
aNum 3
tLev 3
Angle value 105
Angle siga 0.22
Number of observations  4
Approximation level 2
Level finished 
Finally the angle value is 105
It sig value is 0.22
Number of COD angles involved 4
Target angle value : 105

%=========================================%
Angle between O38(center) and C40 and C41

Center Atom : O38
Its Hashing code  893
Its root atom symbol O
Its codNB2Symb 3:3:
Its codNBSymb C[6a]-3:C[6a]-3:
Its atom type main sec O(C[6a]C[6a]2)2
Its atom type full O(C[6a]C[6a]2)2

Atom2 : C40
Its Hashing code 643
Its root atom symbol C[6a]
Its codNB2Symb 3:3:2:
Its codNBSymb C[6a]-3:C[6a]-3:O-2:
Its atom type main section C[6a](C[6a]C[6a]H)2(OC[6a])
Its atom type full C[6a](C[6a]C[6a]H)2(OC[6a]){1|C<3>,2|H<1>}

Atom3: C41
Its Hashing code  643
Its root atom symbol C[6a]
Its codNB2Symb 3:3:2:
Its codNBSymb C[6a]-3:C[6a]-3:O-2:
Its atom type main section C[6a](C[6a]C[6a]H)2(OC[6a])
Its atom type full C[6a](C[6a]C[6a]H)2(OC[6a]){1|C<3>,2|H<1>}

These 3 atoms are in a ring of size 0
The hybridization on three atoms is 0:SP2_SP2_SP2
Find ha1 893
Find ha2 643
Find ha3 643
Found 0:SP2_SP2_SP2
Found O
Found C[6a]
Found C[6a]
Found 3:3:
Found 3:3:2:
Found 3:3:2:
Found C[6a]-3:C[6a]-3:
Found C[6a]-3:C[6a]-3:O-2:
Found C[6a]-3:C[6a]-3:O-2:
Found O(C[6a]C[6a]2)2
Found C[6a](C[6a]C[6a]H)2(OC[6a])
Found C[6a](C[6a]C[6a]H)2(OC[6a])
aNum 3
tLev 1
Angle value 119
Angle siga 3.39
Number of observations  256
Approximation level 0
Level finished 
Finally the angle value is 119
It sig value is 3.39
Number of COD angles involved 256
Target angle value : 119

%=========================================%
Angle between C39(center) and O22 and C23

Center Atom : C39
Its Hashing code  930
Its root atom symbol C
Its codNB2Symb 3:3:1:
Its codNBSymb N[6]-3:C-3:O-1:
Its atom type main sec C(N[6]C[6]2)(CCH)(O)
Its atom type full C(N[6]C[6]2)(CCH)(O)

Atom2 : O22
Its Hashing code 863
Its root atom symbol O
Its codNB2Symb 3:
Its codNBSymb C-3:
Its atom type main section O(CN[6]C)
Its atom type full O(CN[6]C)

Atom3: C23
Its Hashing code  930
Its root atom symbol C
Its codNB2Symb 3:3:1:
Its codNBSymb C-3:C-3:H-1:
Its atom type main section C(CN[6]O)(CHS)(H)
Its atom type full C(CN[6]O)(CHS)(H)

These 3 atoms are in a ring of size 0
The hybridization on three atoms is 0:SP2_SP2_SP2
Find ha1 930
Find ha2 863
Find ha3 930
Found 0:SP2_SP2_SP2
Found C
Found O
Found C
Found 3:3:1:
Found 3:
Found 3:3:1:
Found N[6]-3:C-3:O-1:
Found C-3:
Found C-3:C-3:H-1:
Found C(N[6]C[6]2)(CCH)(O)
Found O(CN[6]C)
aNum 3
tLev 2
Angle value 121
Angle siga 1.16
Number of observations  30
Approximation level 1
Level finished 
Finally the angle value is 121
It sig value is 1.16
Number of COD angles involved 30
Target angle value : 121

%=========================================%
Angle between C39(center) and N46 and O22

Center Atom : C39
Its Hashing code  930
Its root atom symbol C
Its codNB2Symb 3:3:1:
Its codNBSymb N[6]-3:C-3:O-1:
Its atom type main sec C(N[6]C[6]2)(CCH)(O)
Its atom type full C(N[6]C[6]2)(CCH)(O)

Atom2 : N46
Its Hashing code 856
Its root atom symbol N[6]
Its codNB2Symb 4:4:3:
Its codNBSymb C[6]-4:C[6]-4:C-3:
Its atom type main section N[6](C[6]C[6]HH)2(CCO)
Its atom type full N[6](C[6]C[6]HH)2(CCO){1|C<4>,1|N<3>,3|H<1>}

Atom3: O22
Its Hashing code  863
Its root atom symbol O
Its codNB2Symb 3:
Its codNBSymb C-3:
Its atom type main section O(CN[6]C)
Its atom type full O(CN[6]C)

These 3 atoms are in a ring of size 0
The hybridization on three atoms is 0:SP2_SP2_SP2
Find ha1 930
Find ha2 856
Find ha3 863
Found 0:SP2_SP2_SP2
Found C
Found N[6]
Found O
Found 3:3:1:
Found 4:4:3:
Found 3:
Found N[6]-3:C-3:O-1:
Found C[6]-4:C[6]-4:C-3:
Found C-3:
Found C(N[6]C[6]2)(CCH)(O)
Found N[6](C[6]C[6]HH)2(CCO)
Found O(CN[6]C)
aNum 3
tLev 1
Angle value 121
Angle siga 0.47
Number of observations  24
Approximation level 0
Level finished 
Finally the angle value is 121
It sig value is 0.47
Number of COD angles involved 24
Target angle value : 121

%=========================================%
Angle between C39(center) and N46 and C23

Center Atom : C39
Its Hashing code  930
Its root atom symbol C
Its codNB2Symb 3:3:1:
Its codNBSymb N[6]-3:C-3:O-1:
Its atom type main sec C(N[6]C[6]2)(CCH)(O)
Its atom type full C(N[6]C[6]2)(CCH)(O)

Atom2 : N46
Its Hashing code 856
Its root atom symbol N[6]
Its codNB2Symb 4:4:3:
Its codNBSymb C[6]-4:C[6]-4:C-3:
Its atom type main section N[6](C[6]C[6]HH)2(CCO)
Its atom type full N[6](C[6]C[6]HH)2(CCO){1|C<4>,1|N<3>,3|H<1>}

Atom3: C23
Its Hashing code  930
Its root atom symbol C
Its codNB2Symb 3:3:1:
Its codNBSymb C-3:C-3:H-1:
Its atom type main section C(CN[6]O)(CHS)(H)
Its atom type full C(CN[6]O)(CHS)(H)

These 3 atoms are in a ring of size 0
The hybridization on three atoms is 0:SP2_SP2_SP2
Find ha1 930
Find ha2 856
Find ha3 930
Found 0:SP2_SP2_SP2
Found C
Found N[6]
Found C
Found 3:3:1:
Found 4:4:3:
Found 3:3:1:
Found N[6]-3:C-3:O-1:
Found C[6]-4:C[6]-4:C-3:
Found C-3:C-3:H-1:
Found C(N[6]C[6]2)(CCH)(O)
Found N[6](C[6]C[6]HH)2(CCO)
aNum 3
tLev 2
Angle value 118
Angle siga 1.23
Number of observations  27
Approximation level 1
Level finished 
Finally the angle value is 118
It sig value is 1.23
Number of COD angles involved 27
Target angle value : 118

%=========================================%
Angle between C40(center) and C28 and C27

Center Atom : C40
Its Hashing code  643
Its root atom symbol C[6a]
Its codNB2Symb 3:3:2:
Its codNBSymb C[6a]-3:C[6a]-3:O-2:
Its atom type main sec C[6a](C[6a]C[6a]H)2(OC[6a])
Its atom type full C[6a](C[6a]C[6a]H)2(OC[6a]){1|C<3>,2|H<1>}

Atom2 : C28
Its Hashing code 643
Its root atom symbol C[6a]
Its codNB2Symb 3:3:1:
Its codNBSymb C[6a]-3:C[6a]-3:H-1:
Its atom type main section C[6a](C[6a]C[6a]H)(C[6a]C[6a]O)(H)
Its atom type full C[6a](C[6a]C[6a]H)(C[6a]C[6a]O)(H){1|C<3>,2|H<1>}

Atom3: C27
Its Hashing code  643
Its root atom symbol C[6a]
Its codNB2Symb 3:3:1:
Its codNBSymb C[6a]-3:C[6a]-3:H-1:
Its atom type main section C[6a](C[6a]C[6a]H)(C[6a]C[6a]O)(H)
Its atom type full C[6a](C[6a]C[6a]H)(C[6a]C[6a]O)(H){1|C<3>,2|H<1>}

These 3 atoms are in a ring of size 6
The hybridization on three atoms is 6:SP2_SP2_SP2
Find ha1 643
Find ha2 643
Find ha3 643
Found 6:SP2_SP2_SP2
Found C[6a]
Found C[6a]
Found C[6a]
Found 3:3:2:
Found 3:3:1:
Found 3:3:1:
Found C[6a]-3:C[6a]-3:O-2:
Found C[6a]-3:C[6a]-3:H-1:
Found C[6a]-3:C[6a]-3:H-1:
Found C[6a](C[6a]C[6a]H)2(OC[6a])
Found C[6a](C[6a]C[6a]H)(C[6a]C[6a]O)(H)
Found C[6a](C[6a]C[6a]H)(C[6a]C[6a]O)(H)
aNum 3
tLev 1
Angle value 121
Angle siga 0.701
Number of observations  733
Approximation level 0
Level finished 
Finally the angle value is 121
It sig value is 0.701
Number of COD angles involved 733
Target angle value : 121

%=========================================%
Angle between C40(center) and C27 and O38

Center Atom : C40
Its Hashing code  643
Its root atom symbol C[6a]
Its codNB2Symb 3:3:2:
Its codNBSymb C[6a]-3:C[6a]-3:O-2:
Its atom type main sec C[6a](C[6a]C[6a]H)2(OC[6a])
Its atom type full C[6a](C[6a]C[6a]H)2(OC[6a]){1|C<3>,2|H<1>}

Atom2 : C27
Its Hashing code 643
Its root atom symbol C[6a]
Its codNB2Symb 3:3:1:
Its codNBSymb C[6a]-3:C[6a]-3:H-1:
Its atom type main section C[6a](C[6a]C[6a]H)(C[6a]C[6a]O)(H)
Its atom type full C[6a](C[6a]C[6a]H)(C[6a]C[6a]O)(H){1|C<3>,2|H<1>}

Atom3: O38
Its Hashing code  893
Its root atom symbol O
Its codNB2Symb 3:3:
Its codNBSymb C[6a]-3:C[6a]-3:
Its atom type main section O(C[6a]C[6a]2)2
Its atom type full O(C[6a]C[6a]2)2

These 3 atoms are in a ring of size 0
The hybridization on three atoms is 0:SP2_SP2_SP2
Find ha1 643
Find ha2 643
Find ha3 893
Found 0:SP2_SP2_SP2
Found C[6a]
Found C[6a]
Found O
Found 3:3:2:
Found 3:3:1:
Found 3:3:
Found C[6a]-3:C[6a]-3:O-2:
Found C[6a]-3:C[6a]-3:H-1:
Found C[6a]-3:C[6a]-3:
Found C[6a](C[6a]C[6a]H)2(OC[6a])
Found C[6a](C[6a]C[6a]H)(C[6a]C[6a]O)(H)
Found O(C[6a]C[6a]2)2
aNum 3
tLev 1
Angle value 120
Angle siga 9.47
Number of observations  1300
Approximation level 0
Level finished 
Finally the angle value is 120
It sig value is 9.47
Number of COD angles involved 1300
Target angle value : 120

%=========================================%
Angle between C40(center) and C28 and O38

Center Atom : C40
Its Hashing code  643
Its root atom symbol C[6a]
Its codNB2Symb 3:3:2:
Its codNBSymb C[6a]-3:C[6a]-3:O-2:
Its atom type main sec C[6a](C[6a]C[6a]H)2(OC[6a])
Its atom type full C[6a](C[6a]C[6a]H)2(OC[6a]){1|C<3>,2|H<1>}

Atom2 : C28
Its Hashing code 643
Its root atom symbol C[6a]
Its codNB2Symb 3:3:1:
Its codNBSymb C[6a]-3:C[6a]-3:H-1:
Its atom type main section C[6a](C[6a]C[6a]H)(C[6a]C[6a]O)(H)
Its atom type full C[6a](C[6a]C[6a]H)(C[6a]C[6a]O)(H){1|C<3>,2|H<1>}

Atom3: O38
Its Hashing code  893
Its root atom symbol O
Its codNB2Symb 3:3:
Its codNBSymb C[6a]-3:C[6a]-3:
Its atom type main section O(C[6a]C[6a]2)2
Its atom type full O(C[6a]C[6a]2)2

These 3 atoms are in a ring of size 0
The hybridization on three atoms is 0:SP2_SP2_SP2
Find ha1 643
Find ha2 643
Find ha3 893
Found 0:SP2_SP2_SP2
Found C[6a]
Found C[6a]
Found O
Found 3:3:2:
Found 3:3:1:
Found 3:3:
Found C[6a]-3:C[6a]-3:O-2:
Found C[6a]-3:C[6a]-3:H-1:
Found C[6a]-3:C[6a]-3:
Found C[6a](C[6a]C[6a]H)2(OC[6a])
Found C[6a](C[6a]C[6a]H)(C[6a]C[6a]O)(H)
Found O(C[6a]C[6a]2)2
aNum 3
tLev 1
Angle value 120
Angle siga 9.47
Number of observations  1300
Approximation level 0
Level finished 
Finally the angle value is 120
It sig value is 9.47
Number of COD angles involved 1300
Target angle value : 120

%=========================================%
Angle between C41(center) and C30 and C29

Center Atom : C41
Its Hashing code  643
Its root atom symbol C[6a]
Its codNB2Symb 3:3:2:
Its codNBSymb C[6a]-3:C[6a]-3:O-2:
Its atom type main sec C[6a](C[6a]C[6a]H)2(OC[6a])
Its atom type full C[6a](C[6a]C[6a]H)2(OC[6a]){1|C<3>,2|H<1>}

Atom2 : C30
Its Hashing code 643
Its root atom symbol C[6a]
Its codNB2Symb 3:3:1:
Its codNBSymb C[6a]-3:C[6a]-3:H-1:
Its atom type main section C[6a](C[6a]C[6a]H)(C[6a]C[6a]O)(H)
Its atom type full C[6a](C[6a]C[6a]H)(C[6a]C[6a]O)(H){1|H<1>,2|C<3>}

Atom3: C29
Its Hashing code  643
Its root atom symbol C[6a]
Its codNB2Symb 3:3:1:
Its codNBSymb C[6a]-3:C[6a]-3:H-1:
Its atom type main section C[6a](C[6a]C[6a]H)(C[6a]C[6a]O)(H)
Its atom type full C[6a](C[6a]C[6a]H)(C[6a]C[6a]O)(H){1|H<1>,2|C<3>}

These 3 atoms are in a ring of size 6
The hybridization on three atoms is 6:SP2_SP2_SP2
Find ha1 643
Find ha2 643
Find ha3 643
Found 6:SP2_SP2_SP2
Found C[6a]
Found C[6a]
Found C[6a]
Found 3:3:2:
Found 3:3:1:
Found 3:3:1:
Found C[6a]-3:C[6a]-3:O-2:
Found C[6a]-3:C[6a]-3:H-1:
Found C[6a]-3:C[6a]-3:H-1:
Found C[6a](C[6a]C[6a]H)2(OC[6a])
Found C[6a](C[6a]C[6a]H)(C[6a]C[6a]O)(H)
Found C[6a](C[6a]C[6a]H)(C[6a]C[6a]O)(H)
aNum 3
tLev 1
Angle value 121
Angle siga 0.701
Number of observations  733
Approximation level 0
Level finished 
Finally the angle value is 121
It sig value is 0.701
Number of COD angles involved 733
Target angle value : 121

%=========================================%
Angle between C41(center) and C29 and O38

Center Atom : C41
Its Hashing code  643
Its root atom symbol C[6a]
Its codNB2Symb 3:3:2:
Its codNBSymb C[6a]-3:C[6a]-3:O-2:
Its atom type main sec C[6a](C[6a]C[6a]H)2(OC[6a])
Its atom type full C[6a](C[6a]C[6a]H)2(OC[6a]){1|C<3>,2|H<1>}

Atom2 : C29
Its Hashing code 643
Its root atom symbol C[6a]
Its codNB2Symb 3:3:1:
Its codNBSymb C[6a]-3:C[6a]-3:H-1:
Its atom type main section C[6a](C[6a]C[6a]H)(C[6a]C[6a]O)(H)
Its atom type full C[6a](C[6a]C[6a]H)(C[6a]C[6a]O)(H){1|H<1>,2|C<3>}

Atom3: O38
Its Hashing code  893
Its root atom symbol O
Its codNB2Symb 3:3:
Its codNBSymb C[6a]-3:C[6a]-3:
Its atom type main section O(C[6a]C[6a]2)2
Its atom type full O(C[6a]C[6a]2)2

These 3 atoms are in a ring of size 0
The hybridization on three atoms is 0:SP2_SP2_SP2
Find ha1 643
Find ha2 643
Find ha3 893
Found 0:SP2_SP2_SP2
Found C[6a]
Found C[6a]
Found O
Found 3:3:2:
Found 3:3:1:
Found 3:3:
Found C[6a]-3:C[6a]-3:O-2:
Found C[6a]-3:C[6a]-3:H-1:
Found C[6a]-3:C[6a]-3:
Found C[6a](C[6a]C[6a]H)2(OC[6a])
Found C[6a](C[6a]C[6a]H)(C[6a]C[6a]O)(H)
Found O(C[6a]C[6a]2)2
aNum 3
tLev 1
Angle value 120
Angle siga 9.47
Number of observations  1300
Approximation level 0
Level finished 
Finally the angle value is 120
It sig value is 9.47
Number of COD angles involved 1300
Target angle value : 120

%=========================================%
Angle between C41(center) and C30 and O38

Center Atom : C41
Its Hashing code  643
Its root atom symbol C[6a]
Its codNB2Symb 3:3:2:
Its codNBSymb C[6a]-3:C[6a]-3:O-2:
Its atom type main sec C[6a](C[6a]C[6a]H)2(OC[6a])
Its atom type full C[6a](C[6a]C[6a]H)2(OC[6a]){1|C<3>,2|H<1>}

Atom2 : C30
Its Hashing code 643
Its root atom symbol C[6a]
Its codNB2Symb 3:3:1:
Its codNBSymb C[6a]-3:C[6a]-3:H-1:
Its atom type main section C[6a](C[6a]C[6a]H)(C[6a]C[6a]O)(H)
Its atom type full C[6a](C[6a]C[6a]H)(C[6a]C[6a]O)(H){1|H<1>,2|C<3>}

Atom3: O38
Its Hashing code  893
Its root atom symbol O
Its codNB2Symb 3:3:
Its codNBSymb C[6a]-3:C[6a]-3:
Its atom type main section O(C[6a]C[6a]2)2
Its atom type full O(C[6a]C[6a]2)2

These 3 atoms are in a ring of size 0
The hybridization on three atoms is 0:SP2_SP2_SP2
Find ha1 643
Find ha2 643
Find ha3 893
Found 0:SP2_SP2_SP2
Found C[6a]
Found C[6a]
Found O
Found 3:3:2:
Found 3:3:1:
Found 3:3:
Found C[6a]-3:C[6a]-3:O-2:
Found C[6a]-3:C[6a]-3:H-1:
Found C[6a]-3:C[6a]-3:
Found C[6a](C[6a]C[6a]H)2(OC[6a])
Found C[6a](C[6a]C[6a]H)(C[6a]C[6a]O)(H)
Found O(C[6a]C[6a]2)2
aNum 3
tLev 1
Angle value 120
Angle siga 9.47
Number of observations  1300
Approximation level 0
Level finished 
Finally the angle value is 120
It sig value is 9.47
Number of COD angles involved 1300
Target angle value : 120

%=========================================%
Angle between C42(center) and C32 and C31

Center Atom : C42
Its Hashing code  643
Its root atom symbol C[6a]
Its codNB2Symb 3:3:3:
Its codNBSymb C[5a]-3:C[6a]-3:C[6a]-3:
Its atom type main sec C[6a](C[5a]C[5a,6a]N[5a])(C[6a]C[6a]H)2
Its atom type full C[6a](C[5a]C[5a,6a]N[5a])(C[6a]C[6a]H)2{1|N<3>,2|H<1>,3|C<3>}

Atom2 : C32
Its Hashing code 643
Its root atom symbol C[6a]
Its codNB2Symb 3:3:1:
Its codNBSymb C[6a]-3:C[6a]-3:H-1:
Its atom type main section C[6a](C[6a]C[5a]C[6a])(C[6a]C[6a]H)(H)
Its atom type full C[6a](C[6a]C[5a]C[6a])(C[6a]C[6a]H)(H){1|H<1>,1|N<2>,1|O<2>,2|C<3>}

Atom3: C31
Its Hashing code  643
Its root atom symbol C[6a]
Its codNB2Symb 3:3:1:
Its codNBSymb C[6a]-3:C[6a]-3:H-1:
Its atom type main section C[6a](C[6a]C[5a]C[6a])(C[6a]C[6a]H)(H)
Its atom type full C[6a](C[6a]C[5a]C[6a])(C[6a]C[6a]H)(H){1|H<1>,1|N<2>,1|O<2>,2|C<3>}

These 3 atoms are in a ring of size 6
The hybridization on three atoms is 6:SP2_SP2_SP2
Find ha1 643
Find ha2 643
Find ha3 643
Found 6:SP2_SP2_SP2
Found C[6a]
Found C[6a]
Found C[6a]
Found 3:3:3:
Found 3:3:1:
Found 3:3:1:
Found C[5a]-3:C[6a]-3:C[6a]-3:
Found C[6a]-3:C[6a]-3:H-1:
Found C[6a]-3:C[6a]-3:H-1:
Found C[6a](C[5a]C[5a,6a]N[5a])(C[6a]C[6a]H)2
Found C[6a](C[6a]C[5a]C[6a])(C[6a]C[6a]H)(H)
Found C[6a](C[6a]C[5a]C[6a])(C[6a]C[6a]H)(H)
aNum 3
tLev 1
Angle value 119
Angle siga 0.498
Number of observations  53
Approximation level 0
Level finished 
Finally the angle value is 119
It sig value is 0.498
Number of COD angles involved 53
Target angle value : 119

%=========================================%
Angle between C42(center) and C31 and C43

Center Atom : C42
Its Hashing code  643
Its root atom symbol C[6a]
Its codNB2Symb 3:3:3:
Its codNBSymb C[5a]-3:C[6a]-3:C[6a]-3:
Its atom type main sec C[6a](C[5a]C[5a,6a]N[5a])(C[6a]C[6a]H)2
Its atom type full C[6a](C[5a]C[5a,6a]N[5a])(C[6a]C[6a]H)2{1|N<3>,2|H<1>,3|C<3>}

Atom2 : C31
Its Hashing code 643
Its root atom symbol C[6a]
Its codNB2Symb 3:3:1:
Its codNBSymb C[6a]-3:C[6a]-3:H-1:
Its atom type main section C[6a](C[6a]C[5a]C[6a])(C[6a]C[6a]H)(H)
Its atom type full C[6a](C[6a]C[5a]C[6a])(C[6a]C[6a]H)(H){1|H<1>,1|N<2>,1|O<2>,2|C<3>}

Atom3: C43
Its Hashing code  727
Its root atom symbol C[5a]
Its codNB2Symb 3:3:2:
Its codNBSymb C[5a,6a]-3:C[6a]-3:N[5a]-2:
Its atom type main section C[5a](C[5a,6a]C[5a,6a]C[6a])(C[6a]C[6a]2)(N[5a]N[5a])
Its atom type full C[5a](C[5a,6a]C[5a,6a]C[6a])(C[6a]C[6a]2)(N[5a]N[5a]){1|C<4>,1|N<3>,2|C<3>,2|H<1>,2|N<2>}

These 3 atoms are in a ring of size 0
The hybridization on three atoms is 0:SP2_SP2_SP2
Find ha1 643
Find ha2 643
Find ha3 727
Found 0:SP2_SP2_SP2
Found C[6a]
Found C[6a]
Found C[5a]
Found 3:3:3:
Found 3:3:1:
Found 3:3:2:
Found C[5a]-3:C[6a]-3:C[6a]-3:
Found C[6a]-3:C[6a]-3:H-1:
Found C[5a,6a]-3:C[6a]-3:N[5a]-2:
Found C[6a](C[5a]C[5a,6a]N[5a])(C[6a]C[6a]H)2
Found C[6a](C[6a]C[5a]C[6a])(C[6a]C[6a]H)(H)
Found C[5a](C[5a,6a]C[5a,6a]C[6a])(C[6a]C[6a]2)(N[5a]N[5a])
aNum 3
tLev 1
Angle value 121
Angle siga 1.36
Number of observations  34
Approximation level 0
Level finished 
Finally the angle value is 121
It sig value is 1.36
Number of COD angles involved 34
Target angle value : 121

%=========================================%
Angle between C42(center) and C32 and C43

Center Atom : C42
Its Hashing code  643
Its root atom symbol C[6a]
Its codNB2Symb 3:3:3:
Its codNBSymb C[5a]-3:C[6a]-3:C[6a]-3:
Its atom type main sec C[6a](C[5a]C[5a,6a]N[5a])(C[6a]C[6a]H)2
Its atom type full C[6a](C[5a]C[5a,6a]N[5a])(C[6a]C[6a]H)2{1|N<3>,2|H<1>,3|C<3>}

Atom2 : C32
Its Hashing code 643
Its root atom symbol C[6a]
Its codNB2Symb 3:3:1:
Its codNBSymb C[6a]-3:C[6a]-3:H-1:
Its atom type main section C[6a](C[6a]C[5a]C[6a])(C[6a]C[6a]H)(H)
Its atom type full C[6a](C[6a]C[5a]C[6a])(C[6a]C[6a]H)(H){1|H<1>,1|N<2>,1|O<2>,2|C<3>}

Atom3: C43
Its Hashing code  727
Its root atom symbol C[5a]
Its codNB2Symb 3:3:2:
Its codNBSymb C[5a,6a]-3:C[6a]-3:N[5a]-2:
Its atom type main section C[5a](C[5a,6a]C[5a,6a]C[6a])(C[6a]C[6a]2)(N[5a]N[5a])
Its atom type full C[5a](C[5a,6a]C[5a,6a]C[6a])(C[6a]C[6a]2)(N[5a]N[5a]){1|C<4>,1|N<3>,2|C<3>,2|H<1>,2|N<2>}

These 3 atoms are in a ring of size 0
The hybridization on three atoms is 0:SP2_SP2_SP2
Find ha1 643
Find ha2 643
Find ha3 727
Found 0:SP2_SP2_SP2
Found C[6a]
Found C[6a]
Found C[5a]
Found 3:3:3:
Found 3:3:1:
Found 3:3:2:
Found C[5a]-3:C[6a]-3:C[6a]-3:
Found C[6a]-3:C[6a]-3:H-1:
Found C[5a,6a]-3:C[6a]-3:N[5a]-2:
Found C[6a](C[5a]C[5a,6a]N[5a])(C[6a]C[6a]H)2
Found C[6a](C[6a]C[5a]C[6a])(C[6a]C[6a]H)(H)
Found C[5a](C[5a,6a]C[5a,6a]C[6a])(C[6a]C[6a]2)(N[5a]N[5a])
aNum 3
tLev 1
Angle value 121
Angle siga 1.36
Number of observations  34
Approximation level 0
Level finished 
Finally the angle value is 121
It sig value is 1.36
Number of COD angles involved 34
Target angle value : 121

%=========================================%
Angle between C43(center) and N37 and C18

Center Atom : C43
Its Hashing code  727
Its root atom symbol C[5a]
Its codNB2Symb 3:3:2:
Its codNBSymb C[5a,6a]-3:C[6a]-3:N[5a]-2:
Its atom type main sec C[5a](C[5a,6a]C[5a,6a]C[6a])(C[6a]C[6a]2)(N[5a]N[5a])
Its atom type full C[5a](C[5a,6a]C[5a,6a]C[6a])(C[6a]C[6a]2)(N[5a]N[5a]){1|C<4>,1|N<3>,2|C<3>,2|H<1>,2|N<2>}

Atom2 : N37
Its Hashing code 519
Its root atom symbol N[5a]
Its codNB2Symb 3:3:
Its codNBSymb C[5a]-3:N[5a]-3:
Its atom type main section N[5a](C[5a]C[5a,6a]C[6a])(N[5a]C[5a,6a]C[6])
Its atom type full N[5a](C[5a]C[5a,6a]C[6a])(N[5a]C[5a,6a]C[6]){1|H<1>,1|N<2>,2|C<4>,3|C<3>}

Atom3: C18
Its Hashing code  727
Its root atom symbol C[5a,6a]
Its codNB2Symb 3:3:3:
Its codNBSymb C[5a,6a]-3:C[5a]-3:C[6a]-3:
Its atom type main section C[5a,6a](C[5a,6a]N[5a]N[6a])(C[5a]C[6a]N[5a])(C[6a]N[6a]N)
Its atom type full C[5a,6a](C[5a,6a]N[5a]N[6a])(C[5a]C[6a]N[5a])(C[6a]N[6a]N){1|C<4>,3|C<3>}

These 3 atoms are in a ring of size 5
The hybridization on three atoms is 5:SP2_SP2_SP2
Find ha1 727
Find ha2 519
Find ha3 727
Found 5:SP2_SP2_SP2
Found C[5a]
Found N[5a]
Found C[5a,6a]
Found 3:3:2:
Found 3:3:
Found 3:3:3:
Found C[5a,6a]-3:C[6a]-3:N[5a]-2:
Found C[5a]-3:N[5a]-3:
Found C[5a,6a]-3:C[5a]-3:C[6a]-3:
Found C[5a](C[5a,6a]C[5a,6a]C[6a])(C[6a]C[6a]2)(N[5a]N[5a])
aNum 3
tLev 2
Angle value 110
Angle siga 0.284
Number of observations  27
Approximation level 1
Level finished 
Finally the angle value is 110
It sig value is 0.284
Number of COD angles involved 27
Target angle value : 110

%=========================================%
Angle between C43(center) and C42 and C18

Center Atom : C43
Its Hashing code  727
Its root atom symbol C[5a]
Its codNB2Symb 3:3:2:
Its codNBSymb C[5a,6a]-3:C[6a]-3:N[5a]-2:
Its atom type main sec C[5a](C[5a,6a]C[5a,6a]C[6a])(C[6a]C[6a]2)(N[5a]N[5a])
Its atom type full C[5a](C[5a,6a]C[5a,6a]C[6a])(C[6a]C[6a]2)(N[5a]N[5a]){1|C<4>,1|N<3>,2|C<3>,2|H<1>,2|N<2>}

Atom2 : C42
Its Hashing code 643
Its root atom symbol C[6a]
Its codNB2Symb 3:3:3:
Its codNBSymb C[5a]-3:C[6a]-3:C[6a]-3:
Its atom type main section C[6a](C[5a]C[5a,6a]N[5a])(C[6a]C[6a]H)2
Its atom type full C[6a](C[5a]C[5a,6a]N[5a])(C[6a]C[6a]H)2{1|N<3>,2|H<1>,3|C<3>}

Atom3: C18
Its Hashing code  727
Its root atom symbol C[5a,6a]
Its codNB2Symb 3:3:3:
Its codNBSymb C[5a,6a]-3:C[5a]-3:C[6a]-3:
Its atom type main section C[5a,6a](C[5a,6a]N[5a]N[6a])(C[5a]C[6a]N[5a])(C[6a]N[6a]N)
Its atom type full C[5a,6a](C[5a,6a]N[5a]N[6a])(C[5a]C[6a]N[5a])(C[6a]N[6a]N){1|C<4>,3|C<3>}

These 3 atoms are in a ring of size 0
The hybridization on three atoms is 0:SP2_SP2_SP2
Find ha1 727
Find ha2 643
Find ha3 727
Found 0:SP2_SP2_SP2
Found C[5a]
Found C[6a]
Found C[5a,6a]
Found 3:3:2:
Found 3:3:3:
Found 3:3:3:
Found C[5a,6a]-3:C[6a]-3:N[5a]-2:
Found C[5a]-3:C[6a]-3:C[6a]-3:
Found C[5a,6a]-3:C[5a]-3:C[6a]-3:
Found C[5a](C[5a,6a]C[5a,6a]C[6a])(C[6a]C[6a]2)(N[5a]N[5a])
Found C[6a](C[5a]C[5a,6a]N[5a])(C[6a]C[6a]H)2
aNum 3
tLev 2
Angle value 131
Angle siga 1.28
Number of observations  29
Approximation level 1
Level finished 
Finally the angle value is 131
It sig value is 1.28
Number of COD angles involved 29
Target angle value : 131

%=========================================%
Angle between C43(center) and N37 and C42

Center Atom : C43
Its Hashing code  727
Its root atom symbol C[5a]
Its codNB2Symb 3:3:2:
Its codNBSymb C[5a,6a]-3:C[6a]-3:N[5a]-2:
Its atom type main sec C[5a](C[5a,6a]C[5a,6a]C[6a])(C[6a]C[6a]2)(N[5a]N[5a])
Its atom type full C[5a](C[5a,6a]C[5a,6a]C[6a])(C[6a]C[6a]2)(N[5a]N[5a]){1|C<4>,1|N<3>,2|C<3>,2|H<1>,2|N<2>}

Atom2 : N37
Its Hashing code 519
Its root atom symbol N[5a]
Its codNB2Symb 3:3:
Its codNBSymb C[5a]-3:N[5a]-3:
Its atom type main section N[5a](C[5a]C[5a,6a]C[6a])(N[5a]C[5a,6a]C[6])
Its atom type full N[5a](C[5a]C[5a,6a]C[6a])(N[5a]C[5a,6a]C[6]){1|H<1>,1|N<2>,2|C<4>,3|C<3>}

Atom3: C42
Its Hashing code  643
Its root atom symbol C[6a]
Its codNB2Symb 3:3:3:
Its codNBSymb C[5a]-3:C[6a]-3:C[6a]-3:
Its atom type main section C[6a](C[5a]C[5a,6a]N[5a])(C[6a]C[6a]H)2
Its atom type full C[6a](C[5a]C[5a,6a]N[5a])(C[6a]C[6a]H)2{1|N<3>,2|H<1>,3|C<3>}

These 3 atoms are in a ring of size 0
The hybridization on three atoms is 0:SP2_SP2_SP2
Find ha1 727
Find ha2 519
Find ha3 643
Found 0:SP2_SP2_SP2
Found C[5a]
Found N[5a]
Found C[6a]
Found 3:3:2:
Found 3:3:
Found 3:3:3:
Found C[5a,6a]-3:C[6a]-3:N[5a]-2:
Found C[5a]-3:N[5a]-3:
Found C[5a]-3:C[6a]-3:C[6a]-3:
Found C[5a](C[5a,6a]C[5a,6a]C[6a])(C[6a]C[6a]2)(N[5a]N[5a])
aNum 3
tLev 2
Angle value 119
Angle siga 1.79
Number of observations  29
Approximation level 1
Level finished 
Finally the angle value is 119
It sig value is 1.79
Number of COD angles involved 29
Target angle value : 119

%=========================================%
Angle between C44(center) and C34 and C36

Center Atom : C44
Its Hashing code  466
Its root atom symbol C[6]
Its codNB2Symb 3:4:4:1:
Its codNBSymb N[5a]-3:C[6]-4:C[6]-4:H-1:
Its atom type main sec C[6](N[5a]C[5a,6a]N[5a])(C[6]C[6]HH)(C[6]N[6]HH)(H)
Its atom type full C[6](N[5a]C[5a,6a]N[5a])(C[6]C[6]HH)(C[6]N[6]HH)(H){1|C<4>,1|N<2>,2|H<1>,3|C<3>}

Atom2 : C34
Its Hashing code 466
Its root atom symbol C[6]
Its codNB2Symb 4:4:1:1:
Its codNBSymb C[6]-4:C[6]-4:H-1:H-1:
Its atom type main section C[6](C[6]N[5a]C[6]H)(C[6]C[6]HH)(H)2
Its atom type full C[6](C[6]N[5a]C[6]H)(C[6]C[6]HH)(H)2{1|C<3>,1|N<2>,1|N<3>,4|H<1>}

Atom3: C36
Its Hashing code  466
Its root atom symbol C[6]
Its codNB2Symb 4:3:1:1:
Its codNBSymb C[6]-4:N[6]-3:H-1:H-1:
Its atom type main section C[6](C[6]N[5a]C[6]H)(N[6]C[6]C)(H)2
Its atom type full C[6](C[6]N[5a]C[6]H)(N[6]C[6]C)(H)2{1|C<3>,1|C<4>,1|N<2>,4|H<1>}

These 3 atoms are in a ring of size 6
The hybridization on three atoms is 6:SP3_SP3_SP3
Find ha1 466
Find ha2 466
Find ha3 466
Found 6:SP3_SP3_SP3
Found C[6]
Found C[6]
Found C[6]
Found 3:4:4:1:
Found 4:4:1:1:
Found 4:3:1:1:
Found N[5a]-3:C[6]-4:C[6]-4:H-1:
Found C[6]-4:C[6]-4:H-1:H-1:
aNum 3
tLev 3
Angle value 110
Angle siga 0.711
Number of observations  15
Approximation level 2
Level finished 
Finally the angle value is 110
It sig value is 0.711
Number of COD angles involved 15
Target angle value : 110

%=========================================%
Angle between C44(center) and C34 and N45

Center Atom : C44
Its Hashing code  466
Its root atom symbol C[6]
Its codNB2Symb 3:4:4:1:
Its codNBSymb N[5a]-3:C[6]-4:C[6]-4:H-1:
Its atom type main sec C[6](N[5a]C[5a,6a]N[5a])(C[6]C[6]HH)(C[6]N[6]HH)(H)
Its atom type full C[6](N[5a]C[5a,6a]N[5a])(C[6]C[6]HH)(C[6]N[6]HH)(H){1|C<4>,1|N<2>,2|H<1>,3|C<3>}

Atom2 : C34
Its Hashing code 466
Its root atom symbol C[6]
Its codNB2Symb 4:4:1:1:
Its codNBSymb C[6]-4:C[6]-4:H-1:H-1:
Its atom type main section C[6](C[6]N[5a]C[6]H)(C[6]C[6]HH)(H)2
Its atom type full C[6](C[6]N[5a]C[6]H)(C[6]C[6]HH)(H)2{1|C<3>,1|N<2>,1|N<3>,4|H<1>}

Atom3: N45
Its Hashing code  813
Its root atom symbol N[5a]
Its codNB2Symb 3:4:2:
Its codNBSymb C[5a,6a]-3:C[6]-4:N[5a]-2:
Its atom type main section N[5a](C[5a,6a]C[5a,6a]N[6a])(C[6]C[6]2H)(N[5a]C[5a])
Its atom type full N[5a](C[5a,6a]C[5a,6a]N[6a])(C[6]C[6]2H)(N[5a]C[5a]){1|C<4>,1|N<3>,3|C<3>,4|H<1>}

These 3 atoms are in a ring of size 0
The hybridization on three atoms is 0:SP3_SP2_SP3
Find ha1 466
Find ha2 466
Find ha3 813
Found 0:SP3_SP2_SP3
Found C[6]
Found C[6]
Found N[5a]
Found 3:4:4:1:
Found 4:4:1:1:
Found 3:4:2:
Found N[5a]-3:C[6]-4:C[6]-4:H-1:
Found C[6]-4:C[6]-4:H-1:H-1:
aNum 3
tLev 3
Angle value 111
Angle siga 0.77
Number of observations  24
Approximation level 2
Level finished 
Finally the angle value is 111
It sig value is 0.77
Number of COD angles involved 24
Target angle value : 111

%=========================================%
Angle between C44(center) and C34 and H69

Center Atom : C44
Its Hashing code  466
Its root atom symbol C[6]
Its codNB2Symb 3:4:4:1:
Its codNBSymb N[5a]-3:C[6]-4:C[6]-4:H-1:
Its atom type main sec C[6](N[5a]C[5a,6a]N[5a])(C[6]C[6]HH)(C[6]N[6]HH)(H)
Its atom type full C[6](N[5a]C[5a,6a]N[5a])(C[6]C[6]HH)(C[6]N[6]HH)(H){1|C<4>,1|N<2>,2|H<1>,3|C<3>}

Atom2 : C34
Its Hashing code 466
Its root atom symbol C[6]
Its codNB2Symb 4:4:1:1:
Its codNBSymb C[6]-4:C[6]-4:H-1:H-1:
Its atom type main section C[6](C[6]N[5a]C[6]H)(C[6]C[6]HH)(H)2
Its atom type full C[6](C[6]N[5a]C[6]H)(C[6]C[6]HH)(H)2{1|C<3>,1|N<2>,1|N<3>,4|H<1>}

Atom3: H69
Its Hashing code  951
Its root atom symbol H
Its codNB2Symb 4:
Its codNBSymb C[6]-4:
Its atom type main section H(C[6]N[5a]C[6]2)
Its atom type full H(C[6]N[5a]C[6]2)

These 3 atoms are in a ring of size 0
The hybridization on three atoms is 0:SP3_SP-NON_SP3
Find ha1 466
Find ha2 466
Find ha3 951
Found 0:SP3_SP-NON_SP3
Found C[6]
Found C[6]
Found H
Found 3:4:4:1:
Found 4:4:1:1:
Found 4:
Found N[5a]-3:C[6]-4:C[6]-4:H-1:
Found C[6]-4:C[6]-4:H-1:H-1:
Found C[6]-4:
aNum 3
tLev 2
Angle value 108
Angle siga 1.65
Number of observations  51
Approximation level 1
Level finished 
Finally the angle value is 108
It sig value is 1.65
Number of COD angles involved 51
Target angle value : 108

%=========================================%
Angle between C44(center) and C36 and N45

Center Atom : C44
Its Hashing code  466
Its root atom symbol C[6]
Its codNB2Symb 3:4:4:1:
Its codNBSymb N[5a]-3:C[6]-4:C[6]-4:H-1:
Its atom type main sec C[6](N[5a]C[5a,6a]N[5a])(C[6]C[6]HH)(C[6]N[6]HH)(H)
Its atom type full C[6](N[5a]C[5a,6a]N[5a])(C[6]C[6]HH)(C[6]N[6]HH)(H){1|C<4>,1|N<2>,2|H<1>,3|C<3>}

Atom2 : C36
Its Hashing code 466
Its root atom symbol C[6]
Its codNB2Symb 4:3:1:1:
Its codNBSymb C[6]-4:N[6]-3:H-1:H-1:
Its atom type main section C[6](C[6]N[5a]C[6]H)(N[6]C[6]C)(H)2
Its atom type full C[6](C[6]N[5a]C[6]H)(N[6]C[6]C)(H)2{1|C<3>,1|C<4>,1|N<2>,4|H<1>}

Atom3: N45
Its Hashing code  813
Its root atom symbol N[5a]
Its codNB2Symb 3:4:2:
Its codNBSymb C[5a,6a]-3:C[6]-4:N[5a]-2:
Its atom type main section N[5a](C[5a,6a]C[5a,6a]N[6a])(C[6]C[6]2H)(N[5a]C[5a])
Its atom type full N[5a](C[5a,6a]C[5a,6a]N[6a])(C[6]C[6]2H)(N[5a]C[5a]){1|C<4>,1|N<3>,3|C<3>,4|H<1>}

These 3 atoms are in a ring of size 0
The hybridization on three atoms is 0:SP3_SP2_SP3
Find ha1 466
Find ha2 466
Find ha3 813
Found 0:SP3_SP2_SP3
Found C[6]
Found C[6]
Found N[5a]
Found 3:4:4:1:
Found 4:3:1:1:
aNum 3
tLev 4
Angle value 112
Angle siga 2.01
Number of observations  136
Approximation level 3
Level finished 
Finally the angle value is 112
It sig value is 2.01
Number of COD angles involved 136
Target angle value : 112

%=========================================%
Angle between C44(center) and C36 and H69

Center Atom : C44
Its Hashing code  466
Its root atom symbol C[6]
Its codNB2Symb 3:4:4:1:
Its codNBSymb N[5a]-3:C[6]-4:C[6]-4:H-1:
Its atom type main sec C[6](N[5a]C[5a,6a]N[5a])(C[6]C[6]HH)(C[6]N[6]HH)(H)
Its atom type full C[6](N[5a]C[5a,6a]N[5a])(C[6]C[6]HH)(C[6]N[6]HH)(H){1|C<4>,1|N<2>,2|H<1>,3|C<3>}

Atom2 : C36
Its Hashing code 466
Its root atom symbol C[6]
Its codNB2Symb 4:3:1:1:
Its codNBSymb C[6]-4:N[6]-3:H-1:H-1:
Its atom type main section C[6](C[6]N[5a]C[6]H)(N[6]C[6]C)(H)2
Its atom type full C[6](C[6]N[5a]C[6]H)(N[6]C[6]C)(H)2{1|C<3>,1|C<4>,1|N<2>,4|H<1>}

Atom3: H69
Its Hashing code  951
Its root atom symbol H
Its codNB2Symb 4:
Its codNBSymb C[6]-4:
Its atom type main section H(C[6]N[5a]C[6]2)
Its atom type full H(C[6]N[5a]C[6]2)

These 3 atoms are in a ring of size 0
The hybridization on three atoms is 0:SP3_SP-NON_SP3
Find ha1 466
Find ha2 466
Find ha3 951
Found 0:SP3_SP-NON_SP3
Found C[6]
Found C[6]
Found H
Found 3:4:4:1:
Found 4:3:1:1:
Found 4:
Found N[5a]-3:C[6]-4:C[6]-4:H-1:
Found C[6]-4:N[6]-3:H-1:H-1:
Found C[6]-4:
aNum 3
tLev 2
Angle value 107
Angle siga 0
Number of observations  1
Approximation level 1
tLev 3
Angle value 107
Angle siga 2.62
Number of observations  173
Approximation level 2
Level finished 
Finally the angle value is 107
It sig value is 2.62
Number of COD angles involved 173
Target angle value : 107

%=========================================%
Angle between C44(center) and N45 and H69

Center Atom : C44
Its Hashing code  466
Its root atom symbol C[6]
Its codNB2Symb 3:4:4:1:
Its codNBSymb N[5a]-3:C[6]-4:C[6]-4:H-1:
Its atom type main sec C[6](N[5a]C[5a,6a]N[5a])(C[6]C[6]HH)(C[6]N[6]HH)(H)
Its atom type full C[6](N[5a]C[5a,6a]N[5a])(C[6]C[6]HH)(C[6]N[6]HH)(H){1|C<4>,1|N<2>,2|H<1>,3|C<3>}

Atom2 : N45
Its Hashing code 813
Its root atom symbol N[5a]
Its codNB2Symb 3:4:2:
Its codNBSymb C[5a,6a]-3:C[6]-4:N[5a]-2:
Its atom type main section N[5a](C[5a,6a]C[5a,6a]N[6a])(C[6]C[6]2H)(N[5a]C[5a])
Its atom type full N[5a](C[5a,6a]C[5a,6a]N[6a])(C[6]C[6]2H)(N[5a]C[5a]){1|C<4>,1|N<3>,3|C<3>,4|H<1>}

Atom3: H69
Its Hashing code  951
Its root atom symbol H
Its codNB2Symb 4:
Its codNBSymb C[6]-4:
Its atom type main section H(C[6]N[5a]C[6]2)
Its atom type full H(C[6]N[5a]C[6]2)

These 3 atoms are in a ring of size 0
The hybridization on three atoms is 0:SP3_SP-NON_SP2
Find ha1 466
Find ha2 813
Find ha3 951
Found 0:SP3_SP-NON_SP2
Found C[6]
Found N[5a]
Found H
Found 3:4:4:1:
Found 3:4:2:
Found 4:
Found N[5a]-3:C[6]-4:C[6]-4:H-1:
aNum 3
tLev 3
Angle value 107
Angle siga 1.56
Number of observations  16
Approximation level 2
Level finished 
Finally the angle value is 107
It sig value is 1.56
Number of COD angles involved 16
Target angle value : 107

%=========================================%
Angle between N45(center) and N37 and C17

Center Atom : N45
Its Hashing code  813
Its root atom symbol N[5a]
Its codNB2Symb 3:4:2:
Its codNBSymb C[5a,6a]-3:C[6]-4:N[5a]-2:
Its atom type main sec N[5a](C[5a,6a]C[5a,6a]N[6a])(C[6]C[6]2H)(N[5a]C[5a])
Its atom type full N[5a](C[5a,6a]C[5a,6a]N[6a])(C[6]C[6]2H)(N[5a]C[5a]){1|C<4>,1|N<3>,3|C<3>,4|H<1>}

Atom2 : N37
Its Hashing code 519
Its root atom symbol N[5a]
Its codNB2Symb 3:3:
Its codNBSymb C[5a]-3:N[5a]-3:
Its atom type main section N[5a](C[5a]C[5a,6a]C[6a])(N[5a]C[5a,6a]C[6])
Its atom type full N[5a](C[5a]C[5a,6a]C[6a])(N[5a]C[5a,6a]C[6]){1|H<1>,1|N<2>,2|C<4>,3|C<3>}

Atom3: C17
Its Hashing code  727
Its root atom symbol C[5a,6a]
Its codNB2Symb 3:3:2:
Its codNBSymb C[5a,6a]-3:N[5a]-3:N[6a]-2:
Its atom type main section C[5a,6a](C[5a,6a]C[5a]C[6a])(N[5a]N[5a]C[6])(N[6a]C[6a])
Its atom type full C[5a,6a](C[5a,6a]C[5a]C[6a])(N[5a]N[5a]C[6])(N[6a]C[6a]){1|C<3>,1|N<2>,1|N<3>,2|C<4>,2|H<1>}

These 3 atoms are in a ring of size 5
The hybridization on three atoms is 5:SP2_SP2_SP2
Find ha1 813
Find ha2 519
Find ha3 727
Found 5:SP2_SP2_SP2
Found N[5a]
Found N[5a]
Found C[5a,6a]
Found 3:4:2:
Found 3:3:
Found 3:3:2:
aNum 3
tLev 3
Angle value 111
Angle siga 0.072
Number of observations  13
Approximation level 2
Level finished 
Finally the angle value is 111
It sig value is 0.072
Number of COD angles involved 13
Target angle value : 111

%=========================================%
Angle between N45(center) and C44 and C17

Center Atom : N45
Its Hashing code  813
Its root atom symbol N[5a]
Its codNB2Symb 3:4:2:
Its codNBSymb C[5a,6a]-3:C[6]-4:N[5a]-2:
Its atom type main sec N[5a](C[5a,6a]C[5a,6a]N[6a])(C[6]C[6]2H)(N[5a]C[5a])
Its atom type full N[5a](C[5a,6a]C[5a,6a]N[6a])(C[6]C[6]2H)(N[5a]C[5a]){1|C<4>,1|N<3>,3|C<3>,4|H<1>}

Atom2 : C44
Its Hashing code 466
Its root atom symbol C[6]
Its codNB2Symb 3:4:4:1:
Its codNBSymb N[5a]-3:C[6]-4:C[6]-4:H-1:
Its atom type main section C[6](N[5a]C[5a,6a]N[5a])(C[6]C[6]HH)(C[6]N[6]HH)(H)
Its atom type full C[6](N[5a]C[5a,6a]N[5a])(C[6]C[6]HH)(C[6]N[6]HH)(H){1|C<4>,1|N<2>,2|H<1>,3|C<3>}

Atom3: C17
Its Hashing code  727
Its root atom symbol C[5a,6a]
Its codNB2Symb 3:3:2:
Its codNBSymb C[5a,6a]-3:N[5a]-3:N[6a]-2:
Its atom type main section C[5a,6a](C[5a,6a]C[5a]C[6a])(N[5a]N[5a]C[6])(N[6a]C[6a])
Its atom type full C[5a,6a](C[5a,6a]C[5a]C[6a])(N[5a]N[5a]C[6])(N[6a]C[6a]){1|C<3>,1|N<2>,1|N<3>,2|C<4>,2|H<1>}

These 3 atoms are in a ring of size 0
The hybridization on three atoms is 0:SP2_SP2_SP3
Find ha1 813
Find ha2 466
Find ha3 727
Found 0:SP2_SP2_SP3
Found N[5a]
Found C[6]
Found C[5a,6a]
Found 3:4:2:
aNum 3
tLev 4
Angle value 126
Angle siga 5.77
Number of observations  48
Approximation level 3
Level finished 
Finally the angle value is 126
It sig value is 5.77
Number of COD angles involved 48
Target angle value : 126

%=========================================%
Angle between N45(center) and C44 and N37

Center Atom : N45
Its Hashing code  813
Its root atom symbol N[5a]
Its codNB2Symb 3:4:2:
Its codNBSymb C[5a,6a]-3:C[6]-4:N[5a]-2:
Its atom type main sec N[5a](C[5a,6a]C[5a,6a]N[6a])(C[6]C[6]2H)(N[5a]C[5a])
Its atom type full N[5a](C[5a,6a]C[5a,6a]N[6a])(C[6]C[6]2H)(N[5a]C[5a]){1|C<4>,1|N<3>,3|C<3>,4|H<1>}

Atom2 : C44
Its Hashing code 466
Its root atom symbol C[6]
Its codNB2Symb 3:4:4:1:
Its codNBSymb N[5a]-3:C[6]-4:C[6]-4:H-1:
Its atom type main section C[6](N[5a]C[5a,6a]N[5a])(C[6]C[6]HH)(C[6]N[6]HH)(H)
Its atom type full C[6](N[5a]C[5a,6a]N[5a])(C[6]C[6]HH)(C[6]N[6]HH)(H){1|C<4>,1|N<2>,2|H<1>,3|C<3>}

Atom3: N37
Its Hashing code  519
Its root atom symbol N[5a]
Its codNB2Symb 3:3:
Its codNBSymb C[5a]-3:N[5a]-3:
Its atom type main section N[5a](C[5a]C[5a,6a]C[6a])(N[5a]C[5a,6a]C[6])
Its atom type full N[5a](C[5a]C[5a,6a]C[6a])(N[5a]C[5a,6a]C[6]){1|H<1>,1|N<2>,2|C<4>,3|C<3>}

These 3 atoms are in a ring of size 0
The hybridization on three atoms is 0:SP2_SP2_SP3
Find ha1 813
Find ha2 466
Find ha3 519
Found 0:SP2_SP2_SP3
Found N[5a]
Found C[6]
Found N[5a]
Found 3:4:2:
Found 3:4:4:1:
Found 3:3:
aNum 3
tLev 3
Angle value 119
Angle siga 0.126
Number of observations  5
Approximation level 2
Level finished 
Finally the angle value is 119
It sig value is 0.126
Number of COD angles involved 5
Target angle value : 119

%=========================================%
Angle between N46(center) and C36 and C35

Center Atom : N46
Its Hashing code  856
Its root atom symbol N[6]
Its codNB2Symb 4:4:3:
Its codNBSymb C[6]-4:C[6]-4:C-3:
Its atom type main sec N[6](C[6]C[6]HH)2(CCO)
Its atom type full N[6](C[6]C[6]HH)2(CCO){1|C<4>,1|N<3>,3|H<1>}

Atom2 : C36
Its Hashing code 466
Its root atom symbol C[6]
Its codNB2Symb 4:3:1:1:
Its codNBSymb C[6]-4:N[6]-3:H-1:H-1:
Its atom type main section C[6](C[6]N[5a]C[6]H)(N[6]C[6]C)(H)2
Its atom type full C[6](C[6]N[5a]C[6]H)(N[6]C[6]C)(H)2{1|C<3>,1|C<4>,1|N<2>,4|H<1>}

Atom3: C35
Its Hashing code  466
Its root atom symbol C[6]
Its codNB2Symb 4:3:1:1:
Its codNBSymb C[6]-4:N[6]-3:H-1:H-1:
Its atom type main section C[6](C[6]C[6]HH)(N[6]C[6]C)(H)2
Its atom type full C[6](C[6]C[6]HH)(N[6]C[6]C)(H)2{1|C<4>,4|H<1>}

These 3 atoms are in a ring of size 6
The hybridization on three atoms is 6:SP2_SP3_SP3
Find ha1 856
Find ha2 466
Find ha3 466
Found 6:SP2_SP3_SP3
Found N[6]
Found C[6]
Found C[6]
Found 4:4:3:
Found 4:3:1:1:
Found 4:3:1:1:
Found C[6]-4:C[6]-4:C-3:
Found C[6]-4:N[6]-3:H-1:H-1:
Found C[6]-4:N[6]-3:H-1:H-1:
Found N[6](C[6]C[6]HH)2(CCO)
aNum 3
tLev 2
Angle value 113
Angle siga 1.6
Number of observations  673
Approximation level 1
Level finished 
Finally the angle value is 113
It sig value is 1.6
Number of COD angles involved 673
Target angle value : 113

%=========================================%
Angle between N46(center) and C35 and C39

Center Atom : N46
Its Hashing code  856
Its root atom symbol N[6]
Its codNB2Symb 4:4:3:
Its codNBSymb C[6]-4:C[6]-4:C-3:
Its atom type main sec N[6](C[6]C[6]HH)2(CCO)
Its atom type full N[6](C[6]C[6]HH)2(CCO){1|C<4>,1|N<3>,3|H<1>}

Atom2 : C35
Its Hashing code 466
Its root atom symbol C[6]
Its codNB2Symb 4:3:1:1:
Its codNBSymb C[6]-4:N[6]-3:H-1:H-1:
Its atom type main section C[6](C[6]C[6]HH)(N[6]C[6]C)(H)2
Its atom type full C[6](C[6]C[6]HH)(N[6]C[6]C)(H)2{1|C<4>,4|H<1>}

Atom3: C39
Its Hashing code  930
Its root atom symbol C
Its codNB2Symb 3:3:1:
Its codNBSymb N[6]-3:C-3:O-1:
Its atom type main section C(N[6]C[6]2)(CCH)(O)
Its atom type full C(N[6]C[6]2)(CCH)(O)

These 3 atoms are in a ring of size 0
The hybridization on three atoms is 0:SP2_SP2_SP3
Find ha1 856
Find ha2 466
Find ha3 930
Found 0:SP2_SP2_SP3
Found N[6]
Found C[6]
Found C
Found 4:4:3:
Found 4:3:1:1:
Found 3:3:1:
Found C[6]-4:C[6]-4:C-3:
Found C[6]-4:N[6]-3:H-1:H-1:
Found N[6]-3:C-3:O-1:
Found N[6](C[6]C[6]HH)2(CCO)
Found C[6](C[6]C[6]HH)(N[6]C[6]C)(H)2
Found C(N[6]C[6]2)(CCH)(O)
aNum 3
tLev 1
Angle value 123
Angle siga 9.53
Number of observations  18
Approximation level 0
Level finished 
Finally the angle value is 123
It sig value is 9.53
Number of COD angles involved 18
Target angle value : 123

%=========================================%
Angle between N46(center) and C36 and C39

Center Atom : N46
Its Hashing code  856
Its root atom symbol N[6]
Its codNB2Symb 4:4:3:
Its codNBSymb C[6]-4:C[6]-4:C-3:
Its atom type main sec N[6](C[6]C[6]HH)2(CCO)
Its atom type full N[6](C[6]C[6]HH)2(CCO){1|C<4>,1|N<3>,3|H<1>}

Atom2 : C36
Its Hashing code 466
Its root atom symbol C[6]
Its codNB2Symb 4:3:1:1:
Its codNBSymb C[6]-4:N[6]-3:H-1:H-1:
Its atom type main section C[6](C[6]N[5a]C[6]H)(N[6]C[6]C)(H)2
Its atom type full C[6](C[6]N[5a]C[6]H)(N[6]C[6]C)(H)2{1|C<3>,1|C<4>,1|N<2>,4|H<1>}

Atom3: C39
Its Hashing code  930
Its root atom symbol C
Its codNB2Symb 3:3:1:
Its codNBSymb N[6]-3:C-3:O-1:
Its atom type main section C(N[6]C[6]2)(CCH)(O)
Its atom type full C(N[6]C[6]2)(CCH)(O)

These 3 atoms are in a ring of size 0
The hybridization on three atoms is 0:SP2_SP2_SP3
Find ha1 856
Find ha2 466
Find ha3 930
Found 0:SP2_SP2_SP3
Found N[6]
Found C[6]
Found C
Found 4:4:3:
Found 4:3:1:1:
Found 3:3:1:
Found C[6]-4:C[6]-4:C-3:
Found C[6]-4:N[6]-3:H-1:H-1:
Found N[6]-3:C-3:O-1:
Found N[6](C[6]C[6]HH)2(CCO)
aNum 3
tLev 2
Angle value 123
Angle siga 9.54
Number of observations  66
Approximation level 1
Level finished 
Finally the angle value is 123
It sig value is 9.54
Number of COD angles involved 66
Target angle value : 123
Angle between N14(center) and C15 and C19 value: 118
Angle between C15(center) and N14 and N16 value: 129
Angle between N16(center) and C15 and C17 value: 113
Angle between C17(center) and N16 and C18 value: 125
Angle between C18(center) and C17 and C19 value: 116
Angle between C19(center) and N14 and C18 value: 119
Sum for the values of all internal angles 720
Angle between C17(center) and N45 and C18 value: 107
Angle between C18(center) and C17 and C43 value: 107
Angle between N37(center) and N45 and C43 value: 106
Angle between C43(center) and C18 and N37 value: 110
Angle between N45(center) and C17 and N37 value: 109
Sum for the values of all internal angles 540
Angle between C24(center) and C25 and C26 value: 120
Angle between C25(center) and C24 and C27 value: 121
Angle between C26(center) and C24 and C28 value: 121
Angle between C27(center) and C25 and C40 value: 119
Angle between C28(center) and C26 and C40 value: 119
Angle between C40(center) and C27 and C28 value: 121
Sum for the values of all internal angles 720
Angle between C29(center) and C31 and C41 value: 119
Angle between C30(center) and C41 and C32 value: 119
Angle between C31(center) and C29 and C42 value: 121
Angle between C32(center) and C30 and C42 value: 121
Angle between C41(center) and C29 and C30 value: 121
Angle between C42(center) and C31 and C32 value: 119
Sum for the values of all internal angles 720
Search target angles finished at Sun Jun 14 09:57:21 2026
it takes 0 to search for all target angles 
Finish searching angles 
Check Tors pass 
Torsion angle 0
Its atoms are : 
atom seriN 9
atom N16
atom seriN 8
atom C15
atom seriN 7
atom N14
atom seriN 12
atom C19
Torsion angle 1
Its atoms are : 
atom seriN 46
atom H47
atom seriN 8
atom C15
atom seriN 7
atom N14
atom seriN 12
atom C19
Torsion angle 2
Its atoms are : 
atom seriN 7
atom N14
atom seriN 8
atom C15
atom seriN 9
atom N16
atom seriN 10
atom C17
Torsion angle 3
Its atoms are : 
atom seriN 46
atom H47
atom seriN 8
atom C15
atom seriN 9
atom N16
atom seriN 10
atom C17
Torsion angle 4
Its atoms are : 
atom seriN 11
atom C18
atom seriN 10
atom C17
atom seriN 9
atom N16
atom seriN 8
atom C15
Torsion angle 5
Its atoms are : 
atom seriN 38
atom N45
atom seriN 10
atom C17
atom seriN 9
atom N16
atom seriN 8
atom C15
Torsion angle 6
Its atoms are : 
atom seriN 9
atom N16
atom seriN 10
atom C17
atom seriN 11
atom C18
atom seriN 12
atom C19
Torsion angle 7
Its atoms are : 
atom seriN 9
atom N16
atom seriN 10
atom C17
atom seriN 11
atom C18
atom seriN 36
atom C43
Torsion angle 8
Its atoms are : 
atom seriN 38
atom N45
atom seriN 10
atom C17
atom seriN 11
atom C18
atom seriN 12
atom C19
Torsion angle 9
Its atoms are : 
atom seriN 38
atom N45
atom seriN 10
atom C17
atom seriN 11
atom C18
atom seriN 36
atom C43
Torsion angle 10
Its atoms are : 
atom seriN 10
atom C17
atom seriN 11
atom C18
atom seriN 12
atom C19
atom seriN 7
atom N14
Torsion angle 11
Its atoms are : 
atom seriN 10
atom C17
atom seriN 11
atom C18
atom seriN 12
atom C19
atom seriN 14
atom N21
Torsion angle 12
Its atoms are : 
atom seriN 36
atom C43
atom seriN 11
atom C18
atom seriN 12
atom C19
atom seriN 7
atom N14
Torsion angle 13
Its atoms are : 
atom seriN 36
atom C43
atom seriN 11
atom C18
atom seriN 12
atom C19
atom seriN 14
atom N21
Torsion angle 14
Its atoms are : 
atom seriN 11
atom C18
atom seriN 10
atom C17
atom seriN 38
atom N45
atom seriN 30
atom N37
Torsion angle 15
Its atoms are : 
atom seriN 11
atom C18
atom seriN 10
atom C17
atom seriN 38
atom N45
atom seriN 37
atom C44
Torsion angle 16
Its atoms are : 
atom seriN 9
atom N16
atom seriN 10
atom C17
atom seriN 38
atom N45
atom seriN 30
atom N37
Torsion angle 17
Its atoms are : 
atom seriN 9
atom N16
atom seriN 10
atom C17
atom seriN 38
atom N45
atom seriN 37
atom C44
Torsion angle 18
Its atoms are : 
atom seriN 36
atom C43
atom seriN 30
atom N37
atom seriN 38
atom N45
atom seriN 10
atom C17
Torsion angle 19
Its atoms are : 
atom seriN 36
atom C43
atom seriN 30
atom N37
atom seriN 38
atom N45
atom seriN 37
atom C44
Torsion angle 20
Its atoms are : 
atom seriN 11
atom C18
atom seriN 36
atom C43
atom seriN 30
atom N37
atom seriN 38
atom N45
Torsion angle 21
Its atoms are : 
atom seriN 35
atom C42
atom seriN 36
atom C43
atom seriN 30
atom N37
atom seriN 38
atom N45
Torsion angle 22
Its atoms are : 
atom seriN 10
atom C17
atom seriN 11
atom C18
atom seriN 36
atom C43
atom seriN 30
atom N37
Torsion angle 23
Its atoms are : 
atom seriN 10
atom C17
atom seriN 11
atom C18
atom seriN 36
atom C43
atom seriN 35
atom C42
Torsion angle 24
Its atoms are : 
atom seriN 12
atom C19
atom seriN 11
atom C18
atom seriN 36
atom C43
atom seriN 30
atom N37
Torsion angle 25
Its atoms are : 
atom seriN 12
atom C19
atom seriN 11
atom C18
atom seriN 36
atom C43
atom seriN 35
atom C42
Torsion angle 26
Its atoms are : 
atom seriN 19
atom C26
atom seriN 17
atom C24
atom seriN 18
atom C25
atom seriN 20
atom C27
Torsion angle 27
Its atoms are : 
atom seriN 19
atom C26
atom seriN 17
atom C24
atom seriN 18
atom C25
atom seriN 52
atom H53
Torsion angle 28
Its atoms are : 
atom seriN 51
atom H52
atom seriN 17
atom C24
atom seriN 18
atom C25
atom seriN 20
atom C27
Torsion angle 29
Its atoms are : 
atom seriN 51
atom H52
atom seriN 17
atom C24
atom seriN 18
atom C25
atom seriN 52
atom H53
Torsion angle 30
Its atoms are : 
atom seriN 17
atom C24
atom seriN 18
atom C25
atom seriN 20
atom C27
atom seriN 33
atom C40
Torsion angle 31
Its atoms are : 
atom seriN 17
atom C24
atom seriN 18
atom C25
atom seriN 20
atom C27
atom seriN 54
atom H55
Torsion angle 32
Its atoms are : 
atom seriN 52
atom H53
atom seriN 18
atom C25
atom seriN 20
atom C27
atom seriN 33
atom C40
Torsion angle 33
Its atoms are : 
atom seriN 52
atom H53
atom seriN 18
atom C25
atom seriN 20
atom C27
atom seriN 54
atom H55
Torsion angle 34
Its atoms are : 
atom seriN 18
atom C25
atom seriN 20
atom C27
atom seriN 33
atom C40
atom seriN 21
atom C28
Torsion angle 35
Its atoms are : 
atom seriN 18
atom C25
atom seriN 20
atom C27
atom seriN 33
atom C40
atom seriN 31
atom O38
Torsion angle 36
Its atoms are : 
atom seriN 54
atom H55
atom seriN 20
atom C27
atom seriN 33
atom C40
atom seriN 21
atom C28
Torsion angle 37
Its atoms are : 
atom seriN 54
atom H55
atom seriN 20
atom C27
atom seriN 33
atom C40
atom seriN 31
atom O38
Torsion angle 38
Its atoms are : 
atom seriN 19
atom C26
atom seriN 21
atom C28
atom seriN 33
atom C40
atom seriN 20
atom C27
Torsion angle 39
Its atoms are : 
atom seriN 19
atom C26
atom seriN 21
atom C28
atom seriN 33
atom C40
atom seriN 31
atom O38
Torsion angle 40
Its atoms are : 
atom seriN 55
atom H56
atom seriN 21
atom C28
atom seriN 33
atom C40
atom seriN 20
atom C27
Torsion angle 41
Its atoms are : 
atom seriN 55
atom H56
atom seriN 21
atom C28
atom seriN 33
atom C40
atom seriN 31
atom O38
Torsion angle 42
Its atoms are : 
atom seriN 17
atom C24
atom seriN 19
atom C26
atom seriN 21
atom C28
atom seriN 33
atom C40
Torsion angle 43
Its atoms are : 
atom seriN 17
atom C24
atom seriN 19
atom C26
atom seriN 21
atom C28
atom seriN 55
atom H56
Torsion angle 44
Its atoms are : 
atom seriN 53
atom H54
atom seriN 19
atom C26
atom seriN 21
atom C28
atom seriN 33
atom C40
Torsion angle 45
Its atoms are : 
atom seriN 53
atom H54
atom seriN 19
atom C26
atom seriN 21
atom C28
atom seriN 55
atom H56
Torsion angle 46
Its atoms are : 
atom seriN 34
atom C41
atom seriN 22
atom C29
atom seriN 24
atom C31
atom seriN 35
atom C42
Torsion angle 47
Its atoms are : 
atom seriN 34
atom C41
atom seriN 22
atom C29
atom seriN 24
atom C31
atom seriN 58
atom H59
Torsion angle 48
Its atoms are : 
atom seriN 56
atom H57
atom seriN 22
atom C29
atom seriN 24
atom C31
atom seriN 35
atom C42
Torsion angle 49
Its atoms are : 
atom seriN 56
atom H57
atom seriN 22
atom C29
atom seriN 24
atom C31
atom seriN 58
atom H59
Torsion angle 50
Its atoms are : 
atom seriN 22
atom C29
atom seriN 24
atom C31
atom seriN 35
atom C42
atom seriN 25
atom C32
Torsion angle 51
Its atoms are : 
atom seriN 22
atom C29
atom seriN 24
atom C31
atom seriN 35
atom C42
atom seriN 36
atom C43
Torsion angle 52
Its atoms are : 
atom seriN 58
atom H59
atom seriN 24
atom C31
atom seriN 35
atom C42
atom seriN 25
atom C32
Torsion angle 53
Its atoms are : 
atom seriN 58
atom H59
atom seriN 24
atom C31
atom seriN 35
atom C42
atom seriN 36
atom C43
Torsion angle 54
Its atoms are : 
atom seriN 23
atom C30
atom seriN 25
atom C32
atom seriN 35
atom C42
atom seriN 24
atom C31
Torsion angle 55
Its atoms are : 
atom seriN 23
atom C30
atom seriN 25
atom C32
atom seriN 35
atom C42
atom seriN 36
atom C43
Torsion angle 56
Its atoms are : 
atom seriN 59
atom H60
atom seriN 25
atom C32
atom seriN 35
atom C42
atom seriN 24
atom C31
Torsion angle 57
Its atoms are : 
atom seriN 59
atom H60
atom seriN 25
atom C32
atom seriN 35
atom C42
atom seriN 36
atom C43
Torsion angle 58
Its atoms are : 
atom seriN 34
atom C41
atom seriN 23
atom C30
atom seriN 25
atom C32
atom seriN 35
atom C42
Torsion angle 59
Its atoms are : 
atom seriN 34
atom C41
atom seriN 23
atom C30
atom seriN 25
atom C32
atom seriN 59
atom H60
Torsion angle 60
Its atoms are : 
atom seriN 57
atom H58
atom seriN 23
atom C30
atom seriN 25
atom C32
atom seriN 35
atom C42
Torsion angle 61
Its atoms are : 
atom seriN 57
atom H58
atom seriN 23
atom C30
atom seriN 25
atom C32
atom seriN 59
atom H60
Torsion angle 62
Its atoms are : 
atom seriN 25
atom C32
atom seriN 23
atom C30
atom seriN 34
atom C41
atom seriN 22
atom C29
Torsion angle 63
Its atoms are : 
atom seriN 25
atom C32
atom seriN 23
atom C30
atom seriN 34
atom C41
atom seriN 31
atom O38
Torsion angle 64
Its atoms are : 
atom seriN 57
atom H58
atom seriN 23
atom C30
atom seriN 34
atom C41
atom seriN 22
atom C29
Torsion angle 65
Its atoms are : 
atom seriN 57
atom H58
atom seriN 23
atom C30
atom seriN 34
atom C41
atom seriN 31
atom O38
Torsion angle 66
Its atoms are : 
atom seriN 27
atom C34
atom seriN 26
atom C33
atom seriN 28
atom C35
atom seriN 39
atom N46
Torsion angle 67
Its atoms are : 
atom seriN 27
atom C34
atom seriN 26
atom C33
atom seriN 28
atom C35
atom seriN 64
atom H65
Torsion angle 68
Its atoms are : 
atom seriN 27
atom C34
atom seriN 26
atom C33
atom seriN 28
atom C35
atom seriN 65
atom H66
Torsion angle 69
Its atoms are : 
atom seriN 60
atom H61
atom seriN 26
atom C33
atom seriN 28
atom C35
atom seriN 39
atom N46
Torsion angle 70
Its atoms are : 
atom seriN 60
atom H61
atom seriN 26
atom C33
atom seriN 28
atom C35
atom seriN 64
atom H65
Torsion angle 71
Its atoms are : 
atom seriN 60
atom H61
atom seriN 26
atom C33
atom seriN 28
atom C35
atom seriN 65
atom H66
Torsion angle 72
Its atoms are : 
atom seriN 61
atom H62
atom seriN 26
atom C33
atom seriN 28
atom C35
atom seriN 39
atom N46
Torsion angle 73
Its atoms are : 
atom seriN 61
atom H62
atom seriN 26
atom C33
atom seriN 28
atom C35
atom seriN 64
atom H65
Torsion angle 74
Its atoms are : 
atom seriN 61
atom H62
atom seriN 26
atom C33
atom seriN 28
atom C35
atom seriN 65
atom H66
Torsion angle 75
Its atoms are : 
atom seriN 29
atom C36
atom seriN 39
atom N46
atom seriN 28
atom C35
atom seriN 26
atom C33
Torsion angle 76
Its atoms are : 
atom seriN 29
atom C36
atom seriN 39
atom N46
atom seriN 28
atom C35
atom seriN 64
atom H65
Torsion angle 77
Its atoms are : 
atom seriN 29
atom C36
atom seriN 39
atom N46
atom seriN 28
atom C35
atom seriN 65
atom H66
Torsion angle 78
Its atoms are : 
atom seriN 32
atom C39
atom seriN 39
atom N46
atom seriN 28
atom C35
atom seriN 26
atom C33
Torsion angle 79
Its atoms are : 
atom seriN 32
atom C39
atom seriN 39
atom N46
atom seriN 28
atom C35
atom seriN 64
atom H65
Torsion angle 80
Its atoms are : 
atom seriN 32
atom C39
atom seriN 39
atom N46
atom seriN 28
atom C35
atom seriN 65
atom H66
Torsion angle 81
Its atoms are : 
atom seriN 28
atom C35
atom seriN 39
atom N46
atom seriN 29
atom C36
atom seriN 37
atom C44
Torsion angle 82
Its atoms are : 
atom seriN 28
atom C35
atom seriN 39
atom N46
atom seriN 29
atom C36
atom seriN 66
atom H67
Torsion angle 83
Its atoms are : 
atom seriN 28
atom C35
atom seriN 39
atom N46
atom seriN 29
atom C36
atom seriN 67
atom H68
Torsion angle 84
Its atoms are : 
atom seriN 32
atom C39
atom seriN 39
atom N46
atom seriN 29
atom C36
atom seriN 37
atom C44
Torsion angle 85
Its atoms are : 
atom seriN 32
atom C39
atom seriN 39
atom N46
atom seriN 29
atom C36
atom seriN 66
atom H67
Torsion angle 86
Its atoms are : 
atom seriN 32
atom C39
atom seriN 39
atom N46
atom seriN 29
atom C36
atom seriN 67
atom H68
Torsion angle 87
Its atoms are : 
atom seriN 39
atom N46
atom seriN 29
atom C36
atom seriN 37
atom C44
atom seriN 27
atom C34
Torsion angle 88
Its atoms are : 
atom seriN 39
atom N46
atom seriN 29
atom C36
atom seriN 37
atom C44
atom seriN 38
atom N45
Torsion angle 89
Its atoms are : 
atom seriN 39
atom N46
atom seriN 29
atom C36
atom seriN 37
atom C44
atom seriN 68
atom H69
Torsion angle 90
Its atoms are : 
atom seriN 66
atom H67
atom seriN 29
atom C36
atom seriN 37
atom C44
atom seriN 27
atom C34
Torsion angle 91
Its atoms are : 
atom seriN 66
atom H67
atom seriN 29
atom C36
atom seriN 37
atom C44
atom seriN 38
atom N45
Torsion angle 92
Its atoms are : 
atom seriN 66
atom H67
atom seriN 29
atom C36
atom seriN 37
atom C44
atom seriN 68
atom H69
Torsion angle 93
Its atoms are : 
atom seriN 67
atom H68
atom seriN 29
atom C36
atom seriN 37
atom C44
atom seriN 27
atom C34
Torsion angle 94
Its atoms are : 
atom seriN 67
atom H68
atom seriN 29
atom C36
atom seriN 37
atom C44
atom seriN 38
atom N45
Torsion angle 95
Its atoms are : 
atom seriN 67
atom H68
atom seriN 29
atom C36
atom seriN 37
atom C44
atom seriN 68
atom H69
Torsion angle 96
Its atoms are : 
atom seriN 26
atom C33
atom seriN 27
atom C34
atom seriN 37
atom C44
atom seriN 29
atom C36
Torsion angle 97
Its atoms are : 
atom seriN 26
atom C33
atom seriN 27
atom C34
atom seriN 37
atom C44
atom seriN 38
atom N45
Torsion angle 98
Its atoms are : 
atom seriN 26
atom C33
atom seriN 27
atom C34
atom seriN 37
atom C44
atom seriN 68
atom H69
Torsion angle 99
Its atoms are : 
atom seriN 62
atom H63
atom seriN 27
atom C34
atom seriN 37
atom C44
atom seriN 29
atom C36
Torsion angle 100
Its atoms are : 
atom seriN 62
atom H63
atom seriN 27
atom C34
atom seriN 37
atom C44
atom seriN 38
atom N45
Torsion angle 101
Its atoms are : 
atom seriN 62
atom H63
atom seriN 27
atom C34
atom seriN 37
atom C44
atom seriN 68
atom H69
Torsion angle 102
Its atoms are : 
atom seriN 63
atom H64
atom seriN 27
atom C34
atom seriN 37
atom C44
atom seriN 29
atom C36
Torsion angle 103
Its atoms are : 
atom seriN 63
atom H64
atom seriN 27
atom C34
atom seriN 37
atom C44
atom seriN 38
atom N45
Torsion angle 104
Its atoms are : 
atom seriN 63
atom H64
atom seriN 27
atom C34
atom seriN 37
atom C44
atom seriN 68
atom H69
Torsion angle 105
Its atoms are : 
atom seriN 2
atom C3
atom seriN 1
atom C2
atom seriN 0
atom N1
atom seriN 40
atom H8
Torsion angle 106
Its atoms are : 
atom seriN 2
atom C3
atom seriN 1
atom C2
atom seriN 0
atom N1
atom seriN 41
atom H9
Torsion angle 107
Its atoms are : 
atom seriN 2
atom C3
atom seriN 1
atom C2
atom seriN 0
atom N1
atom seriN 42
atom H10
Torsion angle 108
Its atoms are : 
atom seriN 4
atom C5
atom seriN 1
atom C2
atom seriN 0
atom N1
atom seriN 40
atom H8
Torsion angle 109
Its atoms are : 
atom seriN 4
atom C5
atom seriN 1
atom C2
atom seriN 0
atom N1
atom seriN 41
atom H9
Torsion angle 110
Its atoms are : 
atom seriN 4
atom C5
atom seriN 1
atom C2
atom seriN 0
atom N1
atom seriN 42
atom H10
Torsion angle 111
Its atoms are : 
atom seriN 43
atom H11
atom seriN 1
atom C2
atom seriN 0
atom N1
atom seriN 40
atom H8
Torsion angle 112
Its atoms are : 
atom seriN 43
atom H11
atom seriN 1
atom C2
atom seriN 0
atom N1
atom seriN 41
atom H9
Torsion angle 113
Its atoms are : 
atom seriN 43
atom H11
atom seriN 1
atom C2
atom seriN 0
atom N1
atom seriN 42
atom H10
Torsion angle 114
Its atoms are : 
atom seriN 3
atom O4
atom seriN 2
atom C3
atom seriN 1
atom C2
atom seriN 0
atom N1
Torsion angle 115
Its atoms are : 
atom seriN 3
atom O4
atom seriN 2
atom C3
atom seriN 1
atom C2
atom seriN 4
atom C5
Torsion angle 116
Its atoms are : 
atom seriN 3
atom O4
atom seriN 2
atom C3
atom seriN 1
atom C2
atom seriN 43
atom H11
Torsion angle 117
Its atoms are : 
atom seriN 6
atom O7
atom seriN 2
atom C3
atom seriN 1
atom C2
atom seriN 0
atom N1
Torsion angle 118
Its atoms are : 
atom seriN 6
atom O7
atom seriN 2
atom C3
atom seriN 1
atom C2
atom seriN 4
atom C5
Torsion angle 119
Its atoms are : 
atom seriN 6
atom O7
atom seriN 2
atom C3
atom seriN 1
atom C2
atom seriN 43
atom H11
Torsion angle 120
Its atoms are : 
atom seriN 0
atom N1
atom seriN 1
atom C2
atom seriN 4
atom C5
atom seriN 5
atom S6
Torsion angle 121
Its atoms are : 
atom seriN 0
atom N1
atom seriN 1
atom C2
atom seriN 4
atom C5
atom seriN 44
atom H12
Torsion angle 122
Its atoms are : 
atom seriN 0
atom N1
atom seriN 1
atom C2
atom seriN 4
atom C5
atom seriN 45
atom H13
Torsion angle 123
Its atoms are : 
atom seriN 2
atom C3
atom seriN 1
atom C2
atom seriN 4
atom C5
atom seriN 5
atom S6
Torsion angle 124
Its atoms are : 
atom seriN 2
atom C3
atom seriN 1
atom C2
atom seriN 4
atom C5
atom seriN 44
atom H12
Torsion angle 125
Its atoms are : 
atom seriN 2
atom C3
atom seriN 1
atom C2
atom seriN 4
atom C5
atom seriN 45
atom H13
Torsion angle 126
Its atoms are : 
atom seriN 43
atom H11
atom seriN 1
atom C2
atom seriN 4
atom C5
atom seriN 5
atom S6
Torsion angle 127
Its atoms are : 
atom seriN 43
atom H11
atom seriN 1
atom C2
atom seriN 4
atom C5
atom seriN 44
atom H12
Torsion angle 128
Its atoms are : 
atom seriN 43
atom H11
atom seriN 1
atom C2
atom seriN 4
atom C5
atom seriN 45
atom H13
Torsion angle 129
Its atoms are : 
atom seriN 1
atom C2
atom seriN 4
atom C5
atom seriN 5
atom S6
atom seriN 13
atom C20
Torsion angle 130
Its atoms are : 
atom seriN 44
atom H12
atom seriN 4
atom C5
atom seriN 5
atom S6
atom seriN 13
atom C20
Torsion angle 131
Its atoms are : 
atom seriN 45
atom H13
atom seriN 4
atom C5
atom seriN 5
atom S6
atom seriN 13
atom C20
Torsion angle 132
Its atoms are : 
atom seriN 11
atom C18
atom seriN 12
atom C19
atom seriN 7
atom N14
atom seriN 8
atom C15
Torsion angle 133
Its atoms are : 
atom seriN 14
atom N21
atom seriN 12
atom C19
atom seriN 7
atom N14
atom seriN 8
atom C15
Torsion angle 134
Its atoms are : 
atom seriN 11
atom C18
atom seriN 12
atom C19
atom seriN 14
atom N21
atom seriN 48
atom H49
Torsion angle 135
Its atoms are : 
atom seriN 11
atom C18
atom seriN 12
atom C19
atom seriN 14
atom N21
atom seriN 49
atom H50
Torsion angle 136
Its atoms are : 
atom seriN 7
atom N14
atom seriN 12
atom C19
atom seriN 14
atom N21
atom seriN 48
atom H49
Torsion angle 137
Its atoms are : 
atom seriN 7
atom N14
atom seriN 12
atom C19
atom seriN 14
atom N21
atom seriN 49
atom H50
Torsion angle 138
Its atoms are : 
atom seriN 5
atom S6
atom seriN 13
atom C20
atom seriN 16
atom C23
atom seriN 32
atom C39
Torsion angle 139
Its atoms are : 
atom seriN 5
atom S6
atom seriN 13
atom C20
atom seriN 16
atom C23
atom seriN 50
atom H51
Torsion angle 140
Its atoms are : 
atom seriN 47
atom H48
atom seriN 13
atom C20
atom seriN 16
atom C23
atom seriN 32
atom C39
Torsion angle 141
Its atoms are : 
atom seriN 47
atom H48
atom seriN 13
atom C20
atom seriN 16
atom C23
atom seriN 50
atom H51
Torsion angle 142
Its atoms are : 
atom seriN 13
atom C20
atom seriN 16
atom C23
atom seriN 32
atom C39
atom seriN 39
atom N46
Torsion angle 143
Its atoms are : 
atom seriN 13
atom C20
atom seriN 16
atom C23
atom seriN 32
atom C39
atom seriN 15
atom O22
Torsion angle 144
Its atoms are : 
atom seriN 50
atom H51
atom seriN 16
atom C23
atom seriN 32
atom C39
atom seriN 39
atom N46
Torsion angle 145
Its atoms are : 
atom seriN 50
atom H51
atom seriN 16
atom C23
atom seriN 32
atom C39
atom seriN 15
atom O22
Torsion angle 146
Its atoms are : 
atom seriN 18
atom C25
atom seriN 17
atom C24
atom seriN 19
atom C26
atom seriN 21
atom C28
Torsion angle 147
Its atoms are : 
atom seriN 18
atom C25
atom seriN 17
atom C24
atom seriN 19
atom C26
atom seriN 53
atom H54
Torsion angle 148
Its atoms are : 
atom seriN 51
atom H52
atom seriN 17
atom C24
atom seriN 19
atom C26
atom seriN 21
atom C28
Torsion angle 149
Its atoms are : 
atom seriN 51
atom H52
atom seriN 17
atom C24
atom seriN 19
atom C26
atom seriN 53
atom H54
Torsion angle 150
Its atoms are : 
atom seriN 24
atom C31
atom seriN 22
atom C29
atom seriN 34
atom C41
atom seriN 23
atom C30
Torsion angle 151
Its atoms are : 
atom seriN 24
atom C31
atom seriN 22
atom C29
atom seriN 34
atom C41
atom seriN 31
atom O38
Torsion angle 152
Its atoms are : 
atom seriN 56
atom H57
atom seriN 22
atom C29
atom seriN 34
atom C41
atom seriN 23
atom C30
Torsion angle 153
Its atoms are : 
atom seriN 56
atom H57
atom seriN 22
atom C29
atom seriN 34
atom C41
atom seriN 31
atom O38
Torsion angle 154
Its atoms are : 
atom seriN 28
atom C35
atom seriN 26
atom C33
atom seriN 27
atom C34
atom seriN 37
atom C44
Torsion angle 155
Its atoms are : 
atom seriN 28
atom C35
atom seriN 26
atom C33
atom seriN 27
atom C34
atom seriN 62
atom H63
Torsion angle 156
Its atoms are : 
atom seriN 28
atom C35
atom seriN 26
atom C33
atom seriN 27
atom C34
atom seriN 63
atom H64
Torsion angle 157
Its atoms are : 
atom seriN 60
atom H61
atom seriN 26
atom C33
atom seriN 27
atom C34
atom seriN 37
atom C44
Torsion angle 158
Its atoms are : 
atom seriN 60
atom H61
atom seriN 26
atom C33
atom seriN 27
atom C34
atom seriN 62
atom H63
Torsion angle 159
Its atoms are : 
atom seriN 60
atom H61
atom seriN 26
atom C33
atom seriN 27
atom C34
atom seriN 63
atom H64
Torsion angle 160
Its atoms are : 
atom seriN 61
atom H62
atom seriN 26
atom C33
atom seriN 27
atom C34
atom seriN 37
atom C44
Torsion angle 161
Its atoms are : 
atom seriN 61
atom H62
atom seriN 26
atom C33
atom seriN 27
atom C34
atom seriN 62
atom H63
Torsion angle 162
Its atoms are : 
atom seriN 61
atom H62
atom seriN 26
atom C33
atom seriN 27
atom C34
atom seriN 63
atom H64
Torsion angle 163
Its atoms are : 
atom seriN 22
atom C29
atom seriN 34
atom C41
atom seriN 31
atom O38
atom seriN 33
atom C40
Torsion angle 164
Its atoms are : 
atom seriN 23
atom C30
atom seriN 34
atom C41
atom seriN 31
atom O38
atom seriN 33
atom C40
Torsion angle 165
Its atoms are : 
atom seriN 20
atom C27
atom seriN 33
atom C40
atom seriN 31
atom O38
atom seriN 34
atom C41
Torsion angle 166
Its atoms are : 
atom seriN 21
atom C28
atom seriN 33
atom C40
atom seriN 31
atom O38
atom seriN 34
atom C41
Torsion angle 167
Its atoms are : 
atom seriN 16
atom C23
atom seriN 32
atom C39
atom seriN 39
atom N46
atom seriN 28
atom C35
Torsion angle 168
Its atoms are : 
atom seriN 16
atom C23
atom seriN 32
atom C39
atom seriN 39
atom N46
atom seriN 29
atom C36
Torsion angle 169
Its atoms are : 
atom seriN 15
atom O22
atom seriN 32
atom C39
atom seriN 39
atom N46
atom seriN 28
atom C35
Torsion angle 170
Its atoms are : 
atom seriN 15
atom O22
atom seriN 32
atom C39
atom seriN 39
atom N46
atom seriN 29
atom C36
Torsion angle 171
Its atoms are : 
atom seriN 24
atom C31
atom seriN 35
atom C42
atom seriN 36
atom C43
atom seriN 11
atom C18
Torsion angle 172
Its atoms are : 
atom seriN 24
atom C31
atom seriN 35
atom C42
atom seriN 36
atom C43
atom seriN 30
atom N37
Torsion angle 173
Its atoms are : 
atom seriN 25
atom C32
atom seriN 35
atom C42
atom seriN 36
atom C43
atom seriN 11
atom C18
Torsion angle 174
Its atoms are : 
atom seriN 25
atom C32
atom seriN 35
atom C42
atom seriN 36
atom C43
atom seriN 30
atom N37
Torsion angle 175
Its atoms are : 
atom seriN 10
atom C17
atom seriN 38
atom N45
atom seriN 37
atom C44
atom seriN 27
atom C34
Torsion angle 176
Its atoms are : 
atom seriN 10
atom C17
atom seriN 38
atom N45
atom seriN 37
atom C44
atom seriN 29
atom C36
Torsion angle 177
Its atoms are : 
atom seriN 10
atom C17
atom seriN 38
atom N45
atom seriN 37
atom C44
atom seriN 68
atom H69
Torsion angle 178
Its atoms are : 
atom seriN 30
atom N37
atom seriN 38
atom N45
atom seriN 37
atom C44
atom seriN 27
atom C34
Torsion angle 179
Its atoms are : 
atom seriN 30
atom N37
atom seriN 38
atom N45
atom seriN 37
atom C44
atom seriN 29
atom C36
Torsion angle 180
Its atoms are : 
atom seriN 30
atom N37
atom seriN 38
atom N45
atom seriN 37
atom C44
atom seriN 68
atom H69
Torsion angle 181
Its atoms are : 
atom seriN 16
atom C23
atom seriN 13
atom C20
atom seriN 5
atom S6
atom seriN 4
atom C5
Torsion angle 182
Its atoms are : 
atom seriN 47
atom H48
atom seriN 13
atom C20
atom seriN 5
atom S6
atom seriN 4
atom C5
Get bond of atom N14 and C15
Get bond of atom N14 and C15
Get bond of atom C15 and N16
Get bond of atom C15 and N16
Get bond of atom N16 and C17
Get bond of atom N16 and C17
Get bond of atom C17 and C18
Get bond of atom C17 and C18
Get bond of atom C17 and C18
Get bond of atom C17 and C18
Get bond of atom C18 and C19
Get bond of atom C18 and C19
Get bond of atom C18 and C19
Get bond of atom C18 and C19
Get bond of atom C17 and N45
Get bond of atom C17 and N45
Get bond of atom C17 and N45
Get bond of atom C17 and N45
Get bond of atom N37 and N45
Get bond of atom N37 and N45
Get bond of atom N37 and C43
Get bond of atom N37 and C43
Get bond of atom C18 and C43
Get bond of atom C18 and C43
Get bond of atom C18 and C43
Get bond of atom C18 and C43
Get bond of atom C24 and C25
Get bond of atom C24 and C25
Get bond of atom C24 and C25
Get bond of atom C24 and C25
Get bond of atom C25 and C27
Get bond of atom C25 and C27
Get bond of atom C25 and C27
Get bond of atom C25 and C27
Get bond of atom C27 and C40
Get bond of atom C27 and C40
Get bond of atom C27 and C40
Get bond of atom C27 and C40
Get bond of atom C28 and C40
Get bond of atom C28 and C40
Get bond of atom C28 and C40
Get bond of atom C28 and C40
Get bond of atom C26 and C28
Get bond of atom C26 and C28
Get bond of atom C26 and C28
Get bond of atom C26 and C28
Get bond of atom C29 and C31
Get bond of atom C29 and C31
Get bond of atom C29 and C31
Get bond of atom C29 and C31
Get bond of atom C31 and C42
Get bond of atom C31 and C42
Get bond of atom C31 and C42
Get bond of atom C31 and C42
Get bond of atom C32 and C42
Get bond of atom C32 and C42
Get bond of atom C32 and C42
Get bond of atom C32 and C42
Get bond of atom C30 and C32
Get bond of atom C30 and C32
Get bond of atom C30 and C32
Get bond of atom C30 and C32
Get bond of atom C30 and C41
Get bond of atom C30 and C41
Get bond of atom C30 and C41
Get bond of atom C30 and C41
Get bond of atom C33 and C35
Get bond of atom C33 and C35
Get bond of atom C33 and C35
Get bond of atom C33 and C35
Get bond of atom C33 and C35
Get bond of atom C33 and C35
Get bond of atom C33 and C35
Get bond of atom C33 and C35
Get bond of atom C33 and C35
Get bond of atom C35 and N46
Get bond of atom C35 and N46
Get bond of atom C35 and N46
Get bond of atom C35 and N46
Get bond of atom C35 and N46
Get bond of atom C35 and N46
Get bond of atom C36 and N46
Get bond of atom C36 and N46
Get bond of atom C36 and N46
Get bond of atom C36 and N46
Get bond of atom C36 and N46
Get bond of atom C36 and N46
Get bond of atom C36 and C44
Get bond of atom C36 and C44
Get bond of atom C36 and C44
Get bond of atom C36 and C44
Get bond of atom C36 and C44
Get bond of atom C36 and C44
Get bond of atom C36 and C44
Get bond of atom C36 and C44
Get bond of atom C36 and C44
Get bond of atom C34 and C44
Get bond of atom C34 and C44
Get bond of atom C34 and C44
Get bond of atom C34 and C44
Get bond of atom C34 and C44
Get bond of atom C34 and C44
Get bond of atom C34 and C44
Get bond of atom C34 and C44
Get bond of atom C34 and C44
Get bond of atom N1 and C2
Get bond of atom N1 and C2
Get bond of atom N1 and C2
Get bond of atom N1 and C2
Get bond of atom N1 and C2
Get bond of atom N1 and C2
Get bond of atom N1 and C2
Get bond of atom N1 and C2
Get bond of atom N1 and C2
Get bond of atom C2 and C3
Get bond of atom C2 and C3
Get bond of atom C2 and C3
Get bond of atom C2 and C3
Bond of atoms C3 and C2
atom 1 seril 2
atom 2 seril 1
torsion lab 1_2
torsion 117 is included 
Get bond of atom C2 and C3
Get bond of atom C2 and C3
Get bond of atom C2 and C5
Get bond of atom C2 and C5
Get bond of atom C2 and C5
Get bond of atom C2 and C5
Get bond of atom C2 and C5
Get bond of atom C2 and C5
Get bond of atom C2 and C5
Get bond of atom C2 and C5
Get bond of atom C2 and C5
Get bond of atom C5 and S6
Get bond of atom C5 and S6
Get bond of atom C5 and S6
Get bond of atom N14 and C19
Get bond of atom N14 and C19
Get bond of atom C19 and N21
Get bond of atom C19 and N21
Get bond of atom C19 and N21
Get bond of atom C19 and N21
Get bond of atom C20 and C23
Get bond of atom C20 and C23
Get bond of atom C20 and C23
Get bond of atom C20 and C23
Get bond of atom C23 and C39
Get bond of atom C23 and C39
Get bond of atom C23 and C39
Get bond of atom C23 and C39
Get bond of atom C24 and C26
Get bond of atom C24 and C26
Get bond of atom C24 and C26
Get bond of atom C24 and C26
Get bond of atom C29 and C41
Get bond of atom C29 and C41
Get bond of atom C29 and C41
Get bond of atom C29 and C41
Get bond of atom C33 and C34
Get bond of atom C33 and C34
Get bond of atom C33 and C34
Get bond of atom C33 and C34
Get bond of atom C33 and C34
Get bond of atom C33 and C34
Get bond of atom C33 and C34
Get bond of atom C33 and C34
Get bond of atom C33 and C34
Get bond of atom O38 and C41
Get bond of atom O38 and C41
Get bond of atom O38 and C40
Get bond of atom O38 and C40
Get bond of atom C39 and N46
Get bond of atom C39 and N46
Get bond of atom C39 and N46
Get bond of atom C39 and N46
Get bond of atom C42 and C43
Get bond of atom C42 and C43
Get bond of atom C42 and C43
Get bond of atom C42 and C43
Get bond of atom C44 and N45
Get bond of atom C44 and N45
Get bond of atom C44 and N45
Get bond of atom C44 and N45
Get bond of atom C44 and N45
Get bond of atom C44 and N45
Get bond of atom S6 and C20
Get bond of atom S6 and C20
selectOneTorFromOneBond 0_1
tors idx 105
xxxxTorsion seriNumb 105
atom1 2
 atom2 1
atom 3 0
atom 4 40
added 5 
3. Number of torsions is 1
size of miniTorsions 1
Tor 1
 iTor->atoms[0] 2
 iTor->atoms[1] 1 iTor->atoms[2] 0
 iTor->atoms[3] 40
tmpTors 
atom 1 C3 atom 2 C2 atom 3 N1 atom 4 H8
4. Number of torsions is 1
5. Number of torsions is 183
selectOneTorFromOneBond 10_11
tors idx 6
xxxxTorsion seriNumb 6
atom1 9
 atom2 10
atom 3 11
atom 4 12
added 6 
3. Number of torsions is 2
size of miniTorsions 2
Tor 1
 iTor->atoms[0] 2
 iTor->atoms[1] 1 iTor->atoms[2] 0
 iTor->atoms[3] 40
tmpTors 
atom 1 C3 atom 2 C2 atom 3 N1 atom 4 H8
Tor 2
 iTor->atoms[0] 9
 iTor->atoms[1] 10 iTor->atoms[2] 11
 iTor->atoms[3] 12
tmpTors 
atom 1 N16 atom 2 C17 atom 3 C18 atom 4 C19
4. Number of torsions is 2
5. Number of torsions is 183
selectOneTorFromOneBond 10_38
tors idx 16
xxxxTorsion seriNumb 16
atom1 9
 atom2 10
atom 3 38
atom 4 30
added 6 
3. Number of torsions is 3
size of miniTorsions 3
Tor 1
 iTor->atoms[0] 2
 iTor->atoms[1] 1 iTor->atoms[2] 0
 iTor->atoms[3] 40
tmpTors 
atom 1 C3 atom 2 C2 atom 3 N1 atom 4 H8
Tor 2
 iTor->atoms[0] 9
 iTor->atoms[1] 10 iTor->atoms[2] 11
 iTor->atoms[3] 12
tmpTors 
atom 1 N16 atom 2 C17 atom 3 C18 atom 4 C19
Tor 3
 iTor->atoms[0] 9
 iTor->atoms[1] 10 iTor->atoms[2] 38
 iTor->atoms[3] 30
tmpTors 
atom 1 N16 atom 2 C17 atom 3 N45 atom 4 N37
4. Number of torsions is 3
5. Number of torsions is 183
selectOneTorFromOneBond 11_12
tors idx 11
xxxxTorsion seriNumb 11
atom1 10
 atom2 11
atom 3 12
atom 4 14
added 4 
3. Number of torsions is 4
size of miniTorsions 4
Tor 1
 iTor->atoms[0] 2
 iTor->atoms[1] 1 iTor->atoms[2] 0
 iTor->atoms[3] 40
tmpTors 
atom 1 C3 atom 2 C2 atom 3 N1 atom 4 H8
Tor 2
 iTor->atoms[0] 9
 iTor->atoms[1] 10 iTor->atoms[2] 11
 iTor->atoms[3] 12
tmpTors 
atom 1 N16 atom 2 C17 atom 3 C18 atom 4 C19
Tor 3
 iTor->atoms[0] 9
 iTor->atoms[1] 10 iTor->atoms[2] 38
 iTor->atoms[3] 30
tmpTors 
atom 1 N16 atom 2 C17 atom 3 N45 atom 4 N37
Tor 4
 iTor->atoms[0] 10
 iTor->atoms[1] 11 iTor->atoms[2] 12
 iTor->atoms[3] 14
tmpTors 
atom 1 C17 atom 2 C18 atom 3 C19 atom 4 N21
4. Number of torsions is 4
5. Number of torsions is 183
selectOneTorFromOneBond 11_36
tors idx 22
xxxxTorsion seriNumb 22
atom1 10
 atom2 11
atom 3 36
atom 4 30
added 6 
3. Number of torsions is 5
size of miniTorsions 5
Tor 1
 iTor->atoms[0] 2
 iTor->atoms[1] 1 iTor->atoms[2] 0
 iTor->atoms[3] 40
tmpTors 
atom 1 C3 atom 2 C2 atom 3 N1 atom 4 H8
Tor 2
 iTor->atoms[0] 9
 iTor->atoms[1] 10 iTor->atoms[2] 11
 iTor->atoms[3] 12
tmpTors 
atom 1 N16 atom 2 C17 atom 3 C18 atom 4 C19
Tor 3
 iTor->atoms[0] 9
 iTor->atoms[1] 10 iTor->atoms[2] 38
 iTor->atoms[3] 30
tmpTors 
atom 1 N16 atom 2 C17 atom 3 N45 atom 4 N37
Tor 4
 iTor->atoms[0] 10
 iTor->atoms[1] 11 iTor->atoms[2] 12
 iTor->atoms[3] 14
tmpTors 
atom 1 C17 atom 2 C18 atom 3 C19 atom 4 N21
Tor 5
 iTor->atoms[0] 10
 iTor->atoms[1] 11 iTor->atoms[2] 36
 iTor->atoms[3] 30
tmpTors 
atom 1 C17 atom 2 C18 atom 3 C43 atom 4 N37
4. Number of torsions is 5
5. Number of torsions is 183
selectOneTorFromOneBond 12_14
tors idx 136
xxxxTorsion seriNumb 136
atom1 7
 atom2 12
atom 3 14
atom 4 48
added 7 
3. Number of torsions is 6
size of miniTorsions 6
Tor 1
 iTor->atoms[0] 2
 iTor->atoms[1] 1 iTor->atoms[2] 0
 iTor->atoms[3] 40
tmpTors 
atom 1 C3 atom 2 C2 atom 3 N1 atom 4 H8
Tor 2
 iTor->atoms[0] 9
 iTor->atoms[1] 10 iTor->atoms[2] 11
 iTor->atoms[3] 12
tmpTors 
atom 1 N16 atom 2 C17 atom 3 C18 atom 4 C19
Tor 3
 iTor->atoms[0] 9
 iTor->atoms[1] 10 iTor->atoms[2] 38
 iTor->atoms[3] 30
tmpTors 
atom 1 N16 atom 2 C17 atom 3 N45 atom 4 N37
Tor 4
 iTor->atoms[0] 10
 iTor->atoms[1] 11 iTor->atoms[2] 12
 iTor->atoms[3] 14
tmpTors 
atom 1 C17 atom 2 C18 atom 3 C19 atom 4 N21
Tor 5
 iTor->atoms[0] 10
 iTor->atoms[1] 11 iTor->atoms[2] 36
 iTor->atoms[3] 30
tmpTors 
atom 1 C17 atom 2 C18 atom 3 C43 atom 4 N37
Tor 6
 iTor->atoms[0] 7
 iTor->atoms[1] 12 iTor->atoms[2] 14
 iTor->atoms[3] 48
tmpTors 
atom 1 N14 atom 2 C19 atom 3 N21 atom 4 H49
4. Number of torsions is 6
5. Number of torsions is 183
selectOneTorFromOneBond 13_16
input atom1 5
input atom1 13
input atom1 16
input atom1 32
xxxxTorsion seriNumb 138
atom1 5
 atom2 13
atom 3 16
atom 4 32
xxxminiTorsions add S6, C20, C23, and C39
added 1 
3. Number of torsions is 7
size of miniTorsions 7
Tor 1
 iTor->atoms[0] 2
 iTor->atoms[1] 1 iTor->atoms[2] 0
 iTor->atoms[3] 40
tmpTors 
atom 1 C3 atom 2 C2 atom 3 N1 atom 4 H8
Tor 2
 iTor->atoms[0] 9
 iTor->atoms[1] 10 iTor->atoms[2] 11
 iTor->atoms[3] 12
tmpTors 
atom 1 N16 atom 2 C17 atom 3 C18 atom 4 C19
Tor 3
 iTor->atoms[0] 9
 iTor->atoms[1] 10 iTor->atoms[2] 38
 iTor->atoms[3] 30
tmpTors 
atom 1 N16 atom 2 C17 atom 3 N45 atom 4 N37
Tor 4
 iTor->atoms[0] 10
 iTor->atoms[1] 11 iTor->atoms[2] 12
 iTor->atoms[3] 14
tmpTors 
atom 1 C17 atom 2 C18 atom 3 C19 atom 4 N21
Tor 5
 iTor->atoms[0] 10
 iTor->atoms[1] 11 iTor->atoms[2] 36
 iTor->atoms[3] 30
tmpTors 
atom 1 C17 atom 2 C18 atom 3 C43 atom 4 N37
Tor 6
 iTor->atoms[0] 7
 iTor->atoms[1] 12 iTor->atoms[2] 14
 iTor->atoms[3] 48
tmpTors 
atom 1 N14 atom 2 C19 atom 3 N21 atom 4 H49
Tor 7
 iTor->atoms[0] 5
 iTor->atoms[1] 13 iTor->atoms[2] 16
 iTor->atoms[3] 32
tmpTors 
atom 1 S6 atom 2 C20 atom 3 C23 atom 4 C39
4. Number of torsions is 7
5. Number of torsions is 183
selectOneTorFromOneBond 16_32
input atom1 13
input atom1 16
input atom1 32
input atom1 15
xxxxTorsion seriNumb 143
atom1 13
 atom2 16
atom 3 32
atom 4 15
xxxminiTorsions add C20, C23, C39, and O22
added 1 
3. Number of torsions is 8
size of miniTorsions 8
Tor 1
 iTor->atoms[0] 2
 iTor->atoms[1] 1 iTor->atoms[2] 0
 iTor->atoms[3] 40
tmpTors 
atom 1 C3 atom 2 C2 atom 3 N1 atom 4 H8
Tor 2
 iTor->atoms[0] 9
 iTor->atoms[1] 10 iTor->atoms[2] 11
 iTor->atoms[3] 12
tmpTors 
atom 1 N16 atom 2 C17 atom 3 C18 atom 4 C19
Tor 3
 iTor->atoms[0] 9
 iTor->atoms[1] 10 iTor->atoms[2] 38
 iTor->atoms[3] 30
tmpTors 
atom 1 N16 atom 2 C17 atom 3 N45 atom 4 N37
Tor 4
 iTor->atoms[0] 10
 iTor->atoms[1] 11 iTor->atoms[2] 12
 iTor->atoms[3] 14
tmpTors 
atom 1 C17 atom 2 C18 atom 3 C19 atom 4 N21
Tor 5
 iTor->atoms[0] 10
 iTor->atoms[1] 11 iTor->atoms[2] 36
 iTor->atoms[3] 30
tmpTors 
atom 1 C17 atom 2 C18 atom 3 C43 atom 4 N37
Tor 6
 iTor->atoms[0] 7
 iTor->atoms[1] 12 iTor->atoms[2] 14
 iTor->atoms[3] 48
tmpTors 
atom 1 N14 atom 2 C19 atom 3 N21 atom 4 H49
Tor 7
 iTor->atoms[0] 5
 iTor->atoms[1] 13 iTor->atoms[2] 16
 iTor->atoms[3] 32
tmpTors 
atom 1 S6 atom 2 C20 atom 3 C23 atom 4 C39
Tor 8
 iTor->atoms[0] 13
 iTor->atoms[1] 16 iTor->atoms[2] 32
 iTor->atoms[3] 15
tmpTors 
atom 1 C20 atom 2 C23 atom 3 C39 atom 4 O22
4. Number of torsions is 8
5. Number of torsions is 183
selectOneTorFromOneBond 17_18
tors idx 26
xxxxTorsion seriNumb 26
atom1 19
 atom2 17
atom 3 18
atom 4 20
added 6 
3. Number of torsions is 9
size of miniTorsions 9
Tor 1
 iTor->atoms[0] 2
 iTor->atoms[1] 1 iTor->atoms[2] 0
 iTor->atoms[3] 40
tmpTors 
atom 1 C3 atom 2 C2 atom 3 N1 atom 4 H8
Tor 2
 iTor->atoms[0] 9
 iTor->atoms[1] 10 iTor->atoms[2] 11
 iTor->atoms[3] 12
tmpTors 
atom 1 N16 atom 2 C17 atom 3 C18 atom 4 C19
Tor 3
 iTor->atoms[0] 9
 iTor->atoms[1] 10 iTor->atoms[2] 38
 iTor->atoms[3] 30
tmpTors 
atom 1 N16 atom 2 C17 atom 3 N45 atom 4 N37
Tor 4
 iTor->atoms[0] 10
 iTor->atoms[1] 11 iTor->atoms[2] 12
 iTor->atoms[3] 14
tmpTors 
atom 1 C17 atom 2 C18 atom 3 C19 atom 4 N21
Tor 5
 iTor->atoms[0] 10
 iTor->atoms[1] 11 iTor->atoms[2] 36
 iTor->atoms[3] 30
tmpTors 
atom 1 C17 atom 2 C18 atom 3 C43 atom 4 N37
Tor 6
 iTor->atoms[0] 7
 iTor->atoms[1] 12 iTor->atoms[2] 14
 iTor->atoms[3] 48
tmpTors 
atom 1 N14 atom 2 C19 atom 3 N21 atom 4 H49
Tor 7
 iTor->atoms[0] 5
 iTor->atoms[1] 13 iTor->atoms[2] 16
 iTor->atoms[3] 32
tmpTors 
atom 1 S6 atom 2 C20 atom 3 C23 atom 4 C39
Tor 8
 iTor->atoms[0] 13
 iTor->atoms[1] 16 iTor->atoms[2] 32
 iTor->atoms[3] 15
tmpTors 
atom 1 C20 atom 2 C23 atom 3 C39 atom 4 O22
Tor 9
 iTor->atoms[0] 19
 iTor->atoms[1] 17 iTor->atoms[2] 18
 iTor->atoms[3] 20
tmpTors 
atom 1 C26 atom 2 C24 atom 3 C25 atom 4 C27
4. Number of torsions is 9
5. Number of torsions is 183
selectOneTorFromOneBond 17_19
tors idx 146
xxxxTorsion seriNumb 146
atom1 18
 atom2 17
atom 3 19
atom 4 21
added 6 
3. Number of torsions is 10
size of miniTorsions 10
Tor 1
 iTor->atoms[0] 2
 iTor->atoms[1] 1 iTor->atoms[2] 0
 iTor->atoms[3] 40
tmpTors 
atom 1 C3 atom 2 C2 atom 3 N1 atom 4 H8
Tor 2
 iTor->atoms[0] 9
 iTor->atoms[1] 10 iTor->atoms[2] 11
 iTor->atoms[3] 12
tmpTors 
atom 1 N16 atom 2 C17 atom 3 C18 atom 4 C19
Tor 3
 iTor->atoms[0] 9
 iTor->atoms[1] 10 iTor->atoms[2] 38
 iTor->atoms[3] 30
tmpTors 
atom 1 N16 atom 2 C17 atom 3 N45 atom 4 N37
Tor 4
 iTor->atoms[0] 10
 iTor->atoms[1] 11 iTor->atoms[2] 12
 iTor->atoms[3] 14
tmpTors 
atom 1 C17 atom 2 C18 atom 3 C19 atom 4 N21
Tor 5
 iTor->atoms[0] 10
 iTor->atoms[1] 11 iTor->atoms[2] 36
 iTor->atoms[3] 30
tmpTors 
atom 1 C17 atom 2 C18 atom 3 C43 atom 4 N37
Tor 6
 iTor->atoms[0] 7
 iTor->atoms[1] 12 iTor->atoms[2] 14
 iTor->atoms[3] 48
tmpTors 
atom 1 N14 atom 2 C19 atom 3 N21 atom 4 H49
Tor 7
 iTor->atoms[0] 5
 iTor->atoms[1] 13 iTor->atoms[2] 16
 iTor->atoms[3] 32
tmpTors 
atom 1 S6 atom 2 C20 atom 3 C23 atom 4 C39
Tor 8
 iTor->atoms[0] 13
 iTor->atoms[1] 16 iTor->atoms[2] 32
 iTor->atoms[3] 15
tmpTors 
atom 1 C20 atom 2 C23 atom 3 C39 atom 4 O22
Tor 9
 iTor->atoms[0] 19
 iTor->atoms[1] 17 iTor->atoms[2] 18
 iTor->atoms[3] 20
tmpTors 
atom 1 C26 atom 2 C24 atom 3 C25 atom 4 C27
Tor 10
 iTor->atoms[0] 18
 iTor->atoms[1] 17 iTor->atoms[2] 19
 iTor->atoms[3] 21
tmpTors 
atom 1 C25 atom 2 C24 atom 3 C26 atom 4 C28
4. Number of torsions is 10
5. Number of torsions is 183
selectOneTorFromOneBond 18_20
tors idx 30
xxxxTorsion seriNumb 30
atom1 17
 atom2 18
atom 3 20
atom 4 33
added 6 
3. Number of torsions is 11
size of miniTorsions 11
Tor 1
 iTor->atoms[0] 2
 iTor->atoms[1] 1 iTor->atoms[2] 0
 iTor->atoms[3] 40
tmpTors 
atom 1 C3 atom 2 C2 atom 3 N1 atom 4 H8
Tor 2
 iTor->atoms[0] 9
 iTor->atoms[1] 10 iTor->atoms[2] 11
 iTor->atoms[3] 12
tmpTors 
atom 1 N16 atom 2 C17 atom 3 C18 atom 4 C19
Tor 3
 iTor->atoms[0] 9
 iTor->atoms[1] 10 iTor->atoms[2] 38
 iTor->atoms[3] 30
tmpTors 
atom 1 N16 atom 2 C17 atom 3 N45 atom 4 N37
Tor 4
 iTor->atoms[0] 10
 iTor->atoms[1] 11 iTor->atoms[2] 12
 iTor->atoms[3] 14
tmpTors 
atom 1 C17 atom 2 C18 atom 3 C19 atom 4 N21
Tor 5
 iTor->atoms[0] 10
 iTor->atoms[1] 11 iTor->atoms[2] 36
 iTor->atoms[3] 30
tmpTors 
atom 1 C17 atom 2 C18 atom 3 C43 atom 4 N37
Tor 6
 iTor->atoms[0] 7
 iTor->atoms[1] 12 iTor->atoms[2] 14
 iTor->atoms[3] 48
tmpTors 
atom 1 N14 atom 2 C19 atom 3 N21 atom 4 H49
Tor 7
 iTor->atoms[0] 5
 iTor->atoms[1] 13 iTor->atoms[2] 16
 iTor->atoms[3] 32
tmpTors 
atom 1 S6 atom 2 C20 atom 3 C23 atom 4 C39
Tor 8
 iTor->atoms[0] 13
 iTor->atoms[1] 16 iTor->atoms[2] 32
 iTor->atoms[3] 15
tmpTors 
atom 1 C20 atom 2 C23 atom 3 C39 atom 4 O22
Tor 9
 iTor->atoms[0] 19
 iTor->atoms[1] 17 iTor->atoms[2] 18
 iTor->atoms[3] 20
tmpTors 
atom 1 C26 atom 2 C24 atom 3 C25 atom 4 C27
Tor 10
 iTor->atoms[0] 18
 iTor->atoms[1] 17 iTor->atoms[2] 19
 iTor->atoms[3] 21
tmpTors 
atom 1 C25 atom 2 C24 atom 3 C26 atom 4 C28
Tor 11
 iTor->atoms[0] 17
 iTor->atoms[1] 18 iTor->atoms[2] 20
 iTor->atoms[3] 33
tmpTors 
atom 1 C24 atom 2 C25 atom 3 C27 atom 4 C40
4. Number of torsions is 11
5. Number of torsions is 183
selectOneTorFromOneBond 19_21
tors idx 42
xxxxTorsion seriNumb 42
atom1 17
 atom2 19
atom 3 21
atom 4 33
added 6 
3. Number of torsions is 12
size of miniTorsions 12
Tor 1
 iTor->atoms[0] 2
 iTor->atoms[1] 1 iTor->atoms[2] 0
 iTor->atoms[3] 40
tmpTors 
atom 1 C3 atom 2 C2 atom 3 N1 atom 4 H8
Tor 2
 iTor->atoms[0] 9
 iTor->atoms[1] 10 iTor->atoms[2] 11
 iTor->atoms[3] 12
tmpTors 
atom 1 N16 atom 2 C17 atom 3 C18 atom 4 C19
Tor 3
 iTor->atoms[0] 9
 iTor->atoms[1] 10 iTor->atoms[2] 38
 iTor->atoms[3] 30
tmpTors 
atom 1 N16 atom 2 C17 atom 3 N45 atom 4 N37
Tor 4
 iTor->atoms[0] 10
 iTor->atoms[1] 11 iTor->atoms[2] 12
 iTor->atoms[3] 14
tmpTors 
atom 1 C17 atom 2 C18 atom 3 C19 atom 4 N21
Tor 5
 iTor->atoms[0] 10
 iTor->atoms[1] 11 iTor->atoms[2] 36
 iTor->atoms[3] 30
tmpTors 
atom 1 C17 atom 2 C18 atom 3 C43 atom 4 N37
Tor 6
 iTor->atoms[0] 7
 iTor->atoms[1] 12 iTor->atoms[2] 14
 iTor->atoms[3] 48
tmpTors 
atom 1 N14 atom 2 C19 atom 3 N21 atom 4 H49
Tor 7
 iTor->atoms[0] 5
 iTor->atoms[1] 13 iTor->atoms[2] 16
 iTor->atoms[3] 32
tmpTors 
atom 1 S6 atom 2 C20 atom 3 C23 atom 4 C39
Tor 8
 iTor->atoms[0] 13
 iTor->atoms[1] 16 iTor->atoms[2] 32
 iTor->atoms[3] 15
tmpTors 
atom 1 C20 atom 2 C23 atom 3 C39 atom 4 O22
Tor 9
 iTor->atoms[0] 19
 iTor->atoms[1] 17 iTor->atoms[2] 18
 iTor->atoms[3] 20
tmpTors 
atom 1 C26 atom 2 C24 atom 3 C25 atom 4 C27
Tor 10
 iTor->atoms[0] 18
 iTor->atoms[1] 17 iTor->atoms[2] 19
 iTor->atoms[3] 21
tmpTors 
atom 1 C25 atom 2 C24 atom 3 C26 atom 4 C28
Tor 11
 iTor->atoms[0] 17
 iTor->atoms[1] 18 iTor->atoms[2] 20
 iTor->atoms[3] 33
tmpTors 
atom 1 C24 atom 2 C25 atom 3 C27 atom 4 C40
Tor 12
 iTor->atoms[0] 17
 iTor->atoms[1] 19 iTor->atoms[2] 21
 iTor->atoms[3] 33
tmpTors 
atom 1 C24 atom 2 C26 atom 3 C28 atom 4 C40
4. Number of torsions is 12
5. Number of torsions is 183
selectOneTorFromOneBond 1_2
input atom1 0
input atom1 1
input atom1 2
input atom1 3
xxxxTorsion seriNumb 114
atom1 3
 atom2 2
atom 3 1
atom 4 0
xxxminiTorsions add N1, C2, C3, and O4
added 1 
3. Number of torsions is 13
size of miniTorsions 13
Tor 1
 iTor->atoms[0] 2
 iTor->atoms[1] 1 iTor->atoms[2] 0
 iTor->atoms[3] 40
tmpTors 
atom 1 C3 atom 2 C2 atom 3 N1 atom 4 H8
Tor 2
 iTor->atoms[0] 9
 iTor->atoms[1] 10 iTor->atoms[2] 11
 iTor->atoms[3] 12
tmpTors 
atom 1 N16 atom 2 C17 atom 3 C18 atom 4 C19
Tor 3
 iTor->atoms[0] 9
 iTor->atoms[1] 10 iTor->atoms[2] 38
 iTor->atoms[3] 30
tmpTors 
atom 1 N16 atom 2 C17 atom 3 N45 atom 4 N37
Tor 4
 iTor->atoms[0] 10
 iTor->atoms[1] 11 iTor->atoms[2] 12
 iTor->atoms[3] 14
tmpTors 
atom 1 C17 atom 2 C18 atom 3 C19 atom 4 N21
Tor 5
 iTor->atoms[0] 10
 iTor->atoms[1] 11 iTor->atoms[2] 36
 iTor->atoms[3] 30
tmpTors 
atom 1 C17 atom 2 C18 atom 3 C43 atom 4 N37
Tor 6
 iTor->atoms[0] 7
 iTor->atoms[1] 12 iTor->atoms[2] 14
 iTor->atoms[3] 48
tmpTors 
atom 1 N14 atom 2 C19 atom 3 N21 atom 4 H49
Tor 7
 iTor->atoms[0] 5
 iTor->atoms[1] 13 iTor->atoms[2] 16
 iTor->atoms[3] 32
tmpTors 
atom 1 S6 atom 2 C20 atom 3 C23 atom 4 C39
Tor 8
 iTor->atoms[0] 13
 iTor->atoms[1] 16 iTor->atoms[2] 32
 iTor->atoms[3] 15
tmpTors 
atom 1 C20 atom 2 C23 atom 3 C39 atom 4 O22
Tor 9
 iTor->atoms[0] 19
 iTor->atoms[1] 17 iTor->atoms[2] 18
 iTor->atoms[3] 20
tmpTors 
atom 1 C26 atom 2 C24 atom 3 C25 atom 4 C27
Tor 10
 iTor->atoms[0] 18
 iTor->atoms[1] 17 iTor->atoms[2] 19
 iTor->atoms[3] 21
tmpTors 
atom 1 C25 atom 2 C24 atom 3 C26 atom 4 C28
Tor 11
 iTor->atoms[0] 17
 iTor->atoms[1] 18 iTor->atoms[2] 20
 iTor->atoms[3] 33
tmpTors 
atom 1 C24 atom 2 C25 atom 3 C27 atom 4 C40
Tor 12
 iTor->atoms[0] 17
 iTor->atoms[1] 19 iTor->atoms[2] 21
 iTor->atoms[3] 33
tmpTors 
atom 1 C24 atom 2 C26 atom 3 C28 atom 4 C40
Tor 13
 iTor->atoms[0] 3
 iTor->atoms[1] 2 iTor->atoms[2] 1
 iTor->atoms[3] 0
tmpTors 
atom 1 O4 atom 2 C3 atom 3 C2 atom 4 N1
4. Number of torsions is 13
5. Number of torsions is 183
selectOneTorFromOneBond 1_4
input atom1 0
input atom1 1
input atom1 4
input atom1 5
xxxxTorsion seriNumb 120
atom1 0
 atom2 1
atom 3 4
atom 4 5
xxxminiTorsions add N1, C2, C5, and S6
added 1 
3. Number of torsions is 14
size of miniTorsions 14
Tor 1
 iTor->atoms[0] 2
 iTor->atoms[1] 1 iTor->atoms[2] 0
 iTor->atoms[3] 40
tmpTors 
atom 1 C3 atom 2 C2 atom 3 N1 atom 4 H8
Tor 2
 iTor->atoms[0] 9
 iTor->atoms[1] 10 iTor->atoms[2] 11
 iTor->atoms[3] 12
tmpTors 
atom 1 N16 atom 2 C17 atom 3 C18 atom 4 C19
Tor 3
 iTor->atoms[0] 9
 iTor->atoms[1] 10 iTor->atoms[2] 38
 iTor->atoms[3] 30
tmpTors 
atom 1 N16 atom 2 C17 atom 3 N45 atom 4 N37
Tor 4
 iTor->atoms[0] 10
 iTor->atoms[1] 11 iTor->atoms[2] 12
 iTor->atoms[3] 14
tmpTors 
atom 1 C17 atom 2 C18 atom 3 C19 atom 4 N21
Tor 5
 iTor->atoms[0] 10
 iTor->atoms[1] 11 iTor->atoms[2] 36
 iTor->atoms[3] 30
tmpTors 
atom 1 C17 atom 2 C18 atom 3 C43 atom 4 N37
Tor 6
 iTor->atoms[0] 7
 iTor->atoms[1] 12 iTor->atoms[2] 14
 iTor->atoms[3] 48
tmpTors 
atom 1 N14 atom 2 C19 atom 3 N21 atom 4 H49
Tor 7
 iTor->atoms[0] 5
 iTor->atoms[1] 13 iTor->atoms[2] 16
 iTor->atoms[3] 32
tmpTors 
atom 1 S6 atom 2 C20 atom 3 C23 atom 4 C39
Tor 8
 iTor->atoms[0] 13
 iTor->atoms[1] 16 iTor->atoms[2] 32
 iTor->atoms[3] 15
tmpTors 
atom 1 C20 atom 2 C23 atom 3 C39 atom 4 O22
Tor 9
 iTor->atoms[0] 19
 iTor->atoms[1] 17 iTor->atoms[2] 18
 iTor->atoms[3] 20
tmpTors 
atom 1 C26 atom 2 C24 atom 3 C25 atom 4 C27
Tor 10
 iTor->atoms[0] 18
 iTor->atoms[1] 17 iTor->atoms[2] 19
 iTor->atoms[3] 21
tmpTors 
atom 1 C25 atom 2 C24 atom 3 C26 atom 4 C28
Tor 11
 iTor->atoms[0] 17
 iTor->atoms[1] 18 iTor->atoms[2] 20
 iTor->atoms[3] 33
tmpTors 
atom 1 C24 atom 2 C25 atom 3 C27 atom 4 C40
Tor 12
 iTor->atoms[0] 17
 iTor->atoms[1] 19 iTor->atoms[2] 21
 iTor->atoms[3] 33
tmpTors 
atom 1 C24 atom 2 C26 atom 3 C28 atom 4 C40
Tor 13
 iTor->atoms[0] 3
 iTor->atoms[1] 2 iTor->atoms[2] 1
 iTor->atoms[3] 0
tmpTors 
atom 1 O4 atom 2 C3 atom 3 C2 atom 4 N1
Tor 14
 iTor->atoms[0] 0
 iTor->atoms[1] 1 iTor->atoms[2] 4
 iTor->atoms[3] 5
tmpTors 
atom 1 N1 atom 2 C2 atom 3 C5 atom 4 S6
4. Number of torsions is 14
5. Number of torsions is 183
selectOneTorFromOneBond 20_33
tors idx 35
xxxxTorsion seriNumb 35
atom1 18
 atom2 20
atom 3 33
atom 4 31
added 4 
3. Number of torsions is 15
size of miniTorsions 15
Tor 1
 iTor->atoms[0] 2
 iTor->atoms[1] 1 iTor->atoms[2] 0
 iTor->atoms[3] 40
tmpTors 
atom 1 C3 atom 2 C2 atom 3 N1 atom 4 H8
Tor 2
 iTor->atoms[0] 9
 iTor->atoms[1] 10 iTor->atoms[2] 11
 iTor->atoms[3] 12
tmpTors 
atom 1 N16 atom 2 C17 atom 3 C18 atom 4 C19
Tor 3
 iTor->atoms[0] 9
 iTor->atoms[1] 10 iTor->atoms[2] 38
 iTor->atoms[3] 30
tmpTors 
atom 1 N16 atom 2 C17 atom 3 N45 atom 4 N37
Tor 4
 iTor->atoms[0] 10
 iTor->atoms[1] 11 iTor->atoms[2] 12
 iTor->atoms[3] 14
tmpTors 
atom 1 C17 atom 2 C18 atom 3 C19 atom 4 N21
Tor 5
 iTor->atoms[0] 10
 iTor->atoms[1] 11 iTor->atoms[2] 36
 iTor->atoms[3] 30
tmpTors 
atom 1 C17 atom 2 C18 atom 3 C43 atom 4 N37
Tor 6
 iTor->atoms[0] 7
 iTor->atoms[1] 12 iTor->atoms[2] 14
 iTor->atoms[3] 48
tmpTors 
atom 1 N14 atom 2 C19 atom 3 N21 atom 4 H49
Tor 7
 iTor->atoms[0] 5
 iTor->atoms[1] 13 iTor->atoms[2] 16
 iTor->atoms[3] 32
tmpTors 
atom 1 S6 atom 2 C20 atom 3 C23 atom 4 C39
Tor 8
 iTor->atoms[0] 13
 iTor->atoms[1] 16 iTor->atoms[2] 32
 iTor->atoms[3] 15
tmpTors 
atom 1 C20 atom 2 C23 atom 3 C39 atom 4 O22
Tor 9
 iTor->atoms[0] 19
 iTor->atoms[1] 17 iTor->atoms[2] 18
 iTor->atoms[3] 20
tmpTors 
atom 1 C26 atom 2 C24 atom 3 C25 atom 4 C27
Tor 10
 iTor->atoms[0] 18
 iTor->atoms[1] 17 iTor->atoms[2] 19
 iTor->atoms[3] 21
tmpTors 
atom 1 C25 atom 2 C24 atom 3 C26 atom 4 C28
Tor 11
 iTor->atoms[0] 17
 iTor->atoms[1] 18 iTor->atoms[2] 20
 iTor->atoms[3] 33
tmpTors 
atom 1 C24 atom 2 C25 atom 3 C27 atom 4 C40
Tor 12
 iTor->atoms[0] 17
 iTor->atoms[1] 19 iTor->atoms[2] 21
 iTor->atoms[3] 33
tmpTors 
atom 1 C24 atom 2 C26 atom 3 C28 atom 4 C40
Tor 13
 iTor->atoms[0] 3
 iTor->atoms[1] 2 iTor->atoms[2] 1
 iTor->atoms[3] 0
tmpTors 
atom 1 O4 atom 2 C3 atom 3 C2 atom 4 N1
Tor 14
 iTor->atoms[0] 0
 iTor->atoms[1] 1 iTor->atoms[2] 4
 iTor->atoms[3] 5
tmpTors 
atom 1 N1 atom 2 C2 atom 3 C5 atom 4 S6
Tor 15
 iTor->atoms[0] 18
 iTor->atoms[1] 20 iTor->atoms[2] 33
 iTor->atoms[3] 31
tmpTors 
atom 1 C25 atom 2 C27 atom 3 C40 atom 4 O38
4. Number of torsions is 15
5. Number of torsions is 183
selectOneTorFromOneBond 21_33
tors idx 39
xxxxTorsion seriNumb 39
atom1 19
 atom2 21
atom 3 33
atom 4 31
added 4 
3. Number of torsions is 16
size of miniTorsions 16
Tor 1
 iTor->atoms[0] 2
 iTor->atoms[1] 1 iTor->atoms[2] 0
 iTor->atoms[3] 40
tmpTors 
atom 1 C3 atom 2 C2 atom 3 N1 atom 4 H8
Tor 2
 iTor->atoms[0] 9
 iTor->atoms[1] 10 iTor->atoms[2] 11
 iTor->atoms[3] 12
tmpTors 
atom 1 N16 atom 2 C17 atom 3 C18 atom 4 C19
Tor 3
 iTor->atoms[0] 9
 iTor->atoms[1] 10 iTor->atoms[2] 38
 iTor->atoms[3] 30
tmpTors 
atom 1 N16 atom 2 C17 atom 3 N45 atom 4 N37
Tor 4
 iTor->atoms[0] 10
 iTor->atoms[1] 11 iTor->atoms[2] 12
 iTor->atoms[3] 14
tmpTors 
atom 1 C17 atom 2 C18 atom 3 C19 atom 4 N21
Tor 5
 iTor->atoms[0] 10
 iTor->atoms[1] 11 iTor->atoms[2] 36
 iTor->atoms[3] 30
tmpTors 
atom 1 C17 atom 2 C18 atom 3 C43 atom 4 N37
Tor 6
 iTor->atoms[0] 7
 iTor->atoms[1] 12 iTor->atoms[2] 14
 iTor->atoms[3] 48
tmpTors 
atom 1 N14 atom 2 C19 atom 3 N21 atom 4 H49
Tor 7
 iTor->atoms[0] 5
 iTor->atoms[1] 13 iTor->atoms[2] 16
 iTor->atoms[3] 32
tmpTors 
atom 1 S6 atom 2 C20 atom 3 C23 atom 4 C39
Tor 8
 iTor->atoms[0] 13
 iTor->atoms[1] 16 iTor->atoms[2] 32
 iTor->atoms[3] 15
tmpTors 
atom 1 C20 atom 2 C23 atom 3 C39 atom 4 O22
Tor 9
 iTor->atoms[0] 19
 iTor->atoms[1] 17 iTor->atoms[2] 18
 iTor->atoms[3] 20
tmpTors 
atom 1 C26 atom 2 C24 atom 3 C25 atom 4 C27
Tor 10
 iTor->atoms[0] 18
 iTor->atoms[1] 17 iTor->atoms[2] 19
 iTor->atoms[3] 21
tmpTors 
atom 1 C25 atom 2 C24 atom 3 C26 atom 4 C28
Tor 11
 iTor->atoms[0] 17
 iTor->atoms[1] 18 iTor->atoms[2] 20
 iTor->atoms[3] 33
tmpTors 
atom 1 C24 atom 2 C25 atom 3 C27 atom 4 C40
Tor 12
 iTor->atoms[0] 17
 iTor->atoms[1] 19 iTor->atoms[2] 21
 iTor->atoms[3] 33
tmpTors 
atom 1 C24 atom 2 C26 atom 3 C28 atom 4 C40
Tor 13
 iTor->atoms[0] 3
 iTor->atoms[1] 2 iTor->atoms[2] 1
 iTor->atoms[3] 0
tmpTors 
atom 1 O4 atom 2 C3 atom 3 C2 atom 4 N1
Tor 14
 iTor->atoms[0] 0
 iTor->atoms[1] 1 iTor->atoms[2] 4
 iTor->atoms[3] 5
tmpTors 
atom 1 N1 atom 2 C2 atom 3 C5 atom 4 S6
Tor 15
 iTor->atoms[0] 18
 iTor->atoms[1] 20 iTor->atoms[2] 33
 iTor->atoms[3] 31
tmpTors 
atom 1 C25 atom 2 C27 atom 3 C40 atom 4 O38
Tor 16
 iTor->atoms[0] 19
 iTor->atoms[1] 21 iTor->atoms[2] 33
 iTor->atoms[3] 31
tmpTors 
atom 1 C26 atom 2 C28 atom 3 C40 atom 4 O38
4. Number of torsions is 16
5. Number of torsions is 183
selectOneTorFromOneBond 22_24
tors idx 46
xxxxTorsion seriNumb 46
atom1 34
 atom2 22
atom 3 24
atom 4 35
added 6 
3. Number of torsions is 17
size of miniTorsions 17
Tor 1
 iTor->atoms[0] 2
 iTor->atoms[1] 1 iTor->atoms[2] 0
 iTor->atoms[3] 40
tmpTors 
atom 1 C3 atom 2 C2 atom 3 N1 atom 4 H8
Tor 2
 iTor->atoms[0] 9
 iTor->atoms[1] 10 iTor->atoms[2] 11
 iTor->atoms[3] 12
tmpTors 
atom 1 N16 atom 2 C17 atom 3 C18 atom 4 C19
Tor 3
 iTor->atoms[0] 9
 iTor->atoms[1] 10 iTor->atoms[2] 38
 iTor->atoms[3] 30
tmpTors 
atom 1 N16 atom 2 C17 atom 3 N45 atom 4 N37
Tor 4
 iTor->atoms[0] 10
 iTor->atoms[1] 11 iTor->atoms[2] 12
 iTor->atoms[3] 14
tmpTors 
atom 1 C17 atom 2 C18 atom 3 C19 atom 4 N21
Tor 5
 iTor->atoms[0] 10
 iTor->atoms[1] 11 iTor->atoms[2] 36
 iTor->atoms[3] 30
tmpTors 
atom 1 C17 atom 2 C18 atom 3 C43 atom 4 N37
Tor 6
 iTor->atoms[0] 7
 iTor->atoms[1] 12 iTor->atoms[2] 14
 iTor->atoms[3] 48
tmpTors 
atom 1 N14 atom 2 C19 atom 3 N21 atom 4 H49
Tor 7
 iTor->atoms[0] 5
 iTor->atoms[1] 13 iTor->atoms[2] 16
 iTor->atoms[3] 32
tmpTors 
atom 1 S6 atom 2 C20 atom 3 C23 atom 4 C39
Tor 8
 iTor->atoms[0] 13
 iTor->atoms[1] 16 iTor->atoms[2] 32
 iTor->atoms[3] 15
tmpTors 
atom 1 C20 atom 2 C23 atom 3 C39 atom 4 O22
Tor 9
 iTor->atoms[0] 19
 iTor->atoms[1] 17 iTor->atoms[2] 18
 iTor->atoms[3] 20
tmpTors 
atom 1 C26 atom 2 C24 atom 3 C25 atom 4 C27
Tor 10
 iTor->atoms[0] 18
 iTor->atoms[1] 17 iTor->atoms[2] 19
 iTor->atoms[3] 21
tmpTors 
atom 1 C25 atom 2 C24 atom 3 C26 atom 4 C28
Tor 11
 iTor->atoms[0] 17
 iTor->atoms[1] 18 iTor->atoms[2] 20
 iTor->atoms[3] 33
tmpTors 
atom 1 C24 atom 2 C25 atom 3 C27 atom 4 C40
Tor 12
 iTor->atoms[0] 17
 iTor->atoms[1] 19 iTor->atoms[2] 21
 iTor->atoms[3] 33
tmpTors 
atom 1 C24 atom 2 C26 atom 3 C28 atom 4 C40
Tor 13
 iTor->atoms[0] 3
 iTor->atoms[1] 2 iTor->atoms[2] 1
 iTor->atoms[3] 0
tmpTors 
atom 1 O4 atom 2 C3 atom 3 C2 atom 4 N1
Tor 14
 iTor->atoms[0] 0
 iTor->atoms[1] 1 iTor->atoms[2] 4
 iTor->atoms[3] 5
tmpTors 
atom 1 N1 atom 2 C2 atom 3 C5 atom 4 S6
Tor 15
 iTor->atoms[0] 18
 iTor->atoms[1] 20 iTor->atoms[2] 33
 iTor->atoms[3] 31
tmpTors 
atom 1 C25 atom 2 C27 atom 3 C40 atom 4 O38
Tor 16
 iTor->atoms[0] 19
 iTor->atoms[1] 21 iTor->atoms[2] 33
 iTor->atoms[3] 31
tmpTors 
atom 1 C26 atom 2 C28 atom 3 C40 atom 4 O38
Tor 17
 iTor->atoms[0] 34
 iTor->atoms[1] 22 iTor->atoms[2] 24
 iTor->atoms[3] 35
tmpTors 
atom 1 C41 atom 2 C29 atom 3 C31 atom 4 C42
4. Number of torsions is 17
5. Number of torsions is 183
selectOneTorFromOneBond 22_34
tors idx 151
xxxxTorsion seriNumb 151
atom1 24
 atom2 22
atom 3 34
atom 4 31
added 4 
3. Number of torsions is 18
size of miniTorsions 18
Tor 1
 iTor->atoms[0] 2
 iTor->atoms[1] 1 iTor->atoms[2] 0
 iTor->atoms[3] 40
tmpTors 
atom 1 C3 atom 2 C2 atom 3 N1 atom 4 H8
Tor 2
 iTor->atoms[0] 9
 iTor->atoms[1] 10 iTor->atoms[2] 11
 iTor->atoms[3] 12
tmpTors 
atom 1 N16 atom 2 C17 atom 3 C18 atom 4 C19
Tor 3
 iTor->atoms[0] 9
 iTor->atoms[1] 10 iTor->atoms[2] 38
 iTor->atoms[3] 30
tmpTors 
atom 1 N16 atom 2 C17 atom 3 N45 atom 4 N37
Tor 4
 iTor->atoms[0] 10
 iTor->atoms[1] 11 iTor->atoms[2] 12
 iTor->atoms[3] 14
tmpTors 
atom 1 C17 atom 2 C18 atom 3 C19 atom 4 N21
Tor 5
 iTor->atoms[0] 10
 iTor->atoms[1] 11 iTor->atoms[2] 36
 iTor->atoms[3] 30
tmpTors 
atom 1 C17 atom 2 C18 atom 3 C43 atom 4 N37
Tor 6
 iTor->atoms[0] 7
 iTor->atoms[1] 12 iTor->atoms[2] 14
 iTor->atoms[3] 48
tmpTors 
atom 1 N14 atom 2 C19 atom 3 N21 atom 4 H49
Tor 7
 iTor->atoms[0] 5
 iTor->atoms[1] 13 iTor->atoms[2] 16
 iTor->atoms[3] 32
tmpTors 
atom 1 S6 atom 2 C20 atom 3 C23 atom 4 C39
Tor 8
 iTor->atoms[0] 13
 iTor->atoms[1] 16 iTor->atoms[2] 32
 iTor->atoms[3] 15
tmpTors 
atom 1 C20 atom 2 C23 atom 3 C39 atom 4 O22
Tor 9
 iTor->atoms[0] 19
 iTor->atoms[1] 17 iTor->atoms[2] 18
 iTor->atoms[3] 20
tmpTors 
atom 1 C26 atom 2 C24 atom 3 C25 atom 4 C27
Tor 10
 iTor->atoms[0] 18
 iTor->atoms[1] 17 iTor->atoms[2] 19
 iTor->atoms[3] 21
tmpTors 
atom 1 C25 atom 2 C24 atom 3 C26 atom 4 C28
Tor 11
 iTor->atoms[0] 17
 iTor->atoms[1] 18 iTor->atoms[2] 20
 iTor->atoms[3] 33
tmpTors 
atom 1 C24 atom 2 C25 atom 3 C27 atom 4 C40
Tor 12
 iTor->atoms[0] 17
 iTor->atoms[1] 19 iTor->atoms[2] 21
 iTor->atoms[3] 33
tmpTors 
atom 1 C24 atom 2 C26 atom 3 C28 atom 4 C40
Tor 13
 iTor->atoms[0] 3
 iTor->atoms[1] 2 iTor->atoms[2] 1
 iTor->atoms[3] 0
tmpTors 
atom 1 O4 atom 2 C3 atom 3 C2 atom 4 N1
Tor 14
 iTor->atoms[0] 0
 iTor->atoms[1] 1 iTor->atoms[2] 4
 iTor->atoms[3] 5
tmpTors 
atom 1 N1 atom 2 C2 atom 3 C5 atom 4 S6
Tor 15
 iTor->atoms[0] 18
 iTor->atoms[1] 20 iTor->atoms[2] 33
 iTor->atoms[3] 31
tmpTors 
atom 1 C25 atom 2 C27 atom 3 C40 atom 4 O38
Tor 16
 iTor->atoms[0] 19
 iTor->atoms[1] 21 iTor->atoms[2] 33
 iTor->atoms[3] 31
tmpTors 
atom 1 C26 atom 2 C28 atom 3 C40 atom 4 O38
Tor 17
 iTor->atoms[0] 34
 iTor->atoms[1] 22 iTor->atoms[2] 24
 iTor->atoms[3] 35
tmpTors 
atom 1 C41 atom 2 C29 atom 3 C31 atom 4 C42
Tor 18
 iTor->atoms[0] 24
 iTor->atoms[1] 22 iTor->atoms[2] 34
 iTor->atoms[3] 31
tmpTors 
atom 1 C31 atom 2 C29 atom 3 C41 atom 4 O38
4. Number of torsions is 18
5. Number of torsions is 183
selectOneTorFromOneBond 23_25
tors idx 58
xxxxTorsion seriNumb 58
atom1 34
 atom2 23
atom 3 25
atom 4 35
added 6 
3. Number of torsions is 19
size of miniTorsions 19
Tor 1
 iTor->atoms[0] 2
 iTor->atoms[1] 1 iTor->atoms[2] 0
 iTor->atoms[3] 40
tmpTors 
atom 1 C3 atom 2 C2 atom 3 N1 atom 4 H8
Tor 2
 iTor->atoms[0] 9
 iTor->atoms[1] 10 iTor->atoms[2] 11
 iTor->atoms[3] 12
tmpTors 
atom 1 N16 atom 2 C17 atom 3 C18 atom 4 C19
Tor 3
 iTor->atoms[0] 9
 iTor->atoms[1] 10 iTor->atoms[2] 38
 iTor->atoms[3] 30
tmpTors 
atom 1 N16 atom 2 C17 atom 3 N45 atom 4 N37
Tor 4
 iTor->atoms[0] 10
 iTor->atoms[1] 11 iTor->atoms[2] 12
 iTor->atoms[3] 14
tmpTors 
atom 1 C17 atom 2 C18 atom 3 C19 atom 4 N21
Tor 5
 iTor->atoms[0] 10
 iTor->atoms[1] 11 iTor->atoms[2] 36
 iTor->atoms[3] 30
tmpTors 
atom 1 C17 atom 2 C18 atom 3 C43 atom 4 N37
Tor 6
 iTor->atoms[0] 7
 iTor->atoms[1] 12 iTor->atoms[2] 14
 iTor->atoms[3] 48
tmpTors 
atom 1 N14 atom 2 C19 atom 3 N21 atom 4 H49
Tor 7
 iTor->atoms[0] 5
 iTor->atoms[1] 13 iTor->atoms[2] 16
 iTor->atoms[3] 32
tmpTors 
atom 1 S6 atom 2 C20 atom 3 C23 atom 4 C39
Tor 8
 iTor->atoms[0] 13
 iTor->atoms[1] 16 iTor->atoms[2] 32
 iTor->atoms[3] 15
tmpTors 
atom 1 C20 atom 2 C23 atom 3 C39 atom 4 O22
Tor 9
 iTor->atoms[0] 19
 iTor->atoms[1] 17 iTor->atoms[2] 18
 iTor->atoms[3] 20
tmpTors 
atom 1 C26 atom 2 C24 atom 3 C25 atom 4 C27
Tor 10
 iTor->atoms[0] 18
 iTor->atoms[1] 17 iTor->atoms[2] 19
 iTor->atoms[3] 21
tmpTors 
atom 1 C25 atom 2 C24 atom 3 C26 atom 4 C28
Tor 11
 iTor->atoms[0] 17
 iTor->atoms[1] 18 iTor->atoms[2] 20
 iTor->atoms[3] 33
tmpTors 
atom 1 C24 atom 2 C25 atom 3 C27 atom 4 C40
Tor 12
 iTor->atoms[0] 17
 iTor->atoms[1] 19 iTor->atoms[2] 21
 iTor->atoms[3] 33
tmpTors 
atom 1 C24 atom 2 C26 atom 3 C28 atom 4 C40
Tor 13
 iTor->atoms[0] 3
 iTor->atoms[1] 2 iTor->atoms[2] 1
 iTor->atoms[3] 0
tmpTors 
atom 1 O4 atom 2 C3 atom 3 C2 atom 4 N1
Tor 14
 iTor->atoms[0] 0
 iTor->atoms[1] 1 iTor->atoms[2] 4
 iTor->atoms[3] 5
tmpTors 
atom 1 N1 atom 2 C2 atom 3 C5 atom 4 S6
Tor 15
 iTor->atoms[0] 18
 iTor->atoms[1] 20 iTor->atoms[2] 33
 iTor->atoms[3] 31
tmpTors 
atom 1 C25 atom 2 C27 atom 3 C40 atom 4 O38
Tor 16
 iTor->atoms[0] 19
 iTor->atoms[1] 21 iTor->atoms[2] 33
 iTor->atoms[3] 31
tmpTors 
atom 1 C26 atom 2 C28 atom 3 C40 atom 4 O38
Tor 17
 iTor->atoms[0] 34
 iTor->atoms[1] 22 iTor->atoms[2] 24
 iTor->atoms[3] 35
tmpTors 
atom 1 C41 atom 2 C29 atom 3 C31 atom 4 C42
Tor 18
 iTor->atoms[0] 24
 iTor->atoms[1] 22 iTor->atoms[2] 34
 iTor->atoms[3] 31
tmpTors 
atom 1 C31 atom 2 C29 atom 3 C41 atom 4 O38
Tor 19
 iTor->atoms[0] 34
 iTor->atoms[1] 23 iTor->atoms[2] 25
 iTor->atoms[3] 35
tmpTors 
atom 1 C41 atom 2 C30 atom 3 C32 atom 4 C42
4. Number of torsions is 19
5. Number of torsions is 183
selectOneTorFromOneBond 23_34
tors idx 63
xxxxTorsion seriNumb 63
atom1 25
 atom2 23
atom 3 34
atom 4 31
added 4 
3. Number of torsions is 20
size of miniTorsions 20
Tor 1
 iTor->atoms[0] 2
 iTor->atoms[1] 1 iTor->atoms[2] 0
 iTor->atoms[3] 40
tmpTors 
atom 1 C3 atom 2 C2 atom 3 N1 atom 4 H8
Tor 2
 iTor->atoms[0] 9
 iTor->atoms[1] 10 iTor->atoms[2] 11
 iTor->atoms[3] 12
tmpTors 
atom 1 N16 atom 2 C17 atom 3 C18 atom 4 C19
Tor 3
 iTor->atoms[0] 9
 iTor->atoms[1] 10 iTor->atoms[2] 38
 iTor->atoms[3] 30
tmpTors 
atom 1 N16 atom 2 C17 atom 3 N45 atom 4 N37
Tor 4
 iTor->atoms[0] 10
 iTor->atoms[1] 11 iTor->atoms[2] 12
 iTor->atoms[3] 14
tmpTors 
atom 1 C17 atom 2 C18 atom 3 C19 atom 4 N21
Tor 5
 iTor->atoms[0] 10
 iTor->atoms[1] 11 iTor->atoms[2] 36
 iTor->atoms[3] 30
tmpTors 
atom 1 C17 atom 2 C18 atom 3 C43 atom 4 N37
Tor 6
 iTor->atoms[0] 7
 iTor->atoms[1] 12 iTor->atoms[2] 14
 iTor->atoms[3] 48
tmpTors 
atom 1 N14 atom 2 C19 atom 3 N21 atom 4 H49
Tor 7
 iTor->atoms[0] 5
 iTor->atoms[1] 13 iTor->atoms[2] 16
 iTor->atoms[3] 32
tmpTors 
atom 1 S6 atom 2 C20 atom 3 C23 atom 4 C39
Tor 8
 iTor->atoms[0] 13
 iTor->atoms[1] 16 iTor->atoms[2] 32
 iTor->atoms[3] 15
tmpTors 
atom 1 C20 atom 2 C23 atom 3 C39 atom 4 O22
Tor 9
 iTor->atoms[0] 19
 iTor->atoms[1] 17 iTor->atoms[2] 18
 iTor->atoms[3] 20
tmpTors 
atom 1 C26 atom 2 C24 atom 3 C25 atom 4 C27
Tor 10
 iTor->atoms[0] 18
 iTor->atoms[1] 17 iTor->atoms[2] 19
 iTor->atoms[3] 21
tmpTors 
atom 1 C25 atom 2 C24 atom 3 C26 atom 4 C28
Tor 11
 iTor->atoms[0] 17
 iTor->atoms[1] 18 iTor->atoms[2] 20
 iTor->atoms[3] 33
tmpTors 
atom 1 C24 atom 2 C25 atom 3 C27 atom 4 C40
Tor 12
 iTor->atoms[0] 17
 iTor->atoms[1] 19 iTor->atoms[2] 21
 iTor->atoms[3] 33
tmpTors 
atom 1 C24 atom 2 C26 atom 3 C28 atom 4 C40
Tor 13
 iTor->atoms[0] 3
 iTor->atoms[1] 2 iTor->atoms[2] 1
 iTor->atoms[3] 0
tmpTors 
atom 1 O4 atom 2 C3 atom 3 C2 atom 4 N1
Tor 14
 iTor->atoms[0] 0
 iTor->atoms[1] 1 iTor->atoms[2] 4
 iTor->atoms[3] 5
tmpTors 
atom 1 N1 atom 2 C2 atom 3 C5 atom 4 S6
Tor 15
 iTor->atoms[0] 18
 iTor->atoms[1] 20 iTor->atoms[2] 33
 iTor->atoms[3] 31
tmpTors 
atom 1 C25 atom 2 C27 atom 3 C40 atom 4 O38
Tor 16
 iTor->atoms[0] 19
 iTor->atoms[1] 21 iTor->atoms[2] 33
 iTor->atoms[3] 31
tmpTors 
atom 1 C26 atom 2 C28 atom 3 C40 atom 4 O38
Tor 17
 iTor->atoms[0] 34
 iTor->atoms[1] 22 iTor->atoms[2] 24
 iTor->atoms[3] 35
tmpTors 
atom 1 C41 atom 2 C29 atom 3 C31 atom 4 C42
Tor 18
 iTor->atoms[0] 24
 iTor->atoms[1] 22 iTor->atoms[2] 34
 iTor->atoms[3] 31
tmpTors 
atom 1 C31 atom 2 C29 atom 3 C41 atom 4 O38
Tor 19
 iTor->atoms[0] 34
 iTor->atoms[1] 23 iTor->atoms[2] 25
 iTor->atoms[3] 35
tmpTors 
atom 1 C41 atom 2 C30 atom 3 C32 atom 4 C42
Tor 20
 iTor->atoms[0] 25
 iTor->atoms[1] 23 iTor->atoms[2] 34
 iTor->atoms[3] 31
tmpTors 
atom 1 C32 atom 2 C30 atom 3 C41 atom 4 O38
4. Number of torsions is 20
5. Number of torsions is 183
selectOneTorFromOneBond 24_35
tors idx 50
xxxxTorsion seriNumb 50
atom1 22
 atom2 24
atom 3 35
atom 4 25
added 6 
3. Number of torsions is 21
size of miniTorsions 21
Tor 1
 iTor->atoms[0] 2
 iTor->atoms[1] 1 iTor->atoms[2] 0
 iTor->atoms[3] 40
tmpTors 
atom 1 C3 atom 2 C2 atom 3 N1 atom 4 H8
Tor 2
 iTor->atoms[0] 9
 iTor->atoms[1] 10 iTor->atoms[2] 11
 iTor->atoms[3] 12
tmpTors 
atom 1 N16 atom 2 C17 atom 3 C18 atom 4 C19
Tor 3
 iTor->atoms[0] 9
 iTor->atoms[1] 10 iTor->atoms[2] 38
 iTor->atoms[3] 30
tmpTors 
atom 1 N16 atom 2 C17 atom 3 N45 atom 4 N37
Tor 4
 iTor->atoms[0] 10
 iTor->atoms[1] 11 iTor->atoms[2] 12
 iTor->atoms[3] 14
tmpTors 
atom 1 C17 atom 2 C18 atom 3 C19 atom 4 N21
Tor 5
 iTor->atoms[0] 10
 iTor->atoms[1] 11 iTor->atoms[2] 36
 iTor->atoms[3] 30
tmpTors 
atom 1 C17 atom 2 C18 atom 3 C43 atom 4 N37
Tor 6
 iTor->atoms[0] 7
 iTor->atoms[1] 12 iTor->atoms[2] 14
 iTor->atoms[3] 48
tmpTors 
atom 1 N14 atom 2 C19 atom 3 N21 atom 4 H49
Tor 7
 iTor->atoms[0] 5
 iTor->atoms[1] 13 iTor->atoms[2] 16
 iTor->atoms[3] 32
tmpTors 
atom 1 S6 atom 2 C20 atom 3 C23 atom 4 C39
Tor 8
 iTor->atoms[0] 13
 iTor->atoms[1] 16 iTor->atoms[2] 32
 iTor->atoms[3] 15
tmpTors 
atom 1 C20 atom 2 C23 atom 3 C39 atom 4 O22
Tor 9
 iTor->atoms[0] 19
 iTor->atoms[1] 17 iTor->atoms[2] 18
 iTor->atoms[3] 20
tmpTors 
atom 1 C26 atom 2 C24 atom 3 C25 atom 4 C27
Tor 10
 iTor->atoms[0] 18
 iTor->atoms[1] 17 iTor->atoms[2] 19
 iTor->atoms[3] 21
tmpTors 
atom 1 C25 atom 2 C24 atom 3 C26 atom 4 C28
Tor 11
 iTor->atoms[0] 17
 iTor->atoms[1] 18 iTor->atoms[2] 20
 iTor->atoms[3] 33
tmpTors 
atom 1 C24 atom 2 C25 atom 3 C27 atom 4 C40
Tor 12
 iTor->atoms[0] 17
 iTor->atoms[1] 19 iTor->atoms[2] 21
 iTor->atoms[3] 33
tmpTors 
atom 1 C24 atom 2 C26 atom 3 C28 atom 4 C40
Tor 13
 iTor->atoms[0] 3
 iTor->atoms[1] 2 iTor->atoms[2] 1
 iTor->atoms[3] 0
tmpTors 
atom 1 O4 atom 2 C3 atom 3 C2 atom 4 N1
Tor 14
 iTor->atoms[0] 0
 iTor->atoms[1] 1 iTor->atoms[2] 4
 iTor->atoms[3] 5
tmpTors 
atom 1 N1 atom 2 C2 atom 3 C5 atom 4 S6
Tor 15
 iTor->atoms[0] 18
 iTor->atoms[1] 20 iTor->atoms[2] 33
 iTor->atoms[3] 31
tmpTors 
atom 1 C25 atom 2 C27 atom 3 C40 atom 4 O38
Tor 16
 iTor->atoms[0] 19
 iTor->atoms[1] 21 iTor->atoms[2] 33
 iTor->atoms[3] 31
tmpTors 
atom 1 C26 atom 2 C28 atom 3 C40 atom 4 O38
Tor 17
 iTor->atoms[0] 34
 iTor->atoms[1] 22 iTor->atoms[2] 24
 iTor->atoms[3] 35
tmpTors 
atom 1 C41 atom 2 C29 atom 3 C31 atom 4 C42
Tor 18
 iTor->atoms[0] 24
 iTor->atoms[1] 22 iTor->atoms[2] 34
 iTor->atoms[3] 31
tmpTors 
atom 1 C31 atom 2 C29 atom 3 C41 atom 4 O38
Tor 19
 iTor->atoms[0] 34
 iTor->atoms[1] 23 iTor->atoms[2] 25
 iTor->atoms[3] 35
tmpTors 
atom 1 C41 atom 2 C30 atom 3 C32 atom 4 C42
Tor 20
 iTor->atoms[0] 25
 iTor->atoms[1] 23 iTor->atoms[2] 34
 iTor->atoms[3] 31
tmpTors 
atom 1 C32 atom 2 C30 atom 3 C41 atom 4 O38
Tor 21
 iTor->atoms[0] 22
 iTor->atoms[1] 24 iTor->atoms[2] 35
 iTor->atoms[3] 25
tmpTors 
atom 1 C29 atom 2 C31 atom 3 C42 atom 4 C32
4. Number of torsions is 21
5. Number of torsions is 183
selectOneTorFromOneBond 25_35
tors idx 54
xxxxTorsion seriNumb 54
atom1 23
 atom2 25
atom 3 35
atom 4 24
added 6 
3. Number of torsions is 22
size of miniTorsions 22
Tor 1
 iTor->atoms[0] 2
 iTor->atoms[1] 1 iTor->atoms[2] 0
 iTor->atoms[3] 40
tmpTors 
atom 1 C3 atom 2 C2 atom 3 N1 atom 4 H8
Tor 2
 iTor->atoms[0] 9
 iTor->atoms[1] 10 iTor->atoms[2] 11
 iTor->atoms[3] 12
tmpTors 
atom 1 N16 atom 2 C17 atom 3 C18 atom 4 C19
Tor 3
 iTor->atoms[0] 9
 iTor->atoms[1] 10 iTor->atoms[2] 38
 iTor->atoms[3] 30
tmpTors 
atom 1 N16 atom 2 C17 atom 3 N45 atom 4 N37
Tor 4
 iTor->atoms[0] 10
 iTor->atoms[1] 11 iTor->atoms[2] 12
 iTor->atoms[3] 14
tmpTors 
atom 1 C17 atom 2 C18 atom 3 C19 atom 4 N21
Tor 5
 iTor->atoms[0] 10
 iTor->atoms[1] 11 iTor->atoms[2] 36
 iTor->atoms[3] 30
tmpTors 
atom 1 C17 atom 2 C18 atom 3 C43 atom 4 N37
Tor 6
 iTor->atoms[0] 7
 iTor->atoms[1] 12 iTor->atoms[2] 14
 iTor->atoms[3] 48
tmpTors 
atom 1 N14 atom 2 C19 atom 3 N21 atom 4 H49
Tor 7
 iTor->atoms[0] 5
 iTor->atoms[1] 13 iTor->atoms[2] 16
 iTor->atoms[3] 32
tmpTors 
atom 1 S6 atom 2 C20 atom 3 C23 atom 4 C39
Tor 8
 iTor->atoms[0] 13
 iTor->atoms[1] 16 iTor->atoms[2] 32
 iTor->atoms[3] 15
tmpTors 
atom 1 C20 atom 2 C23 atom 3 C39 atom 4 O22
Tor 9
 iTor->atoms[0] 19
 iTor->atoms[1] 17 iTor->atoms[2] 18
 iTor->atoms[3] 20
tmpTors 
atom 1 C26 atom 2 C24 atom 3 C25 atom 4 C27
Tor 10
 iTor->atoms[0] 18
 iTor->atoms[1] 17 iTor->atoms[2] 19
 iTor->atoms[3] 21
tmpTors 
atom 1 C25 atom 2 C24 atom 3 C26 atom 4 C28
Tor 11
 iTor->atoms[0] 17
 iTor->atoms[1] 18 iTor->atoms[2] 20
 iTor->atoms[3] 33
tmpTors 
atom 1 C24 atom 2 C25 atom 3 C27 atom 4 C40
Tor 12
 iTor->atoms[0] 17
 iTor->atoms[1] 19 iTor->atoms[2] 21
 iTor->atoms[3] 33
tmpTors 
atom 1 C24 atom 2 C26 atom 3 C28 atom 4 C40
Tor 13
 iTor->atoms[0] 3
 iTor->atoms[1] 2 iTor->atoms[2] 1
 iTor->atoms[3] 0
tmpTors 
atom 1 O4 atom 2 C3 atom 3 C2 atom 4 N1
Tor 14
 iTor->atoms[0] 0
 iTor->atoms[1] 1 iTor->atoms[2] 4
 iTor->atoms[3] 5
tmpTors 
atom 1 N1 atom 2 C2 atom 3 C5 atom 4 S6
Tor 15
 iTor->atoms[0] 18
 iTor->atoms[1] 20 iTor->atoms[2] 33
 iTor->atoms[3] 31
tmpTors 
atom 1 C25 atom 2 C27 atom 3 C40 atom 4 O38
Tor 16
 iTor->atoms[0] 19
 iTor->atoms[1] 21 iTor->atoms[2] 33
 iTor->atoms[3] 31
tmpTors 
atom 1 C26 atom 2 C28 atom 3 C40 atom 4 O38
Tor 17
 iTor->atoms[0] 34
 iTor->atoms[1] 22 iTor->atoms[2] 24
 iTor->atoms[3] 35
tmpTors 
atom 1 C41 atom 2 C29 atom 3 C31 atom 4 C42
Tor 18
 iTor->atoms[0] 24
 iTor->atoms[1] 22 iTor->atoms[2] 34
 iTor->atoms[3] 31
tmpTors 
atom 1 C31 atom 2 C29 atom 3 C41 atom 4 O38
Tor 19
 iTor->atoms[0] 34
 iTor->atoms[1] 23 iTor->atoms[2] 25
 iTor->atoms[3] 35
tmpTors 
atom 1 C41 atom 2 C30 atom 3 C32 atom 4 C42
Tor 20
 iTor->atoms[0] 25
 iTor->atoms[1] 23 iTor->atoms[2] 34
 iTor->atoms[3] 31
tmpTors 
atom 1 C32 atom 2 C30 atom 3 C41 atom 4 O38
Tor 21
 iTor->atoms[0] 22
 iTor->atoms[1] 24 iTor->atoms[2] 35
 iTor->atoms[3] 25
tmpTors 
atom 1 C29 atom 2 C31 atom 3 C42 atom 4 C32
Tor 22
 iTor->atoms[0] 23
 iTor->atoms[1] 25 iTor->atoms[2] 35
 iTor->atoms[3] 24
tmpTors 
atom 1 C30 atom 2 C32 atom 3 C42 atom 4 C31
4. Number of torsions is 22
5. Number of torsions is 183
selectOneTorFromOneBond 26_27
tors idx 154
xxxxTorsion seriNumb 154
atom1 28
 atom2 26
atom 3 27
atom 4 37
added 6 
3. Number of torsions is 23
size of miniTorsions 23
Tor 1
 iTor->atoms[0] 2
 iTor->atoms[1] 1 iTor->atoms[2] 0
 iTor->atoms[3] 40
tmpTors 
atom 1 C3 atom 2 C2 atom 3 N1 atom 4 H8
Tor 2
 iTor->atoms[0] 9
 iTor->atoms[1] 10 iTor->atoms[2] 11
 iTor->atoms[3] 12
tmpTors 
atom 1 N16 atom 2 C17 atom 3 C18 atom 4 C19
Tor 3
 iTor->atoms[0] 9
 iTor->atoms[1] 10 iTor->atoms[2] 38
 iTor->atoms[3] 30
tmpTors 
atom 1 N16 atom 2 C17 atom 3 N45 atom 4 N37
Tor 4
 iTor->atoms[0] 10
 iTor->atoms[1] 11 iTor->atoms[2] 12
 iTor->atoms[3] 14
tmpTors 
atom 1 C17 atom 2 C18 atom 3 C19 atom 4 N21
Tor 5
 iTor->atoms[0] 10
 iTor->atoms[1] 11 iTor->atoms[2] 36
 iTor->atoms[3] 30
tmpTors 
atom 1 C17 atom 2 C18 atom 3 C43 atom 4 N37
Tor 6
 iTor->atoms[0] 7
 iTor->atoms[1] 12 iTor->atoms[2] 14
 iTor->atoms[3] 48
tmpTors 
atom 1 N14 atom 2 C19 atom 3 N21 atom 4 H49
Tor 7
 iTor->atoms[0] 5
 iTor->atoms[1] 13 iTor->atoms[2] 16
 iTor->atoms[3] 32
tmpTors 
atom 1 S6 atom 2 C20 atom 3 C23 atom 4 C39
Tor 8
 iTor->atoms[0] 13
 iTor->atoms[1] 16 iTor->atoms[2] 32
 iTor->atoms[3] 15
tmpTors 
atom 1 C20 atom 2 C23 atom 3 C39 atom 4 O22
Tor 9
 iTor->atoms[0] 19
 iTor->atoms[1] 17 iTor->atoms[2] 18
 iTor->atoms[3] 20
tmpTors 
atom 1 C26 atom 2 C24 atom 3 C25 atom 4 C27
Tor 10
 iTor->atoms[0] 18
 iTor->atoms[1] 17 iTor->atoms[2] 19
 iTor->atoms[3] 21
tmpTors 
atom 1 C25 atom 2 C24 atom 3 C26 atom 4 C28
Tor 11
 iTor->atoms[0] 17
 iTor->atoms[1] 18 iTor->atoms[2] 20
 iTor->atoms[3] 33
tmpTors 
atom 1 C24 atom 2 C25 atom 3 C27 atom 4 C40
Tor 12
 iTor->atoms[0] 17
 iTor->atoms[1] 19 iTor->atoms[2] 21
 iTor->atoms[3] 33
tmpTors 
atom 1 C24 atom 2 C26 atom 3 C28 atom 4 C40
Tor 13
 iTor->atoms[0] 3
 iTor->atoms[1] 2 iTor->atoms[2] 1
 iTor->atoms[3] 0
tmpTors 
atom 1 O4 atom 2 C3 atom 3 C2 atom 4 N1
Tor 14
 iTor->atoms[0] 0
 iTor->atoms[1] 1 iTor->atoms[2] 4
 iTor->atoms[3] 5
tmpTors 
atom 1 N1 atom 2 C2 atom 3 C5 atom 4 S6
Tor 15
 iTor->atoms[0] 18
 iTor->atoms[1] 20 iTor->atoms[2] 33
 iTor->atoms[3] 31
tmpTors 
atom 1 C25 atom 2 C27 atom 3 C40 atom 4 O38
Tor 16
 iTor->atoms[0] 19
 iTor->atoms[1] 21 iTor->atoms[2] 33
 iTor->atoms[3] 31
tmpTors 
atom 1 C26 atom 2 C28 atom 3 C40 atom 4 O38
Tor 17
 iTor->atoms[0] 34
 iTor->atoms[1] 22 iTor->atoms[2] 24
 iTor->atoms[3] 35
tmpTors 
atom 1 C41 atom 2 C29 atom 3 C31 atom 4 C42
Tor 18
 iTor->atoms[0] 24
 iTor->atoms[1] 22 iTor->atoms[2] 34
 iTor->atoms[3] 31
tmpTors 
atom 1 C31 atom 2 C29 atom 3 C41 atom 4 O38
Tor 19
 iTor->atoms[0] 34
 iTor->atoms[1] 23 iTor->atoms[2] 25
 iTor->atoms[3] 35
tmpTors 
atom 1 C41 atom 2 C30 atom 3 C32 atom 4 C42
Tor 20
 iTor->atoms[0] 25
 iTor->atoms[1] 23 iTor->atoms[2] 34
 iTor->atoms[3] 31
tmpTors 
atom 1 C32 atom 2 C30 atom 3 C41 atom 4 O38
Tor 21
 iTor->atoms[0] 22
 iTor->atoms[1] 24 iTor->atoms[2] 35
 iTor->atoms[3] 25
tmpTors 
atom 1 C29 atom 2 C31 atom 3 C42 atom 4 C32
Tor 22
 iTor->atoms[0] 23
 iTor->atoms[1] 25 iTor->atoms[2] 35
 iTor->atoms[3] 24
tmpTors 
atom 1 C30 atom 2 C32 atom 3 C42 atom 4 C31
Tor 23
 iTor->atoms[0] 28
 iTor->atoms[1] 26 iTor->atoms[2] 27
 iTor->atoms[3] 37
tmpTors 
atom 1 C35 atom 2 C33 atom 3 C34 atom 4 C44
4. Number of torsions is 23
5. Number of torsions is 183
selectOneTorFromOneBond 26_28
tors idx 66
xxxxTorsion seriNumb 66
atom1 27
 atom2 26
atom 3 28
atom 4 39
added 6 
3. Number of torsions is 24
size of miniTorsions 24
Tor 1
 iTor->atoms[0] 2
 iTor->atoms[1] 1 iTor->atoms[2] 0
 iTor->atoms[3] 40
tmpTors 
atom 1 C3 atom 2 C2 atom 3 N1 atom 4 H8
Tor 2
 iTor->atoms[0] 9
 iTor->atoms[1] 10 iTor->atoms[2] 11
 iTor->atoms[3] 12
tmpTors 
atom 1 N16 atom 2 C17 atom 3 C18 atom 4 C19
Tor 3
 iTor->atoms[0] 9
 iTor->atoms[1] 10 iTor->atoms[2] 38
 iTor->atoms[3] 30
tmpTors 
atom 1 N16 atom 2 C17 atom 3 N45 atom 4 N37
Tor 4
 iTor->atoms[0] 10
 iTor->atoms[1] 11 iTor->atoms[2] 12
 iTor->atoms[3] 14
tmpTors 
atom 1 C17 atom 2 C18 atom 3 C19 atom 4 N21
Tor 5
 iTor->atoms[0] 10
 iTor->atoms[1] 11 iTor->atoms[2] 36
 iTor->atoms[3] 30
tmpTors 
atom 1 C17 atom 2 C18 atom 3 C43 atom 4 N37
Tor 6
 iTor->atoms[0] 7
 iTor->atoms[1] 12 iTor->atoms[2] 14
 iTor->atoms[3] 48
tmpTors 
atom 1 N14 atom 2 C19 atom 3 N21 atom 4 H49
Tor 7
 iTor->atoms[0] 5
 iTor->atoms[1] 13 iTor->atoms[2] 16
 iTor->atoms[3] 32
tmpTors 
atom 1 S6 atom 2 C20 atom 3 C23 atom 4 C39
Tor 8
 iTor->atoms[0] 13
 iTor->atoms[1] 16 iTor->atoms[2] 32
 iTor->atoms[3] 15
tmpTors 
atom 1 C20 atom 2 C23 atom 3 C39 atom 4 O22
Tor 9
 iTor->atoms[0] 19
 iTor->atoms[1] 17 iTor->atoms[2] 18
 iTor->atoms[3] 20
tmpTors 
atom 1 C26 atom 2 C24 atom 3 C25 atom 4 C27
Tor 10
 iTor->atoms[0] 18
 iTor->atoms[1] 17 iTor->atoms[2] 19
 iTor->atoms[3] 21
tmpTors 
atom 1 C25 atom 2 C24 atom 3 C26 atom 4 C28
Tor 11
 iTor->atoms[0] 17
 iTor->atoms[1] 18 iTor->atoms[2] 20
 iTor->atoms[3] 33
tmpTors 
atom 1 C24 atom 2 C25 atom 3 C27 atom 4 C40
Tor 12
 iTor->atoms[0] 17
 iTor->atoms[1] 19 iTor->atoms[2] 21
 iTor->atoms[3] 33
tmpTors 
atom 1 C24 atom 2 C26 atom 3 C28 atom 4 C40
Tor 13
 iTor->atoms[0] 3
 iTor->atoms[1] 2 iTor->atoms[2] 1
 iTor->atoms[3] 0
tmpTors 
atom 1 O4 atom 2 C3 atom 3 C2 atom 4 N1
Tor 14
 iTor->atoms[0] 0
 iTor->atoms[1] 1 iTor->atoms[2] 4
 iTor->atoms[3] 5
tmpTors 
atom 1 N1 atom 2 C2 atom 3 C5 atom 4 S6
Tor 15
 iTor->atoms[0] 18
 iTor->atoms[1] 20 iTor->atoms[2] 33
 iTor->atoms[3] 31
tmpTors 
atom 1 C25 atom 2 C27 atom 3 C40 atom 4 O38
Tor 16
 iTor->atoms[0] 19
 iTor->atoms[1] 21 iTor->atoms[2] 33
 iTor->atoms[3] 31
tmpTors 
atom 1 C26 atom 2 C28 atom 3 C40 atom 4 O38
Tor 17
 iTor->atoms[0] 34
 iTor->atoms[1] 22 iTor->atoms[2] 24
 iTor->atoms[3] 35
tmpTors 
atom 1 C41 atom 2 C29 atom 3 C31 atom 4 C42
Tor 18
 iTor->atoms[0] 24
 iTor->atoms[1] 22 iTor->atoms[2] 34
 iTor->atoms[3] 31
tmpTors 
atom 1 C31 atom 2 C29 atom 3 C41 atom 4 O38
Tor 19
 iTor->atoms[0] 34
 iTor->atoms[1] 23 iTor->atoms[2] 25
 iTor->atoms[3] 35
tmpTors 
atom 1 C41 atom 2 C30 atom 3 C32 atom 4 C42
Tor 20
 iTor->atoms[0] 25
 iTor->atoms[1] 23 iTor->atoms[2] 34
 iTor->atoms[3] 31
tmpTors 
atom 1 C32 atom 2 C30 atom 3 C41 atom 4 O38
Tor 21
 iTor->atoms[0] 22
 iTor->atoms[1] 24 iTor->atoms[2] 35
 iTor->atoms[3] 25
tmpTors 
atom 1 C29 atom 2 C31 atom 3 C42 atom 4 C32
Tor 22
 iTor->atoms[0] 23
 iTor->atoms[1] 25 iTor->atoms[2] 35
 iTor->atoms[3] 24
tmpTors 
atom 1 C30 atom 2 C32 atom 3 C42 atom 4 C31
Tor 23
 iTor->atoms[0] 28
 iTor->atoms[1] 26 iTor->atoms[2] 27
 iTor->atoms[3] 37
tmpTors 
atom 1 C35 atom 2 C33 atom 3 C34 atom 4 C44
Tor 24
 iTor->atoms[0] 27
 iTor->atoms[1] 26 iTor->atoms[2] 28
 iTor->atoms[3] 39
tmpTors 
atom 1 C34 atom 2 C33 atom 3 C35 atom 4 N46
4. Number of torsions is 24
5. Number of torsions is 183
selectOneTorFromOneBond 27_37
tors idx 96
xxxxTorsion seriNumb 96
atom1 26
 atom2 27
atom 3 37
atom 4 29
added 6 
3. Number of torsions is 25
size of miniTorsions 25
Tor 1
 iTor->atoms[0] 2
 iTor->atoms[1] 1 iTor->atoms[2] 0
 iTor->atoms[3] 40
tmpTors 
atom 1 C3 atom 2 C2 atom 3 N1 atom 4 H8
Tor 2
 iTor->atoms[0] 9
 iTor->atoms[1] 10 iTor->atoms[2] 11
 iTor->atoms[3] 12
tmpTors 
atom 1 N16 atom 2 C17 atom 3 C18 atom 4 C19
Tor 3
 iTor->atoms[0] 9
 iTor->atoms[1] 10 iTor->atoms[2] 38
 iTor->atoms[3] 30
tmpTors 
atom 1 N16 atom 2 C17 atom 3 N45 atom 4 N37
Tor 4
 iTor->atoms[0] 10
 iTor->atoms[1] 11 iTor->atoms[2] 12
 iTor->atoms[3] 14
tmpTors 
atom 1 C17 atom 2 C18 atom 3 C19 atom 4 N21
Tor 5
 iTor->atoms[0] 10
 iTor->atoms[1] 11 iTor->atoms[2] 36
 iTor->atoms[3] 30
tmpTors 
atom 1 C17 atom 2 C18 atom 3 C43 atom 4 N37
Tor 6
 iTor->atoms[0] 7
 iTor->atoms[1] 12 iTor->atoms[2] 14
 iTor->atoms[3] 48
tmpTors 
atom 1 N14 atom 2 C19 atom 3 N21 atom 4 H49
Tor 7
 iTor->atoms[0] 5
 iTor->atoms[1] 13 iTor->atoms[2] 16
 iTor->atoms[3] 32
tmpTors 
atom 1 S6 atom 2 C20 atom 3 C23 atom 4 C39
Tor 8
 iTor->atoms[0] 13
 iTor->atoms[1] 16 iTor->atoms[2] 32
 iTor->atoms[3] 15
tmpTors 
atom 1 C20 atom 2 C23 atom 3 C39 atom 4 O22
Tor 9
 iTor->atoms[0] 19
 iTor->atoms[1] 17 iTor->atoms[2] 18
 iTor->atoms[3] 20
tmpTors 
atom 1 C26 atom 2 C24 atom 3 C25 atom 4 C27
Tor 10
 iTor->atoms[0] 18
 iTor->atoms[1] 17 iTor->atoms[2] 19
 iTor->atoms[3] 21
tmpTors 
atom 1 C25 atom 2 C24 atom 3 C26 atom 4 C28
Tor 11
 iTor->atoms[0] 17
 iTor->atoms[1] 18 iTor->atoms[2] 20
 iTor->atoms[3] 33
tmpTors 
atom 1 C24 atom 2 C25 atom 3 C27 atom 4 C40
Tor 12
 iTor->atoms[0] 17
 iTor->atoms[1] 19 iTor->atoms[2] 21
 iTor->atoms[3] 33
tmpTors 
atom 1 C24 atom 2 C26 atom 3 C28 atom 4 C40
Tor 13
 iTor->atoms[0] 3
 iTor->atoms[1] 2 iTor->atoms[2] 1
 iTor->atoms[3] 0
tmpTors 
atom 1 O4 atom 2 C3 atom 3 C2 atom 4 N1
Tor 14
 iTor->atoms[0] 0
 iTor->atoms[1] 1 iTor->atoms[2] 4
 iTor->atoms[3] 5
tmpTors 
atom 1 N1 atom 2 C2 atom 3 C5 atom 4 S6
Tor 15
 iTor->atoms[0] 18
 iTor->atoms[1] 20 iTor->atoms[2] 33
 iTor->atoms[3] 31
tmpTors 
atom 1 C25 atom 2 C27 atom 3 C40 atom 4 O38
Tor 16
 iTor->atoms[0] 19
 iTor->atoms[1] 21 iTor->atoms[2] 33
 iTor->atoms[3] 31
tmpTors 
atom 1 C26 atom 2 C28 atom 3 C40 atom 4 O38
Tor 17
 iTor->atoms[0] 34
 iTor->atoms[1] 22 iTor->atoms[2] 24
 iTor->atoms[3] 35
tmpTors 
atom 1 C41 atom 2 C29 atom 3 C31 atom 4 C42
Tor 18
 iTor->atoms[0] 24
 iTor->atoms[1] 22 iTor->atoms[2] 34
 iTor->atoms[3] 31
tmpTors 
atom 1 C31 atom 2 C29 atom 3 C41 atom 4 O38
Tor 19
 iTor->atoms[0] 34
 iTor->atoms[1] 23 iTor->atoms[2] 25
 iTor->atoms[3] 35
tmpTors 
atom 1 C41 atom 2 C30 atom 3 C32 atom 4 C42
Tor 20
 iTor->atoms[0] 25
 iTor->atoms[1] 23 iTor->atoms[2] 34
 iTor->atoms[3] 31
tmpTors 
atom 1 C32 atom 2 C30 atom 3 C41 atom 4 O38
Tor 21
 iTor->atoms[0] 22
 iTor->atoms[1] 24 iTor->atoms[2] 35
 iTor->atoms[3] 25
tmpTors 
atom 1 C29 atom 2 C31 atom 3 C42 atom 4 C32
Tor 22
 iTor->atoms[0] 23
 iTor->atoms[1] 25 iTor->atoms[2] 35
 iTor->atoms[3] 24
tmpTors 
atom 1 C30 atom 2 C32 atom 3 C42 atom 4 C31
Tor 23
 iTor->atoms[0] 28
 iTor->atoms[1] 26 iTor->atoms[2] 27
 iTor->atoms[3] 37
tmpTors 
atom 1 C35 atom 2 C33 atom 3 C34 atom 4 C44
Tor 24
 iTor->atoms[0] 27
 iTor->atoms[1] 26 iTor->atoms[2] 28
 iTor->atoms[3] 39
tmpTors 
atom 1 C34 atom 2 C33 atom 3 C35 atom 4 N46
Tor 25
 iTor->atoms[0] 26
 iTor->atoms[1] 27 iTor->atoms[2] 37
 iTor->atoms[3] 29
tmpTors 
atom 1 C33 atom 2 C34 atom 3 C44 atom 4 C36
4. Number of torsions is 25
5. Number of torsions is 183
selectOneTorFromOneBond 28_39
tors idx 78
xxxxTorsion seriNumb 78
atom1 32
 atom2 39
atom 3 28
atom 4 26
added 4 
3. Number of torsions is 26
size of miniTorsions 26
Tor 1
 iTor->atoms[0] 2
 iTor->atoms[1] 1 iTor->atoms[2] 0
 iTor->atoms[3] 40
tmpTors 
atom 1 C3 atom 2 C2 atom 3 N1 atom 4 H8
Tor 2
 iTor->atoms[0] 9
 iTor->atoms[1] 10 iTor->atoms[2] 11
 iTor->atoms[3] 12
tmpTors 
atom 1 N16 atom 2 C17 atom 3 C18 atom 4 C19
Tor 3
 iTor->atoms[0] 9
 iTor->atoms[1] 10 iTor->atoms[2] 38
 iTor->atoms[3] 30
tmpTors 
atom 1 N16 atom 2 C17 atom 3 N45 atom 4 N37
Tor 4
 iTor->atoms[0] 10
 iTor->atoms[1] 11 iTor->atoms[2] 12
 iTor->atoms[3] 14
tmpTors 
atom 1 C17 atom 2 C18 atom 3 C19 atom 4 N21
Tor 5
 iTor->atoms[0] 10
 iTor->atoms[1] 11 iTor->atoms[2] 36
 iTor->atoms[3] 30
tmpTors 
atom 1 C17 atom 2 C18 atom 3 C43 atom 4 N37
Tor 6
 iTor->atoms[0] 7
 iTor->atoms[1] 12 iTor->atoms[2] 14
 iTor->atoms[3] 48
tmpTors 
atom 1 N14 atom 2 C19 atom 3 N21 atom 4 H49
Tor 7
 iTor->atoms[0] 5
 iTor->atoms[1] 13 iTor->atoms[2] 16
 iTor->atoms[3] 32
tmpTors 
atom 1 S6 atom 2 C20 atom 3 C23 atom 4 C39
Tor 8
 iTor->atoms[0] 13
 iTor->atoms[1] 16 iTor->atoms[2] 32
 iTor->atoms[3] 15
tmpTors 
atom 1 C20 atom 2 C23 atom 3 C39 atom 4 O22
Tor 9
 iTor->atoms[0] 19
 iTor->atoms[1] 17 iTor->atoms[2] 18
 iTor->atoms[3] 20
tmpTors 
atom 1 C26 atom 2 C24 atom 3 C25 atom 4 C27
Tor 10
 iTor->atoms[0] 18
 iTor->atoms[1] 17 iTor->atoms[2] 19
 iTor->atoms[3] 21
tmpTors 
atom 1 C25 atom 2 C24 atom 3 C26 atom 4 C28
Tor 11
 iTor->atoms[0] 17
 iTor->atoms[1] 18 iTor->atoms[2] 20
 iTor->atoms[3] 33
tmpTors 
atom 1 C24 atom 2 C25 atom 3 C27 atom 4 C40
Tor 12
 iTor->atoms[0] 17
 iTor->atoms[1] 19 iTor->atoms[2] 21
 iTor->atoms[3] 33
tmpTors 
atom 1 C24 atom 2 C26 atom 3 C28 atom 4 C40
Tor 13
 iTor->atoms[0] 3
 iTor->atoms[1] 2 iTor->atoms[2] 1
 iTor->atoms[3] 0
tmpTors 
atom 1 O4 atom 2 C3 atom 3 C2 atom 4 N1
Tor 14
 iTor->atoms[0] 0
 iTor->atoms[1] 1 iTor->atoms[2] 4
 iTor->atoms[3] 5
tmpTors 
atom 1 N1 atom 2 C2 atom 3 C5 atom 4 S6
Tor 15
 iTor->atoms[0] 18
 iTor->atoms[1] 20 iTor->atoms[2] 33
 iTor->atoms[3] 31
tmpTors 
atom 1 C25 atom 2 C27 atom 3 C40 atom 4 O38
Tor 16
 iTor->atoms[0] 19
 iTor->atoms[1] 21 iTor->atoms[2] 33
 iTor->atoms[3] 31
tmpTors 
atom 1 C26 atom 2 C28 atom 3 C40 atom 4 O38
Tor 17
 iTor->atoms[0] 34
 iTor->atoms[1] 22 iTor->atoms[2] 24
 iTor->atoms[3] 35
tmpTors 
atom 1 C41 atom 2 C29 atom 3 C31 atom 4 C42
Tor 18
 iTor->atoms[0] 24
 iTor->atoms[1] 22 iTor->atoms[2] 34
 iTor->atoms[3] 31
tmpTors 
atom 1 C31 atom 2 C29 atom 3 C41 atom 4 O38
Tor 19
 iTor->atoms[0] 34
 iTor->atoms[1] 23 iTor->atoms[2] 25
 iTor->atoms[3] 35
tmpTors 
atom 1 C41 atom 2 C30 atom 3 C32 atom 4 C42
Tor 20
 iTor->atoms[0] 25
 iTor->atoms[1] 23 iTor->atoms[2] 34
 iTor->atoms[3] 31
tmpTors 
atom 1 C32 atom 2 C30 atom 3 C41 atom 4 O38
Tor 21
 iTor->atoms[0] 22
 iTor->atoms[1] 24 iTor->atoms[2] 35
 iTor->atoms[3] 25
tmpTors 
atom 1 C29 atom 2 C31 atom 3 C42 atom 4 C32
Tor 22
 iTor->atoms[0] 23
 iTor->atoms[1] 25 iTor->atoms[2] 35
 iTor->atoms[3] 24
tmpTors 
atom 1 C30 atom 2 C32 atom 3 C42 atom 4 C31
Tor 23
 iTor->atoms[0] 28
 iTor->atoms[1] 26 iTor->atoms[2] 27
 iTor->atoms[3] 37
tmpTors 
atom 1 C35 atom 2 C33 atom 3 C34 atom 4 C44
Tor 24
 iTor->atoms[0] 27
 iTor->atoms[1] 26 iTor->atoms[2] 28
 iTor->atoms[3] 39
tmpTors 
atom 1 C34 atom 2 C33 atom 3 C35 atom 4 N46
Tor 25
 iTor->atoms[0] 26
 iTor->atoms[1] 27 iTor->atoms[2] 37
 iTor->atoms[3] 29
tmpTors 
atom 1 C33 atom 2 C34 atom 3 C44 atom 4 C36
Tor 26
 iTor->atoms[0] 32
 iTor->atoms[1] 39 iTor->atoms[2] 28
 iTor->atoms[3] 26
tmpTors 
atom 1 C39 atom 2 N46 atom 3 C35 atom 4 C33
4. Number of torsions is 26
5. Number of torsions is 183
selectOneTorFromOneBond 29_37
tors idx 87
xxxxTorsion seriNumb 87
atom1 39
 atom2 29
atom 3 37
atom 4 27
added 6 
3. Number of torsions is 27
size of miniTorsions 27
Tor 1
 iTor->atoms[0] 2
 iTor->atoms[1] 1 iTor->atoms[2] 0
 iTor->atoms[3] 40
tmpTors 
atom 1 C3 atom 2 C2 atom 3 N1 atom 4 H8
Tor 2
 iTor->atoms[0] 9
 iTor->atoms[1] 10 iTor->atoms[2] 11
 iTor->atoms[3] 12
tmpTors 
atom 1 N16 atom 2 C17 atom 3 C18 atom 4 C19
Tor 3
 iTor->atoms[0] 9
 iTor->atoms[1] 10 iTor->atoms[2] 38
 iTor->atoms[3] 30
tmpTors 
atom 1 N16 atom 2 C17 atom 3 N45 atom 4 N37
Tor 4
 iTor->atoms[0] 10
 iTor->atoms[1] 11 iTor->atoms[2] 12
 iTor->atoms[3] 14
tmpTors 
atom 1 C17 atom 2 C18 atom 3 C19 atom 4 N21
Tor 5
 iTor->atoms[0] 10
 iTor->atoms[1] 11 iTor->atoms[2] 36
 iTor->atoms[3] 30
tmpTors 
atom 1 C17 atom 2 C18 atom 3 C43 atom 4 N37
Tor 6
 iTor->atoms[0] 7
 iTor->atoms[1] 12 iTor->atoms[2] 14
 iTor->atoms[3] 48
tmpTors 
atom 1 N14 atom 2 C19 atom 3 N21 atom 4 H49
Tor 7
 iTor->atoms[0] 5
 iTor->atoms[1] 13 iTor->atoms[2] 16
 iTor->atoms[3] 32
tmpTors 
atom 1 S6 atom 2 C20 atom 3 C23 atom 4 C39
Tor 8
 iTor->atoms[0] 13
 iTor->atoms[1] 16 iTor->atoms[2] 32
 iTor->atoms[3] 15
tmpTors 
atom 1 C20 atom 2 C23 atom 3 C39 atom 4 O22
Tor 9
 iTor->atoms[0] 19
 iTor->atoms[1] 17 iTor->atoms[2] 18
 iTor->atoms[3] 20
tmpTors 
atom 1 C26 atom 2 C24 atom 3 C25 atom 4 C27
Tor 10
 iTor->atoms[0] 18
 iTor->atoms[1] 17 iTor->atoms[2] 19
 iTor->atoms[3] 21
tmpTors 
atom 1 C25 atom 2 C24 atom 3 C26 atom 4 C28
Tor 11
 iTor->atoms[0] 17
 iTor->atoms[1] 18 iTor->atoms[2] 20
 iTor->atoms[3] 33
tmpTors 
atom 1 C24 atom 2 C25 atom 3 C27 atom 4 C40
Tor 12
 iTor->atoms[0] 17
 iTor->atoms[1] 19 iTor->atoms[2] 21
 iTor->atoms[3] 33
tmpTors 
atom 1 C24 atom 2 C26 atom 3 C28 atom 4 C40
Tor 13
 iTor->atoms[0] 3
 iTor->atoms[1] 2 iTor->atoms[2] 1
 iTor->atoms[3] 0
tmpTors 
atom 1 O4 atom 2 C3 atom 3 C2 atom 4 N1
Tor 14
 iTor->atoms[0] 0
 iTor->atoms[1] 1 iTor->atoms[2] 4
 iTor->atoms[3] 5
tmpTors 
atom 1 N1 atom 2 C2 atom 3 C5 atom 4 S6
Tor 15
 iTor->atoms[0] 18
 iTor->atoms[1] 20 iTor->atoms[2] 33
 iTor->atoms[3] 31
tmpTors 
atom 1 C25 atom 2 C27 atom 3 C40 atom 4 O38
Tor 16
 iTor->atoms[0] 19
 iTor->atoms[1] 21 iTor->atoms[2] 33
 iTor->atoms[3] 31
tmpTors 
atom 1 C26 atom 2 C28 atom 3 C40 atom 4 O38
Tor 17
 iTor->atoms[0] 34
 iTor->atoms[1] 22 iTor->atoms[2] 24
 iTor->atoms[3] 35
tmpTors 
atom 1 C41 atom 2 C29 atom 3 C31 atom 4 C42
Tor 18
 iTor->atoms[0] 24
 iTor->atoms[1] 22 iTor->atoms[2] 34
 iTor->atoms[3] 31
tmpTors 
atom 1 C31 atom 2 C29 atom 3 C41 atom 4 O38
Tor 19
 iTor->atoms[0] 34
 iTor->atoms[1] 23 iTor->atoms[2] 25
 iTor->atoms[3] 35
tmpTors 
atom 1 C41 atom 2 C30 atom 3 C32 atom 4 C42
Tor 20
 iTor->atoms[0] 25
 iTor->atoms[1] 23 iTor->atoms[2] 34
 iTor->atoms[3] 31
tmpTors 
atom 1 C32 atom 2 C30 atom 3 C41 atom 4 O38
Tor 21
 iTor->atoms[0] 22
 iTor->atoms[1] 24 iTor->atoms[2] 35
 iTor->atoms[3] 25
tmpTors 
atom 1 C29 atom 2 C31 atom 3 C42 atom 4 C32
Tor 22
 iTor->atoms[0] 23
 iTor->atoms[1] 25 iTor->atoms[2] 35
 iTor->atoms[3] 24
tmpTors 
atom 1 C30 atom 2 C32 atom 3 C42 atom 4 C31
Tor 23
 iTor->atoms[0] 28
 iTor->atoms[1] 26 iTor->atoms[2] 27
 iTor->atoms[3] 37
tmpTors 
atom 1 C35 atom 2 C33 atom 3 C34 atom 4 C44
Tor 24
 iTor->atoms[0] 27
 iTor->atoms[1] 26 iTor->atoms[2] 28
 iTor->atoms[3] 39
tmpTors 
atom 1 C34 atom 2 C33 atom 3 C35 atom 4 N46
Tor 25
 iTor->atoms[0] 26
 iTor->atoms[1] 27 iTor->atoms[2] 37
 iTor->atoms[3] 29
tmpTors 
atom 1 C33 atom 2 C34 atom 3 C44 atom 4 C36
Tor 26
 iTor->atoms[0] 32
 iTor->atoms[1] 39 iTor->atoms[2] 28
 iTor->atoms[3] 26
tmpTors 
atom 1 C39 atom 2 N46 atom 3 C35 atom 4 C33
Tor 27
 iTor->atoms[0] 39
 iTor->atoms[1] 29 iTor->atoms[2] 37
 iTor->atoms[3] 27
tmpTors 
atom 1 N46 atom 2 C36 atom 3 C44 atom 4 C34
4. Number of torsions is 27
5. Number of torsions is 183
selectOneTorFromOneBond 29_39
tors idx 84
xxxxTorsion seriNumb 84
atom1 32
 atom2 39
atom 3 29
atom 4 37
added 4 
3. Number of torsions is 28
size of miniTorsions 28
Tor 1
 iTor->atoms[0] 2
 iTor->atoms[1] 1 iTor->atoms[2] 0
 iTor->atoms[3] 40
tmpTors 
atom 1 C3 atom 2 C2 atom 3 N1 atom 4 H8
Tor 2
 iTor->atoms[0] 9
 iTor->atoms[1] 10 iTor->atoms[2] 11
 iTor->atoms[3] 12
tmpTors 
atom 1 N16 atom 2 C17 atom 3 C18 atom 4 C19
Tor 3
 iTor->atoms[0] 9
 iTor->atoms[1] 10 iTor->atoms[2] 38
 iTor->atoms[3] 30
tmpTors 
atom 1 N16 atom 2 C17 atom 3 N45 atom 4 N37
Tor 4
 iTor->atoms[0] 10
 iTor->atoms[1] 11 iTor->atoms[2] 12
 iTor->atoms[3] 14
tmpTors 
atom 1 C17 atom 2 C18 atom 3 C19 atom 4 N21
Tor 5
 iTor->atoms[0] 10
 iTor->atoms[1] 11 iTor->atoms[2] 36
 iTor->atoms[3] 30
tmpTors 
atom 1 C17 atom 2 C18 atom 3 C43 atom 4 N37
Tor 6
 iTor->atoms[0] 7
 iTor->atoms[1] 12 iTor->atoms[2] 14
 iTor->atoms[3] 48
tmpTors 
atom 1 N14 atom 2 C19 atom 3 N21 atom 4 H49
Tor 7
 iTor->atoms[0] 5
 iTor->atoms[1] 13 iTor->atoms[2] 16
 iTor->atoms[3] 32
tmpTors 
atom 1 S6 atom 2 C20 atom 3 C23 atom 4 C39
Tor 8
 iTor->atoms[0] 13
 iTor->atoms[1] 16 iTor->atoms[2] 32
 iTor->atoms[3] 15
tmpTors 
atom 1 C20 atom 2 C23 atom 3 C39 atom 4 O22
Tor 9
 iTor->atoms[0] 19
 iTor->atoms[1] 17 iTor->atoms[2] 18
 iTor->atoms[3] 20
tmpTors 
atom 1 C26 atom 2 C24 atom 3 C25 atom 4 C27
Tor 10
 iTor->atoms[0] 18
 iTor->atoms[1] 17 iTor->atoms[2] 19
 iTor->atoms[3] 21
tmpTors 
atom 1 C25 atom 2 C24 atom 3 C26 atom 4 C28
Tor 11
 iTor->atoms[0] 17
 iTor->atoms[1] 18 iTor->atoms[2] 20
 iTor->atoms[3] 33
tmpTors 
atom 1 C24 atom 2 C25 atom 3 C27 atom 4 C40
Tor 12
 iTor->atoms[0] 17
 iTor->atoms[1] 19 iTor->atoms[2] 21
 iTor->atoms[3] 33
tmpTors 
atom 1 C24 atom 2 C26 atom 3 C28 atom 4 C40
Tor 13
 iTor->atoms[0] 3
 iTor->atoms[1] 2 iTor->atoms[2] 1
 iTor->atoms[3] 0
tmpTors 
atom 1 O4 atom 2 C3 atom 3 C2 atom 4 N1
Tor 14
 iTor->atoms[0] 0
 iTor->atoms[1] 1 iTor->atoms[2] 4
 iTor->atoms[3] 5
tmpTors 
atom 1 N1 atom 2 C2 atom 3 C5 atom 4 S6
Tor 15
 iTor->atoms[0] 18
 iTor->atoms[1] 20 iTor->atoms[2] 33
 iTor->atoms[3] 31
tmpTors 
atom 1 C25 atom 2 C27 atom 3 C40 atom 4 O38
Tor 16
 iTor->atoms[0] 19
 iTor->atoms[1] 21 iTor->atoms[2] 33
 iTor->atoms[3] 31
tmpTors 
atom 1 C26 atom 2 C28 atom 3 C40 atom 4 O38
Tor 17
 iTor->atoms[0] 34
 iTor->atoms[1] 22 iTor->atoms[2] 24
 iTor->atoms[3] 35
tmpTors 
atom 1 C41 atom 2 C29 atom 3 C31 atom 4 C42
Tor 18
 iTor->atoms[0] 24
 iTor->atoms[1] 22 iTor->atoms[2] 34
 iTor->atoms[3] 31
tmpTors 
atom 1 C31 atom 2 C29 atom 3 C41 atom 4 O38
Tor 19
 iTor->atoms[0] 34
 iTor->atoms[1] 23 iTor->atoms[2] 25
 iTor->atoms[3] 35
tmpTors 
atom 1 C41 atom 2 C30 atom 3 C32 atom 4 C42
Tor 20
 iTor->atoms[0] 25
 iTor->atoms[1] 23 iTor->atoms[2] 34
 iTor->atoms[3] 31
tmpTors 
atom 1 C32 atom 2 C30 atom 3 C41 atom 4 O38
Tor 21
 iTor->atoms[0] 22
 iTor->atoms[1] 24 iTor->atoms[2] 35
 iTor->atoms[3] 25
tmpTors 
atom 1 C29 atom 2 C31 atom 3 C42 atom 4 C32
Tor 22
 iTor->atoms[0] 23
 iTor->atoms[1] 25 iTor->atoms[2] 35
 iTor->atoms[3] 24
tmpTors 
atom 1 C30 atom 2 C32 atom 3 C42 atom 4 C31
Tor 23
 iTor->atoms[0] 28
 iTor->atoms[1] 26 iTor->atoms[2] 27
 iTor->atoms[3] 37
tmpTors 
atom 1 C35 atom 2 C33 atom 3 C34 atom 4 C44
Tor 24
 iTor->atoms[0] 27
 iTor->atoms[1] 26 iTor->atoms[2] 28
 iTor->atoms[3] 39
tmpTors 
atom 1 C34 atom 2 C33 atom 3 C35 atom 4 N46
Tor 25
 iTor->atoms[0] 26
 iTor->atoms[1] 27 iTor->atoms[2] 37
 iTor->atoms[3] 29
tmpTors 
atom 1 C33 atom 2 C34 atom 3 C44 atom 4 C36
Tor 26
 iTor->atoms[0] 32
 iTor->atoms[1] 39 iTor->atoms[2] 28
 iTor->atoms[3] 26
tmpTors 
atom 1 C39 atom 2 N46 atom 3 C35 atom 4 C33
Tor 27
 iTor->atoms[0] 39
 iTor->atoms[1] 29 iTor->atoms[2] 37
 iTor->atoms[3] 27
tmpTors 
atom 1 N46 atom 2 C36 atom 3 C44 atom 4 C34
Tor 28
 iTor->atoms[0] 32
 iTor->atoms[1] 39 iTor->atoms[2] 29
 iTor->atoms[3] 37
tmpTors 
atom 1 C39 atom 2 N46 atom 3 C36 atom 4 C44
4. Number of torsions is 28
5. Number of torsions is 183
selectOneTorFromOneBond 30_36
tors idx 20
xxxxTorsion seriNumb 20
atom1 11
 atom2 36
atom 3 30
atom 4 38
added 6 
3. Number of torsions is 29
size of miniTorsions 29
Tor 1
 iTor->atoms[0] 2
 iTor->atoms[1] 1 iTor->atoms[2] 0
 iTor->atoms[3] 40
tmpTors 
atom 1 C3 atom 2 C2 atom 3 N1 atom 4 H8
Tor 2
 iTor->atoms[0] 9
 iTor->atoms[1] 10 iTor->atoms[2] 11
 iTor->atoms[3] 12
tmpTors 
atom 1 N16 atom 2 C17 atom 3 C18 atom 4 C19
Tor 3
 iTor->atoms[0] 9
 iTor->atoms[1] 10 iTor->atoms[2] 38
 iTor->atoms[3] 30
tmpTors 
atom 1 N16 atom 2 C17 atom 3 N45 atom 4 N37
Tor 4
 iTor->atoms[0] 10
 iTor->atoms[1] 11 iTor->atoms[2] 12
 iTor->atoms[3] 14
tmpTors 
atom 1 C17 atom 2 C18 atom 3 C19 atom 4 N21
Tor 5
 iTor->atoms[0] 10
 iTor->atoms[1] 11 iTor->atoms[2] 36
 iTor->atoms[3] 30
tmpTors 
atom 1 C17 atom 2 C18 atom 3 C43 atom 4 N37
Tor 6
 iTor->atoms[0] 7
 iTor->atoms[1] 12 iTor->atoms[2] 14
 iTor->atoms[3] 48
tmpTors 
atom 1 N14 atom 2 C19 atom 3 N21 atom 4 H49
Tor 7
 iTor->atoms[0] 5
 iTor->atoms[1] 13 iTor->atoms[2] 16
 iTor->atoms[3] 32
tmpTors 
atom 1 S6 atom 2 C20 atom 3 C23 atom 4 C39
Tor 8
 iTor->atoms[0] 13
 iTor->atoms[1] 16 iTor->atoms[2] 32
 iTor->atoms[3] 15
tmpTors 
atom 1 C20 atom 2 C23 atom 3 C39 atom 4 O22
Tor 9
 iTor->atoms[0] 19
 iTor->atoms[1] 17 iTor->atoms[2] 18
 iTor->atoms[3] 20
tmpTors 
atom 1 C26 atom 2 C24 atom 3 C25 atom 4 C27
Tor 10
 iTor->atoms[0] 18
 iTor->atoms[1] 17 iTor->atoms[2] 19
 iTor->atoms[3] 21
tmpTors 
atom 1 C25 atom 2 C24 atom 3 C26 atom 4 C28
Tor 11
 iTor->atoms[0] 17
 iTor->atoms[1] 18 iTor->atoms[2] 20
 iTor->atoms[3] 33
tmpTors 
atom 1 C24 atom 2 C25 atom 3 C27 atom 4 C40
Tor 12
 iTor->atoms[0] 17
 iTor->atoms[1] 19 iTor->atoms[2] 21
 iTor->atoms[3] 33
tmpTors 
atom 1 C24 atom 2 C26 atom 3 C28 atom 4 C40
Tor 13
 iTor->atoms[0] 3
 iTor->atoms[1] 2 iTor->atoms[2] 1
 iTor->atoms[3] 0
tmpTors 
atom 1 O4 atom 2 C3 atom 3 C2 atom 4 N1
Tor 14
 iTor->atoms[0] 0
 iTor->atoms[1] 1 iTor->atoms[2] 4
 iTor->atoms[3] 5
tmpTors 
atom 1 N1 atom 2 C2 atom 3 C5 atom 4 S6
Tor 15
 iTor->atoms[0] 18
 iTor->atoms[1] 20 iTor->atoms[2] 33
 iTor->atoms[3] 31
tmpTors 
atom 1 C25 atom 2 C27 atom 3 C40 atom 4 O38
Tor 16
 iTor->atoms[0] 19
 iTor->atoms[1] 21 iTor->atoms[2] 33
 iTor->atoms[3] 31
tmpTors 
atom 1 C26 atom 2 C28 atom 3 C40 atom 4 O38
Tor 17
 iTor->atoms[0] 34
 iTor->atoms[1] 22 iTor->atoms[2] 24
 iTor->atoms[3] 35
tmpTors 
atom 1 C41 atom 2 C29 atom 3 C31 atom 4 C42
Tor 18
 iTor->atoms[0] 24
 iTor->atoms[1] 22 iTor->atoms[2] 34
 iTor->atoms[3] 31
tmpTors 
atom 1 C31 atom 2 C29 atom 3 C41 atom 4 O38
Tor 19
 iTor->atoms[0] 34
 iTor->atoms[1] 23 iTor->atoms[2] 25
 iTor->atoms[3] 35
tmpTors 
atom 1 C41 atom 2 C30 atom 3 C32 atom 4 C42
Tor 20
 iTor->atoms[0] 25
 iTor->atoms[1] 23 iTor->atoms[2] 34
 iTor->atoms[3] 31
tmpTors 
atom 1 C32 atom 2 C30 atom 3 C41 atom 4 O38
Tor 21
 iTor->atoms[0] 22
 iTor->atoms[1] 24 iTor->atoms[2] 35
 iTor->atoms[3] 25
tmpTors 
atom 1 C29 atom 2 C31 atom 3 C42 atom 4 C32
Tor 22
 iTor->atoms[0] 23
 iTor->atoms[1] 25 iTor->atoms[2] 35
 iTor->atoms[3] 24
tmpTors 
atom 1 C30 atom 2 C32 atom 3 C42 atom 4 C31
Tor 23
 iTor->atoms[0] 28
 iTor->atoms[1] 26 iTor->atoms[2] 27
 iTor->atoms[3] 37
tmpTors 
atom 1 C35 atom 2 C33 atom 3 C34 atom 4 C44
Tor 24
 iTor->atoms[0] 27
 iTor->atoms[1] 26 iTor->atoms[2] 28
 iTor->atoms[3] 39
tmpTors 
atom 1 C34 atom 2 C33 atom 3 C35 atom 4 N46
Tor 25
 iTor->atoms[0] 26
 iTor->atoms[1] 27 iTor->atoms[2] 37
 iTor->atoms[3] 29
tmpTors 
atom 1 C33 atom 2 C34 atom 3 C44 atom 4 C36
Tor 26
 iTor->atoms[0] 32
 iTor->atoms[1] 39 iTor->atoms[2] 28
 iTor->atoms[3] 26
tmpTors 
atom 1 C39 atom 2 N46 atom 3 C35 atom 4 C33
Tor 27
 iTor->atoms[0] 39
 iTor->atoms[1] 29 iTor->atoms[2] 37
 iTor->atoms[3] 27
tmpTors 
atom 1 N46 atom 2 C36 atom 3 C44 atom 4 C34
Tor 28
 iTor->atoms[0] 32
 iTor->atoms[1] 39 iTor->atoms[2] 29
 iTor->atoms[3] 37
tmpTors 
atom 1 C39 atom 2 N46 atom 3 C36 atom 4 C44
Tor 29
 iTor->atoms[0] 11
 iTor->atoms[1] 36 iTor->atoms[2] 30
 iTor->atoms[3] 38
tmpTors 
atom 1 C18 atom 2 C43 atom 3 N37 atom 4 N45
4. Number of torsions is 29
5. Number of torsions is 183
selectOneTorFromOneBond 30_38
tors idx 18
xxxxTorsion seriNumb 18
atom1 36
 atom2 30
atom 3 38
atom 4 10
added 6 
3. Number of torsions is 30
size of miniTorsions 30
Tor 1
 iTor->atoms[0] 2
 iTor->atoms[1] 1 iTor->atoms[2] 0
 iTor->atoms[3] 40
tmpTors 
atom 1 C3 atom 2 C2 atom 3 N1 atom 4 H8
Tor 2
 iTor->atoms[0] 9
 iTor->atoms[1] 10 iTor->atoms[2] 11
 iTor->atoms[3] 12
tmpTors 
atom 1 N16 atom 2 C17 atom 3 C18 atom 4 C19
Tor 3
 iTor->atoms[0] 9
 iTor->atoms[1] 10 iTor->atoms[2] 38
 iTor->atoms[3] 30
tmpTors 
atom 1 N16 atom 2 C17 atom 3 N45 atom 4 N37
Tor 4
 iTor->atoms[0] 10
 iTor->atoms[1] 11 iTor->atoms[2] 12
 iTor->atoms[3] 14
tmpTors 
atom 1 C17 atom 2 C18 atom 3 C19 atom 4 N21
Tor 5
 iTor->atoms[0] 10
 iTor->atoms[1] 11 iTor->atoms[2] 36
 iTor->atoms[3] 30
tmpTors 
atom 1 C17 atom 2 C18 atom 3 C43 atom 4 N37
Tor 6
 iTor->atoms[0] 7
 iTor->atoms[1] 12 iTor->atoms[2] 14
 iTor->atoms[3] 48
tmpTors 
atom 1 N14 atom 2 C19 atom 3 N21 atom 4 H49
Tor 7
 iTor->atoms[0] 5
 iTor->atoms[1] 13 iTor->atoms[2] 16
 iTor->atoms[3] 32
tmpTors 
atom 1 S6 atom 2 C20 atom 3 C23 atom 4 C39
Tor 8
 iTor->atoms[0] 13
 iTor->atoms[1] 16 iTor->atoms[2] 32
 iTor->atoms[3] 15
tmpTors 
atom 1 C20 atom 2 C23 atom 3 C39 atom 4 O22
Tor 9
 iTor->atoms[0] 19
 iTor->atoms[1] 17 iTor->atoms[2] 18
 iTor->atoms[3] 20
tmpTors 
atom 1 C26 atom 2 C24 atom 3 C25 atom 4 C27
Tor 10
 iTor->atoms[0] 18
 iTor->atoms[1] 17 iTor->atoms[2] 19
 iTor->atoms[3] 21
tmpTors 
atom 1 C25 atom 2 C24 atom 3 C26 atom 4 C28
Tor 11
 iTor->atoms[0] 17
 iTor->atoms[1] 18 iTor->atoms[2] 20
 iTor->atoms[3] 33
tmpTors 
atom 1 C24 atom 2 C25 atom 3 C27 atom 4 C40
Tor 12
 iTor->atoms[0] 17
 iTor->atoms[1] 19 iTor->atoms[2] 21
 iTor->atoms[3] 33
tmpTors 
atom 1 C24 atom 2 C26 atom 3 C28 atom 4 C40
Tor 13
 iTor->atoms[0] 3
 iTor->atoms[1] 2 iTor->atoms[2] 1
 iTor->atoms[3] 0
tmpTors 
atom 1 O4 atom 2 C3 atom 3 C2 atom 4 N1
Tor 14
 iTor->atoms[0] 0
 iTor->atoms[1] 1 iTor->atoms[2] 4
 iTor->atoms[3] 5
tmpTors 
atom 1 N1 atom 2 C2 atom 3 C5 atom 4 S6
Tor 15
 iTor->atoms[0] 18
 iTor->atoms[1] 20 iTor->atoms[2] 33
 iTor->atoms[3] 31
tmpTors 
atom 1 C25 atom 2 C27 atom 3 C40 atom 4 O38
Tor 16
 iTor->atoms[0] 19
 iTor->atoms[1] 21 iTor->atoms[2] 33
 iTor->atoms[3] 31
tmpTors 
atom 1 C26 atom 2 C28 atom 3 C40 atom 4 O38
Tor 17
 iTor->atoms[0] 34
 iTor->atoms[1] 22 iTor->atoms[2] 24
 iTor->atoms[3] 35
tmpTors 
atom 1 C41 atom 2 C29 atom 3 C31 atom 4 C42
Tor 18
 iTor->atoms[0] 24
 iTor->atoms[1] 22 iTor->atoms[2] 34
 iTor->atoms[3] 31
tmpTors 
atom 1 C31 atom 2 C29 atom 3 C41 atom 4 O38
Tor 19
 iTor->atoms[0] 34
 iTor->atoms[1] 23 iTor->atoms[2] 25
 iTor->atoms[3] 35
tmpTors 
atom 1 C41 atom 2 C30 atom 3 C32 atom 4 C42
Tor 20
 iTor->atoms[0] 25
 iTor->atoms[1] 23 iTor->atoms[2] 34
 iTor->atoms[3] 31
tmpTors 
atom 1 C32 atom 2 C30 atom 3 C41 atom 4 O38
Tor 21
 iTor->atoms[0] 22
 iTor->atoms[1] 24 iTor->atoms[2] 35
 iTor->atoms[3] 25
tmpTors 
atom 1 C29 atom 2 C31 atom 3 C42 atom 4 C32
Tor 22
 iTor->atoms[0] 23
 iTor->atoms[1] 25 iTor->atoms[2] 35
 iTor->atoms[3] 24
tmpTors 
atom 1 C30 atom 2 C32 atom 3 C42 atom 4 C31
Tor 23
 iTor->atoms[0] 28
 iTor->atoms[1] 26 iTor->atoms[2] 27
 iTor->atoms[3] 37
tmpTors 
atom 1 C35 atom 2 C33 atom 3 C34 atom 4 C44
Tor 24
 iTor->atoms[0] 27
 iTor->atoms[1] 26 iTor->atoms[2] 28
 iTor->atoms[3] 39
tmpTors 
atom 1 C34 atom 2 C33 atom 3 C35 atom 4 N46
Tor 25
 iTor->atoms[0] 26
 iTor->atoms[1] 27 iTor->atoms[2] 37
 iTor->atoms[3] 29
tmpTors 
atom 1 C33 atom 2 C34 atom 3 C44 atom 4 C36
Tor 26
 iTor->atoms[0] 32
 iTor->atoms[1] 39 iTor->atoms[2] 28
 iTor->atoms[3] 26
tmpTors 
atom 1 C39 atom 2 N46 atom 3 C35 atom 4 C33
Tor 27
 iTor->atoms[0] 39
 iTor->atoms[1] 29 iTor->atoms[2] 37
 iTor->atoms[3] 27
tmpTors 
atom 1 N46 atom 2 C36 atom 3 C44 atom 4 C34
Tor 28
 iTor->atoms[0] 32
 iTor->atoms[1] 39 iTor->atoms[2] 29
 iTor->atoms[3] 37
tmpTors 
atom 1 C39 atom 2 N46 atom 3 C36 atom 4 C44
Tor 29
 iTor->atoms[0] 11
 iTor->atoms[1] 36 iTor->atoms[2] 30
 iTor->atoms[3] 38
tmpTors 
atom 1 C18 atom 2 C43 atom 3 N37 atom 4 N45
Tor 30
 iTor->atoms[0] 36
 iTor->atoms[1] 30 iTor->atoms[2] 38
 iTor->atoms[3] 10
tmpTors 
atom 1 C43 atom 2 N37 atom 3 N45 atom 4 C17
4. Number of torsions is 30
5. Number of torsions is 183
selectOneTorFromOneBond 31_33
tors idx 165
xxxxTorsion seriNumb 165
atom1 20
 atom2 33
atom 3 31
atom 4 34
added 6 
3. Number of torsions is 31
size of miniTorsions 31
Tor 1
 iTor->atoms[0] 2
 iTor->atoms[1] 1 iTor->atoms[2] 0
 iTor->atoms[3] 40
tmpTors 
atom 1 C3 atom 2 C2 atom 3 N1 atom 4 H8
Tor 2
 iTor->atoms[0] 9
 iTor->atoms[1] 10 iTor->atoms[2] 11
 iTor->atoms[3] 12
tmpTors 
atom 1 N16 atom 2 C17 atom 3 C18 atom 4 C19
Tor 3
 iTor->atoms[0] 9
 iTor->atoms[1] 10 iTor->atoms[2] 38
 iTor->atoms[3] 30
tmpTors 
atom 1 N16 atom 2 C17 atom 3 N45 atom 4 N37
Tor 4
 iTor->atoms[0] 10
 iTor->atoms[1] 11 iTor->atoms[2] 12
 iTor->atoms[3] 14
tmpTors 
atom 1 C17 atom 2 C18 atom 3 C19 atom 4 N21
Tor 5
 iTor->atoms[0] 10
 iTor->atoms[1] 11 iTor->atoms[2] 36
 iTor->atoms[3] 30
tmpTors 
atom 1 C17 atom 2 C18 atom 3 C43 atom 4 N37
Tor 6
 iTor->atoms[0] 7
 iTor->atoms[1] 12 iTor->atoms[2] 14
 iTor->atoms[3] 48
tmpTors 
atom 1 N14 atom 2 C19 atom 3 N21 atom 4 H49
Tor 7
 iTor->atoms[0] 5
 iTor->atoms[1] 13 iTor->atoms[2] 16
 iTor->atoms[3] 32
tmpTors 
atom 1 S6 atom 2 C20 atom 3 C23 atom 4 C39
Tor 8
 iTor->atoms[0] 13
 iTor->atoms[1] 16 iTor->atoms[2] 32
 iTor->atoms[3] 15
tmpTors 
atom 1 C20 atom 2 C23 atom 3 C39 atom 4 O22
Tor 9
 iTor->atoms[0] 19
 iTor->atoms[1] 17 iTor->atoms[2] 18
 iTor->atoms[3] 20
tmpTors 
atom 1 C26 atom 2 C24 atom 3 C25 atom 4 C27
Tor 10
 iTor->atoms[0] 18
 iTor->atoms[1] 17 iTor->atoms[2] 19
 iTor->atoms[3] 21
tmpTors 
atom 1 C25 atom 2 C24 atom 3 C26 atom 4 C28
Tor 11
 iTor->atoms[0] 17
 iTor->atoms[1] 18 iTor->atoms[2] 20
 iTor->atoms[3] 33
tmpTors 
atom 1 C24 atom 2 C25 atom 3 C27 atom 4 C40
Tor 12
 iTor->atoms[0] 17
 iTor->atoms[1] 19 iTor->atoms[2] 21
 iTor->atoms[3] 33
tmpTors 
atom 1 C24 atom 2 C26 atom 3 C28 atom 4 C40
Tor 13
 iTor->atoms[0] 3
 iTor->atoms[1] 2 iTor->atoms[2] 1
 iTor->atoms[3] 0
tmpTors 
atom 1 O4 atom 2 C3 atom 3 C2 atom 4 N1
Tor 14
 iTor->atoms[0] 0
 iTor->atoms[1] 1 iTor->atoms[2] 4
 iTor->atoms[3] 5
tmpTors 
atom 1 N1 atom 2 C2 atom 3 C5 atom 4 S6
Tor 15
 iTor->atoms[0] 18
 iTor->atoms[1] 20 iTor->atoms[2] 33
 iTor->atoms[3] 31
tmpTors 
atom 1 C25 atom 2 C27 atom 3 C40 atom 4 O38
Tor 16
 iTor->atoms[0] 19
 iTor->atoms[1] 21 iTor->atoms[2] 33
 iTor->atoms[3] 31
tmpTors 
atom 1 C26 atom 2 C28 atom 3 C40 atom 4 O38
Tor 17
 iTor->atoms[0] 34
 iTor->atoms[1] 22 iTor->atoms[2] 24
 iTor->atoms[3] 35
tmpTors 
atom 1 C41 atom 2 C29 atom 3 C31 atom 4 C42
Tor 18
 iTor->atoms[0] 24
 iTor->atoms[1] 22 iTor->atoms[2] 34
 iTor->atoms[3] 31
tmpTors 
atom 1 C31 atom 2 C29 atom 3 C41 atom 4 O38
Tor 19
 iTor->atoms[0] 34
 iTor->atoms[1] 23 iTor->atoms[2] 25
 iTor->atoms[3] 35
tmpTors 
atom 1 C41 atom 2 C30 atom 3 C32 atom 4 C42
Tor 20
 iTor->atoms[0] 25
 iTor->atoms[1] 23 iTor->atoms[2] 34
 iTor->atoms[3] 31
tmpTors 
atom 1 C32 atom 2 C30 atom 3 C41 atom 4 O38
Tor 21
 iTor->atoms[0] 22
 iTor->atoms[1] 24 iTor->atoms[2] 35
 iTor->atoms[3] 25
tmpTors 
atom 1 C29 atom 2 C31 atom 3 C42 atom 4 C32
Tor 22
 iTor->atoms[0] 23
 iTor->atoms[1] 25 iTor->atoms[2] 35
 iTor->atoms[3] 24
tmpTors 
atom 1 C30 atom 2 C32 atom 3 C42 atom 4 C31
Tor 23
 iTor->atoms[0] 28
 iTor->atoms[1] 26 iTor->atoms[2] 27
 iTor->atoms[3] 37
tmpTors 
atom 1 C35 atom 2 C33 atom 3 C34 atom 4 C44
Tor 24
 iTor->atoms[0] 27
 iTor->atoms[1] 26 iTor->atoms[2] 28
 iTor->atoms[3] 39
tmpTors 
atom 1 C34 atom 2 C33 atom 3 C35 atom 4 N46
Tor 25
 iTor->atoms[0] 26
 iTor->atoms[1] 27 iTor->atoms[2] 37
 iTor->atoms[3] 29
tmpTors 
atom 1 C33 atom 2 C34 atom 3 C44 atom 4 C36
Tor 26
 iTor->atoms[0] 32
 iTor->atoms[1] 39 iTor->atoms[2] 28
 iTor->atoms[3] 26
tmpTors 
atom 1 C39 atom 2 N46 atom 3 C35 atom 4 C33
Tor 27
 iTor->atoms[0] 39
 iTor->atoms[1] 29 iTor->atoms[2] 37
 iTor->atoms[3] 27
tmpTors 
atom 1 N46 atom 2 C36 atom 3 C44 atom 4 C34
Tor 28
 iTor->atoms[0] 32
 iTor->atoms[1] 39 iTor->atoms[2] 29
 iTor->atoms[3] 37
tmpTors 
atom 1 C39 atom 2 N46 atom 3 C36 atom 4 C44
Tor 29
 iTor->atoms[0] 11
 iTor->atoms[1] 36 iTor->atoms[2] 30
 iTor->atoms[3] 38
tmpTors 
atom 1 C18 atom 2 C43 atom 3 N37 atom 4 N45
Tor 30
 iTor->atoms[0] 36
 iTor->atoms[1] 30 iTor->atoms[2] 38
 iTor->atoms[3] 10
tmpTors 
atom 1 C43 atom 2 N37 atom 3 N45 atom 4 C17
Tor 31
 iTor->atoms[0] 20
 iTor->atoms[1] 33 iTor->atoms[2] 31
 iTor->atoms[3] 34
tmpTors 
atom 1 C27 atom 2 C40 atom 3 O38 atom 4 C41
4. Number of torsions is 31
5. Number of torsions is 183
selectOneTorFromOneBond 31_34
tors idx 163
xxxxTorsion seriNumb 163
atom1 22
 atom2 34
atom 3 31
atom 4 33
added 6 
3. Number of torsions is 32
size of miniTorsions 32
Tor 1
 iTor->atoms[0] 2
 iTor->atoms[1] 1 iTor->atoms[2] 0
 iTor->atoms[3] 40
tmpTors 
atom 1 C3 atom 2 C2 atom 3 N1 atom 4 H8
Tor 2
 iTor->atoms[0] 9
 iTor->atoms[1] 10 iTor->atoms[2] 11
 iTor->atoms[3] 12
tmpTors 
atom 1 N16 atom 2 C17 atom 3 C18 atom 4 C19
Tor 3
 iTor->atoms[0] 9
 iTor->atoms[1] 10 iTor->atoms[2] 38
 iTor->atoms[3] 30
tmpTors 
atom 1 N16 atom 2 C17 atom 3 N45 atom 4 N37
Tor 4
 iTor->atoms[0] 10
 iTor->atoms[1] 11 iTor->atoms[2] 12
 iTor->atoms[3] 14
tmpTors 
atom 1 C17 atom 2 C18 atom 3 C19 atom 4 N21
Tor 5
 iTor->atoms[0] 10
 iTor->atoms[1] 11 iTor->atoms[2] 36
 iTor->atoms[3] 30
tmpTors 
atom 1 C17 atom 2 C18 atom 3 C43 atom 4 N37
Tor 6
 iTor->atoms[0] 7
 iTor->atoms[1] 12 iTor->atoms[2] 14
 iTor->atoms[3] 48
tmpTors 
atom 1 N14 atom 2 C19 atom 3 N21 atom 4 H49
Tor 7
 iTor->atoms[0] 5
 iTor->atoms[1] 13 iTor->atoms[2] 16
 iTor->atoms[3] 32
tmpTors 
atom 1 S6 atom 2 C20 atom 3 C23 atom 4 C39
Tor 8
 iTor->atoms[0] 13
 iTor->atoms[1] 16 iTor->atoms[2] 32
 iTor->atoms[3] 15
tmpTors 
atom 1 C20 atom 2 C23 atom 3 C39 atom 4 O22
Tor 9
 iTor->atoms[0] 19
 iTor->atoms[1] 17 iTor->atoms[2] 18
 iTor->atoms[3] 20
tmpTors 
atom 1 C26 atom 2 C24 atom 3 C25 atom 4 C27
Tor 10
 iTor->atoms[0] 18
 iTor->atoms[1] 17 iTor->atoms[2] 19
 iTor->atoms[3] 21
tmpTors 
atom 1 C25 atom 2 C24 atom 3 C26 atom 4 C28
Tor 11
 iTor->atoms[0] 17
 iTor->atoms[1] 18 iTor->atoms[2] 20
 iTor->atoms[3] 33
tmpTors 
atom 1 C24 atom 2 C25 atom 3 C27 atom 4 C40
Tor 12
 iTor->atoms[0] 17
 iTor->atoms[1] 19 iTor->atoms[2] 21
 iTor->atoms[3] 33
tmpTors 
atom 1 C24 atom 2 C26 atom 3 C28 atom 4 C40
Tor 13
 iTor->atoms[0] 3
 iTor->atoms[1] 2 iTor->atoms[2] 1
 iTor->atoms[3] 0
tmpTors 
atom 1 O4 atom 2 C3 atom 3 C2 atom 4 N1
Tor 14
 iTor->atoms[0] 0
 iTor->atoms[1] 1 iTor->atoms[2] 4
 iTor->atoms[3] 5
tmpTors 
atom 1 N1 atom 2 C2 atom 3 C5 atom 4 S6
Tor 15
 iTor->atoms[0] 18
 iTor->atoms[1] 20 iTor->atoms[2] 33
 iTor->atoms[3] 31
tmpTors 
atom 1 C25 atom 2 C27 atom 3 C40 atom 4 O38
Tor 16
 iTor->atoms[0] 19
 iTor->atoms[1] 21 iTor->atoms[2] 33
 iTor->atoms[3] 31
tmpTors 
atom 1 C26 atom 2 C28 atom 3 C40 atom 4 O38
Tor 17
 iTor->atoms[0] 34
 iTor->atoms[1] 22 iTor->atoms[2] 24
 iTor->atoms[3] 35
tmpTors 
atom 1 C41 atom 2 C29 atom 3 C31 atom 4 C42
Tor 18
 iTor->atoms[0] 24
 iTor->atoms[1] 22 iTor->atoms[2] 34
 iTor->atoms[3] 31
tmpTors 
atom 1 C31 atom 2 C29 atom 3 C41 atom 4 O38
Tor 19
 iTor->atoms[0] 34
 iTor->atoms[1] 23 iTor->atoms[2] 25
 iTor->atoms[3] 35
tmpTors 
atom 1 C41 atom 2 C30 atom 3 C32 atom 4 C42
Tor 20
 iTor->atoms[0] 25
 iTor->atoms[1] 23 iTor->atoms[2] 34
 iTor->atoms[3] 31
tmpTors 
atom 1 C32 atom 2 C30 atom 3 C41 atom 4 O38
Tor 21
 iTor->atoms[0] 22
 iTor->atoms[1] 24 iTor->atoms[2] 35
 iTor->atoms[3] 25
tmpTors 
atom 1 C29 atom 2 C31 atom 3 C42 atom 4 C32
Tor 22
 iTor->atoms[0] 23
 iTor->atoms[1] 25 iTor->atoms[2] 35
 iTor->atoms[3] 24
tmpTors 
atom 1 C30 atom 2 C32 atom 3 C42 atom 4 C31
Tor 23
 iTor->atoms[0] 28
 iTor->atoms[1] 26 iTor->atoms[2] 27
 iTor->atoms[3] 37
tmpTors 
atom 1 C35 atom 2 C33 atom 3 C34 atom 4 C44
Tor 24
 iTor->atoms[0] 27
 iTor->atoms[1] 26 iTor->atoms[2] 28
 iTor->atoms[3] 39
tmpTors 
atom 1 C34 atom 2 C33 atom 3 C35 atom 4 N46
Tor 25
 iTor->atoms[0] 26
 iTor->atoms[1] 27 iTor->atoms[2] 37
 iTor->atoms[3] 29
tmpTors 
atom 1 C33 atom 2 C34 atom 3 C44 atom 4 C36
Tor 26
 iTor->atoms[0] 32
 iTor->atoms[1] 39 iTor->atoms[2] 28
 iTor->atoms[3] 26
tmpTors 
atom 1 C39 atom 2 N46 atom 3 C35 atom 4 C33
Tor 27
 iTor->atoms[0] 39
 iTor->atoms[1] 29 iTor->atoms[2] 37
 iTor->atoms[3] 27
tmpTors 
atom 1 N46 atom 2 C36 atom 3 C44 atom 4 C34
Tor 28
 iTor->atoms[0] 32
 iTor->atoms[1] 39 iTor->atoms[2] 29
 iTor->atoms[3] 37
tmpTors 
atom 1 C39 atom 2 N46 atom 3 C36 atom 4 C44
Tor 29
 iTor->atoms[0] 11
 iTor->atoms[1] 36 iTor->atoms[2] 30
 iTor->atoms[3] 38
tmpTors 
atom 1 C18 atom 2 C43 atom 3 N37 atom 4 N45
Tor 30
 iTor->atoms[0] 36
 iTor->atoms[1] 30 iTor->atoms[2] 38
 iTor->atoms[3] 10
tmpTors 
atom 1 C43 atom 2 N37 atom 3 N45 atom 4 C17
Tor 31
 iTor->atoms[0] 20
 iTor->atoms[1] 33 iTor->atoms[2] 31
 iTor->atoms[3] 34
tmpTors 
atom 1 C27 atom 2 C40 atom 3 O38 atom 4 C41
Tor 32
 iTor->atoms[0] 22
 iTor->atoms[1] 34 iTor->atoms[2] 31
 iTor->atoms[3] 33
tmpTors 
atom 1 C29 atom 2 C41 atom 3 O38 atom 4 C40
4. Number of torsions is 32
5. Number of torsions is 183
selectOneTorFromOneBond 32_39
tors idx 169
xxxxTorsion seriNumb 169
atom1 15
 atom2 32
atom 3 39
atom 4 28
Add the torsion of atoms: O22, C39, N46, and C35
added 2 
3. Number of torsions is 33
size of miniTorsions 33
Tor 1
 iTor->atoms[0] 2
 iTor->atoms[1] 1 iTor->atoms[2] 0
 iTor->atoms[3] 40
tmpTors 
atom 1 C3 atom 2 C2 atom 3 N1 atom 4 H8
Tor 2
 iTor->atoms[0] 9
 iTor->atoms[1] 10 iTor->atoms[2] 11
 iTor->atoms[3] 12
tmpTors 
atom 1 N16 atom 2 C17 atom 3 C18 atom 4 C19
Tor 3
 iTor->atoms[0] 9
 iTor->atoms[1] 10 iTor->atoms[2] 38
 iTor->atoms[3] 30
tmpTors 
atom 1 N16 atom 2 C17 atom 3 N45 atom 4 N37
Tor 4
 iTor->atoms[0] 10
 iTor->atoms[1] 11 iTor->atoms[2] 12
 iTor->atoms[3] 14
tmpTors 
atom 1 C17 atom 2 C18 atom 3 C19 atom 4 N21
Tor 5
 iTor->atoms[0] 10
 iTor->atoms[1] 11 iTor->atoms[2] 36
 iTor->atoms[3] 30
tmpTors 
atom 1 C17 atom 2 C18 atom 3 C43 atom 4 N37
Tor 6
 iTor->atoms[0] 7
 iTor->atoms[1] 12 iTor->atoms[2] 14
 iTor->atoms[3] 48
tmpTors 
atom 1 N14 atom 2 C19 atom 3 N21 atom 4 H49
Tor 7
 iTor->atoms[0] 5
 iTor->atoms[1] 13 iTor->atoms[2] 16
 iTor->atoms[3] 32
tmpTors 
atom 1 S6 atom 2 C20 atom 3 C23 atom 4 C39
Tor 8
 iTor->atoms[0] 13
 iTor->atoms[1] 16 iTor->atoms[2] 32
 iTor->atoms[3] 15
tmpTors 
atom 1 C20 atom 2 C23 atom 3 C39 atom 4 O22
Tor 9
 iTor->atoms[0] 19
 iTor->atoms[1] 17 iTor->atoms[2] 18
 iTor->atoms[3] 20
tmpTors 
atom 1 C26 atom 2 C24 atom 3 C25 atom 4 C27
Tor 10
 iTor->atoms[0] 18
 iTor->atoms[1] 17 iTor->atoms[2] 19
 iTor->atoms[3] 21
tmpTors 
atom 1 C25 atom 2 C24 atom 3 C26 atom 4 C28
Tor 11
 iTor->atoms[0] 17
 iTor->atoms[1] 18 iTor->atoms[2] 20
 iTor->atoms[3] 33
tmpTors 
atom 1 C24 atom 2 C25 atom 3 C27 atom 4 C40
Tor 12
 iTor->atoms[0] 17
 iTor->atoms[1] 19 iTor->atoms[2] 21
 iTor->atoms[3] 33
tmpTors 
atom 1 C24 atom 2 C26 atom 3 C28 atom 4 C40
Tor 13
 iTor->atoms[0] 3
 iTor->atoms[1] 2 iTor->atoms[2] 1
 iTor->atoms[3] 0
tmpTors 
atom 1 O4 atom 2 C3 atom 3 C2 atom 4 N1
Tor 14
 iTor->atoms[0] 0
 iTor->atoms[1] 1 iTor->atoms[2] 4
 iTor->atoms[3] 5
tmpTors 
atom 1 N1 atom 2 C2 atom 3 C5 atom 4 S6
Tor 15
 iTor->atoms[0] 18
 iTor->atoms[1] 20 iTor->atoms[2] 33
 iTor->atoms[3] 31
tmpTors 
atom 1 C25 atom 2 C27 atom 3 C40 atom 4 O38
Tor 16
 iTor->atoms[0] 19
 iTor->atoms[1] 21 iTor->atoms[2] 33
 iTor->atoms[3] 31
tmpTors 
atom 1 C26 atom 2 C28 atom 3 C40 atom 4 O38
Tor 17
 iTor->atoms[0] 34
 iTor->atoms[1] 22 iTor->atoms[2] 24
 iTor->atoms[3] 35
tmpTors 
atom 1 C41 atom 2 C29 atom 3 C31 atom 4 C42
Tor 18
 iTor->atoms[0] 24
 iTor->atoms[1] 22 iTor->atoms[2] 34
 iTor->atoms[3] 31
tmpTors 
atom 1 C31 atom 2 C29 atom 3 C41 atom 4 O38
Tor 19
 iTor->atoms[0] 34
 iTor->atoms[1] 23 iTor->atoms[2] 25
 iTor->atoms[3] 35
tmpTors 
atom 1 C41 atom 2 C30 atom 3 C32 atom 4 C42
Tor 20
 iTor->atoms[0] 25
 iTor->atoms[1] 23 iTor->atoms[2] 34
 iTor->atoms[3] 31
tmpTors 
atom 1 C32 atom 2 C30 atom 3 C41 atom 4 O38
Tor 21
 iTor->atoms[0] 22
 iTor->atoms[1] 24 iTor->atoms[2] 35
 iTor->atoms[3] 25
tmpTors 
atom 1 C29 atom 2 C31 atom 3 C42 atom 4 C32
Tor 22
 iTor->atoms[0] 23
 iTor->atoms[1] 25 iTor->atoms[2] 35
 iTor->atoms[3] 24
tmpTors 
atom 1 C30 atom 2 C32 atom 3 C42 atom 4 C31
Tor 23
 iTor->atoms[0] 28
 iTor->atoms[1] 26 iTor->atoms[2] 27
 iTor->atoms[3] 37
tmpTors 
atom 1 C35 atom 2 C33 atom 3 C34 atom 4 C44
Tor 24
 iTor->atoms[0] 27
 iTor->atoms[1] 26 iTor->atoms[2] 28
 iTor->atoms[3] 39
tmpTors 
atom 1 C34 atom 2 C33 atom 3 C35 atom 4 N46
Tor 25
 iTor->atoms[0] 26
 iTor->atoms[1] 27 iTor->atoms[2] 37
 iTor->atoms[3] 29
tmpTors 
atom 1 C33 atom 2 C34 atom 3 C44 atom 4 C36
Tor 26
 iTor->atoms[0] 32
 iTor->atoms[1] 39 iTor->atoms[2] 28
 iTor->atoms[3] 26
tmpTors 
atom 1 C39 atom 2 N46 atom 3 C35 atom 4 C33
Tor 27
 iTor->atoms[0] 39
 iTor->atoms[1] 29 iTor->atoms[2] 37
 iTor->atoms[3] 27
tmpTors 
atom 1 N46 atom 2 C36 atom 3 C44 atom 4 C34
Tor 28
 iTor->atoms[0] 32
 iTor->atoms[1] 39 iTor->atoms[2] 29
 iTor->atoms[3] 37
tmpTors 
atom 1 C39 atom 2 N46 atom 3 C36 atom 4 C44
Tor 29
 iTor->atoms[0] 11
 iTor->atoms[1] 36 iTor->atoms[2] 30
 iTor->atoms[3] 38
tmpTors 
atom 1 C18 atom 2 C43 atom 3 N37 atom 4 N45
Tor 30
 iTor->atoms[0] 36
 iTor->atoms[1] 30 iTor->atoms[2] 38
 iTor->atoms[3] 10
tmpTors 
atom 1 C43 atom 2 N37 atom 3 N45 atom 4 C17
Tor 31
 iTor->atoms[0] 20
 iTor->atoms[1] 33 iTor->atoms[2] 31
 iTor->atoms[3] 34
tmpTors 
atom 1 C27 atom 2 C40 atom 3 O38 atom 4 C41
Tor 32
 iTor->atoms[0] 22
 iTor->atoms[1] 34 iTor->atoms[2] 31
 iTor->atoms[3] 33
tmpTors 
atom 1 C29 atom 2 C41 atom 3 O38 atom 4 C40
Tor 33
 iTor->atoms[0] 15
 iTor->atoms[1] 32 iTor->atoms[2] 39
 iTor->atoms[3] 28
tmpTors 
atom 1 O22 atom 2 C39 atom 3 N46 atom 4 C35
4. Number of torsions is 33
5. Number of torsions is 183
selectOneTorFromOneBond 35_36
tors idx 171
xxxxTorsion seriNumb 171
atom1 24
 atom2 35
atom 3 36
atom 4 11
added 6 
3. Number of torsions is 34
size of miniTorsions 34
Tor 1
 iTor->atoms[0] 2
 iTor->atoms[1] 1 iTor->atoms[2] 0
 iTor->atoms[3] 40
tmpTors 
atom 1 C3 atom 2 C2 atom 3 N1 atom 4 H8
Tor 2
 iTor->atoms[0] 9
 iTor->atoms[1] 10 iTor->atoms[2] 11
 iTor->atoms[3] 12
tmpTors 
atom 1 N16 atom 2 C17 atom 3 C18 atom 4 C19
Tor 3
 iTor->atoms[0] 9
 iTor->atoms[1] 10 iTor->atoms[2] 38
 iTor->atoms[3] 30
tmpTors 
atom 1 N16 atom 2 C17 atom 3 N45 atom 4 N37
Tor 4
 iTor->atoms[0] 10
 iTor->atoms[1] 11 iTor->atoms[2] 12
 iTor->atoms[3] 14
tmpTors 
atom 1 C17 atom 2 C18 atom 3 C19 atom 4 N21
Tor 5
 iTor->atoms[0] 10
 iTor->atoms[1] 11 iTor->atoms[2] 36
 iTor->atoms[3] 30
tmpTors 
atom 1 C17 atom 2 C18 atom 3 C43 atom 4 N37
Tor 6
 iTor->atoms[0] 7
 iTor->atoms[1] 12 iTor->atoms[2] 14
 iTor->atoms[3] 48
tmpTors 
atom 1 N14 atom 2 C19 atom 3 N21 atom 4 H49
Tor 7
 iTor->atoms[0] 5
 iTor->atoms[1] 13 iTor->atoms[2] 16
 iTor->atoms[3] 32
tmpTors 
atom 1 S6 atom 2 C20 atom 3 C23 atom 4 C39
Tor 8
 iTor->atoms[0] 13
 iTor->atoms[1] 16 iTor->atoms[2] 32
 iTor->atoms[3] 15
tmpTors 
atom 1 C20 atom 2 C23 atom 3 C39 atom 4 O22
Tor 9
 iTor->atoms[0] 19
 iTor->atoms[1] 17 iTor->atoms[2] 18
 iTor->atoms[3] 20
tmpTors 
atom 1 C26 atom 2 C24 atom 3 C25 atom 4 C27
Tor 10
 iTor->atoms[0] 18
 iTor->atoms[1] 17 iTor->atoms[2] 19
 iTor->atoms[3] 21
tmpTors 
atom 1 C25 atom 2 C24 atom 3 C26 atom 4 C28
Tor 11
 iTor->atoms[0] 17
 iTor->atoms[1] 18 iTor->atoms[2] 20
 iTor->atoms[3] 33
tmpTors 
atom 1 C24 atom 2 C25 atom 3 C27 atom 4 C40
Tor 12
 iTor->atoms[0] 17
 iTor->atoms[1] 19 iTor->atoms[2] 21
 iTor->atoms[3] 33
tmpTors 
atom 1 C24 atom 2 C26 atom 3 C28 atom 4 C40
Tor 13
 iTor->atoms[0] 3
 iTor->atoms[1] 2 iTor->atoms[2] 1
 iTor->atoms[3] 0
tmpTors 
atom 1 O4 atom 2 C3 atom 3 C2 atom 4 N1
Tor 14
 iTor->atoms[0] 0
 iTor->atoms[1] 1 iTor->atoms[2] 4
 iTor->atoms[3] 5
tmpTors 
atom 1 N1 atom 2 C2 atom 3 C5 atom 4 S6
Tor 15
 iTor->atoms[0] 18
 iTor->atoms[1] 20 iTor->atoms[2] 33
 iTor->atoms[3] 31
tmpTors 
atom 1 C25 atom 2 C27 atom 3 C40 atom 4 O38
Tor 16
 iTor->atoms[0] 19
 iTor->atoms[1] 21 iTor->atoms[2] 33
 iTor->atoms[3] 31
tmpTors 
atom 1 C26 atom 2 C28 atom 3 C40 atom 4 O38
Tor 17
 iTor->atoms[0] 34
 iTor->atoms[1] 22 iTor->atoms[2] 24
 iTor->atoms[3] 35
tmpTors 
atom 1 C41 atom 2 C29 atom 3 C31 atom 4 C42
Tor 18
 iTor->atoms[0] 24
 iTor->atoms[1] 22 iTor->atoms[2] 34
 iTor->atoms[3] 31
tmpTors 
atom 1 C31 atom 2 C29 atom 3 C41 atom 4 O38
Tor 19
 iTor->atoms[0] 34
 iTor->atoms[1] 23 iTor->atoms[2] 25
 iTor->atoms[3] 35
tmpTors 
atom 1 C41 atom 2 C30 atom 3 C32 atom 4 C42
Tor 20
 iTor->atoms[0] 25
 iTor->atoms[1] 23 iTor->atoms[2] 34
 iTor->atoms[3] 31
tmpTors 
atom 1 C32 atom 2 C30 atom 3 C41 atom 4 O38
Tor 21
 iTor->atoms[0] 22
 iTor->atoms[1] 24 iTor->atoms[2] 35
 iTor->atoms[3] 25
tmpTors 
atom 1 C29 atom 2 C31 atom 3 C42 atom 4 C32
Tor 22
 iTor->atoms[0] 23
 iTor->atoms[1] 25 iTor->atoms[2] 35
 iTor->atoms[3] 24
tmpTors 
atom 1 C30 atom 2 C32 atom 3 C42 atom 4 C31
Tor 23
 iTor->atoms[0] 28
 iTor->atoms[1] 26 iTor->atoms[2] 27
 iTor->atoms[3] 37
tmpTors 
atom 1 C35 atom 2 C33 atom 3 C34 atom 4 C44
Tor 24
 iTor->atoms[0] 27
 iTor->atoms[1] 26 iTor->atoms[2] 28
 iTor->atoms[3] 39
tmpTors 
atom 1 C34 atom 2 C33 atom 3 C35 atom 4 N46
Tor 25
 iTor->atoms[0] 26
 iTor->atoms[1] 27 iTor->atoms[2] 37
 iTor->atoms[3] 29
tmpTors 
atom 1 C33 atom 2 C34 atom 3 C44 atom 4 C36
Tor 26
 iTor->atoms[0] 32
 iTor->atoms[1] 39 iTor->atoms[2] 28
 iTor->atoms[3] 26
tmpTors 
atom 1 C39 atom 2 N46 atom 3 C35 atom 4 C33
Tor 27
 iTor->atoms[0] 39
 iTor->atoms[1] 29 iTor->atoms[2] 37
 iTor->atoms[3] 27
tmpTors 
atom 1 N46 atom 2 C36 atom 3 C44 atom 4 C34
Tor 28
 iTor->atoms[0] 32
 iTor->atoms[1] 39 iTor->atoms[2] 29
 iTor->atoms[3] 37
tmpTors 
atom 1 C39 atom 2 N46 atom 3 C36 atom 4 C44
Tor 29
 iTor->atoms[0] 11
 iTor->atoms[1] 36 iTor->atoms[2] 30
 iTor->atoms[3] 38
tmpTors 
atom 1 C18 atom 2 C43 atom 3 N37 atom 4 N45
Tor 30
 iTor->atoms[0] 36
 iTor->atoms[1] 30 iTor->atoms[2] 38
 iTor->atoms[3] 10
tmpTors 
atom 1 C43 atom 2 N37 atom 3 N45 atom 4 C17
Tor 31
 iTor->atoms[0] 20
 iTor->atoms[1] 33 iTor->atoms[2] 31
 iTor->atoms[3] 34
tmpTors 
atom 1 C27 atom 2 C40 atom 3 O38 atom 4 C41
Tor 32
 iTor->atoms[0] 22
 iTor->atoms[1] 34 iTor->atoms[2] 31
 iTor->atoms[3] 33
tmpTors 
atom 1 C29 atom 2 C41 atom 3 O38 atom 4 C40
Tor 33
 iTor->atoms[0] 15
 iTor->atoms[1] 32 iTor->atoms[2] 39
 iTor->atoms[3] 28
tmpTors 
atom 1 O22 atom 2 C39 atom 3 N46 atom 4 C35
Tor 34
 iTor->atoms[0] 24
 iTor->atoms[1] 35 iTor->atoms[2] 36
 iTor->atoms[3] 11
tmpTors 
atom 1 C31 atom 2 C42 atom 3 C43 atom 4 C18
4. Number of torsions is 34
5. Number of torsions is 183
selectOneTorFromOneBond 37_38
tors idx 175
xxxxTorsion seriNumb 175
atom1 10
 atom2 38
atom 3 37
atom 4 27
added 6 
3. Number of torsions is 35
size of miniTorsions 35
Tor 1
 iTor->atoms[0] 2
 iTor->atoms[1] 1 iTor->atoms[2] 0
 iTor->atoms[3] 40
tmpTors 
atom 1 C3 atom 2 C2 atom 3 N1 atom 4 H8
Tor 2
 iTor->atoms[0] 9
 iTor->atoms[1] 10 iTor->atoms[2] 11
 iTor->atoms[3] 12
tmpTors 
atom 1 N16 atom 2 C17 atom 3 C18 atom 4 C19
Tor 3
 iTor->atoms[0] 9
 iTor->atoms[1] 10 iTor->atoms[2] 38
 iTor->atoms[3] 30
tmpTors 
atom 1 N16 atom 2 C17 atom 3 N45 atom 4 N37
Tor 4
 iTor->atoms[0] 10
 iTor->atoms[1] 11 iTor->atoms[2] 12
 iTor->atoms[3] 14
tmpTors 
atom 1 C17 atom 2 C18 atom 3 C19 atom 4 N21
Tor 5
 iTor->atoms[0] 10
 iTor->atoms[1] 11 iTor->atoms[2] 36
 iTor->atoms[3] 30
tmpTors 
atom 1 C17 atom 2 C18 atom 3 C43 atom 4 N37
Tor 6
 iTor->atoms[0] 7
 iTor->atoms[1] 12 iTor->atoms[2] 14
 iTor->atoms[3] 48
tmpTors 
atom 1 N14 atom 2 C19 atom 3 N21 atom 4 H49
Tor 7
 iTor->atoms[0] 5
 iTor->atoms[1] 13 iTor->atoms[2] 16
 iTor->atoms[3] 32
tmpTors 
atom 1 S6 atom 2 C20 atom 3 C23 atom 4 C39
Tor 8
 iTor->atoms[0] 13
 iTor->atoms[1] 16 iTor->atoms[2] 32
 iTor->atoms[3] 15
tmpTors 
atom 1 C20 atom 2 C23 atom 3 C39 atom 4 O22
Tor 9
 iTor->atoms[0] 19
 iTor->atoms[1] 17 iTor->atoms[2] 18
 iTor->atoms[3] 20
tmpTors 
atom 1 C26 atom 2 C24 atom 3 C25 atom 4 C27
Tor 10
 iTor->atoms[0] 18
 iTor->atoms[1] 17 iTor->atoms[2] 19
 iTor->atoms[3] 21
tmpTors 
atom 1 C25 atom 2 C24 atom 3 C26 atom 4 C28
Tor 11
 iTor->atoms[0] 17
 iTor->atoms[1] 18 iTor->atoms[2] 20
 iTor->atoms[3] 33
tmpTors 
atom 1 C24 atom 2 C25 atom 3 C27 atom 4 C40
Tor 12
 iTor->atoms[0] 17
 iTor->atoms[1] 19 iTor->atoms[2] 21
 iTor->atoms[3] 33
tmpTors 
atom 1 C24 atom 2 C26 atom 3 C28 atom 4 C40
Tor 13
 iTor->atoms[0] 3
 iTor->atoms[1] 2 iTor->atoms[2] 1
 iTor->atoms[3] 0
tmpTors 
atom 1 O4 atom 2 C3 atom 3 C2 atom 4 N1
Tor 14
 iTor->atoms[0] 0
 iTor->atoms[1] 1 iTor->atoms[2] 4
 iTor->atoms[3] 5
tmpTors 
atom 1 N1 atom 2 C2 atom 3 C5 atom 4 S6
Tor 15
 iTor->atoms[0] 18
 iTor->atoms[1] 20 iTor->atoms[2] 33
 iTor->atoms[3] 31
tmpTors 
atom 1 C25 atom 2 C27 atom 3 C40 atom 4 O38
Tor 16
 iTor->atoms[0] 19
 iTor->atoms[1] 21 iTor->atoms[2] 33
 iTor->atoms[3] 31
tmpTors 
atom 1 C26 atom 2 C28 atom 3 C40 atom 4 O38
Tor 17
 iTor->atoms[0] 34
 iTor->atoms[1] 22 iTor->atoms[2] 24
 iTor->atoms[3] 35
tmpTors 
atom 1 C41 atom 2 C29 atom 3 C31 atom 4 C42
Tor 18
 iTor->atoms[0] 24
 iTor->atoms[1] 22 iTor->atoms[2] 34
 iTor->atoms[3] 31
tmpTors 
atom 1 C31 atom 2 C29 atom 3 C41 atom 4 O38
Tor 19
 iTor->atoms[0] 34
 iTor->atoms[1] 23 iTor->atoms[2] 25
 iTor->atoms[3] 35
tmpTors 
atom 1 C41 atom 2 C30 atom 3 C32 atom 4 C42
Tor 20
 iTor->atoms[0] 25
 iTor->atoms[1] 23 iTor->atoms[2] 34
 iTor->atoms[3] 31
tmpTors 
atom 1 C32 atom 2 C30 atom 3 C41 atom 4 O38
Tor 21
 iTor->atoms[0] 22
 iTor->atoms[1] 24 iTor->atoms[2] 35
 iTor->atoms[3] 25
tmpTors 
atom 1 C29 atom 2 C31 atom 3 C42 atom 4 C32
Tor 22
 iTor->atoms[0] 23
 iTor->atoms[1] 25 iTor->atoms[2] 35
 iTor->atoms[3] 24
tmpTors 
atom 1 C30 atom 2 C32 atom 3 C42 atom 4 C31
Tor 23
 iTor->atoms[0] 28
 iTor->atoms[1] 26 iTor->atoms[2] 27
 iTor->atoms[3] 37
tmpTors 
atom 1 C35 atom 2 C33 atom 3 C34 atom 4 C44
Tor 24
 iTor->atoms[0] 27
 iTor->atoms[1] 26 iTor->atoms[2] 28
 iTor->atoms[3] 39
tmpTors 
atom 1 C34 atom 2 C33 atom 3 C35 atom 4 N46
Tor 25
 iTor->atoms[0] 26
 iTor->atoms[1] 27 iTor->atoms[2] 37
 iTor->atoms[3] 29
tmpTors 
atom 1 C33 atom 2 C34 atom 3 C44 atom 4 C36
Tor 26
 iTor->atoms[0] 32
 iTor->atoms[1] 39 iTor->atoms[2] 28
 iTor->atoms[3] 26
tmpTors 
atom 1 C39 atom 2 N46 atom 3 C35 atom 4 C33
Tor 27
 iTor->atoms[0] 39
 iTor->atoms[1] 29 iTor->atoms[2] 37
 iTor->atoms[3] 27
tmpTors 
atom 1 N46 atom 2 C36 atom 3 C44 atom 4 C34
Tor 28
 iTor->atoms[0] 32
 iTor->atoms[1] 39 iTor->atoms[2] 29
 iTor->atoms[3] 37
tmpTors 
atom 1 C39 atom 2 N46 atom 3 C36 atom 4 C44
Tor 29
 iTor->atoms[0] 11
 iTor->atoms[1] 36 iTor->atoms[2] 30
 iTor->atoms[3] 38
tmpTors 
atom 1 C18 atom 2 C43 atom 3 N37 atom 4 N45
Tor 30
 iTor->atoms[0] 36
 iTor->atoms[1] 30 iTor->atoms[2] 38
 iTor->atoms[3] 10
tmpTors 
atom 1 C43 atom 2 N37 atom 3 N45 atom 4 C17
Tor 31
 iTor->atoms[0] 20
 iTor->atoms[1] 33 iTor->atoms[2] 31
 iTor->atoms[3] 34
tmpTors 
atom 1 C27 atom 2 C40 atom 3 O38 atom 4 C41
Tor 32
 iTor->atoms[0] 22
 iTor->atoms[1] 34 iTor->atoms[2] 31
 iTor->atoms[3] 33
tmpTors 
atom 1 C29 atom 2 C41 atom 3 O38 atom 4 C40
Tor 33
 iTor->atoms[0] 15
 iTor->atoms[1] 32 iTor->atoms[2] 39
 iTor->atoms[3] 28
tmpTors 
atom 1 O22 atom 2 C39 atom 3 N46 atom 4 C35
Tor 34
 iTor->atoms[0] 24
 iTor->atoms[1] 35 iTor->atoms[2] 36
 iTor->atoms[3] 11
tmpTors 
atom 1 C31 atom 2 C42 atom 3 C43 atom 4 C18
Tor 35
 iTor->atoms[0] 10
 iTor->atoms[1] 38 iTor->atoms[2] 37
 iTor->atoms[3] 27
tmpTors 
atom 1 C17 atom 2 N45 atom 3 C44 atom 4 C34
4. Number of torsions is 35
5. Number of torsions is 183
selectOneTorFromOneBond 4_5
input atom1 1
input atom1 4
input atom1 5
input atom1 13
xxxxTorsion seriNumb 129
atom1 1
 atom2 4
atom 3 5
atom 4 13
xxxminiTorsions add C2, C5, S6, and C20
added 1 
3. Number of torsions is 36
size of miniTorsions 36
Tor 1
 iTor->atoms[0] 2
 iTor->atoms[1] 1 iTor->atoms[2] 0
 iTor->atoms[3] 40
tmpTors 
atom 1 C3 atom 2 C2 atom 3 N1 atom 4 H8
Tor 2
 iTor->atoms[0] 9
 iTor->atoms[1] 10 iTor->atoms[2] 11
 iTor->atoms[3] 12
tmpTors 
atom 1 N16 atom 2 C17 atom 3 C18 atom 4 C19
Tor 3
 iTor->atoms[0] 9
 iTor->atoms[1] 10 iTor->atoms[2] 38
 iTor->atoms[3] 30
tmpTors 
atom 1 N16 atom 2 C17 atom 3 N45 atom 4 N37
Tor 4
 iTor->atoms[0] 10
 iTor->atoms[1] 11 iTor->atoms[2] 12
 iTor->atoms[3] 14
tmpTors 
atom 1 C17 atom 2 C18 atom 3 C19 atom 4 N21
Tor 5
 iTor->atoms[0] 10
 iTor->atoms[1] 11 iTor->atoms[2] 36
 iTor->atoms[3] 30
tmpTors 
atom 1 C17 atom 2 C18 atom 3 C43 atom 4 N37
Tor 6
 iTor->atoms[0] 7
 iTor->atoms[1] 12 iTor->atoms[2] 14
 iTor->atoms[3] 48
tmpTors 
atom 1 N14 atom 2 C19 atom 3 N21 atom 4 H49
Tor 7
 iTor->atoms[0] 5
 iTor->atoms[1] 13 iTor->atoms[2] 16
 iTor->atoms[3] 32
tmpTors 
atom 1 S6 atom 2 C20 atom 3 C23 atom 4 C39
Tor 8
 iTor->atoms[0] 13
 iTor->atoms[1] 16 iTor->atoms[2] 32
 iTor->atoms[3] 15
tmpTors 
atom 1 C20 atom 2 C23 atom 3 C39 atom 4 O22
Tor 9
 iTor->atoms[0] 19
 iTor->atoms[1] 17 iTor->atoms[2] 18
 iTor->atoms[3] 20
tmpTors 
atom 1 C26 atom 2 C24 atom 3 C25 atom 4 C27
Tor 10
 iTor->atoms[0] 18
 iTor->atoms[1] 17 iTor->atoms[2] 19
 iTor->atoms[3] 21
tmpTors 
atom 1 C25 atom 2 C24 atom 3 C26 atom 4 C28
Tor 11
 iTor->atoms[0] 17
 iTor->atoms[1] 18 iTor->atoms[2] 20
 iTor->atoms[3] 33
tmpTors 
atom 1 C24 atom 2 C25 atom 3 C27 atom 4 C40
Tor 12
 iTor->atoms[0] 17
 iTor->atoms[1] 19 iTor->atoms[2] 21
 iTor->atoms[3] 33
tmpTors 
atom 1 C24 atom 2 C26 atom 3 C28 atom 4 C40
Tor 13
 iTor->atoms[0] 3
 iTor->atoms[1] 2 iTor->atoms[2] 1
 iTor->atoms[3] 0
tmpTors 
atom 1 O4 atom 2 C3 atom 3 C2 atom 4 N1
Tor 14
 iTor->atoms[0] 0
 iTor->atoms[1] 1 iTor->atoms[2] 4
 iTor->atoms[3] 5
tmpTors 
atom 1 N1 atom 2 C2 atom 3 C5 atom 4 S6
Tor 15
 iTor->atoms[0] 18
 iTor->atoms[1] 20 iTor->atoms[2] 33
 iTor->atoms[3] 31
tmpTors 
atom 1 C25 atom 2 C27 atom 3 C40 atom 4 O38
Tor 16
 iTor->atoms[0] 19
 iTor->atoms[1] 21 iTor->atoms[2] 33
 iTor->atoms[3] 31
tmpTors 
atom 1 C26 atom 2 C28 atom 3 C40 atom 4 O38
Tor 17
 iTor->atoms[0] 34
 iTor->atoms[1] 22 iTor->atoms[2] 24
 iTor->atoms[3] 35
tmpTors 
atom 1 C41 atom 2 C29 atom 3 C31 atom 4 C42
Tor 18
 iTor->atoms[0] 24
 iTor->atoms[1] 22 iTor->atoms[2] 34
 iTor->atoms[3] 31
tmpTors 
atom 1 C31 atom 2 C29 atom 3 C41 atom 4 O38
Tor 19
 iTor->atoms[0] 34
 iTor->atoms[1] 23 iTor->atoms[2] 25
 iTor->atoms[3] 35
tmpTors 
atom 1 C41 atom 2 C30 atom 3 C32 atom 4 C42
Tor 20
 iTor->atoms[0] 25
 iTor->atoms[1] 23 iTor->atoms[2] 34
 iTor->atoms[3] 31
tmpTors 
atom 1 C32 atom 2 C30 atom 3 C41 atom 4 O38
Tor 21
 iTor->atoms[0] 22
 iTor->atoms[1] 24 iTor->atoms[2] 35
 iTor->atoms[3] 25
tmpTors 
atom 1 C29 atom 2 C31 atom 3 C42 atom 4 C32
Tor 22
 iTor->atoms[0] 23
 iTor->atoms[1] 25 iTor->atoms[2] 35
 iTor->atoms[3] 24
tmpTors 
atom 1 C30 atom 2 C32 atom 3 C42 atom 4 C31
Tor 23
 iTor->atoms[0] 28
 iTor->atoms[1] 26 iTor->atoms[2] 27
 iTor->atoms[3] 37
tmpTors 
atom 1 C35 atom 2 C33 atom 3 C34 atom 4 C44
Tor 24
 iTor->atoms[0] 27
 iTor->atoms[1] 26 iTor->atoms[2] 28
 iTor->atoms[3] 39
tmpTors 
atom 1 C34 atom 2 C33 atom 3 C35 atom 4 N46
Tor 25
 iTor->atoms[0] 26
 iTor->atoms[1] 27 iTor->atoms[2] 37
 iTor->atoms[3] 29
tmpTors 
atom 1 C33 atom 2 C34 atom 3 C44 atom 4 C36
Tor 26
 iTor->atoms[0] 32
 iTor->atoms[1] 39 iTor->atoms[2] 28
 iTor->atoms[3] 26
tmpTors 
atom 1 C39 atom 2 N46 atom 3 C35 atom 4 C33
Tor 27
 iTor->atoms[0] 39
 iTor->atoms[1] 29 iTor->atoms[2] 37
 iTor->atoms[3] 27
tmpTors 
atom 1 N46 atom 2 C36 atom 3 C44 atom 4 C34
Tor 28
 iTor->atoms[0] 32
 iTor->atoms[1] 39 iTor->atoms[2] 29
 iTor->atoms[3] 37
tmpTors 
atom 1 C39 atom 2 N46 atom 3 C36 atom 4 C44
Tor 29
 iTor->atoms[0] 11
 iTor->atoms[1] 36 iTor->atoms[2] 30
 iTor->atoms[3] 38
tmpTors 
atom 1 C18 atom 2 C43 atom 3 N37 atom 4 N45
Tor 30
 iTor->atoms[0] 36
 iTor->atoms[1] 30 iTor->atoms[2] 38
 iTor->atoms[3] 10
tmpTors 
atom 1 C43 atom 2 N37 atom 3 N45 atom 4 C17
Tor 31
 iTor->atoms[0] 20
 iTor->atoms[1] 33 iTor->atoms[2] 31
 iTor->atoms[3] 34
tmpTors 
atom 1 C27 atom 2 C40 atom 3 O38 atom 4 C41
Tor 32
 iTor->atoms[0] 22
 iTor->atoms[1] 34 iTor->atoms[2] 31
 iTor->atoms[3] 33
tmpTors 
atom 1 C29 atom 2 C41 atom 3 O38 atom 4 C40
Tor 33
 iTor->atoms[0] 15
 iTor->atoms[1] 32 iTor->atoms[2] 39
 iTor->atoms[3] 28
tmpTors 
atom 1 O22 atom 2 C39 atom 3 N46 atom 4 C35
Tor 34
 iTor->atoms[0] 24
 iTor->atoms[1] 35 iTor->atoms[2] 36
 iTor->atoms[3] 11
tmpTors 
atom 1 C31 atom 2 C42 atom 3 C43 atom 4 C18
Tor 35
 iTor->atoms[0] 10
 iTor->atoms[1] 38 iTor->atoms[2] 37
 iTor->atoms[3] 27
tmpTors 
atom 1 C17 atom 2 N45 atom 3 C44 atom 4 C34
Tor 36
 iTor->atoms[0] 1
 iTor->atoms[1] 4 iTor->atoms[2] 5
 iTor->atoms[3] 13
tmpTors 
atom 1 C2 atom 2 C5 atom 3 S6 atom 4 C20
4. Number of torsions is 36
5. Number of torsions is 183
selectOneTorFromOneBond 5_13
input atom1 4
input atom1 5
input atom1 13
input atom1 16
xxxxTorsion seriNumb 181
atom1 16
 atom2 13
atom 3 5
atom 4 4
xxxminiTorsions add C5, S6, C20, and C23
added 1 
3. Number of torsions is 37
size of miniTorsions 37
Tor 1
 iTor->atoms[0] 2
 iTor->atoms[1] 1 iTor->atoms[2] 0
 iTor->atoms[3] 40
tmpTors 
atom 1 C3 atom 2 C2 atom 3 N1 atom 4 H8
Tor 2
 iTor->atoms[0] 9
 iTor->atoms[1] 10 iTor->atoms[2] 11
 iTor->atoms[3] 12
tmpTors 
atom 1 N16 atom 2 C17 atom 3 C18 atom 4 C19
Tor 3
 iTor->atoms[0] 9
 iTor->atoms[1] 10 iTor->atoms[2] 38
 iTor->atoms[3] 30
tmpTors 
atom 1 N16 atom 2 C17 atom 3 N45 atom 4 N37
Tor 4
 iTor->atoms[0] 10
 iTor->atoms[1] 11 iTor->atoms[2] 12
 iTor->atoms[3] 14
tmpTors 
atom 1 C17 atom 2 C18 atom 3 C19 atom 4 N21
Tor 5
 iTor->atoms[0] 10
 iTor->atoms[1] 11 iTor->atoms[2] 36
 iTor->atoms[3] 30
tmpTors 
atom 1 C17 atom 2 C18 atom 3 C43 atom 4 N37
Tor 6
 iTor->atoms[0] 7
 iTor->atoms[1] 12 iTor->atoms[2] 14
 iTor->atoms[3] 48
tmpTors 
atom 1 N14 atom 2 C19 atom 3 N21 atom 4 H49
Tor 7
 iTor->atoms[0] 5
 iTor->atoms[1] 13 iTor->atoms[2] 16
 iTor->atoms[3] 32
tmpTors 
atom 1 S6 atom 2 C20 atom 3 C23 atom 4 C39
Tor 8
 iTor->atoms[0] 13
 iTor->atoms[1] 16 iTor->atoms[2] 32
 iTor->atoms[3] 15
tmpTors 
atom 1 C20 atom 2 C23 atom 3 C39 atom 4 O22
Tor 9
 iTor->atoms[0] 19
 iTor->atoms[1] 17 iTor->atoms[2] 18
 iTor->atoms[3] 20
tmpTors 
atom 1 C26 atom 2 C24 atom 3 C25 atom 4 C27
Tor 10
 iTor->atoms[0] 18
 iTor->atoms[1] 17 iTor->atoms[2] 19
 iTor->atoms[3] 21
tmpTors 
atom 1 C25 atom 2 C24 atom 3 C26 atom 4 C28
Tor 11
 iTor->atoms[0] 17
 iTor->atoms[1] 18 iTor->atoms[2] 20
 iTor->atoms[3] 33
tmpTors 
atom 1 C24 atom 2 C25 atom 3 C27 atom 4 C40
Tor 12
 iTor->atoms[0] 17
 iTor->atoms[1] 19 iTor->atoms[2] 21
 iTor->atoms[3] 33
tmpTors 
atom 1 C24 atom 2 C26 atom 3 C28 atom 4 C40
Tor 13
 iTor->atoms[0] 3
 iTor->atoms[1] 2 iTor->atoms[2] 1
 iTor->atoms[3] 0
tmpTors 
atom 1 O4 atom 2 C3 atom 3 C2 atom 4 N1
Tor 14
 iTor->atoms[0] 0
 iTor->atoms[1] 1 iTor->atoms[2] 4
 iTor->atoms[3] 5
tmpTors 
atom 1 N1 atom 2 C2 atom 3 C5 atom 4 S6
Tor 15
 iTor->atoms[0] 18
 iTor->atoms[1] 20 iTor->atoms[2] 33
 iTor->atoms[3] 31
tmpTors 
atom 1 C25 atom 2 C27 atom 3 C40 atom 4 O38
Tor 16
 iTor->atoms[0] 19
 iTor->atoms[1] 21 iTor->atoms[2] 33
 iTor->atoms[3] 31
tmpTors 
atom 1 C26 atom 2 C28 atom 3 C40 atom 4 O38
Tor 17
 iTor->atoms[0] 34
 iTor->atoms[1] 22 iTor->atoms[2] 24
 iTor->atoms[3] 35
tmpTors 
atom 1 C41 atom 2 C29 atom 3 C31 atom 4 C42
Tor 18
 iTor->atoms[0] 24
 iTor->atoms[1] 22 iTor->atoms[2] 34
 iTor->atoms[3] 31
tmpTors 
atom 1 C31 atom 2 C29 atom 3 C41 atom 4 O38
Tor 19
 iTor->atoms[0] 34
 iTor->atoms[1] 23 iTor->atoms[2] 25
 iTor->atoms[3] 35
tmpTors 
atom 1 C41 atom 2 C30 atom 3 C32 atom 4 C42
Tor 20
 iTor->atoms[0] 25
 iTor->atoms[1] 23 iTor->atoms[2] 34
 iTor->atoms[3] 31
tmpTors 
atom 1 C32 atom 2 C30 atom 3 C41 atom 4 O38
Tor 21
 iTor->atoms[0] 22
 iTor->atoms[1] 24 iTor->atoms[2] 35
 iTor->atoms[3] 25
tmpTors 
atom 1 C29 atom 2 C31 atom 3 C42 atom 4 C32
Tor 22
 iTor->atoms[0] 23
 iTor->atoms[1] 25 iTor->atoms[2] 35
 iTor->atoms[3] 24
tmpTors 
atom 1 C30 atom 2 C32 atom 3 C42 atom 4 C31
Tor 23
 iTor->atoms[0] 28
 iTor->atoms[1] 26 iTor->atoms[2] 27
 iTor->atoms[3] 37
tmpTors 
atom 1 C35 atom 2 C33 atom 3 C34 atom 4 C44
Tor 24
 iTor->atoms[0] 27
 iTor->atoms[1] 26 iTor->atoms[2] 28
 iTor->atoms[3] 39
tmpTors 
atom 1 C34 atom 2 C33 atom 3 C35 atom 4 N46
Tor 25
 iTor->atoms[0] 26
 iTor->atoms[1] 27 iTor->atoms[2] 37
 iTor->atoms[3] 29
tmpTors 
atom 1 C33 atom 2 C34 atom 3 C44 atom 4 C36
Tor 26
 iTor->atoms[0] 32
 iTor->atoms[1] 39 iTor->atoms[2] 28
 iTor->atoms[3] 26
tmpTors 
atom 1 C39 atom 2 N46 atom 3 C35 atom 4 C33
Tor 27
 iTor->atoms[0] 39
 iTor->atoms[1] 29 iTor->atoms[2] 37
 iTor->atoms[3] 27
tmpTors 
atom 1 N46 atom 2 C36 atom 3 C44 atom 4 C34
Tor 28
 iTor->atoms[0] 32
 iTor->atoms[1] 39 iTor->atoms[2] 29
 iTor->atoms[3] 37
tmpTors 
atom 1 C39 atom 2 N46 atom 3 C36 atom 4 C44
Tor 29
 iTor->atoms[0] 11
 iTor->atoms[1] 36 iTor->atoms[2] 30
 iTor->atoms[3] 38
tmpTors 
atom 1 C18 atom 2 C43 atom 3 N37 atom 4 N45
Tor 30
 iTor->atoms[0] 36
 iTor->atoms[1] 30 iTor->atoms[2] 38
 iTor->atoms[3] 10
tmpTors 
atom 1 C43 atom 2 N37 atom 3 N45 atom 4 C17
Tor 31
 iTor->atoms[0] 20
 iTor->atoms[1] 33 iTor->atoms[2] 31
 iTor->atoms[3] 34
tmpTors 
atom 1 C27 atom 2 C40 atom 3 O38 atom 4 C41
Tor 32
 iTor->atoms[0] 22
 iTor->atoms[1] 34 iTor->atoms[2] 31
 iTor->atoms[3] 33
tmpTors 
atom 1 C29 atom 2 C41 atom 3 O38 atom 4 C40
Tor 33
 iTor->atoms[0] 15
 iTor->atoms[1] 32 iTor->atoms[2] 39
 iTor->atoms[3] 28
tmpTors 
atom 1 O22 atom 2 C39 atom 3 N46 atom 4 C35
Tor 34
 iTor->atoms[0] 24
 iTor->atoms[1] 35 iTor->atoms[2] 36
 iTor->atoms[3] 11
tmpTors 
atom 1 C31 atom 2 C42 atom 3 C43 atom 4 C18
Tor 35
 iTor->atoms[0] 10
 iTor->atoms[1] 38 iTor->atoms[2] 37
 iTor->atoms[3] 27
tmpTors 
atom 1 C17 atom 2 N45 atom 3 C44 atom 4 C34
Tor 36
 iTor->atoms[0] 1
 iTor->atoms[1] 4 iTor->atoms[2] 5
 iTor->atoms[3] 13
tmpTors 
atom 1 C2 atom 2 C5 atom 3 S6 atom 4 C20
Tor 37
 iTor->atoms[0] 16
 iTor->atoms[1] 13 iTor->atoms[2] 5
 iTor->atoms[3] 4
tmpTors 
atom 1 C23 atom 2 C20 atom 3 S6 atom 4 C5
4. Number of torsions is 37
5. Number of torsions is 183
selectOneTorFromOneBond 7_12
tors idx 133
xxxxTorsion seriNumb 133
atom1 14
 atom2 12
atom 3 7
atom 4 8
added 4 
3. Number of torsions is 38
size of miniTorsions 38
Tor 1
 iTor->atoms[0] 2
 iTor->atoms[1] 1 iTor->atoms[2] 0
 iTor->atoms[3] 40
tmpTors 
atom 1 C3 atom 2 C2 atom 3 N1 atom 4 H8
Tor 2
 iTor->atoms[0] 9
 iTor->atoms[1] 10 iTor->atoms[2] 11
 iTor->atoms[3] 12
tmpTors 
atom 1 N16 atom 2 C17 atom 3 C18 atom 4 C19
Tor 3
 iTor->atoms[0] 9
 iTor->atoms[1] 10 iTor->atoms[2] 38
 iTor->atoms[3] 30
tmpTors 
atom 1 N16 atom 2 C17 atom 3 N45 atom 4 N37
Tor 4
 iTor->atoms[0] 10
 iTor->atoms[1] 11 iTor->atoms[2] 12
 iTor->atoms[3] 14
tmpTors 
atom 1 C17 atom 2 C18 atom 3 C19 atom 4 N21
Tor 5
 iTor->atoms[0] 10
 iTor->atoms[1] 11 iTor->atoms[2] 36
 iTor->atoms[3] 30
tmpTors 
atom 1 C17 atom 2 C18 atom 3 C43 atom 4 N37
Tor 6
 iTor->atoms[0] 7
 iTor->atoms[1] 12 iTor->atoms[2] 14
 iTor->atoms[3] 48
tmpTors 
atom 1 N14 atom 2 C19 atom 3 N21 atom 4 H49
Tor 7
 iTor->atoms[0] 5
 iTor->atoms[1] 13 iTor->atoms[2] 16
 iTor->atoms[3] 32
tmpTors 
atom 1 S6 atom 2 C20 atom 3 C23 atom 4 C39
Tor 8
 iTor->atoms[0] 13
 iTor->atoms[1] 16 iTor->atoms[2] 32
 iTor->atoms[3] 15
tmpTors 
atom 1 C20 atom 2 C23 atom 3 C39 atom 4 O22
Tor 9
 iTor->atoms[0] 19
 iTor->atoms[1] 17 iTor->atoms[2] 18
 iTor->atoms[3] 20
tmpTors 
atom 1 C26 atom 2 C24 atom 3 C25 atom 4 C27
Tor 10
 iTor->atoms[0] 18
 iTor->atoms[1] 17 iTor->atoms[2] 19
 iTor->atoms[3] 21
tmpTors 
atom 1 C25 atom 2 C24 atom 3 C26 atom 4 C28
Tor 11
 iTor->atoms[0] 17
 iTor->atoms[1] 18 iTor->atoms[2] 20
 iTor->atoms[3] 33
tmpTors 
atom 1 C24 atom 2 C25 atom 3 C27 atom 4 C40
Tor 12
 iTor->atoms[0] 17
 iTor->atoms[1] 19 iTor->atoms[2] 21
 iTor->atoms[3] 33
tmpTors 
atom 1 C24 atom 2 C26 atom 3 C28 atom 4 C40
Tor 13
 iTor->atoms[0] 3
 iTor->atoms[1] 2 iTor->atoms[2] 1
 iTor->atoms[3] 0
tmpTors 
atom 1 O4 atom 2 C3 atom 3 C2 atom 4 N1
Tor 14
 iTor->atoms[0] 0
 iTor->atoms[1] 1 iTor->atoms[2] 4
 iTor->atoms[3] 5
tmpTors 
atom 1 N1 atom 2 C2 atom 3 C5 atom 4 S6
Tor 15
 iTor->atoms[0] 18
 iTor->atoms[1] 20 iTor->atoms[2] 33
 iTor->atoms[3] 31
tmpTors 
atom 1 C25 atom 2 C27 atom 3 C40 atom 4 O38
Tor 16
 iTor->atoms[0] 19
 iTor->atoms[1] 21 iTor->atoms[2] 33
 iTor->atoms[3] 31
tmpTors 
atom 1 C26 atom 2 C28 atom 3 C40 atom 4 O38
Tor 17
 iTor->atoms[0] 34
 iTor->atoms[1] 22 iTor->atoms[2] 24
 iTor->atoms[3] 35
tmpTors 
atom 1 C41 atom 2 C29 atom 3 C31 atom 4 C42
Tor 18
 iTor->atoms[0] 24
 iTor->atoms[1] 22 iTor->atoms[2] 34
 iTor->atoms[3] 31
tmpTors 
atom 1 C31 atom 2 C29 atom 3 C41 atom 4 O38
Tor 19
 iTor->atoms[0] 34
 iTor->atoms[1] 23 iTor->atoms[2] 25
 iTor->atoms[3] 35
tmpTors 
atom 1 C41 atom 2 C30 atom 3 C32 atom 4 C42
Tor 20
 iTor->atoms[0] 25
 iTor->atoms[1] 23 iTor->atoms[2] 34
 iTor->atoms[3] 31
tmpTors 
atom 1 C32 atom 2 C30 atom 3 C41 atom 4 O38
Tor 21
 iTor->atoms[0] 22
 iTor->atoms[1] 24 iTor->atoms[2] 35
 iTor->atoms[3] 25
tmpTors 
atom 1 C29 atom 2 C31 atom 3 C42 atom 4 C32
Tor 22
 iTor->atoms[0] 23
 iTor->atoms[1] 25 iTor->atoms[2] 35
 iTor->atoms[3] 24
tmpTors 
atom 1 C30 atom 2 C32 atom 3 C42 atom 4 C31
Tor 23
 iTor->atoms[0] 28
 iTor->atoms[1] 26 iTor->atoms[2] 27
 iTor->atoms[3] 37
tmpTors 
atom 1 C35 atom 2 C33 atom 3 C34 atom 4 C44
Tor 24
 iTor->atoms[0] 27
 iTor->atoms[1] 26 iTor->atoms[2] 28
 iTor->atoms[3] 39
tmpTors 
atom 1 C34 atom 2 C33 atom 3 C35 atom 4 N46
Tor 25
 iTor->atoms[0] 26
 iTor->atoms[1] 27 iTor->atoms[2] 37
 iTor->atoms[3] 29
tmpTors 
atom 1 C33 atom 2 C34 atom 3 C44 atom 4 C36
Tor 26
 iTor->atoms[0] 32
 iTor->atoms[1] 39 iTor->atoms[2] 28
 iTor->atoms[3] 26
tmpTors 
atom 1 C39 atom 2 N46 atom 3 C35 atom 4 C33
Tor 27
 iTor->atoms[0] 39
 iTor->atoms[1] 29 iTor->atoms[2] 37
 iTor->atoms[3] 27
tmpTors 
atom 1 N46 atom 2 C36 atom 3 C44 atom 4 C34
Tor 28
 iTor->atoms[0] 32
 iTor->atoms[1] 39 iTor->atoms[2] 29
 iTor->atoms[3] 37
tmpTors 
atom 1 C39 atom 2 N46 atom 3 C36 atom 4 C44
Tor 29
 iTor->atoms[0] 11
 iTor->atoms[1] 36 iTor->atoms[2] 30
 iTor->atoms[3] 38
tmpTors 
atom 1 C18 atom 2 C43 atom 3 N37 atom 4 N45
Tor 30
 iTor->atoms[0] 36
 iTor->atoms[1] 30 iTor->atoms[2] 38
 iTor->atoms[3] 10
tmpTors 
atom 1 C43 atom 2 N37 atom 3 N45 atom 4 C17
Tor 31
 iTor->atoms[0] 20
 iTor->atoms[1] 33 iTor->atoms[2] 31
 iTor->atoms[3] 34
tmpTors 
atom 1 C27 atom 2 C40 atom 3 O38 atom 4 C41
Tor 32
 iTor->atoms[0] 22
 iTor->atoms[1] 34 iTor->atoms[2] 31
 iTor->atoms[3] 33
tmpTors 
atom 1 C29 atom 2 C41 atom 3 O38 atom 4 C40
Tor 33
 iTor->atoms[0] 15
 iTor->atoms[1] 32 iTor->atoms[2] 39
 iTor->atoms[3] 28
tmpTors 
atom 1 O22 atom 2 C39 atom 3 N46 atom 4 C35
Tor 34
 iTor->atoms[0] 24
 iTor->atoms[1] 35 iTor->atoms[2] 36
 iTor->atoms[3] 11
tmpTors 
atom 1 C31 atom 2 C42 atom 3 C43 atom 4 C18
Tor 35
 iTor->atoms[0] 10
 iTor->atoms[1] 38 iTor->atoms[2] 37
 iTor->atoms[3] 27
tmpTors 
atom 1 C17 atom 2 N45 atom 3 C44 atom 4 C34
Tor 36
 iTor->atoms[0] 1
 iTor->atoms[1] 4 iTor->atoms[2] 5
 iTor->atoms[3] 13
tmpTors 
atom 1 C2 atom 2 C5 atom 3 S6 atom 4 C20
Tor 37
 iTor->atoms[0] 16
 iTor->atoms[1] 13 iTor->atoms[2] 5
 iTor->atoms[3] 4
tmpTors 
atom 1 C23 atom 2 C20 atom 3 S6 atom 4 C5
Tor 38
 iTor->atoms[0] 14
 iTor->atoms[1] 12 iTor->atoms[2] 7
 iTor->atoms[3] 8
tmpTors 
atom 1 N21 atom 2 C19 atom 3 N14 atom 4 C15
4. Number of torsions is 38
5. Number of torsions is 183
selectOneTorFromOneBond 7_8
tors idx 0
xxxxTorsion seriNumb 0
atom1 9
 atom2 8
atom 3 7
atom 4 12
added 6 
3. Number of torsions is 39
size of miniTorsions 39
Tor 1
 iTor->atoms[0] 2
 iTor->atoms[1] 1 iTor->atoms[2] 0
 iTor->atoms[3] 40
tmpTors 
atom 1 C3 atom 2 C2 atom 3 N1 atom 4 H8
Tor 2
 iTor->atoms[0] 9
 iTor->atoms[1] 10 iTor->atoms[2] 11
 iTor->atoms[3] 12
tmpTors 
atom 1 N16 atom 2 C17 atom 3 C18 atom 4 C19
Tor 3
 iTor->atoms[0] 9
 iTor->atoms[1] 10 iTor->atoms[2] 38
 iTor->atoms[3] 30
tmpTors 
atom 1 N16 atom 2 C17 atom 3 N45 atom 4 N37
Tor 4
 iTor->atoms[0] 10
 iTor->atoms[1] 11 iTor->atoms[2] 12
 iTor->atoms[3] 14
tmpTors 
atom 1 C17 atom 2 C18 atom 3 C19 atom 4 N21
Tor 5
 iTor->atoms[0] 10
 iTor->atoms[1] 11 iTor->atoms[2] 36
 iTor->atoms[3] 30
tmpTors 
atom 1 C17 atom 2 C18 atom 3 C43 atom 4 N37
Tor 6
 iTor->atoms[0] 7
 iTor->atoms[1] 12 iTor->atoms[2] 14
 iTor->atoms[3] 48
tmpTors 
atom 1 N14 atom 2 C19 atom 3 N21 atom 4 H49
Tor 7
 iTor->atoms[0] 5
 iTor->atoms[1] 13 iTor->atoms[2] 16
 iTor->atoms[3] 32
tmpTors 
atom 1 S6 atom 2 C20 atom 3 C23 atom 4 C39
Tor 8
 iTor->atoms[0] 13
 iTor->atoms[1] 16 iTor->atoms[2] 32
 iTor->atoms[3] 15
tmpTors 
atom 1 C20 atom 2 C23 atom 3 C39 atom 4 O22
Tor 9
 iTor->atoms[0] 19
 iTor->atoms[1] 17 iTor->atoms[2] 18
 iTor->atoms[3] 20
tmpTors 
atom 1 C26 atom 2 C24 atom 3 C25 atom 4 C27
Tor 10
 iTor->atoms[0] 18
 iTor->atoms[1] 17 iTor->atoms[2] 19
 iTor->atoms[3] 21
tmpTors 
atom 1 C25 atom 2 C24 atom 3 C26 atom 4 C28
Tor 11
 iTor->atoms[0] 17
 iTor->atoms[1] 18 iTor->atoms[2] 20
 iTor->atoms[3] 33
tmpTors 
atom 1 C24 atom 2 C25 atom 3 C27 atom 4 C40
Tor 12
 iTor->atoms[0] 17
 iTor->atoms[1] 19 iTor->atoms[2] 21
 iTor->atoms[3] 33
tmpTors 
atom 1 C24 atom 2 C26 atom 3 C28 atom 4 C40
Tor 13
 iTor->atoms[0] 3
 iTor->atoms[1] 2 iTor->atoms[2] 1
 iTor->atoms[3] 0
tmpTors 
atom 1 O4 atom 2 C3 atom 3 C2 atom 4 N1
Tor 14
 iTor->atoms[0] 0
 iTor->atoms[1] 1 iTor->atoms[2] 4
 iTor->atoms[3] 5
tmpTors 
atom 1 N1 atom 2 C2 atom 3 C5 atom 4 S6
Tor 15
 iTor->atoms[0] 18
 iTor->atoms[1] 20 iTor->atoms[2] 33
 iTor->atoms[3] 31
tmpTors 
atom 1 C25 atom 2 C27 atom 3 C40 atom 4 O38
Tor 16
 iTor->atoms[0] 19
 iTor->atoms[1] 21 iTor->atoms[2] 33
 iTor->atoms[3] 31
tmpTors 
atom 1 C26 atom 2 C28 atom 3 C40 atom 4 O38
Tor 17
 iTor->atoms[0] 34
 iTor->atoms[1] 22 iTor->atoms[2] 24
 iTor->atoms[3] 35
tmpTors 
atom 1 C41 atom 2 C29 atom 3 C31 atom 4 C42
Tor 18
 iTor->atoms[0] 24
 iTor->atoms[1] 22 iTor->atoms[2] 34
 iTor->atoms[3] 31
tmpTors 
atom 1 C31 atom 2 C29 atom 3 C41 atom 4 O38
Tor 19
 iTor->atoms[0] 34
 iTor->atoms[1] 23 iTor->atoms[2] 25
 iTor->atoms[3] 35
tmpTors 
atom 1 C41 atom 2 C30 atom 3 C32 atom 4 C42
Tor 20
 iTor->atoms[0] 25
 iTor->atoms[1] 23 iTor->atoms[2] 34
 iTor->atoms[3] 31
tmpTors 
atom 1 C32 atom 2 C30 atom 3 C41 atom 4 O38
Tor 21
 iTor->atoms[0] 22
 iTor->atoms[1] 24 iTor->atoms[2] 35
 iTor->atoms[3] 25
tmpTors 
atom 1 C29 atom 2 C31 atom 3 C42 atom 4 C32
Tor 22
 iTor->atoms[0] 23
 iTor->atoms[1] 25 iTor->atoms[2] 35
 iTor->atoms[3] 24
tmpTors 
atom 1 C30 atom 2 C32 atom 3 C42 atom 4 C31
Tor 23
 iTor->atoms[0] 28
 iTor->atoms[1] 26 iTor->atoms[2] 27
 iTor->atoms[3] 37
tmpTors 
atom 1 C35 atom 2 C33 atom 3 C34 atom 4 C44
Tor 24
 iTor->atoms[0] 27
 iTor->atoms[1] 26 iTor->atoms[2] 28
 iTor->atoms[3] 39
tmpTors 
atom 1 C34 atom 2 C33 atom 3 C35 atom 4 N46
Tor 25
 iTor->atoms[0] 26
 iTor->atoms[1] 27 iTor->atoms[2] 37
 iTor->atoms[3] 29
tmpTors 
atom 1 C33 atom 2 C34 atom 3 C44 atom 4 C36
Tor 26
 iTor->atoms[0] 32
 iTor->atoms[1] 39 iTor->atoms[2] 28
 iTor->atoms[3] 26
tmpTors 
atom 1 C39 atom 2 N46 atom 3 C35 atom 4 C33
Tor 27
 iTor->atoms[0] 39
 iTor->atoms[1] 29 iTor->atoms[2] 37
 iTor->atoms[3] 27
tmpTors 
atom 1 N46 atom 2 C36 atom 3 C44 atom 4 C34
Tor 28
 iTor->atoms[0] 32
 iTor->atoms[1] 39 iTor->atoms[2] 29
 iTor->atoms[3] 37
tmpTors 
atom 1 C39 atom 2 N46 atom 3 C36 atom 4 C44
Tor 29
 iTor->atoms[0] 11
 iTor->atoms[1] 36 iTor->atoms[2] 30
 iTor->atoms[3] 38
tmpTors 
atom 1 C18 atom 2 C43 atom 3 N37 atom 4 N45
Tor 30
 iTor->atoms[0] 36
 iTor->atoms[1] 30 iTor->atoms[2] 38
 iTor->atoms[3] 10
tmpTors 
atom 1 C43 atom 2 N37 atom 3 N45 atom 4 C17
Tor 31
 iTor->atoms[0] 20
 iTor->atoms[1] 33 iTor->atoms[2] 31
 iTor->atoms[3] 34
tmpTors 
atom 1 C27 atom 2 C40 atom 3 O38 atom 4 C41
Tor 32
 iTor->atoms[0] 22
 iTor->atoms[1] 34 iTor->atoms[2] 31
 iTor->atoms[3] 33
tmpTors 
atom 1 C29 atom 2 C41 atom 3 O38 atom 4 C40
Tor 33
 iTor->atoms[0] 15
 iTor->atoms[1] 32 iTor->atoms[2] 39
 iTor->atoms[3] 28
tmpTors 
atom 1 O22 atom 2 C39 atom 3 N46 atom 4 C35
Tor 34
 iTor->atoms[0] 24
 iTor->atoms[1] 35 iTor->atoms[2] 36
 iTor->atoms[3] 11
tmpTors 
atom 1 C31 atom 2 C42 atom 3 C43 atom 4 C18
Tor 35
 iTor->atoms[0] 10
 iTor->atoms[1] 38 iTor->atoms[2] 37
 iTor->atoms[3] 27
tmpTors 
atom 1 C17 atom 2 N45 atom 3 C44 atom 4 C34
Tor 36
 iTor->atoms[0] 1
 iTor->atoms[1] 4 iTor->atoms[2] 5
 iTor->atoms[3] 13
tmpTors 
atom 1 C2 atom 2 C5 atom 3 S6 atom 4 C20
Tor 37
 iTor->atoms[0] 16
 iTor->atoms[1] 13 iTor->atoms[2] 5
 iTor->atoms[3] 4
tmpTors 
atom 1 C23 atom 2 C20 atom 3 S6 atom 4 C5
Tor 38
 iTor->atoms[0] 14
 iTor->atoms[1] 12 iTor->atoms[2] 7
 iTor->atoms[3] 8
tmpTors 
atom 1 N21 atom 2 C19 atom 3 N14 atom 4 C15
Tor 39
 iTor->atoms[0] 9
 iTor->atoms[1] 8 iTor->atoms[2] 7
 iTor->atoms[3] 12
tmpTors 
atom 1 N16 atom 2 C15 atom 3 N14 atom 4 C19
4. Number of torsions is 39
5. Number of torsions is 183
selectOneTorFromOneBond 8_9
tors idx 2
xxxxTorsion seriNumb 2
atom1 7
 atom2 8
atom 3 9
atom 4 10
added 6 
3. Number of torsions is 40
size of miniTorsions 40
Tor 1
 iTor->atoms[0] 2
 iTor->atoms[1] 1 iTor->atoms[2] 0
 iTor->atoms[3] 40
tmpTors 
atom 1 C3 atom 2 C2 atom 3 N1 atom 4 H8
Tor 2
 iTor->atoms[0] 9
 iTor->atoms[1] 10 iTor->atoms[2] 11
 iTor->atoms[3] 12
tmpTors 
atom 1 N16 atom 2 C17 atom 3 C18 atom 4 C19
Tor 3
 iTor->atoms[0] 9
 iTor->atoms[1] 10 iTor->atoms[2] 38
 iTor->atoms[3] 30
tmpTors 
atom 1 N16 atom 2 C17 atom 3 N45 atom 4 N37
Tor 4
 iTor->atoms[0] 10
 iTor->atoms[1] 11 iTor->atoms[2] 12
 iTor->atoms[3] 14
tmpTors 
atom 1 C17 atom 2 C18 atom 3 C19 atom 4 N21
Tor 5
 iTor->atoms[0] 10
 iTor->atoms[1] 11 iTor->atoms[2] 36
 iTor->atoms[3] 30
tmpTors 
atom 1 C17 atom 2 C18 atom 3 C43 atom 4 N37
Tor 6
 iTor->atoms[0] 7
 iTor->atoms[1] 12 iTor->atoms[2] 14
 iTor->atoms[3] 48
tmpTors 
atom 1 N14 atom 2 C19 atom 3 N21 atom 4 H49
Tor 7
 iTor->atoms[0] 5
 iTor->atoms[1] 13 iTor->atoms[2] 16
 iTor->atoms[3] 32
tmpTors 
atom 1 S6 atom 2 C20 atom 3 C23 atom 4 C39
Tor 8
 iTor->atoms[0] 13
 iTor->atoms[1] 16 iTor->atoms[2] 32
 iTor->atoms[3] 15
tmpTors 
atom 1 C20 atom 2 C23 atom 3 C39 atom 4 O22
Tor 9
 iTor->atoms[0] 19
 iTor->atoms[1] 17 iTor->atoms[2] 18
 iTor->atoms[3] 20
tmpTors 
atom 1 C26 atom 2 C24 atom 3 C25 atom 4 C27
Tor 10
 iTor->atoms[0] 18
 iTor->atoms[1] 17 iTor->atoms[2] 19
 iTor->atoms[3] 21
tmpTors 
atom 1 C25 atom 2 C24 atom 3 C26 atom 4 C28
Tor 11
 iTor->atoms[0] 17
 iTor->atoms[1] 18 iTor->atoms[2] 20
 iTor->atoms[3] 33
tmpTors 
atom 1 C24 atom 2 C25 atom 3 C27 atom 4 C40
Tor 12
 iTor->atoms[0] 17
 iTor->atoms[1] 19 iTor->atoms[2] 21
 iTor->atoms[3] 33
tmpTors 
atom 1 C24 atom 2 C26 atom 3 C28 atom 4 C40
Tor 13
 iTor->atoms[0] 3
 iTor->atoms[1] 2 iTor->atoms[2] 1
 iTor->atoms[3] 0
tmpTors 
atom 1 O4 atom 2 C3 atom 3 C2 atom 4 N1
Tor 14
 iTor->atoms[0] 0
 iTor->atoms[1] 1 iTor->atoms[2] 4
 iTor->atoms[3] 5
tmpTors 
atom 1 N1 atom 2 C2 atom 3 C5 atom 4 S6
Tor 15
 iTor->atoms[0] 18
 iTor->atoms[1] 20 iTor->atoms[2] 33
 iTor->atoms[3] 31
tmpTors 
atom 1 C25 atom 2 C27 atom 3 C40 atom 4 O38
Tor 16
 iTor->atoms[0] 19
 iTor->atoms[1] 21 iTor->atoms[2] 33
 iTor->atoms[3] 31
tmpTors 
atom 1 C26 atom 2 C28 atom 3 C40 atom 4 O38
Tor 17
 iTor->atoms[0] 34
 iTor->atoms[1] 22 iTor->atoms[2] 24
 iTor->atoms[3] 35
tmpTors 
atom 1 C41 atom 2 C29 atom 3 C31 atom 4 C42
Tor 18
 iTor->atoms[0] 24
 iTor->atoms[1] 22 iTor->atoms[2] 34
 iTor->atoms[3] 31
tmpTors 
atom 1 C31 atom 2 C29 atom 3 C41 atom 4 O38
Tor 19
 iTor->atoms[0] 34
 iTor->atoms[1] 23 iTor->atoms[2] 25
 iTor->atoms[3] 35
tmpTors 
atom 1 C41 atom 2 C30 atom 3 C32 atom 4 C42
Tor 20
 iTor->atoms[0] 25
 iTor->atoms[1] 23 iTor->atoms[2] 34
 iTor->atoms[3] 31
tmpTors 
atom 1 C32 atom 2 C30 atom 3 C41 atom 4 O38
Tor 21
 iTor->atoms[0] 22
 iTor->atoms[1] 24 iTor->atoms[2] 35
 iTor->atoms[3] 25
tmpTors 
atom 1 C29 atom 2 C31 atom 3 C42 atom 4 C32
Tor 22
 iTor->atoms[0] 23
 iTor->atoms[1] 25 iTor->atoms[2] 35
 iTor->atoms[3] 24
tmpTors 
atom 1 C30 atom 2 C32 atom 3 C42 atom 4 C31
Tor 23
 iTor->atoms[0] 28
 iTor->atoms[1] 26 iTor->atoms[2] 27
 iTor->atoms[3] 37
tmpTors 
atom 1 C35 atom 2 C33 atom 3 C34 atom 4 C44
Tor 24
 iTor->atoms[0] 27
 iTor->atoms[1] 26 iTor->atoms[2] 28
 iTor->atoms[3] 39
tmpTors 
atom 1 C34 atom 2 C33 atom 3 C35 atom 4 N46
Tor 25
 iTor->atoms[0] 26
 iTor->atoms[1] 27 iTor->atoms[2] 37
 iTor->atoms[3] 29
tmpTors 
atom 1 C33 atom 2 C34 atom 3 C44 atom 4 C36
Tor 26
 iTor->atoms[0] 32
 iTor->atoms[1] 39 iTor->atoms[2] 28
 iTor->atoms[3] 26
tmpTors 
atom 1 C39 atom 2 N46 atom 3 C35 atom 4 C33
Tor 27
 iTor->atoms[0] 39
 iTor->atoms[1] 29 iTor->atoms[2] 37
 iTor->atoms[3] 27
tmpTors 
atom 1 N46 atom 2 C36 atom 3 C44 atom 4 C34
Tor 28
 iTor->atoms[0] 32
 iTor->atoms[1] 39 iTor->atoms[2] 29
 iTor->atoms[3] 37
tmpTors 
atom 1 C39 atom 2 N46 atom 3 C36 atom 4 C44
Tor 29
 iTor->atoms[0] 11
 iTor->atoms[1] 36 iTor->atoms[2] 30
 iTor->atoms[3] 38
tmpTors 
atom 1 C18 atom 2 C43 atom 3 N37 atom 4 N45
Tor 30
 iTor->atoms[0] 36
 iTor->atoms[1] 30 iTor->atoms[2] 38
 iTor->atoms[3] 10
tmpTors 
atom 1 C43 atom 2 N37 atom 3 N45 atom 4 C17
Tor 31
 iTor->atoms[0] 20
 iTor->atoms[1] 33 iTor->atoms[2] 31
 iTor->atoms[3] 34
tmpTors 
atom 1 C27 atom 2 C40 atom 3 O38 atom 4 C41
Tor 32
 iTor->atoms[0] 22
 iTor->atoms[1] 34 iTor->atoms[2] 31
 iTor->atoms[3] 33
tmpTors 
atom 1 C29 atom 2 C41 atom 3 O38 atom 4 C40
Tor 33
 iTor->atoms[0] 15
 iTor->atoms[1] 32 iTor->atoms[2] 39
 iTor->atoms[3] 28
tmpTors 
atom 1 O22 atom 2 C39 atom 3 N46 atom 4 C35
Tor 34
 iTor->atoms[0] 24
 iTor->atoms[1] 35 iTor->atoms[2] 36
 iTor->atoms[3] 11
tmpTors 
atom 1 C31 atom 2 C42 atom 3 C43 atom 4 C18
Tor 35
 iTor->atoms[0] 10
 iTor->atoms[1] 38 iTor->atoms[2] 37
 iTor->atoms[3] 27
tmpTors 
atom 1 C17 atom 2 N45 atom 3 C44 atom 4 C34
Tor 36
 iTor->atoms[0] 1
 iTor->atoms[1] 4 iTor->atoms[2] 5
 iTor->atoms[3] 13
tmpTors 
atom 1 C2 atom 2 C5 atom 3 S6 atom 4 C20
Tor 37
 iTor->atoms[0] 16
 iTor->atoms[1] 13 iTor->atoms[2] 5
 iTor->atoms[3] 4
tmpTors 
atom 1 C23 atom 2 C20 atom 3 S6 atom 4 C5
Tor 38
 iTor->atoms[0] 14
 iTor->atoms[1] 12 iTor->atoms[2] 7
 iTor->atoms[3] 8
tmpTors 
atom 1 N21 atom 2 C19 atom 3 N14 atom 4 C15
Tor 39
 iTor->atoms[0] 9
 iTor->atoms[1] 8 iTor->atoms[2] 7
 iTor->atoms[3] 12
tmpTors 
atom 1 N16 atom 2 C15 atom 3 N14 atom 4 C19
Tor 40
 iTor->atoms[0] 7
 iTor->atoms[1] 8 iTor->atoms[2] 9
 iTor->atoms[3] 10
tmpTors 
atom 1 N14 atom 2 C15 atom 3 N16 atom 4 C17
4. Number of torsions is 40
5. Number of torsions is 183
selectOneTorFromOneBond 9_10
tors idx 5
xxxxTorsion seriNumb 5
atom1 38
 atom2 10
atom 3 9
atom 4 8
added 6 
3. Number of torsions is 41
size of miniTorsions 41
Tor 1
 iTor->atoms[0] 2
 iTor->atoms[1] 1 iTor->atoms[2] 0
 iTor->atoms[3] 40
tmpTors 
atom 1 C3 atom 2 C2 atom 3 N1 atom 4 H8
Tor 2
 iTor->atoms[0] 9
 iTor->atoms[1] 10 iTor->atoms[2] 11
 iTor->atoms[3] 12
tmpTors 
atom 1 N16 atom 2 C17 atom 3 C18 atom 4 C19
Tor 3
 iTor->atoms[0] 9
 iTor->atoms[1] 10 iTor->atoms[2] 38
 iTor->atoms[3] 30
tmpTors 
atom 1 N16 atom 2 C17 atom 3 N45 atom 4 N37
Tor 4
 iTor->atoms[0] 10
 iTor->atoms[1] 11 iTor->atoms[2] 12
 iTor->atoms[3] 14
tmpTors 
atom 1 C17 atom 2 C18 atom 3 C19 atom 4 N21
Tor 5
 iTor->atoms[0] 10
 iTor->atoms[1] 11 iTor->atoms[2] 36
 iTor->atoms[3] 30
tmpTors 
atom 1 C17 atom 2 C18 atom 3 C43 atom 4 N37
Tor 6
 iTor->atoms[0] 7
 iTor->atoms[1] 12 iTor->atoms[2] 14
 iTor->atoms[3] 48
tmpTors 
atom 1 N14 atom 2 C19 atom 3 N21 atom 4 H49
Tor 7
 iTor->atoms[0] 5
 iTor->atoms[1] 13 iTor->atoms[2] 16
 iTor->atoms[3] 32
tmpTors 
atom 1 S6 atom 2 C20 atom 3 C23 atom 4 C39
Tor 8
 iTor->atoms[0] 13
 iTor->atoms[1] 16 iTor->atoms[2] 32
 iTor->atoms[3] 15
tmpTors 
atom 1 C20 atom 2 C23 atom 3 C39 atom 4 O22
Tor 9
 iTor->atoms[0] 19
 iTor->atoms[1] 17 iTor->atoms[2] 18
 iTor->atoms[3] 20
tmpTors 
atom 1 C26 atom 2 C24 atom 3 C25 atom 4 C27
Tor 10
 iTor->atoms[0] 18
 iTor->atoms[1] 17 iTor->atoms[2] 19
 iTor->atoms[3] 21
tmpTors 
atom 1 C25 atom 2 C24 atom 3 C26 atom 4 C28
Tor 11
 iTor->atoms[0] 17
 iTor->atoms[1] 18 iTor->atoms[2] 20
 iTor->atoms[3] 33
tmpTors 
atom 1 C24 atom 2 C25 atom 3 C27 atom 4 C40
Tor 12
 iTor->atoms[0] 17
 iTor->atoms[1] 19 iTor->atoms[2] 21
 iTor->atoms[3] 33
tmpTors 
atom 1 C24 atom 2 C26 atom 3 C28 atom 4 C40
Tor 13
 iTor->atoms[0] 3
 iTor->atoms[1] 2 iTor->atoms[2] 1
 iTor->atoms[3] 0
tmpTors 
atom 1 O4 atom 2 C3 atom 3 C2 atom 4 N1
Tor 14
 iTor->atoms[0] 0
 iTor->atoms[1] 1 iTor->atoms[2] 4
 iTor->atoms[3] 5
tmpTors 
atom 1 N1 atom 2 C2 atom 3 C5 atom 4 S6
Tor 15
 iTor->atoms[0] 18
 iTor->atoms[1] 20 iTor->atoms[2] 33
 iTor->atoms[3] 31
tmpTors 
atom 1 C25 atom 2 C27 atom 3 C40 atom 4 O38
Tor 16
 iTor->atoms[0] 19
 iTor->atoms[1] 21 iTor->atoms[2] 33
 iTor->atoms[3] 31
tmpTors 
atom 1 C26 atom 2 C28 atom 3 C40 atom 4 O38
Tor 17
 iTor->atoms[0] 34
 iTor->atoms[1] 22 iTor->atoms[2] 24
 iTor->atoms[3] 35
tmpTors 
atom 1 C41 atom 2 C29 atom 3 C31 atom 4 C42
Tor 18
 iTor->atoms[0] 24
 iTor->atoms[1] 22 iTor->atoms[2] 34
 iTor->atoms[3] 31
tmpTors 
atom 1 C31 atom 2 C29 atom 3 C41 atom 4 O38
Tor 19
 iTor->atoms[0] 34
 iTor->atoms[1] 23 iTor->atoms[2] 25
 iTor->atoms[3] 35
tmpTors 
atom 1 C41 atom 2 C30 atom 3 C32 atom 4 C42
Tor 20
 iTor->atoms[0] 25
 iTor->atoms[1] 23 iTor->atoms[2] 34
 iTor->atoms[3] 31
tmpTors 
atom 1 C32 atom 2 C30 atom 3 C41 atom 4 O38
Tor 21
 iTor->atoms[0] 22
 iTor->atoms[1] 24 iTor->atoms[2] 35
 iTor->atoms[3] 25
tmpTors 
atom 1 C29 atom 2 C31 atom 3 C42 atom 4 C32
Tor 22
 iTor->atoms[0] 23
 iTor->atoms[1] 25 iTor->atoms[2] 35
 iTor->atoms[3] 24
tmpTors 
atom 1 C30 atom 2 C32 atom 3 C42 atom 4 C31
Tor 23
 iTor->atoms[0] 28
 iTor->atoms[1] 26 iTor->atoms[2] 27
 iTor->atoms[3] 37
tmpTors 
atom 1 C35 atom 2 C33 atom 3 C34 atom 4 C44
Tor 24
 iTor->atoms[0] 27
 iTor->atoms[1] 26 iTor->atoms[2] 28
 iTor->atoms[3] 39
tmpTors 
atom 1 C34 atom 2 C33 atom 3 C35 atom 4 N46
Tor 25
 iTor->atoms[0] 26
 iTor->atoms[1] 27 iTor->atoms[2] 37
 iTor->atoms[3] 29
tmpTors 
atom 1 C33 atom 2 C34 atom 3 C44 atom 4 C36
Tor 26
 iTor->atoms[0] 32
 iTor->atoms[1] 39 iTor->atoms[2] 28
 iTor->atoms[3] 26
tmpTors 
atom 1 C39 atom 2 N46 atom 3 C35 atom 4 C33
Tor 27
 iTor->atoms[0] 39
 iTor->atoms[1] 29 iTor->atoms[2] 37
 iTor->atoms[3] 27
tmpTors 
atom 1 N46 atom 2 C36 atom 3 C44 atom 4 C34
Tor 28
 iTor->atoms[0] 32
 iTor->atoms[1] 39 iTor->atoms[2] 29
 iTor->atoms[3] 37
tmpTors 
atom 1 C39 atom 2 N46 atom 3 C36 atom 4 C44
Tor 29
 iTor->atoms[0] 11
 iTor->atoms[1] 36 iTor->atoms[2] 30
 iTor->atoms[3] 38
tmpTors 
atom 1 C18 atom 2 C43 atom 3 N37 atom 4 N45
Tor 30
 iTor->atoms[0] 36
 iTor->atoms[1] 30 iTor->atoms[2] 38
 iTor->atoms[3] 10
tmpTors 
atom 1 C43 atom 2 N37 atom 3 N45 atom 4 C17
Tor 31
 iTor->atoms[0] 20
 iTor->atoms[1] 33 iTor->atoms[2] 31
 iTor->atoms[3] 34
tmpTors 
atom 1 C27 atom 2 C40 atom 3 O38 atom 4 C41
Tor 32
 iTor->atoms[0] 22
 iTor->atoms[1] 34 iTor->atoms[2] 31
 iTor->atoms[3] 33
tmpTors 
atom 1 C29 atom 2 C41 atom 3 O38 atom 4 C40
Tor 33
 iTor->atoms[0] 15
 iTor->atoms[1] 32 iTor->atoms[2] 39
 iTor->atoms[3] 28
tmpTors 
atom 1 O22 atom 2 C39 atom 3 N46 atom 4 C35
Tor 34
 iTor->atoms[0] 24
 iTor->atoms[1] 35 iTor->atoms[2] 36
 iTor->atoms[3] 11
tmpTors 
atom 1 C31 atom 2 C42 atom 3 C43 atom 4 C18
Tor 35
 iTor->atoms[0] 10
 iTor->atoms[1] 38 iTor->atoms[2] 37
 iTor->atoms[3] 27
tmpTors 
atom 1 C17 atom 2 N45 atom 3 C44 atom 4 C34
Tor 36
 iTor->atoms[0] 1
 iTor->atoms[1] 4 iTor->atoms[2] 5
 iTor->atoms[3] 13
tmpTors 
atom 1 C2 atom 2 C5 atom 3 S6 atom 4 C20
Tor 37
 iTor->atoms[0] 16
 iTor->atoms[1] 13 iTor->atoms[2] 5
 iTor->atoms[3] 4
tmpTors 
atom 1 C23 atom 2 C20 atom 3 S6 atom 4 C5
Tor 38
 iTor->atoms[0] 14
 iTor->atoms[1] 12 iTor->atoms[2] 7
 iTor->atoms[3] 8
tmpTors 
atom 1 N21 atom 2 C19 atom 3 N14 atom 4 C15
Tor 39
 iTor->atoms[0] 9
 iTor->atoms[1] 8 iTor->atoms[2] 7
 iTor->atoms[3] 12
tmpTors 
atom 1 N16 atom 2 C15 atom 3 N14 atom 4 C19
Tor 40
 iTor->atoms[0] 7
 iTor->atoms[1] 8 iTor->atoms[2] 9
 iTor->atoms[3] 10
tmpTors 
atom 1 N14 atom 2 C15 atom 3 N16 atom 4 C17
Tor 41
 iTor->atoms[0] 38
 iTor->atoms[1] 10 iTor->atoms[2] 9
 iTor->atoms[3] 8
tmpTors 
atom 1 N45 atom 2 C17 atom 3 N16 atom 4 C15
4. Number of torsions is 41
5. Number of torsions is 183
Total number of torsions is 183
Number of torsions in the mini-set 41
The torsion selected for the bond of atom C2 and N1
 is 180
The other two atoms are atom C3 and H8
The torsion selected for the bond of atom C17 and C18
 is 0
The other two atoms are atom N16 and C19
The torsion selected for the bond of atom C17 and N45
 is 180
The other two atoms are atom N16 and N37
The torsion selected for the bond of atom C18 and C19
 is 180
The other two atoms are atom C17 and N21
The torsion selected for the bond of atom C18 and C43
 is 0
The other two atoms are atom C17 and N37
The torsion selected for the bond of atom C19 and N21
 is 0
The other two atoms are atom N14 and H49
The torsion selected for the bond of atom C20 and C23
 is 180
The other two atoms are atom S6 and C39
The torsion selected for the bond of atom C23 and C39
 is 0
The other two atoms are atom C20 and O22
The torsion selected for the bond of atom C24 and C25
 is 0
The other two atoms are atom C26 and C27
The torsion selected for the bond of atom C24 and C26
 is 0
The other two atoms are atom C25 and C28
The torsion selected for the bond of atom C25 and C27
 is 0
The other two atoms are atom C24 and C40
The torsion selected for the bond of atom C26 and C28
 is 0
The other two atoms are atom C24 and C40
The torsion selected for the bond of atom C3 and C2
 is 0
The other two atoms are atom O4 and N1
The torsion selected for the bond of atom C2 and C5
 is 180
The other two atoms are atom N1 and S6
The torsion selected for the bond of atom C27 and C40
 is 180
The other two atoms are atom C25 and O38
The torsion selected for the bond of atom C28 and C40
 is 180
The other two atoms are atom C26 and O38
The torsion selected for the bond of atom C29 and C31
 is 0
The other two atoms are atom C41 and C42
The torsion selected for the bond of atom C29 and C41
 is 180
The other two atoms are atom C31 and O38
The torsion selected for the bond of atom C30 and C32
 is 0
The other two atoms are atom C41 and C42
The torsion selected for the bond of atom C30 and C41
 is 180
The other two atoms are atom C32 and O38
The torsion selected for the bond of atom C31 and C42
 is 0
The other two atoms are atom C29 and C32
The torsion selected for the bond of atom C32 and C42
 is 0
The other two atoms are atom C30 and C31
The torsion selected for the bond of atom C33 and C34
 is 180
The other two atoms are atom C35 and C44
The torsion selected for the bond of atom C33 and C35
 is 60
The other two atoms are atom C34 and N46
The torsion selected for the bond of atom C34 and C44
 is 60
The other two atoms are atom C33 and C36
The torsion selected for the bond of atom N46 and C35
 is 180
The other two atoms are atom C39 and C33
The torsion selected for the bond of atom C36 and C44
 is -60
The other two atoms are atom N46 and C34
The torsion selected for the bond of atom N46 and C36
 is 180
The other two atoms are atom C39 and C44
The torsion selected for the bond of atom C43 and N37
 is 0
The other two atoms are atom C18 and N45
The torsion selected for the bond of atom N37 and N45
 is 0
The other two atoms are atom C43 and C17
The torsion selected for the bond of atom C40 and O38
 is 180
The other two atoms are atom C27 and C41
The torsion selected for the bond of atom C41 and O38
 is 180
The other two atoms are atom C29 and C40
The torsion selected for the bond of atom C39 and N46
 is 0
The other two atoms are atom O22 and C35
The torsion selected for the bond of atom C42 and C43
 is 180
The other two atoms are atom C31 and C18
The torsion selected for the bond of atom N45 and C44
 is 150
The other two atoms are atom C17 and C34
The torsion selected for the bond of atom C5 and S6
 is 180
The other two atoms are atom C2 and C20
The torsion selected for the bond of atom C20 and S6
 is 180
The other two atoms are atom C23 and C5
The torsion selected for the bond of atom C19 and N14
 is 180
The other two atoms are atom N21 and C15
The torsion selected for the bond of atom C15 and N14
 is 0
The other two atoms are atom N16 and C19
The torsion selected for the bond of atom C15 and N16
 is 0
The other two atoms are atom N14 and C17
The torsion selected for the bond of atom C17 and N16
 is 180
The other two atoms are atom N45 and C15
Confirm : Ring C15C17C18C19N14N16
aromatic 1
Atom N14 add a ring sign 6a
Atom C15 add a ring sign 6a
Atom N16 add a ring sign 6a
Atom C17 add a ring sign 6a
Atom C18 add a ring sign 6a
Atom C19 add a ring sign 6a
Confirm : Ring C17C18C43N37N45
aromatic 1
Atom C17 add a ring sign 5a
Atom C18 add a ring sign 5a
Atom N37 add a ring sign 5a
Atom C43 add a ring sign 5a
Atom N45 add a ring sign 5a
Confirm : Ring C24C25C26C27C28C40
aromatic 1
Atom C24 add a ring sign 6a
Atom C25 add a ring sign 6a
Atom C26 add a ring sign 6a
Atom C27 add a ring sign 6a
Atom C28 add a ring sign 6a
Atom C40 add a ring sign 6a
Confirm : Ring C29C30C31C32C41C42
aromatic 1
Atom C29 add a ring sign 6a
Atom C30 add a ring sign 6a
Atom C31 add a ring sign 6a
Atom C32 add a ring sign 6a
Atom C41 add a ring sign 6a
Atom C42 add a ring sign 6a
Confirm : Ring C33C34C35C36C44N46
aromatic 0
Atom C33 add a ring sign 6
Atom C34 add a ring sign 6
Atom C35 add a ring sign 6
Atom C36 add a ring sign 6
Atom C44 add a ring sign 6
Atom N46 add a ring sign 6
CheckHere
atom N1 has type N(CCCH)(H)3
atom C2 has type C(CHHS)(NH3)(COO)(H)
atom C3 has type C(CCHN)(O)2
atom O4 has type O(CCO)
atom C5 has type C(CCHN)(SC)(H)2
atom S6 has type S(CCHH)(CCH)
atom O7 has type O(CCO)
atom N14 has type N[6a](C[6a]C[5a,6a]N)(C[6a]N[6a]H){2|C<3>}
atom C15 has type C[6a](N[6a]C[5a,6a])(N[6a]C[6a])(H){1|C<3>,2|N<3>}
atom N16 has type N[6a](C[5a,6a]C[5a,6a]N[5a])(C[6a]N[6a]H){1|C<4>,1|N<2>,2|C<3>}
atom C17 has type C[5a,6a](C[5a,6a]C[5a]C[6a])(N[5a]N[5a]C[6])(N[6a]C[6a]){1|C<3>,1|N<2>,1|N<3>,2|C<4>,2|H<1>}
atom C18 has type C[5a,6a](C[5a,6a]N[5a]N[6a])(C[5a]C[6a]N[5a])(C[6a]N[6a]N){1|C<4>,3|C<3>}
atom C19 has type C[6a](C[5a,6a]C[5a,6a]C[5a])(N[6a]C[6a])(NHH){1|C<3>,1|H<1>,1|N<3>,2|N<2>}
atom C20 has type C(CCH)(SC)(H)
atom N21 has type N(C[6a]C[5a,6a]N[6a])(H)2
atom O22 has type O(CN[6]C)
atom C23 has type C(CN[6]O)(CHS)(H)
atom C24 has type C[6a](C[6a]C[6a]H)2(H){1|C<3>,2|H<1>}
atom C25 has type C[6a](C[6a]C[6a]H)2(H){1|C<3>,1|H<1>,1|O<2>}
atom C26 has type C[6a](C[6a]C[6a]H)2(H){1|C<3>,1|H<1>,1|O<2>}
atom C27 has type C[6a](C[6a]C[6a]H)(C[6a]C[6a]O)(H){1|C<3>,2|H<1>}
atom C28 has type C[6a](C[6a]C[6a]H)(C[6a]C[6a]O)(H){1|C<3>,2|H<1>}
atom C29 has type C[6a](C[6a]C[6a]H)(C[6a]C[6a]O)(H){1|H<1>,2|C<3>}
atom C30 has type C[6a](C[6a]C[6a]H)(C[6a]C[6a]O)(H){1|H<1>,2|C<3>}
atom C31 has type C[6a](C[6a]C[5a]C[6a])(C[6a]C[6a]H)(H){1|H<1>,1|N<2>,1|O<2>,2|C<3>}
atom C32 has type C[6a](C[6a]C[5a]C[6a])(C[6a]C[6a]H)(H){1|H<1>,1|N<2>,1|O<2>,2|C<3>}
atom C33 has type C[6](C[6]C[6]HH)(C[6]N[6]HH)(H)2{1|C<3>,1|C<4>,1|H<1>,1|N<3>}
atom C34 has type C[6](C[6]N[5a]C[6]H)(C[6]C[6]HH)(H)2{1|C<3>,1|N<2>,1|N<3>,4|H<1>}
atom C35 has type C[6](C[6]C[6]HH)(N[6]C[6]C)(H)2{1|C<4>,4|H<1>}
atom C36 has type C[6](C[6]N[5a]C[6]H)(N[6]C[6]C)(H)2{1|C<3>,1|C<4>,1|N<2>,4|H<1>}
atom N37 has type N[5a](C[5a]C[5a,6a]C[6a])(N[5a]C[5a,6a]C[6]){1|H<1>,1|N<2>,2|C<4>,3|C<3>}
atom O38 has type O(C[6a]C[6a]2)2
atom C39 has type C(N[6]C[6]2)(CCH)(O)
atom C40 has type C[6a](C[6a]C[6a]H)2(OC[6a]){1|C<3>,2|H<1>}
atom C41 has type C[6a](C[6a]C[6a]H)2(OC[6a]){1|C<3>,2|H<1>}
atom C42 has type C[6a](C[5a]C[5a,6a]N[5a])(C[6a]C[6a]H)2{1|N<3>,2|H<1>,3|C<3>}
atom C43 has type C[5a](C[5a,6a]C[5a,6a]C[6a])(C[6a]C[6a]2)(N[5a]N[5a]){1|C<4>,1|N<3>,2|C<3>,2|H<1>,2|N<2>}
atom C44 has type C[6](N[5a]C[5a,6a]N[5a])(C[6]C[6]HH)(C[6]N[6]HH)(H){1|C<4>,1|N<2>,2|H<1>,3|C<3>}
atom N45 has type N[5a](C[5a,6a]C[5a,6a]N[6a])(C[6]C[6]2H)(N[5a]C[5a]){1|C<4>,1|N<3>,3|C<3>,4|H<1>}
atom N46 has type N[6](C[6]C[6]HH)2(CCO){1|C<4>,1|N<3>,3|H<1>}
atom H8 has type H(NCHH)
atom H9 has type H(NCHH)
atom H10 has type H(NCHH)
atom H11 has type H(CCCN)
atom H12 has type H(CCHS)
atom H13 has type H(CCHS)
atom H47 has type H(C[6a]N[6a]2)
atom H48 has type H(CCS)
atom H49 has type H(NC[6a]H)
atom H50 has type H(NC[6a]H)
atom H51 has type H(CCC)
atom H52 has type H(C[6a]C[6a]2)
atom H53 has type H(C[6a]C[6a]2)
atom H54 has type H(C[6a]C[6a]2)
atom H55 has type H(C[6a]C[6a]2)
atom H56 has type H(C[6a]C[6a]2)
atom H57 has type H(C[6a]C[6a]2)
atom H58 has type H(C[6a]C[6a]2)
atom H59 has type H(C[6a]C[6a]2)
atom H60 has type H(C[6a]C[6a]2)
atom H61 has type H(C[6]C[6]2H)
atom H62 has type H(C[6]C[6]2H)
atom H63 has type H(C[6]C[6]2H)
atom H64 has type H(C[6]C[6]2H)
atom H65 has type H(C[6]C[6]N[6]H)
atom H66 has type H(C[6]C[6]N[6]H)
atom H67 has type H(C[6]C[6]N[6]H)
atom H68 has type H(C[6]C[6]N[6]H)
atom H69 has type H(C[6]N[5a]C[6]2)
Originally the system has 183
Number of torsions from cod section 183
One Planar Ring! It contains 6 atoms. They are : 
It is an aromatic ring 
It is an aromaticP ring 
2. Is the ring aromatic ? 1
One Planar Ring! It contains 5 atoms. They are : 
It is an aromatic ring 
It is an aromaticP ring 
2. Is the ring aromatic ? 1
One Planar Ring! It contains 6 atoms. They are : 
It is an aromatic ring 
It is an aromaticP ring 
2. Is the ring aromatic ? 1
One Planar Ring! It contains 6 atoms. They are : 
It is an aromatic ring 
It is an aromaticP ring 
2. Is the ring aromatic ? 1
Here, Ring with sp3 atom 0
2. Is the ring aromatic ? 0
Ring C15C17C18C19N14N16
A: Is planar 1
those are connected : 
C15C17C18C19N14N16
C17C18C43N37N45
Ring C17C18C43N37N45
A: Is planar 1
Ring C24C25C26C27C28C40
A: Is planar 1
those are connected : 
C24C25C26C27C28C40
Ring C29C30C31C32C41C42
A: Is planar 1
those are connected : 
C29C30C31C32C41C42
Ring C33C34C35C36C44N46
A: Is planar 0
Add planes from C15C17C18C19N14N16
added atom N14
add atom C15
add atom C19
added atom C15
add atom N16
add atom H47
added atom N16
add atom C17
added atom C17
add atom N45
add atom C18
added atom C18
add atom C43
added atom C19
add atom N21
Add planes from C17C18C43N37N45
added atom C17
add atom N16
add atom N45
add atom C18
added atom C18
add atom C19
add atom C43
added atom N37
added atom C43
add atom C42
added atom N45
add atom C44
Add planes from C24C25C26C27C28C40
added atom C24
add atom C25
add atom C26
add atom H52
added atom C25
add atom C27
add atom H53
added atom C26
add atom C28
add atom H54
added atom C27
add atom C40
add atom H55
added atom C28
add atom H56
added atom C40
add atom O38
Add planes from C29C30C31C32C41C42
added atom C29
add atom C31
add atom C41
add atom H57
added atom C30
add atom C32
add atom H58
added atom C31
add atom C42
add atom H59
added atom C32
add atom H60
added atom C41
add atom O38
added atom C42
add atom C43
There are 10 planes. They are 
atom N1 leaving_flag N
atom C2 leaving_flag N
atom C3 leaving_flag N
atom O4 leaving_flag N
atom C5 leaving_flag N
atom S6 leaving_flag N
atom O7 leaving_flag N
atom N14 leaving_flag N
atom C15 leaving_flag N
atom N16 leaving_flag N
atom C17 leaving_flag N
atom C18 leaving_flag N
atom C19 leaving_flag N
atom C20 leaving_flag N
atom N21 leaving_flag N
atom O22 leaving_flag N
atom C23 leaving_flag N
atom C24 leaving_flag N
atom C25 leaving_flag N
atom C26 leaving_flag N
atom C27 leaving_flag N
atom C28 leaving_flag N
atom C29 leaving_flag N
atom C30 leaving_flag N
atom C31 leaving_flag N
atom C32 leaving_flag N
atom C33 leaving_flag N
atom C34 leaving_flag N
atom C35 leaving_flag N
atom C36 leaving_flag N
atom N37 leaving_flag N
atom O38 leaving_flag N
atom C39 leaving_flag N
atom C40 leaving_flag N
atom C41 leaving_flag N
atom C42 leaving_flag N
atom C43 leaving_flag N
atom C44 leaving_flag N
atom N45 leaving_flag N
atom N46 leaving_flag N
atom H8 leaving_flag N
atom H9 leaving_flag N
atom H10 leaving_flag N
atom H11 leaving_flag N
atom H12 leaving_flag N
atom H13 leaving_flag N
atom H47 leaving_flag N
atom H48 leaving_flag N
atom H49 leaving_flag N
atom H50 leaving_flag N
atom H51 leaving_flag N
atom H52 leaving_flag N
atom H53 leaving_flag N
atom H54 leaving_flag N
atom H55 leaving_flag N
atom H56 leaving_flag N
atom H57 leaving_flag N
atom H58 leaving_flag N
atom H59 leaving_flag N
atom H60 leaving_flag N
atom H61 leaving_flag N
atom H62 leaving_flag N
atom H63 leaving_flag N
atom H64 leaving_flag N
atom H65 leaving_flag N
atom H66 leaving_flag N
atom H67 leaving_flag N
atom H68 leaving_flag N
atom H69 leaving_flag N
=========END OF PROCESS INFORMATION ==========
